camera_id,runA_frame,runB_frame,confidence,tier,status,sequence_tier,longest_window_margin,candidate_runB_frame,geometry_checked,geometry_supportive,confidence_is_calibrated_probability,method
cam5,0,,0.00,abstain,idle_segment,,,,false,false,False,unified-v1
cam5,1,,0.00,abstain,idle_segment,,,,false,false,False,unified-v1
cam5,2,,0.00,abstain,idle_segment,,,,false,false,False,unified-v1
cam5,3,,0.00,abstain,idle_segment,,,,false,false,False,unified-v1
cam5,4,,0.00,abstain,idle_segment,,,,false,false,False,unified-v1
cam5,5,,0.00,abstain,idle_segment,,,,false,false,False,unified-v1
cam5,6,,0.00,abstain,idle_segment,,,,false,false,False,unified-v1
cam5,7,,0.00,abstain,idle_segment,,,,false,false,False,unified-v1
cam5,8,,0.00,abstain,idle_segment,,,,false,false,False,unified-v1
cam5,9,,0.00,abstain,idle_segment,,,,false,false,False,unified-v1
cam5,10,,0.00,abstain,idle_segment,,,,false,false,False,unified-v1
cam5,11,,0.00,abstain,idle_segment,,,,false,false,False,unified-v1
cam5,12,,0.00,abstain,idle_segment,,,,false,false,False,unified-v1
cam5,13,,0.00,abstain,idle_segment,,,,false,false,False,unified-v1
cam5,14,,0.00,abstain,idle_segment,,,,false,false,False,unified-v1
cam5,15,,0.00,abstain,idle_segment,,,,false,false,False,unified-v1
cam5,16,,0.00,abstain,idle_segment,,,,false,false,False,unified-v1
cam5,17,,0.00,abstain,idle_segment,,,,false,false,False,unified-v1
cam5,18,,0.00,abstain,idle_segment,,,,false,false,False,unified-v1
cam5,19,,0.00,abstain,idle_segment,,,,false,false,False,unified-v1
cam5,20,,0.00,abstain,idle_segment,,,,false,false,False,unified-v1
cam5,21,,0.00,abstain,idle_segment,,,,false,false,False,unified-v1
cam5,22,,0.00,abstain,idle_segment,,,,false,false,False,unified-v1
cam5,23,,0.00,abstain,idle_segment,,,,false,false,False,unified-v1
cam5,24,,0.00,abstain,idle_segment,,,,false,false,False,unified-v1
cam5,25,,0.00,abstain,idle_segment,,,,false,false,False,unified-v1
cam5,26,,0.00,abstain,idle_segment,,,,false,false,False,unified-v1
cam5,27,,0.00,abstain,idle_segment,,,,false,false,False,unified-v1
cam5,28,,0.00,abstain,idle_segment,,,,false,false,False,unified-v1
cam5,29,,0.00,abstain,idle_segment,,,,false,false,False,unified-v1
cam5,30,,0.00,abstain,idle_segment,,,,false,false,False,unified-v1
cam5,31,,0.00,abstain,idle_segment,,,,false,false,False,unified-v1
cam5,32,,0.00,abstain,idle_segment,,,,false,false,False,unified-v1
cam5,33,,0.00,abstain,idle_segment,,,,false,false,False,unified-v1
cam5,34,,0.00,abstain,idle_segment,,,,false,false,False,unified-v1
cam5,35,,0.00,abstain,idle_segment,,,,false,false,False,unified-v1
cam5,36,,0.00,abstain,idle_segment,,,,false,false,False,unified-v1
cam5,37,,0.00,abstain,idle_segment,,,,false,false,False,unified-v1
cam5,38,,0.00,abstain,idle_segment,,,,false,false,False,unified-v1
cam5,39,,0.00,abstain,idle_segment,,,,false,false,False,unified-v1
cam5,40,,0.00,abstain,idle_segment,,,,false,false,False,unified-v1
cam5,41,,0.00,abstain,idle_segment,,,,false,false,False,unified-v1
cam5,42,,0.00,abstain,idle_segment,,,,false,false,False,unified-v1
cam5,43,,0.00,abstain,idle_segment,,,,false,false,False,unified-v1
cam5,44,,0.00,abstain,idle_segment,,,,false,false,False,unified-v1
cam5,45,,0.00,abstain,idle_segment,,,,false,false,False,unified-v1
cam5,46,,0.00,abstain,idle_segment,,,,false,false,False,unified-v1
cam5,47,,0.00,abstain,idle_segment,,,,false,false,False,unified-v1
cam5,48,,0.00,abstain,idle_segment,,,,false,false,False,unified-v1
cam5,49,,0.00,abstain,idle_segment,,,,false,false,False,unified-v1
cam5,50,,0.00,abstain,idle_segment,,,,false,false,False,unified-v1
cam5,51,,0.00,abstain,idle_segment,,,,false,false,False,unified-v1
cam5,52,,0.00,abstain,idle_segment,,,,false,false,False,unified-v1
cam5,53,,0.00,abstain,idle_segment,,,,false,false,False,unified-v1
cam5,54,,0.00,abstain,idle_segment,,,,false,false,False,unified-v1
cam5,55,,0.00,abstain,idle_segment,,,,false,false,False,unified-v1
cam5,56,,0.00,abstain,idle_segment,,,,false,false,False,unified-v1
cam5,57,,0.00,abstain,idle_segment,,,,false,false,False,unified-v1
cam5,58,,0.00,abstain,idle_segment,,,,false,false,False,unified-v1
cam5,59,,0.00,abstain,idle_segment,,,,false,false,False,unified-v1
cam5,60,,0.00,abstain,idle_segment,,,,false,false,False,unified-v1
cam5,61,,0.00,abstain,idle_segment,,,,false,false,False,unified-v1
cam5,62,,0.00,abstain,idle_segment,,,,false,false,False,unified-v1
cam5,63,,0.00,abstain,idle_segment,,,,false,false,False,unified-v1
cam5,64,,0.00,abstain,idle_segment,,,,false,false,False,unified-v1
cam5,65,,0.00,abstain,idle_segment,,,,false,false,False,unified-v1
cam5,66,,0.00,abstain,idle_segment,,,,false,false,False,unified-v1
cam5,67,,0.00,abstain,idle_segment,,,,false,false,False,unified-v1
cam5,68,,0.00,abstain,idle_segment,,,,false,false,False,unified-v1
cam5,69,,0.00,abstain,idle_segment,,,,false,false,False,unified-v1
cam5,70,,0.00,abstain,idle_segment,,,,false,false,False,unified-v1
cam5,71,,0.00,abstain,idle_segment,,,,false,false,False,unified-v1
cam5,72,,0.00,abstain,idle_segment,,,,false,false,False,unified-v1
cam5,73,,0.00,abstain,idle_segment,,,,false,false,False,unified-v1
cam5,74,,0.00,abstain,idle_segment,,,,false,false,False,unified-v1
cam5,75,,0.00,abstain,idle_segment,,,,false,false,False,unified-v1
cam5,76,,0.00,abstain,idle_segment,,,,false,false,False,unified-v1
cam5,77,,0.00,abstain,idle_segment,,,,false,false,False,unified-v1
cam5,78,,0.00,abstain,idle_segment,,,,false,false,False,unified-v1
cam5,79,,0.00,abstain,idle_segment,,,,false,false,False,unified-v1
cam5,80,,0.00,abstain,idle_segment,,,,false,false,False,unified-v1
cam5,81,,0.00,abstain,idle_segment,,,,false,false,False,unified-v1
cam5,82,,0.00,abstain,idle_segment,,,,false,false,False,unified-v1
cam5,83,,0.00,abstain,idle_segment,,,,false,false,False,unified-v1
cam5,84,,0.00,abstain,idle_segment,,,,false,false,False,unified-v1
cam5,85,,0.00,abstain,idle_segment,,,,false,false,False,unified-v1
cam5,86,,0.00,abstain,idle_segment,,,,false,false,False,unified-v1
cam5,87,,0.00,abstain,idle_segment,,,,false,false,False,unified-v1
cam5,88,,0.00,abstain,idle_segment,,,,false,false,False,unified-v1
cam5,89,,0.00,abstain,idle_segment,,,,false,false,False,unified-v1
cam5,90,,0.00,abstain,idle_segment,,,,false,false,False,unified-v1
cam5,91,,0.00,abstain,idle_segment,,,,false,false,False,unified-v1
cam5,92,,0.00,abstain,idle_segment,,,,false,false,False,unified-v1
cam5,93,,0.00,abstain,idle_segment,,,,false,false,False,unified-v1
cam5,94,,0.00,abstain,idle_segment,,,,false,false,False,unified-v1
cam5,95,,0.00,abstain,idle_segment,,,,false,false,False,unified-v1
cam5,96,,0.00,abstain,idle_segment,,,,false,false,False,unified-v1
cam5,97,,0.00,abstain,idle_segment,,,,false,false,False,unified-v1
cam5,98,,0.00,abstain,idle_segment,,,,false,false,False,unified-v1
cam5,99,,0.00,abstain,idle_segment,,,,false,false,False,unified-v1
cam5,100,,0.00,abstain,idle_segment,,,,false,false,False,unified-v1
cam5,101,,0.00,abstain,idle_segment,,,,false,false,False,unified-v1
cam5,102,,0.00,abstain,idle_segment,,,,false,false,False,unified-v1
cam5,103,,0.00,abstain,idle_segment,,,,false,false,False,unified-v1
cam5,104,,0.00,abstain,idle_segment,,,,false,false,False,unified-v1
cam5,105,,0.00,abstain,idle_segment,,,,false,false,False,unified-v1
cam5,106,,0.00,abstain,idle_segment,,,,false,false,False,unified-v1
cam5,107,,0.00,abstain,idle_segment,,,,false,false,False,unified-v1
cam5,108,,0.00,abstain,idle_segment,,,,false,false,False,unified-v1
cam5,109,,0.00,abstain,idle_segment,,,,false,false,False,unified-v1
cam5,110,,0.00,abstain,idle_segment,,,,false,false,False,unified-v1
cam5,111,,0.00,abstain,idle_segment,,,,false,false,False,unified-v1
cam5,112,,0.00,abstain,idle_segment,,,,false,false,False,unified-v1
cam5,113,,0.00,abstain,idle_segment,,,,false,false,False,unified-v1
cam5,114,,0.00,abstain,idle_segment,,,,false,false,False,unified-v1
cam5,115,,0.00,abstain,idle_segment,,,,false,false,False,unified-v1
cam5,116,,0.00,abstain,idle_segment,,,,false,false,False,unified-v1
cam5,117,,0.00,abstain,idle_segment,,,,false,false,False,unified-v1
cam5,118,,0.00,abstain,idle_segment,,,,false,false,False,unified-v1
cam5,119,,0.00,abstain,idle_segment,,,,false,false,False,unified-v1
cam5,120,,0.00,abstain,idle_segment,,,,false,false,False,unified-v1
cam5,121,,0.00,abstain,idle_segment,,,,false,false,False,unified-v1
cam5,122,,0.00,abstain,idle_segment,,,,false,false,False,unified-v1
cam5,123,,0.00,abstain,idle_segment,,,,false,false,False,unified-v1
cam5,124,,0.00,abstain,idle_segment,,,,false,false,False,unified-v1
cam5,125,,0.00,abstain,idle_segment,,,,false,false,False,unified-v1
cam5,126,,0.00,abstain,idle_segment,,,,false,false,False,unified-v1
cam5,127,,0.00,abstain,idle_segment,,,,false,false,False,unified-v1
cam5,128,,0.00,abstain,idle_segment,,,,false,false,False,unified-v1
cam5,129,,0.00,abstain,idle_segment,,,,false,false,False,unified-v1
cam5,130,,0.00,abstain,idle_segment,,,,false,false,False,unified-v1
cam5,131,,0.00,abstain,idle_segment,,,,false,false,False,unified-v1
cam5,132,,0.00,abstain,idle_segment,,,,false,false,False,unified-v1
cam5,133,,0.00,abstain,idle_segment,,,,false,false,False,unified-v1
cam5,134,,0.00,abstain,idle_segment,,,,false,false,False,unified-v1
cam5,135,,0.00,abstain,idle_segment,,,,false,false,False,unified-v1
cam5,136,,0.00,abstain,idle_segment,,,,false,false,False,unified-v1
cam5,137,,0.00,abstain,idle_segment,,,,false,false,False,unified-v1
cam5,138,,0.00,abstain,idle_segment,,,,false,false,False,unified-v1
cam5,139,,0.00,abstain,idle_segment,,,,false,false,False,unified-v1
cam5,140,,0.00,abstain,idle_segment,,,,false,false,False,unified-v1
cam5,141,,0.00,abstain,idle_segment,,,,false,false,False,unified-v1
cam5,142,,0.00,abstain,idle_segment,,,,false,false,False,unified-v1
cam5,143,,0.00,abstain,idle_segment,,,,false,false,False,unified-v1
cam5,144,,0.00,abstain,idle_segment,,,,false,false,False,unified-v1
cam5,145,,0.00,abstain,idle_segment,,,,false,false,False,unified-v1
cam5,146,,0.00,abstain,idle_segment,,,,false,false,False,unified-v1
cam5,147,,0.00,abstain,idle_segment,,,,false,false,False,unified-v1
cam5,148,,0.00,abstain,idle_segment,,,,false,false,False,unified-v1
cam5,149,,0.00,abstain,idle_segment,,,,false,false,False,unified-v1
cam5,150,,0.00,abstain,idle_segment,,,,false,false,False,unified-v1
cam5,151,,0.00,abstain,idle_segment,,,,false,false,False,unified-v1
cam5,152,,0.00,abstain,idle_segment,,,,false,false,False,unified-v1
cam5,153,,0.00,abstain,idle_segment,,,,false,false,False,unified-v1
cam5,154,,0.00,abstain,idle_segment,,,,false,false,False,unified-v1
cam5,155,,0.00,abstain,idle_segment,,,,false,false,False,unified-v1
cam5,156,,0.00,abstain,idle_segment,,,,false,false,False,unified-v1
cam5,157,,0.00,abstain,idle_segment,,,,false,false,False,unified-v1
cam5,158,,0.00,abstain,idle_segment,,,,false,false,False,unified-v1
cam5,159,,0.00,abstain,idle_segment,,,,false,false,False,unified-v1
cam5,160,,0.00,abstain,idle_segment,,,,false,false,False,unified-v1
cam5,161,,0.00,abstain,idle_segment,,,,false,false,False,unified-v1
cam5,162,,0.00,abstain,idle_segment,,,,false,false,False,unified-v1
cam5,163,,0.00,abstain,idle_segment,,,,false,false,False,unified-v1
cam5,164,,0.00,abstain,idle_segment,,,,false,false,False,unified-v1
cam5,165,,0.00,abstain,idle_segment,,,,false,false,False,unified-v1
cam5,166,,0.00,abstain,idle_segment,,,,false,false,False,unified-v1
cam5,167,,0.00,abstain,idle_segment,,,,false,false,False,unified-v1
cam5,168,,0.00,abstain,idle_segment,,,,false,false,False,unified-v1
cam5,169,,0.00,abstain,idle_segment,,,,false,false,False,unified-v1
cam5,170,,0.00,abstain,idle_segment,,,,false,false,False,unified-v1
cam5,171,,0.00,abstain,idle_segment,,,,false,false,False,unified-v1
cam5,172,,0.00,abstain,idle_segment,,,,false,false,False,unified-v1
cam5,173,,0.00,abstain,idle_segment,,,,false,false,False,unified-v1
cam5,174,,0.00,abstain,idle_segment,,,,false,false,False,unified-v1
cam5,175,,0.00,abstain,idle_segment,,,,false,false,False,unified-v1
cam5,176,,0.00,abstain,idle_segment,,,,false,false,False,unified-v1
cam5,177,,0.00,abstain,idle_segment,,,,false,false,False,unified-v1
cam5,178,,0.00,abstain,idle_segment,,,,false,false,False,unified-v1
cam5,179,,0.00,abstain,idle_segment,,,,false,false,False,unified-v1
cam5,180,118,0.67,uncalibrated_sequence_supported,accepted_sequence_supported,supported,0.08828,118,true,true,False,unified-v1
cam5,181,118,0.67,uncalibrated_sequence_supported,accepted_sequence_supported,supported,0.08828,118,false,false,False,unified-v1
cam5,182,119,0.67,uncalibrated_sequence_supported,accepted_sequence_supported,supported,0.08828,119,false,false,False,unified-v1
cam5,183,119,0.67,uncalibrated_sequence_supported,accepted_sequence_supported,supported,0.08828,119,false,false,False,unified-v1
cam5,184,119,0.67,uncalibrated_sequence_supported,accepted_sequence_supported,supported,0.08828,119,false,false,False,unified-v1
cam5,185,119,0.67,uncalibrated_sequence_supported,accepted_sequence_supported,supported,0.08828,119,false,false,False,unified-v1
cam5,186,119,0.67,uncalibrated_sequence_supported,accepted_sequence_supported,supported,0.08828,119,false,false,False,unified-v1
cam5,187,119,1.00,uncalibrated_strong,accepted_strong,strong,0.08844,119,false,false,False,unified-v1
cam5,188,119,1.00,uncalibrated_strong,accepted_strong,strong,0.08844,119,false,false,False,unified-v1
cam5,189,119,1.00,uncalibrated_strong,accepted_strong,strong,0.08844,119,false,false,False,unified-v1
cam5,190,119,1.00,uncalibrated_strong,accepted_strong,strong,0.08844,119,false,false,False,unified-v1
cam5,191,119,1.00,uncalibrated_strong,accepted_strong,strong,0.08844,119,false,false,False,unified-v1
cam5,192,119,1.00,uncalibrated_strong,accepted_strong,strong,0.08844,119,true,true,False,unified-v1
cam5,193,119,1.00,uncalibrated_strong,accepted_strong,strong,0.08844,119,false,false,False,unified-v1
cam5,194,119,1.00,uncalibrated_strong,accepted_strong,strong,0.08844,119,false,false,False,unified-v1
cam5,195,120,1.00,uncalibrated_strong,accepted_strong,strong,0.08841,120,false,false,False,unified-v1
cam5,196,121,1.00,uncalibrated_strong,accepted_strong,strong,0.08841,121,false,false,False,unified-v1
cam5,197,121,1.00,uncalibrated_strong,accepted_strong,strong,0.08841,121,false,false,False,unified-v1
cam5,198,122,1.00,uncalibrated_strong,accepted_strong,strong,0.08841,122,false,false,False,unified-v1
cam5,199,122,1.00,uncalibrated_strong,accepted_strong,strong,0.08841,122,false,false,False,unified-v1
cam5,200,122,1.00,uncalibrated_strong,accepted_strong,strong,0.08841,122,false,false,False,unified-v1
cam5,201,123,1.00,uncalibrated_strong,accepted_strong,strong,0.08841,123,false,false,False,unified-v1
cam5,202,123,1.00,uncalibrated_strong,accepted_strong,strong,0.08841,123,false,false,False,unified-v1
cam5,203,123,1.00,uncalibrated_strong,accepted_strong,strong,0.08624,123,false,false,False,unified-v1
cam5,204,124,1.00,uncalibrated_strong,accepted_strong,strong,0.08624,124,true,true,False,unified-v1
cam5,205,124,1.00,uncalibrated_strong,accepted_strong,strong,0.08624,124,false,false,False,unified-v1
cam5,206,124,1.00,uncalibrated_strong,accepted_strong,strong,0.08624,124,false,false,False,unified-v1
cam5,207,125,1.00,uncalibrated_strong,accepted_strong,strong,0.08624,125,false,false,False,unified-v1
cam5,208,125,1.00,uncalibrated_strong,accepted_strong,strong,0.08624,125,false,false,False,unified-v1
cam5,209,125,1.00,uncalibrated_strong,accepted_strong,strong,0.08624,125,false,false,False,unified-v1
cam5,210,127,1.00,uncalibrated_strong,accepted_strong,strong,0.08624,127,false,false,False,unified-v1
cam5,211,128,1.00,uncalibrated_strong,accepted_strong,strong,0.08624,128,false,false,False,unified-v1
cam5,212,128,1.00,uncalibrated_strong,accepted_strong,strong,0.08624,128,false,false,False,unified-v1
cam5,213,129,1.00,uncalibrated_strong,accepted_strong,strong,0.08624,129,false,false,False,unified-v1
cam5,214,131,1.00,uncalibrated_strong,accepted_strong,strong,0.08624,131,false,false,False,unified-v1
cam5,215,131,1.00,uncalibrated_strong,accepted_strong,strong,0.09059,131,false,false,False,unified-v1
cam5,216,132,1.00,uncalibrated_strong,accepted_strong,strong,0.09059,132,true,true,False,unified-v1
cam5,217,133,1.00,uncalibrated_strong,accepted_strong,strong,0.09059,133,false,false,False,unified-v1
cam5,218,134,1.00,uncalibrated_strong,accepted_strong,strong,0.09059,134,false,false,False,unified-v1
cam5,219,137,1.00,uncalibrated_strong,accepted_strong,strong,0.09059,137,false,false,False,unified-v1
cam5,220,138,1.00,uncalibrated_strong,accepted_strong,strong,0.09059,138,false,false,False,unified-v1
cam5,221,139,1.00,uncalibrated_strong,accepted_strong,strong,0.09059,139,false,false,False,unified-v1
cam5,222,140,1.00,uncalibrated_strong,accepted_strong,strong,0.09059,140,false,false,False,unified-v1
cam5,223,141,1.00,uncalibrated_strong,accepted_strong,strong,0.09059,141,false,false,False,unified-v1
cam5,224,142,1.00,uncalibrated_strong,accepted_strong,strong,0.09059,142,false,false,False,unified-v1
cam5,225,143,1.00,uncalibrated_strong,accepted_strong,strong,0.09241,143,false,false,False,unified-v1
cam5,226,144,1.00,uncalibrated_strong,accepted_strong,strong,0.09241,144,false,false,False,unified-v1
cam5,227,145,1.00,uncalibrated_strong,accepted_strong,strong,0.09241,145,false,false,False,unified-v1
cam5,228,146,1.00,uncalibrated_strong,accepted_strong,strong,0.09241,146,true,true,False,unified-v1
cam5,229,147,1.00,uncalibrated_strong,accepted_strong,strong,0.09241,147,false,false,False,unified-v1
cam5,230,148,1.00,uncalibrated_strong,accepted_strong,strong,0.09241,148,false,false,False,unified-v1
cam5,231,149,1.00,uncalibrated_strong,accepted_strong,strong,0.09241,149,false,false,False,unified-v1
cam5,232,150,1.00,uncalibrated_strong,accepted_strong,strong,0.09241,150,false,false,False,unified-v1
cam5,233,151,1.00,uncalibrated_strong,accepted_strong,strong,0.09359,151,false,false,False,unified-v1
cam5,234,151,1.00,uncalibrated_strong,accepted_strong,strong,0.09359,151,false,false,False,unified-v1
cam5,235,152,1.00,uncalibrated_strong,accepted_strong,strong,0.09359,152,false,false,False,unified-v1
cam5,236,153,1.00,uncalibrated_strong,accepted_strong,strong,0.09359,153,false,false,False,unified-v1
cam5,237,154,1.00,uncalibrated_strong,accepted_strong,strong,0.09359,154,false,false,False,unified-v1
cam5,238,155,1.00,uncalibrated_strong,accepted_strong,strong,0.09359,155,false,false,False,unified-v1
cam5,239,156,1.00,uncalibrated_strong,accepted_strong,strong,0.09505,156,false,false,False,unified-v1
cam5,240,156,1.00,uncalibrated_strong,accepted_strong,strong,0.09505,156,true,true,False,unified-v1
cam5,241,156,1.00,uncalibrated_strong,accepted_strong,strong,0.09505,156,false,false,False,unified-v1
cam5,242,156,1.00,uncalibrated_strong,accepted_strong,strong,0.09505,156,false,false,False,unified-v1
cam5,243,157,0.67,uncalibrated_sequence_supported,accepted_sequence_supported,supported,0.09661,157,false,false,False,unified-v1
cam5,244,157,0.67,uncalibrated_sequence_supported,accepted_sequence_supported,supported,0.09661,157,false,false,False,unified-v1
cam5,245,158,0.67,uncalibrated_sequence_supported,accepted_sequence_supported,supported,0.09661,158,false,false,False,unified-v1
cam5,246,159,0.67,uncalibrated_sequence_supported,accepted_sequence_supported,supported,0.09661,159,false,false,False,unified-v1
cam5,247,159,0.67,uncalibrated_sequence_supported,accepted_sequence_supported,supported,0.09728,159,false,false,False,unified-v1
cam5,248,160,0.67,uncalibrated_sequence_supported,accepted_sequence_supported,supported,0.09728,160,false,false,False,unified-v1
cam5,249,161,0.67,uncalibrated_sequence_supported,accepted_sequence_supported,supported,0.09728,161,false,false,False,unified-v1
cam5,250,162,0.67,uncalibrated_sequence_supported,accepted_sequence_supported,supported,0.09728,162,false,false,False,unified-v1
cam5,251,164,0.67,uncalibrated_sequence_supported,accepted_sequence_supported,supported,0.09728,164,false,false,False,unified-v1
cam5,252,165,0.67,uncalibrated_sequence_supported,accepted_sequence_supported,supported,0.09728,165,true,true,False,unified-v1
cam5,253,166,0.67,uncalibrated_sequence_supported,accepted_sequence_supported,supported,0.09694,166,false,false,False,unified-v1
cam5,254,167,0.67,uncalibrated_sequence_supported,accepted_sequence_supported,supported,0.09694,167,false,false,False,unified-v1
cam5,255,168,0.67,uncalibrated_sequence_supported,accepted_sequence_supported,supported,0.09694,168,false,false,False,unified-v1
cam5,256,169,0.67,uncalibrated_sequence_supported,accepted_sequence_supported,supported,0.09694,169,false,false,False,unified-v1
cam5,257,170,0.67,uncalibrated_sequence_supported,accepted_sequence_supported,supported,0.09694,170,false,false,False,unified-v1
cam5,258,171,0.67,uncalibrated_sequence_supported,accepted_sequence_supported,supported,0.09694,171,false,false,False,unified-v1
cam5,259,172,0.67,uncalibrated_sequence_supported,accepted_sequence_supported,supported,0.09608,172,false,false,False,unified-v1
cam5,260,173,0.67,uncalibrated_sequence_supported,accepted_sequence_supported,supported,0.09608,173,false,false,False,unified-v1
cam5,261,174,0.67,uncalibrated_sequence_supported,accepted_sequence_supported,supported,0.09608,174,false,false,False,unified-v1
cam5,262,175,0.67,uncalibrated_sequence_supported,accepted_sequence_supported,supported,0.09608,175,false,false,False,unified-v1
cam5,263,176,1.00,uncalibrated_strong,accepted_strong,strong,0.09514,176,false,false,False,unified-v1
cam5,264,177,1.00,uncalibrated_strong,accepted_strong,strong,0.09514,177,true,true,False,unified-v1
cam5,265,178,1.00,uncalibrated_strong,accepted_strong,strong,0.09514,178,false,false,False,unified-v1
cam5,266,179,1.00,uncalibrated_strong,accepted_strong,strong,0.09514,179,false,false,False,unified-v1
cam5,267,180,1.00,uncalibrated_strong,accepted_strong,strong,0.09514,180,false,false,False,unified-v1
cam5,268,181,1.00,uncalibrated_strong,accepted_strong,strong,0.09514,181,false,false,False,unified-v1
cam5,269,182,1.00,uncalibrated_strong,accepted_strong,strong,0.09599,182,false,false,False,unified-v1
cam5,270,183,1.00,uncalibrated_strong,accepted_strong,strong,0.09599,183,false,false,False,unified-v1
cam5,271,184,1.00,uncalibrated_strong,accepted_strong,strong,0.09599,184,false,false,False,unified-v1
cam5,272,185,1.00,uncalibrated_strong,accepted_strong,strong,0.09599,185,false,false,False,unified-v1
cam5,273,185,1.00,uncalibrated_strong,accepted_strong,strong,0.09599,185,false,false,False,unified-v1
cam5,274,186,1.00,uncalibrated_strong,accepted_strong,strong,0.09599,186,false,false,False,unified-v1
cam5,275,187,1.00,uncalibrated_strong,accepted_strong,strong,0.09599,187,false,false,False,unified-v1
cam5,276,188,1.00,uncalibrated_strong,accepted_strong,strong,0.09599,188,true,true,False,unified-v1
cam5,277,189,1.00,uncalibrated_strong,accepted_strong,strong,0.09569,189,false,false,False,unified-v1
cam5,278,190,1.00,uncalibrated_strong,accepted_strong,strong,0.09569,190,false,false,False,unified-v1
cam5,279,191,1.00,uncalibrated_strong,accepted_strong,strong,0.09569,191,false,false,False,unified-v1
cam5,280,192,1.00,uncalibrated_strong,accepted_strong,strong,0.09569,192,false,false,False,unified-v1
cam5,281,193,1.00,uncalibrated_strong,accepted_strong,strong,0.09569,193,false,false,False,unified-v1
cam5,282,194,1.00,uncalibrated_strong,accepted_strong,strong,0.09569,194,false,false,False,unified-v1
cam5,283,195,1.00,uncalibrated_strong,accepted_strong,strong,0.09569,195,false,false,False,unified-v1
cam5,284,197,1.00,uncalibrated_strong,accepted_strong,strong,0.09569,197,false,false,False,unified-v1
cam5,285,198,1.00,uncalibrated_strong,accepted_strong,strong,0.09612,198,false,false,False,unified-v1
cam5,286,199,1.00,uncalibrated_strong,accepted_strong,strong,0.09612,199,false,false,False,unified-v1
cam5,287,200,1.00,uncalibrated_strong,accepted_strong,strong,0.09612,200,false,false,False,unified-v1
cam5,288,201,1.00,uncalibrated_strong,accepted_strong,strong,0.09612,201,true,true,False,unified-v1
cam5,289,202,1.00,uncalibrated_strong,accepted_strong,strong,0.09612,202,false,false,False,unified-v1
cam5,290,203,1.00,uncalibrated_strong,accepted_strong,strong,0.09612,203,false,false,False,unified-v1
cam5,291,204,1.00,uncalibrated_strong,accepted_strong,strong,0.09612,204,false,false,False,unified-v1
cam5,292,205,1.00,uncalibrated_strong,accepted_strong,strong,0.09612,205,false,false,False,unified-v1
cam5,293,205,1.00,uncalibrated_strong,accepted_strong,strong,0.09564,205,false,false,False,unified-v1
cam5,294,206,1.00,uncalibrated_strong,accepted_strong,strong,0.09564,206,false,false,False,unified-v1
cam5,295,207,1.00,uncalibrated_strong,accepted_strong,strong,0.09564,207,false,false,False,unified-v1
cam5,296,207,1.00,uncalibrated_strong,accepted_strong,strong,0.09564,207,false,false,False,unified-v1
cam5,297,209,1.00,uncalibrated_strong,accepted_strong,strong,0.09564,209,false,false,False,unified-v1
cam5,298,211,1.00,uncalibrated_strong,accepted_strong,strong,0.09564,211,false,false,False,unified-v1
cam5,299,213,1.00,uncalibrated_strong,accepted_strong,strong,0.09532,213,false,false,False,unified-v1
cam5,300,215,1.00,uncalibrated_strong,accepted_strong,strong,0.09532,215,true,true,False,unified-v1
cam5,301,216,1.00,uncalibrated_strong,accepted_strong,strong,0.09532,216,false,false,False,unified-v1
cam5,302,217,1.00,uncalibrated_strong,accepted_strong,strong,0.09532,217,false,false,False,unified-v1
cam5,303,218,1.00,uncalibrated_strong,accepted_strong,strong,0.09532,218,false,false,False,unified-v1
cam5,304,219,1.00,uncalibrated_strong,accepted_strong,strong,0.09532,219,false,false,False,unified-v1
cam5,305,220,1.00,uncalibrated_strong,accepted_strong,strong,0.09532,220,false,false,False,unified-v1
cam5,306,221,1.00,uncalibrated_strong,accepted_strong,strong,0.09532,221,false,false,False,unified-v1
cam5,307,222,1.00,uncalibrated_strong,accepted_strong,strong,0.09532,222,false,false,False,unified-v1
cam5,308,223,1.00,uncalibrated_strong,accepted_strong,strong,0.09532,223,false,false,False,unified-v1
cam5,309,224,1.00,uncalibrated_strong,accepted_strong,strong,0.09532,224,false,false,False,unified-v1
cam5,310,225,1.00,uncalibrated_strong,accepted_strong,strong,0.09532,225,false,false,False,unified-v1
cam5,311,226,1.00,uncalibrated_strong,accepted_strong,strong,0.09532,226,false,false,False,unified-v1
cam5,312,227,1.00,uncalibrated_strong,accepted_strong,strong,0.09532,227,true,true,False,unified-v1
cam5,313,228,1.00,uncalibrated_strong,accepted_strong,strong,0.09824,228,false,false,False,unified-v1
cam5,314,229,1.00,uncalibrated_strong,accepted_strong,strong,0.09824,229,false,false,False,unified-v1
cam5,315,230,1.00,uncalibrated_strong,accepted_strong,strong,0.09824,230,false,false,False,unified-v1
cam5,316,231,1.00,uncalibrated_strong,accepted_strong,strong,0.09824,231,false,false,False,unified-v1
cam5,317,232,1.00,uncalibrated_strong,accepted_strong,strong,0.09824,232,false,false,False,unified-v1
cam5,318,233,1.00,uncalibrated_strong,accepted_strong,strong,0.09824,233,false,false,False,unified-v1
cam5,319,233,1.00,uncalibrated_strong,accepted_strong,strong,0.09898,233,false,false,False,unified-v1
cam5,320,233,1.00,uncalibrated_strong,accepted_strong,strong,0.09898,233,false,false,False,unified-v1
cam5,321,234,1.00,uncalibrated_strong,accepted_strong,strong,0.09898,234,false,false,False,unified-v1
cam5,322,235,1.00,uncalibrated_strong,accepted_strong,strong,0.09898,235,false,false,False,unified-v1
cam5,323,236,1.00,uncalibrated_strong,accepted_strong,strong,0.09917,236,false,false,False,unified-v1
cam5,324,237,1.00,uncalibrated_strong,accepted_strong,strong,0.09917,237,true,true,False,unified-v1
cam5,325,238,1.00,uncalibrated_strong,accepted_strong,strong,0.09917,238,false,false,False,unified-v1
cam5,326,239,1.00,uncalibrated_strong,accepted_strong,strong,0.09917,239,false,false,False,unified-v1
cam5,327,240,1.00,uncalibrated_strong,accepted_strong,strong,0.10127,240,false,false,False,unified-v1
cam5,328,243,1.00,uncalibrated_strong,accepted_strong,strong,0.10127,243,false,false,False,unified-v1
cam5,329,246,1.00,uncalibrated_strong,accepted_strong,strong,0.10127,246,false,false,False,unified-v1
cam5,330,247,1.00,uncalibrated_strong,accepted_strong,strong,0.10127,247,false,false,False,unified-v1
cam5,331,247,1.00,uncalibrated_strong,accepted_strong,strong,0.10127,247,false,false,False,unified-v1
cam5,332,247,1.00,uncalibrated_strong,accepted_strong,strong,0.10127,247,false,false,False,unified-v1
cam5,333,250,1.00,uncalibrated_strong,accepted_strong,strong,0.10127,250,false,false,False,unified-v1
cam5,334,251,1.00,uncalibrated_strong,accepted_strong,strong,0.10127,251,false,false,False,unified-v1
cam5,335,252,1.00,uncalibrated_strong,accepted_strong,strong,0.1043,252,false,false,False,unified-v1
cam5,336,253,1.00,uncalibrated_strong,accepted_strong,strong,0.1043,253,true,true,False,unified-v1
cam5,337,256,1.00,uncalibrated_strong,accepted_strong,strong,0.1043,256,false,false,False,unified-v1
cam5,338,256,1.00,uncalibrated_strong,accepted_strong,strong,0.1043,256,false,false,False,unified-v1
cam5,339,257,1.00,uncalibrated_strong,accepted_strong,strong,0.1043,257,false,false,False,unified-v1
cam5,340,259,1.00,uncalibrated_strong,accepted_strong,strong,0.1043,259,false,false,False,unified-v1
cam5,341,260,1.00,uncalibrated_strong,accepted_strong,strong,0.1043,260,false,false,False,unified-v1
cam5,342,261,1.00,uncalibrated_strong,accepted_strong,strong,0.1043,261,false,false,False,unified-v1
cam5,343,261,1.00,uncalibrated_strong,accepted_strong,strong,0.1043,261,false,false,False,unified-v1
cam5,344,261,1.00,uncalibrated_strong,accepted_strong,strong,0.1043,261,false,false,False,unified-v1
cam5,345,262,1.00,uncalibrated_strong,accepted_strong,strong,0.10517,262,false,false,False,unified-v1
cam5,346,263,1.00,uncalibrated_strong,accepted_strong,strong,0.10517,263,false,false,False,unified-v1
cam5,347,263,1.00,uncalibrated_strong,accepted_strong,strong,0.10517,263,false,false,False,unified-v1
cam5,348,264,1.00,uncalibrated_strong,accepted_strong,strong,0.10517,264,true,true,False,unified-v1
cam5,349,265,1.00,uncalibrated_strong,accepted_strong,strong,0.10517,265,false,false,False,unified-v1
cam5,350,266,1.00,uncalibrated_strong,accepted_strong,strong,0.10517,266,false,false,False,unified-v1
cam5,351,267,1.00,uncalibrated_strong,accepted_strong,strong,0.10502,267,false,false,False,unified-v1
cam5,352,268,1.00,uncalibrated_strong,accepted_strong,strong,0.10502,268,false,false,False,unified-v1
cam5,353,269,1.00,uncalibrated_strong,accepted_strong,strong,0.10502,269,false,false,False,unified-v1
cam5,354,270,1.00,uncalibrated_strong,accepted_strong,strong,0.10502,270,false,false,False,unified-v1
cam5,355,271,1.00,uncalibrated_strong,accepted_strong,strong,0.10684,271,false,false,False,unified-v1
cam5,356,272,1.00,uncalibrated_strong,accepted_strong,strong,0.10684,272,false,false,False,unified-v1
cam5,357,273,1.00,uncalibrated_strong,accepted_strong,strong,0.10684,273,false,false,False,unified-v1
cam5,358,274,1.00,uncalibrated_strong,accepted_strong,strong,0.10684,274,false,false,False,unified-v1
cam5,359,275,1.00,uncalibrated_strong,accepted_strong,strong,0.10768,275,false,false,False,unified-v1
cam5,360,276,1.00,uncalibrated_strong,accepted_strong,strong,0.10768,276,true,true,False,unified-v1
cam5,361,277,1.00,uncalibrated_strong,accepted_strong,strong,0.10768,277,false,false,False,unified-v1
cam5,362,278,1.00,uncalibrated_strong,accepted_strong,strong,0.10768,278,false,false,False,unified-v1
cam5,363,279,1.00,uncalibrated_strong,accepted_strong,strong,0.11184,279,false,false,False,unified-v1
cam5,364,280,1.00,uncalibrated_strong,accepted_strong,strong,0.11184,280,false,false,False,unified-v1
cam5,365,281,1.00,uncalibrated_strong,accepted_strong,strong,0.11184,281,false,false,False,unified-v1
cam5,366,282,1.00,uncalibrated_strong,accepted_strong,strong,0.11184,282,false,false,False,unified-v1
cam5,367,283,1.00,uncalibrated_strong,accepted_strong,strong,0.11786,283,false,false,False,unified-v1
cam5,368,284,1.00,uncalibrated_strong,accepted_strong,strong,0.11786,284,false,false,False,unified-v1
cam5,369,285,1.00,uncalibrated_strong,accepted_strong,strong,0.11786,285,false,false,False,unified-v1
cam5,370,286,1.00,uncalibrated_strong,accepted_strong,strong,0.11786,286,false,false,False,unified-v1
cam5,371,287,1.00,uncalibrated_strong,accepted_strong,strong,0.12179,287,false,false,False,unified-v1
cam5,372,288,1.00,uncalibrated_strong,accepted_strong,strong,0.12179,288,true,true,False,unified-v1
cam5,373,289,1.00,uncalibrated_strong,accepted_strong,strong,0.12179,289,false,false,False,unified-v1
cam5,374,290,1.00,uncalibrated_strong,accepted_strong,strong,0.12179,290,false,false,False,unified-v1
cam5,375,290,1.00,uncalibrated_strong,accepted_strong,strong,0.12491,290,false,false,False,unified-v1
cam5,376,291,1.00,uncalibrated_strong,accepted_strong,strong,0.12491,291,false,false,False,unified-v1
cam5,377,292,1.00,uncalibrated_strong,accepted_strong,strong,0.12491,292,false,false,False,unified-v1
cam5,378,293,1.00,uncalibrated_strong,accepted_strong,strong,0.12491,293,false,false,False,unified-v1
cam5,379,294,1.00,uncalibrated_strong,accepted_strong,strong,0.12491,294,false,false,False,unified-v1
cam5,380,295,1.00,uncalibrated_strong,accepted_strong,strong,0.12491,295,false,false,False,unified-v1
cam5,381,296,1.00,uncalibrated_strong,accepted_strong,strong,0.12833,296,false,false,False,unified-v1
cam5,382,297,1.00,uncalibrated_strong,accepted_strong,strong,0.12833,297,false,false,False,unified-v1
cam5,383,298,1.00,uncalibrated_strong,accepted_strong,strong,0.12833,298,false,false,False,unified-v1
cam5,384,300,1.00,uncalibrated_strong,accepted_strong,strong,0.12833,300,true,true,False,unified-v1
cam5,385,301,1.00,uncalibrated_strong,accepted_strong,strong,0.12833,301,false,false,False,unified-v1
cam5,386,302,1.00,uncalibrated_strong,accepted_strong,strong,0.12833,302,false,false,False,unified-v1
cam5,387,303,1.00,uncalibrated_strong,accepted_strong,strong,0.13066,303,false,false,False,unified-v1
cam5,388,304,1.00,uncalibrated_strong,accepted_strong,strong,0.13066,304,false,false,False,unified-v1
cam5,389,305,1.00,uncalibrated_strong,accepted_strong,strong,0.13066,305,false,false,False,unified-v1
cam5,390,306,1.00,uncalibrated_strong,accepted_strong,strong,0.13066,306,false,false,False,unified-v1
cam5,391,307,1.00,uncalibrated_strong,accepted_strong,strong,0.13326,307,false,false,False,unified-v1
cam5,392,308,1.00,uncalibrated_strong,accepted_strong,strong,0.13326,308,false,false,False,unified-v1
cam5,393,309,1.00,uncalibrated_strong,accepted_strong,strong,0.13326,309,false,false,False,unified-v1
cam5,394,311,1.00,uncalibrated_strong,accepted_strong,strong,0.13326,311,false,false,False,unified-v1
cam5,395,312,1.00,uncalibrated_strong,accepted_strong,strong,0.13308,312,false,false,False,unified-v1
cam5,396,314,1.00,uncalibrated_strong,accepted_strong,strong,0.13308,314,true,true,False,unified-v1
cam5,397,315,1.00,uncalibrated_strong,accepted_strong,strong,0.13308,315,false,false,False,unified-v1
cam5,398,316,1.00,uncalibrated_strong,accepted_strong,strong,0.13308,316,false,false,False,unified-v1
cam5,399,317,1.00,uncalibrated_strong,accepted_strong,strong,0.13308,317,false,false,False,unified-v1
cam5,400,317,1.00,uncalibrated_strong,accepted_strong,strong,0.13308,317,false,false,False,unified-v1
cam5,401,319,1.00,uncalibrated_strong,accepted_strong,strong,0.13459,319,false,false,False,unified-v1
cam5,402,320,1.00,uncalibrated_strong,accepted_strong,strong,0.13459,320,false,false,False,unified-v1
cam5,403,321,1.00,uncalibrated_strong,accepted_strong,strong,0.13459,321,false,false,False,unified-v1
cam5,404,321,1.00,uncalibrated_strong,accepted_strong,strong,0.13459,321,false,false,False,unified-v1
cam5,405,323,1.00,uncalibrated_strong,accepted_strong,strong,0.13459,323,false,false,False,unified-v1
cam5,406,324,1.00,uncalibrated_strong,accepted_strong,strong,0.13459,324,false,false,False,unified-v1
cam5,407,325,1.00,uncalibrated_strong,accepted_strong,strong,0.13492,325,false,false,False,unified-v1
cam5,408,325,1.00,uncalibrated_strong,accepted_strong,strong,0.13492,325,true,true,False,unified-v1
cam5,409,326,1.00,uncalibrated_strong,accepted_strong,strong,0.13492,326,false,false,False,unified-v1
cam5,410,326,1.00,uncalibrated_strong,accepted_strong,strong,0.13492,326,false,false,False,unified-v1
cam5,411,327,1.00,uncalibrated_strong,accepted_strong,strong,0.13492,327,false,false,False,unified-v1
cam5,412,328,1.00,uncalibrated_strong,accepted_strong,strong,0.13492,328,false,false,False,unified-v1
cam5,413,329,1.00,uncalibrated_strong,accepted_strong,strong,0.13643,329,false,false,False,unified-v1
cam5,414,330,1.00,uncalibrated_strong,accepted_strong,strong,0.13643,330,false,false,False,unified-v1
cam5,415,331,1.00,uncalibrated_strong,accepted_strong,strong,0.13643,331,false,false,False,unified-v1
cam5,416,332,1.00,uncalibrated_strong,accepted_strong,strong,0.13643,332,false,false,False,unified-v1
cam5,417,333,1.00,uncalibrated_strong,accepted_strong,strong,0.13643,333,false,false,False,unified-v1
cam5,418,334,1.00,uncalibrated_strong,accepted_strong,strong,0.13643,334,false,false,False,unified-v1
cam5,419,335,1.00,uncalibrated_strong,accepted_strong,strong,0.13682,335,false,false,False,unified-v1
cam5,420,336,1.00,uncalibrated_strong,accepted_strong,strong,0.13682,336,true,true,False,unified-v1
cam5,421,337,1.00,uncalibrated_strong,accepted_strong,strong,0.13682,337,false,false,False,unified-v1
cam5,422,338,1.00,uncalibrated_strong,accepted_strong,strong,0.13682,338,false,false,False,unified-v1
cam5,423,339,1.00,uncalibrated_strong,accepted_strong,strong,0.1386,339,false,false,False,unified-v1
cam5,424,340,1.00,uncalibrated_strong,accepted_strong,strong,0.1386,340,false,false,False,unified-v1
cam5,425,341,1.00,uncalibrated_strong,accepted_strong,strong,0.1386,341,false,false,False,unified-v1
cam5,426,342,1.00,uncalibrated_strong,accepted_strong,strong,0.1386,342,false,false,False,unified-v1
cam5,427,343,1.00,uncalibrated_strong,accepted_strong,strong,0.13845,343,false,false,False,unified-v1
cam5,428,344,1.00,uncalibrated_strong,accepted_strong,strong,0.13845,344,false,false,False,unified-v1
cam5,429,346,1.00,uncalibrated_strong,accepted_strong,strong,0.13845,346,false,false,False,unified-v1
cam5,430,348,1.00,uncalibrated_strong,accepted_strong,strong,0.13845,348,false,false,False,unified-v1
cam5,431,350,1.00,uncalibrated_strong,accepted_strong,strong,0.13846,350,false,false,False,unified-v1
cam5,432,352,1.00,uncalibrated_strong,accepted_strong,strong,0.13846,352,true,false,False,unified-v1
cam5,433,352,1.00,uncalibrated_strong,accepted_strong,strong,0.13846,352,false,false,False,unified-v1
cam5,434,353,1.00,uncalibrated_strong,accepted_strong,strong,0.13846,353,false,false,False,unified-v1
cam5,435,353,1.00,uncalibrated_strong,accepted_strong,strong,0.13846,353,false,false,False,unified-v1
cam5,436,354,1.00,uncalibrated_strong,accepted_strong,strong,0.13846,354,false,false,False,unified-v1
cam5,437,355,1.00,uncalibrated_strong,accepted_strong,strong,0.13846,355,false,false,False,unified-v1
cam5,438,355,1.00,uncalibrated_strong,accepted_strong,strong,0.13846,355,false,false,False,unified-v1
cam5,439,355,1.00,uncalibrated_strong,accepted_strong,strong,0.13893,355,false,false,False,unified-v1
cam5,440,356,1.00,uncalibrated_strong,accepted_strong,strong,0.13893,356,false,false,False,unified-v1
cam5,441,356,1.00,uncalibrated_strong,accepted_strong,strong,0.13893,356,false,false,False,unified-v1
cam5,442,356,1.00,uncalibrated_strong,accepted_strong,strong,0.13893,356,false,false,False,unified-v1
cam5,443,358,1.00,uncalibrated_strong,accepted_strong,strong,0.13893,358,false,false,False,unified-v1
cam5,444,358,1.00,uncalibrated_strong,accepted_strong,strong,0.13893,358,true,false,False,unified-v1
cam5,445,359,1.00,uncalibrated_strong,accepted_strong,strong,0.13893,359,false,false,False,unified-v1
cam5,446,360,1.00,uncalibrated_strong,accepted_strong,strong,0.13893,360,false,false,False,unified-v1
cam5,447,361,1.00,uncalibrated_strong,accepted_strong,strong,0.13893,361,false,false,False,unified-v1
cam5,448,362,1.00,uncalibrated_strong,accepted_strong,strong,0.13893,362,false,false,False,unified-v1
cam5,449,364,1.00,uncalibrated_strong,accepted_strong,strong,0.13893,364,false,false,False,unified-v1
cam5,450,364,1.00,uncalibrated_strong,accepted_strong,strong,0.13893,364,false,false,False,unified-v1
cam5,451,364,1.00,uncalibrated_strong,accepted_strong,strong,0.13739,364,false,false,False,unified-v1
cam5,452,365,1.00,uncalibrated_strong,accepted_strong,strong,0.13739,365,false,false,False,unified-v1
cam5,453,365,1.00,uncalibrated_strong,accepted_strong,strong,0.13739,365,false,false,False,unified-v1
cam5,454,365,1.00,uncalibrated_strong,accepted_strong,strong,0.13739,365,false,false,False,unified-v1
cam5,455,366,1.00,uncalibrated_strong,accepted_strong,strong,0.13739,366,false,false,False,unified-v1
cam5,456,366,1.00,uncalibrated_strong,accepted_strong,strong,0.13739,366,true,false,False,unified-v1
cam5,457,367,1.00,uncalibrated_strong,accepted_strong,strong,0.13739,367,false,false,False,unified-v1
cam5,458,368,1.00,uncalibrated_strong,accepted_strong,strong,0.13739,368,false,false,False,unified-v1
cam5,459,369,1.00,uncalibrated_strong,accepted_strong,strong,0.13738,369,false,false,False,unified-v1
cam5,460,370,1.00,uncalibrated_strong,accepted_strong,strong,0.13738,370,false,false,False,unified-v1
cam5,461,372,1.00,uncalibrated_strong,accepted_strong,strong,0.13738,372,false,false,False,unified-v1
cam5,462,374,1.00,uncalibrated_strong,accepted_strong,strong,0.13738,374,false,false,False,unified-v1
cam5,463,376,1.00,uncalibrated_strong,accepted_strong,strong,0.13449,376,false,false,False,unified-v1
cam5,464,378,1.00,uncalibrated_strong,accepted_strong,strong,0.13449,378,false,false,False,unified-v1
cam5,465,379,1.00,uncalibrated_strong,accepted_strong,strong,0.13449,379,false,false,False,unified-v1
cam5,466,380,1.00,uncalibrated_strong,accepted_strong,strong,0.13449,380,false,false,False,unified-v1
cam5,467,381,1.00,uncalibrated_strong,accepted_strong,strong,0.13449,381,false,false,False,unified-v1
cam5,468,382,1.00,uncalibrated_strong,accepted_strong,strong,0.13449,382,true,false,False,unified-v1
cam5,469,383,1.00,uncalibrated_strong,accepted_strong,strong,0.13171,383,false,false,False,unified-v1
cam5,470,384,1.00,uncalibrated_strong,accepted_strong,strong,0.13171,384,false,false,False,unified-v1
cam5,471,385,1.00,uncalibrated_strong,accepted_strong,strong,0.13171,385,false,false,False,unified-v1
cam5,472,386,1.00,uncalibrated_strong,accepted_strong,strong,0.13171,386,false,false,False,unified-v1
cam5,473,387,1.00,uncalibrated_strong,accepted_strong,strong,0.13171,387,false,false,False,unified-v1
cam5,474,388,1.00,uncalibrated_strong,accepted_strong,strong,0.13171,388,false,false,False,unified-v1
cam5,475,389,1.00,uncalibrated_strong,accepted_strong,strong,0.12855,389,false,false,False,unified-v1
cam5,476,390,1.00,uncalibrated_strong,accepted_strong,strong,0.12855,390,false,false,False,unified-v1
cam5,477,391,1.00,uncalibrated_strong,accepted_strong,strong,0.12855,391,false,false,False,unified-v1
cam5,478,392,1.00,uncalibrated_strong,accepted_strong,strong,0.12855,392,false,false,False,unified-v1
cam5,479,393,1.00,uncalibrated_strong,accepted_strong,strong,0.12578,393,false,false,False,unified-v1
cam5,480,394,1.00,uncalibrated_strong,accepted_strong,strong,0.12578,394,true,false,False,unified-v1
cam5,481,395,1.00,uncalibrated_strong,accepted_strong,strong,0.12578,395,false,false,False,unified-v1
cam5,482,396,1.00,uncalibrated_strong,accepted_strong,strong,0.12578,396,false,false,False,unified-v1
cam5,483,397,1.00,uncalibrated_strong,accepted_strong,strong,0.12386,397,false,false,False,unified-v1
cam5,484,398,1.00,uncalibrated_strong,accepted_strong,strong,0.12386,398,false,false,False,unified-v1
cam5,485,399,1.00,uncalibrated_strong,accepted_strong,strong,0.12386,399,false,false,False,unified-v1
cam5,486,400,1.00,uncalibrated_strong,accepted_strong,strong,0.12386,400,false,false,False,unified-v1
cam5,487,401,1.00,uncalibrated_strong,accepted_strong,strong,0.12386,401,false,false,False,unified-v1
cam5,488,402,1.00,uncalibrated_strong,accepted_strong,strong,0.12386,402,false,false,False,unified-v1
cam5,489,403,1.00,uncalibrated_strong,accepted_strong,strong,0.12366,403,false,false,False,unified-v1
cam5,490,404,1.00,uncalibrated_strong,accepted_strong,strong,0.12366,404,false,false,False,unified-v1
cam5,491,405,1.00,uncalibrated_strong,accepted_strong,strong,0.12366,405,false,false,False,unified-v1
cam5,492,406,1.00,uncalibrated_strong,accepted_strong,strong,0.12366,406,true,false,False,unified-v1
cam5,493,407,1.00,uncalibrated_strong,accepted_strong,strong,0.12366,407,false,false,False,unified-v1
cam5,494,408,1.00,uncalibrated_strong,accepted_strong,strong,0.12366,408,false,false,False,unified-v1
cam5,495,409,1.00,uncalibrated_strong,accepted_strong,strong,0.11898,409,false,false,False,unified-v1
cam5,496,410,1.00,uncalibrated_strong,accepted_strong,strong,0.11898,410,false,false,False,unified-v1
cam5,497,410,1.00,uncalibrated_strong,accepted_strong,strong,0.11898,410,false,false,False,unified-v1
cam5,498,411,1.00,uncalibrated_strong,accepted_strong,strong,0.11898,411,false,false,False,unified-v1
cam5,499,412,1.00,uncalibrated_strong,accepted_strong,strong,0.11898,412,false,false,False,unified-v1
cam5,500,413,1.00,uncalibrated_strong,accepted_strong,strong,0.11898,413,false,false,False,unified-v1
cam5,501,414,1.00,uncalibrated_strong,accepted_strong,strong,0.11554,414,false,false,False,unified-v1
cam5,502,414,1.00,uncalibrated_strong,accepted_strong,strong,0.11554,414,false,false,False,unified-v1
cam5,503,415,1.00,uncalibrated_strong,accepted_strong,strong,0.11554,415,false,false,False,unified-v1
cam5,504,416,1.00,uncalibrated_strong,accepted_strong,strong,0.11554,416,true,false,False,unified-v1
cam5,505,416,1.00,uncalibrated_strong,accepted_strong,strong,0.11554,416,false,false,False,unified-v1
cam5,506,417,1.00,uncalibrated_strong,accepted_strong,strong,0.11554,417,false,false,False,unified-v1
cam5,507,418,1.00,uncalibrated_strong,accepted_strong,strong,0.11554,418,false,false,False,unified-v1
cam5,508,418,1.00,uncalibrated_strong,accepted_strong,strong,0.11554,418,false,false,False,unified-v1
cam5,509,418,1.00,uncalibrated_strong,accepted_strong,strong,0.11422,418,false,false,False,unified-v1
cam5,510,419,1.00,uncalibrated_strong,accepted_strong,strong,0.11422,419,false,false,False,unified-v1
cam5,511,419,1.00,uncalibrated_strong,accepted_strong,strong,0.11422,419,false,false,False,unified-v1
cam5,512,419,1.00,uncalibrated_strong,accepted_strong,strong,0.11422,419,false,false,False,unified-v1
cam5,513,419,1.00,uncalibrated_strong,accepted_strong,strong,0.11422,419,false,false,False,unified-v1
cam5,514,419,1.00,uncalibrated_strong,accepted_strong,strong,0.11422,419,false,false,False,unified-v1
cam5,515,419,1.00,uncalibrated_strong,accepted_strong,strong,0.11422,419,false,false,False,unified-v1
cam5,516,419,1.00,uncalibrated_strong,accepted_strong,strong,0.11422,419,true,false,False,unified-v1
cam5,517,419,1.00,uncalibrated_strong,accepted_strong,strong,0.11422,419,false,false,False,unified-v1
cam5,518,419,1.00,uncalibrated_strong,accepted_strong,strong,0.11422,419,false,false,False,unified-v1
cam5,519,419,1.00,uncalibrated_strong,accepted_strong,strong,0.11359,419,false,false,False,unified-v1
cam5,520,419,1.00,uncalibrated_strong,accepted_strong,strong,0.11359,419,false,false,False,unified-v1
cam5,521,419,1.00,uncalibrated_strong,accepted_strong,strong,0.11359,419,false,false,False,unified-v1
cam5,522,419,1.00,uncalibrated_strong,accepted_strong,strong,0.11359,419,false,false,False,unified-v1
cam5,523,420,1.00,uncalibrated_strong,accepted_strong,strong,0.11359,420,false,false,False,unified-v1
cam5,524,420,1.00,uncalibrated_strong,accepted_strong,strong,0.11359,420,false,false,False,unified-v1
cam5,525,423,1.00,uncalibrated_strong,accepted_strong,strong,0.11359,423,false,false,False,unified-v1
cam5,526,424,1.00,uncalibrated_strong,accepted_strong,strong,0.11359,424,false,false,False,unified-v1
cam5,527,425,1.00,uncalibrated_strong,accepted_strong,strong,0.11359,425,false,false,False,unified-v1
cam5,528,426,1.00,uncalibrated_strong,accepted_strong,strong,0.11359,426,true,false,False,unified-v1
cam5,529,427,1.00,uncalibrated_strong,accepted_strong,strong,0.11312,427,false,false,False,unified-v1
cam5,530,428,1.00,uncalibrated_strong,accepted_strong,strong,0.11312,428,false,false,False,unified-v1
cam5,531,429,1.00,uncalibrated_strong,accepted_strong,strong,0.11312,429,false,false,False,unified-v1
cam5,532,430,1.00,uncalibrated_strong,accepted_strong,strong,0.11312,430,false,false,False,unified-v1
cam5,533,431,1.00,uncalibrated_strong,accepted_strong,strong,0.11312,431,false,false,False,unified-v1
cam5,534,432,1.00,uncalibrated_strong,accepted_strong,strong,0.11312,432,false,false,False,unified-v1
cam5,535,433,1.00,uncalibrated_strong,accepted_strong,strong,0.11227,433,false,false,False,unified-v1
cam5,536,433,1.00,uncalibrated_strong,accepted_strong,strong,0.11227,433,false,false,False,unified-v1
cam5,537,433,1.00,uncalibrated_strong,accepted_strong,strong,0.11227,433,false,false,False,unified-v1
cam5,538,433,1.00,uncalibrated_strong,accepted_strong,strong,0.11227,433,false,false,False,unified-v1
cam5,539,433,1.00,uncalibrated_strong,accepted_strong,strong,0.11099,433,false,false,False,unified-v1
cam5,540,433,1.00,uncalibrated_strong,accepted_strong,strong,0.11099,433,true,false,False,unified-v1
cam5,541,434,1.00,uncalibrated_strong,accepted_strong,strong,0.11099,434,false,false,False,unified-v1
cam5,542,434,1.00,uncalibrated_strong,accepted_strong,strong,0.11099,434,false,false,False,unified-v1
cam5,543,434,1.00,uncalibrated_strong,accepted_strong,strong,0.10995,434,false,false,False,unified-v1
cam5,544,435,1.00,uncalibrated_strong,accepted_strong,strong,0.10995,435,false,false,False,unified-v1
cam5,545,435,1.00,uncalibrated_strong,accepted_strong,strong,0.10995,435,false,false,False,unified-v1
cam5,546,435,1.00,uncalibrated_strong,accepted_strong,strong,0.10995,435,false,false,False,unified-v1
cam5,547,436,1.00,uncalibrated_strong,accepted_strong,strong,0.10606,436,false,false,False,unified-v1
cam5,548,436,1.00,uncalibrated_strong,accepted_strong,strong,0.10606,436,false,false,False,unified-v1
cam5,549,437,1.00,uncalibrated_strong,accepted_strong,strong,0.10606,437,false,false,False,unified-v1
cam5,550,437,1.00,uncalibrated_strong,accepted_strong,strong,0.10606,437,false,false,False,unified-v1
cam5,551,438,1.00,uncalibrated_strong,accepted_strong,strong,0.10606,438,false,false,False,unified-v1
cam5,552,439,1.00,uncalibrated_strong,accepted_strong,strong,0.10606,439,true,false,False,unified-v1
cam5,553,440,1.00,uncalibrated_strong,accepted_strong,strong,0.10394,440,false,false,False,unified-v1
cam5,554,442,1.00,uncalibrated_strong,accepted_strong,strong,0.10394,442,false,false,False,unified-v1
cam5,555,444,1.00,uncalibrated_strong,accepted_strong,strong,0.10394,444,false,false,False,unified-v1
cam5,556,445,1.00,uncalibrated_strong,accepted_strong,strong,0.10394,445,false,false,False,unified-v1
cam5,557,447,1.00,uncalibrated_strong,accepted_strong,strong,0.10394,447,false,false,False,unified-v1
cam5,558,450,1.00,uncalibrated_strong,accepted_strong,strong,0.10394,450,false,false,False,unified-v1
cam5,559,453,1.00,uncalibrated_strong,accepted_strong,strong,0.10102,453,false,false,False,unified-v1
cam5,560,456,1.00,uncalibrated_strong,accepted_strong,strong,0.10102,456,false,false,False,unified-v1
cam5,561,459,1.00,uncalibrated_strong,accepted_strong,strong,0.10102,459,false,false,False,unified-v1
cam5,562,462,1.00,uncalibrated_strong,accepted_strong,strong,0.10102,462,false,false,False,unified-v1
cam5,563,465,0.67,uncalibrated_sequence_supported,accepted_sequence_supported,supported,0.09928,465,false,false,False,unified-v1
cam5,564,468,0.67,uncalibrated_sequence_supported,accepted_sequence_supported,supported,0.09928,468,true,false,False,unified-v1
cam5,565,471,0.67,uncalibrated_sequence_supported,accepted_sequence_supported,supported,0.09928,471,false,false,False,unified-v1
cam5,566,474,0.67,uncalibrated_sequence_supported,accepted_sequence_supported,supported,0.09928,474,false,false,False,unified-v1
cam5,567,477,0.67,uncalibrated_sequence_supported,accepted_sequence_supported,supported,0.09758,477,false,false,False,unified-v1
cam5,568,480,0.67,uncalibrated_sequence_supported,accepted_sequence_supported,supported,0.09758,480,false,false,False,unified-v1
cam5,569,480,0.67,uncalibrated_sequence_supported,accepted_sequence_supported,supported,0.09758,480,false,false,False,unified-v1
cam5,570,481,0.67,uncalibrated_sequence_supported,accepted_sequence_supported,supported,0.09758,481,false,false,False,unified-v1
cam5,571,481,0.67,uncalibrated_sequence_supported,accepted_sequence_supported,supported,0.09758,481,false,false,False,unified-v1
cam5,572,481,0.67,uncalibrated_sequence_supported,accepted_sequence_supported,supported,0.09758,481,false,false,False,unified-v1
cam5,573,483,0.67,uncalibrated_sequence_supported,accepted_sequence_supported,supported,0.09758,483,false,false,False,unified-v1
cam5,574,483,0.67,uncalibrated_sequence_supported,accepted_sequence_supported,supported,0.09758,483,false,false,False,unified-v1
cam5,575,483,0.67,uncalibrated_sequence_supported,accepted_sequence_supported,supported,0.09062,483,false,false,False,unified-v1
cam5,576,485,0.67,uncalibrated_sequence_supported,accepted_sequence_supported,supported,0.09062,485,true,false,False,unified-v1
cam5,577,485,0.67,uncalibrated_sequence_supported,accepted_sequence_supported,supported,0.09062,485,false,false,False,unified-v1
cam5,578,486,0.67,uncalibrated_sequence_supported,accepted_sequence_supported,supported,0.09062,486,false,false,False,unified-v1
cam5,579,487,0.67,uncalibrated_sequence_supported,accepted_sequence_supported,supported,0.09062,487,false,false,False,unified-v1
cam5,580,488,0.67,uncalibrated_sequence_supported,accepted_sequence_supported,supported,0.09062,488,false,false,False,unified-v1
cam5,581,489,0.67,uncalibrated_sequence_supported,accepted_sequence_supported,supported,0.09062,489,false,false,False,unified-v1
cam5,582,490,0.67,uncalibrated_sequence_supported,accepted_sequence_supported,supported,0.09062,490,false,false,False,unified-v1
cam5,583,491,0.67,uncalibrated_sequence_supported,accepted_sequence_supported,supported,0.08564,491,false,false,False,unified-v1
cam5,584,492,0.67,uncalibrated_sequence_supported,accepted_sequence_supported,supported,0.08564,492,false,false,False,unified-v1
cam5,585,493,0.67,uncalibrated_sequence_supported,accepted_sequence_supported,supported,0.08564,493,false,false,False,unified-v1
cam5,586,493,0.67,uncalibrated_sequence_supported,accepted_sequence_supported,supported,0.08564,493,false,false,False,unified-v1
cam5,587,494,0.33,uncalibrated_bridged,accepted_bridged_short_gap,failed,0.08285,494,false,false,False,unified-v1
cam5,588,496,0.33,uncalibrated_bridged,accepted_bridged_short_gap,failed,0.08285,496,false,false,False,unified-v1
cam5,589,497,0.33,uncalibrated_bridged,accepted_bridged_short_gap,failed,0.08285,497,false,false,False,unified-v1
cam5,590,497,0.33,uncalibrated_bridged,accepted_bridged_short_gap,failed,0.08285,497,false,false,False,unified-v1
cam5,591,498,0.33,uncalibrated_bridged,accepted_bridged_short_gap,failed,0.08045,498,false,false,False,unified-v1
cam5,592,499,0.33,uncalibrated_bridged,accepted_bridged_short_gap,failed,0.08045,499,false,false,False,unified-v1
cam5,593,500,0.33,uncalibrated_bridged,accepted_bridged_short_gap,failed,0.08045,500,false,false,False,unified-v1
cam5,594,501,0.33,uncalibrated_bridged,accepted_bridged_short_gap,failed,0.08045,501,false,false,False,unified-v1
cam5,595,502,0.67,uncalibrated_sequence_supported,accepted_sequence_supported,supported,0.07947,502,false,false,False,unified-v1
cam5,596,503,0.67,uncalibrated_sequence_supported,accepted_sequence_supported,supported,0.07947,503,false,false,False,unified-v1
cam5,597,504,0.67,uncalibrated_sequence_supported,accepted_sequence_supported,supported,0.07947,504,false,false,False,unified-v1
cam5,598,505,0.67,uncalibrated_sequence_supported,accepted_sequence_supported,supported,0.07947,505,false,false,False,unified-v1
cam5,599,506,0.67,uncalibrated_sequence_supported,accepted_sequence_supported,supported,0.07947,506,false,false,False,unified-v1
cam5,600,507,0.67,uncalibrated_sequence_supported,accepted_sequence_supported,supported,0.07947,507,true,true,False,unified-v1
cam5,601,508,0.67,uncalibrated_sequence_supported,accepted_sequence_supported,supported,0.07944,508,false,false,False,unified-v1
cam5,602,509,0.67,uncalibrated_sequence_supported,accepted_sequence_supported,supported,0.07944,509,false,false,False,unified-v1
cam5,603,510,0.67,uncalibrated_sequence_supported,accepted_sequence_supported,supported,0.07944,510,false,false,False,unified-v1
cam5,604,511,0.67,uncalibrated_sequence_supported,accepted_sequence_supported,supported,0.07944,511,false,false,False,unified-v1
cam5,605,511,0.67,uncalibrated_sequence_supported,accepted_sequence_supported,supported,0.07944,511,false,false,False,unified-v1
cam5,606,512,0.67,uncalibrated_sequence_supported,accepted_sequence_supported,supported,0.07944,512,false,false,False,unified-v1
cam5,607,513,0.67,uncalibrated_sequence_supported,accepted_sequence_supported,supported,0.07944,513,false,false,False,unified-v1
cam5,608,513,0.67,uncalibrated_sequence_supported,accepted_sequence_supported,supported,0.07944,513,false,false,False,unified-v1
cam5,609,514,0.67,uncalibrated_sequence_supported,accepted_sequence_supported,supported,0.07944,514,false,false,False,unified-v1
cam5,610,515,0.67,uncalibrated_sequence_supported,accepted_sequence_supported,supported,0.07944,515,false,false,False,unified-v1
cam5,611,516,0.67,uncalibrated_sequence_supported,accepted_sequence_supported,supported,0.07892,516,false,false,False,unified-v1
cam5,612,517,0.67,uncalibrated_sequence_supported,accepted_sequence_supported,supported,0.07892,517,true,false,False,unified-v1
cam5,613,518,0.67,uncalibrated_sequence_supported,accepted_sequence_supported,supported,0.07892,518,false,false,False,unified-v1
cam5,614,519,0.67,uncalibrated_sequence_supported,accepted_sequence_supported,supported,0.07892,519,false,false,False,unified-v1
cam5,615,520,0.67,uncalibrated_sequence_supported,accepted_sequence_supported,supported,0.07892,520,false,false,False,unified-v1
cam5,616,520,0.67,uncalibrated_sequence_supported,accepted_sequence_supported,supported,0.07892,520,false,false,False,unified-v1
cam5,617,521,0.67,uncalibrated_sequence_supported,accepted_sequence_supported,supported,0.07892,521,false,false,False,unified-v1
cam5,618,522,0.67,uncalibrated_sequence_supported,accepted_sequence_supported,supported,0.07892,522,false,false,False,unified-v1
cam5,619,523,1.00,uncalibrated_strong,accepted_strong,strong,0.07707,523,false,false,False,unified-v1
cam5,620,524,1.00,uncalibrated_strong,accepted_strong,strong,0.07707,524,false,false,False,unified-v1
cam5,621,525,1.00,uncalibrated_strong,accepted_strong,strong,0.07707,525,false,false,False,unified-v1
cam5,622,526,1.00,uncalibrated_strong,accepted_strong,strong,0.07707,526,false,false,False,unified-v1
cam5,623,526,0.67,uncalibrated_sequence_supported,accepted_sequence_supported,supported,0.07611,526,false,false,False,unified-v1
cam5,624,527,0.67,uncalibrated_sequence_supported,accepted_sequence_supported,supported,0.07611,527,true,true,False,unified-v1
cam5,625,528,0.67,uncalibrated_sequence_supported,accepted_sequence_supported,supported,0.07611,528,false,false,False,unified-v1
cam5,626,529,0.67,uncalibrated_sequence_supported,accepted_sequence_supported,supported,0.07611,529,false,false,False,unified-v1
cam5,627,530,0.67,uncalibrated_sequence_supported,accepted_sequence_supported,supported,0.07611,530,false,false,False,unified-v1
cam5,628,531,0.67,uncalibrated_sequence_supported,accepted_sequence_supported,supported,0.07611,531,false,false,False,unified-v1
cam5,629,532,0.67,uncalibrated_sequence_supported,accepted_sequence_supported,supported,0.07278,532,false,false,False,unified-v1
cam5,630,533,0.67,uncalibrated_sequence_supported,accepted_sequence_supported,supported,0.07278,533,false,false,False,unified-v1
cam5,631,534,0.67,uncalibrated_sequence_supported,accepted_sequence_supported,supported,0.07278,534,false,false,False,unified-v1
cam5,632,535,0.67,uncalibrated_sequence_supported,accepted_sequence_supported,supported,0.07278,535,false,false,False,unified-v1
cam5,633,536,0.67,uncalibrated_sequence_supported,accepted_sequence_supported,supported,0.07278,536,false,false,False,unified-v1
cam5,634,536,0.67,uncalibrated_sequence_supported,accepted_sequence_supported,supported,0.07278,536,false,false,False,unified-v1
cam5,635,538,0.67,uncalibrated_sequence_supported,accepted_sequence_supported,supported,0.07012,538,false,false,False,unified-v1
cam5,636,539,0.67,uncalibrated_sequence_supported,accepted_sequence_supported,supported,0.07012,539,true,false,False,unified-v1
cam5,637,540,0.67,uncalibrated_sequence_supported,accepted_sequence_supported,supported,0.07012,540,false,false,False,unified-v1
cam5,638,541,0.67,uncalibrated_sequence_supported,accepted_sequence_supported,supported,0.07012,541,false,false,False,unified-v1
cam5,639,542,0.67,uncalibrated_sequence_supported,accepted_sequence_supported,supported,0.06642,542,false,false,False,unified-v1
cam5,640,543,0.67,uncalibrated_sequence_supported,accepted_sequence_supported,supported,0.06642,543,false,false,False,unified-v1
cam5,641,544,0.67,uncalibrated_sequence_supported,accepted_sequence_supported,supported,0.06642,544,false,false,False,unified-v1
cam5,642,544,0.67,uncalibrated_sequence_supported,accepted_sequence_supported,supported,0.06642,544,false,false,False,unified-v1
cam5,643,545,0.67,uncalibrated_sequence_supported,accepted_sequence_supported,supported,0.0629,545,false,false,False,unified-v1
cam5,644,546,0.67,uncalibrated_sequence_supported,accepted_sequence_supported,supported,0.0629,546,false,false,False,unified-v1
cam5,645,547,0.67,uncalibrated_sequence_supported,accepted_sequence_supported,supported,0.0629,547,false,false,False,unified-v1
cam5,646,548,0.67,uncalibrated_sequence_supported,accepted_sequence_supported,supported,0.0629,548,false,false,False,unified-v1
cam5,647,548,0.67,uncalibrated_sequence_supported,accepted_sequence_supported,supported,0.0629,548,false,false,False,unified-v1
cam5,648,549,0.67,uncalibrated_sequence_supported,accepted_sequence_supported,supported,0.0629,549,true,true,False,unified-v1
cam5,649,550,1.00,uncalibrated_strong,accepted_strong,strong,0.06028,550,false,false,False,unified-v1
cam5,650,551,1.00,uncalibrated_strong,accepted_strong,strong,0.06028,551,false,false,False,unified-v1
cam5,651,552,1.00,uncalibrated_strong,accepted_strong,strong,0.06028,552,false,false,False,unified-v1
cam5,652,553,1.00,uncalibrated_strong,accepted_strong,strong,0.06028,553,false,false,False,unified-v1
cam5,653,553,1.00,uncalibrated_strong,accepted_strong,strong,0.06028,553,false,false,False,unified-v1
cam5,654,554,1.00,uncalibrated_strong,accepted_strong,strong,0.06028,554,false,false,False,unified-v1
cam5,655,555,1.00,uncalibrated_strong,accepted_strong,strong,0.06028,555,false,false,False,unified-v1
cam5,656,556,1.00,uncalibrated_strong,accepted_strong,strong,0.06028,556,false,false,False,unified-v1
cam5,657,557,1.00,uncalibrated_strong,accepted_strong,strong,0.05765,557,false,false,False,unified-v1
cam5,658,558,1.00,uncalibrated_strong,accepted_strong,strong,0.05765,558,false,false,False,unified-v1
cam5,659,559,1.00,uncalibrated_strong,accepted_strong,strong,0.05765,559,false,false,False,unified-v1
cam5,660,560,1.00,uncalibrated_strong,accepted_strong,strong,0.05765,560,true,true,False,unified-v1
cam5,661,561,1.00,uncalibrated_strong,accepted_strong,strong,0.05765,561,false,false,False,unified-v1
cam5,662,562,1.00,uncalibrated_strong,accepted_strong,strong,0.05765,562,false,false,False,unified-v1
cam5,663,563,1.00,uncalibrated_strong,accepted_strong,strong,0.05765,563,false,false,False,unified-v1
cam5,664,564,1.00,uncalibrated_strong,accepted_strong,strong,0.05765,564,false,false,False,unified-v1
cam5,665,565,0.67,uncalibrated_sequence_supported,accepted_sequence_supported,supported,0.05822,565,false,false,False,unified-v1
cam5,666,566,0.67,uncalibrated_sequence_supported,accepted_sequence_supported,supported,0.05822,566,false,false,False,unified-v1
cam5,667,566,0.67,uncalibrated_sequence_supported,accepted_sequence_supported,supported,0.05822,566,false,false,False,unified-v1
cam5,668,567,0.67,uncalibrated_sequence_supported,accepted_sequence_supported,supported,0.05822,567,false,false,False,unified-v1
cam5,669,568,0.67,uncalibrated_sequence_supported,accepted_sequence_supported,supported,0.05822,568,false,false,False,unified-v1
cam5,670,569,0.67,uncalibrated_sequence_supported,accepted_sequence_supported,supported,0.05822,569,false,false,False,unified-v1
cam5,671,570,0.67,uncalibrated_sequence_supported,accepted_sequence_supported,supported,0.05822,570,false,false,False,unified-v1
cam5,672,571,0.67,uncalibrated_sequence_supported,accepted_sequence_supported,supported,0.05822,571,true,true,False,unified-v1
cam5,673,572,1.00,uncalibrated_strong,accepted_strong,strong,0.06028,572,false,false,False,unified-v1
cam5,674,573,1.00,uncalibrated_strong,accepted_strong,strong,0.06028,573,false,false,False,unified-v1
cam5,675,574,1.00,uncalibrated_strong,accepted_strong,strong,0.06028,574,false,false,False,unified-v1
cam5,676,575,1.00,uncalibrated_strong,accepted_strong,strong,0.06028,575,false,false,False,unified-v1
cam5,677,576,1.00,uncalibrated_strong,accepted_strong,strong,0.06028,576,false,false,False,unified-v1
cam5,678,577,1.00,uncalibrated_strong,accepted_strong,strong,0.06028,577,false,false,False,unified-v1
cam5,679,578,1.00,uncalibrated_strong,accepted_strong,strong,0.06097,578,false,false,False,unified-v1
cam5,680,579,1.00,uncalibrated_strong,accepted_strong,strong,0.06097,579,false,false,False,unified-v1
cam5,681,580,1.00,uncalibrated_strong,accepted_strong,strong,0.06097,580,false,false,False,unified-v1
cam5,682,581,1.00,uncalibrated_strong,accepted_strong,strong,0.06097,581,false,false,False,unified-v1
cam5,683,582,1.00,uncalibrated_strong,accepted_strong,strong,0.06097,582,false,false,False,unified-v1
cam5,684,583,1.00,uncalibrated_strong,accepted_strong,strong,0.06097,583,true,true,False,unified-v1
cam5,685,584,1.00,uncalibrated_strong,accepted_strong,strong,0.06269,584,false,false,False,unified-v1
cam5,686,585,1.00,uncalibrated_strong,accepted_strong,strong,0.06269,585,false,false,False,unified-v1
cam5,687,586,1.00,uncalibrated_strong,accepted_strong,strong,0.06269,586,false,false,False,unified-v1
cam5,688,587,1.00,uncalibrated_strong,accepted_strong,strong,0.06269,587,false,false,False,unified-v1
cam5,689,587,1.00,uncalibrated_strong,accepted_strong,strong,0.06269,587,false,false,False,unified-v1
cam5,690,588,1.00,uncalibrated_strong,accepted_strong,strong,0.06269,588,false,false,False,unified-v1
cam5,691,589,1.00,uncalibrated_strong,accepted_strong,strong,0.06269,589,false,false,False,unified-v1
cam5,692,590,1.00,uncalibrated_strong,accepted_strong,strong,0.06269,590,false,false,False,unified-v1
cam5,693,591,1.00,uncalibrated_strong,accepted_strong,strong,0.06401,591,false,false,False,unified-v1
cam5,694,592,1.00,uncalibrated_strong,accepted_strong,strong,0.06401,592,false,false,False,unified-v1
cam5,695,593,1.00,uncalibrated_strong,accepted_strong,strong,0.06401,593,false,false,False,unified-v1
cam5,696,594,1.00,uncalibrated_strong,accepted_strong,strong,0.06401,594,true,true,False,unified-v1
cam5,697,595,1.00,uncalibrated_strong,accepted_strong,strong,0.06401,595,false,false,False,unified-v1
cam5,698,596,1.00,uncalibrated_strong,accepted_strong,strong,0.06401,596,false,false,False,unified-v1
cam5,699,597,1.00,uncalibrated_strong,accepted_strong,strong,0.06218,597,false,false,False,unified-v1
cam5,700,598,1.00,uncalibrated_strong,accepted_strong,strong,0.06218,598,false,false,False,unified-v1
cam5,701,599,1.00,uncalibrated_strong,accepted_strong,strong,0.06218,599,false,false,False,unified-v1
cam5,702,600,1.00,uncalibrated_strong,accepted_strong,strong,0.06218,600,false,false,False,unified-v1
cam5,703,601,1.00,uncalibrated_strong,accepted_strong,strong,0.06218,601,false,false,False,unified-v1
cam5,704,602,1.00,uncalibrated_strong,accepted_strong,strong,0.06218,602,false,false,False,unified-v1
cam5,705,603,1.00,uncalibrated_strong,accepted_strong,strong,0.06163,603,false,false,False,unified-v1
cam5,706,604,1.00,uncalibrated_strong,accepted_strong,strong,0.06163,604,false,false,False,unified-v1
cam5,707,605,1.00,uncalibrated_strong,accepted_strong,strong,0.06163,605,false,false,False,unified-v1
cam5,708,606,1.00,uncalibrated_strong,accepted_strong,strong,0.06163,606,true,false,False,unified-v1
cam5,709,607,1.00,uncalibrated_strong,accepted_strong,strong,0.06163,607,false,false,False,unified-v1
cam5,710,608,1.00,uncalibrated_strong,accepted_strong,strong,0.06163,608,false,false,False,unified-v1
cam5,711,609,1.00,uncalibrated_strong,accepted_strong,strong,0.06086,609,false,false,False,unified-v1
cam5,712,610,1.00,uncalibrated_strong,accepted_strong,strong,0.06086,610,false,false,False,unified-v1
cam5,713,611,1.00,uncalibrated_strong,accepted_strong,strong,0.06086,611,false,false,False,unified-v1
cam5,714,612,1.00,uncalibrated_strong,accepted_strong,strong,0.06086,612,false,false,False,unified-v1
cam5,715,613,1.00,uncalibrated_strong,accepted_strong,strong,0.06077,613,false,false,False,unified-v1
cam5,716,614,1.00,uncalibrated_strong,accepted_strong,strong,0.06077,614,false,false,False,unified-v1
cam5,717,615,1.00,uncalibrated_strong,accepted_strong,strong,0.06077,615,false,false,False,unified-v1
cam5,718,616,1.00,uncalibrated_strong,accepted_strong,strong,0.06077,616,false,false,False,unified-v1
cam5,719,617,1.00,uncalibrated_strong,accepted_strong,strong,0.06077,617,false,false,False,unified-v1
cam5,720,618,1.00,uncalibrated_strong,accepted_strong,strong,0.06077,618,true,true,False,unified-v1
cam5,721,619,1.00,uncalibrated_strong,accepted_strong,strong,0.06148,619,false,false,False,unified-v1
cam5,722,620,1.00,uncalibrated_strong,accepted_strong,strong,0.06148,620,false,false,False,unified-v1
cam5,723,621,1.00,uncalibrated_strong,accepted_strong,strong,0.06148,621,false,false,False,unified-v1
cam5,724,622,1.00,uncalibrated_strong,accepted_strong,strong,0.06148,622,false,false,False,unified-v1
cam5,725,623,1.00,uncalibrated_strong,accepted_strong,strong,0.06148,623,false,false,False,unified-v1
cam5,726,624,1.00,uncalibrated_strong,accepted_strong,strong,0.06148,624,false,false,False,unified-v1
cam5,727,625,1.00,uncalibrated_strong,accepted_strong,strong,0.06275,625,false,false,False,unified-v1
cam5,728,626,1.00,uncalibrated_strong,accepted_strong,strong,0.06275,626,false,false,False,unified-v1
cam5,729,627,1.00,uncalibrated_strong,accepted_strong,strong,0.06275,627,false,false,False,unified-v1
cam5,730,628,1.00,uncalibrated_strong,accepted_strong,strong,0.06275,628,false,false,False,unified-v1
cam5,731,629,1.00,uncalibrated_strong,accepted_strong,strong,0.06275,629,false,false,False,unified-v1
cam5,732,630,1.00,uncalibrated_strong,accepted_strong,strong,0.06275,630,true,false,False,unified-v1
cam5,733,631,1.00,uncalibrated_strong,accepted_strong,strong,0.06329,631,false,false,False,unified-v1
cam5,734,632,1.00,uncalibrated_strong,accepted_strong,strong,0.06329,632,false,false,False,unified-v1
cam5,735,633,1.00,uncalibrated_strong,accepted_strong,strong,0.06329,633,false,false,False,unified-v1
cam5,736,634,1.00,uncalibrated_strong,accepted_strong,strong,0.06329,634,false,false,False,unified-v1
cam5,737,635,1.00,uncalibrated_strong,accepted_strong,strong,0.06329,635,false,false,False,unified-v1
cam5,738,636,1.00,uncalibrated_strong,accepted_strong,strong,0.06329,636,false,false,False,unified-v1
cam5,739,637,1.00,uncalibrated_strong,accepted_strong,strong,0.06329,637,false,false,False,unified-v1
cam5,740,638,1.00,uncalibrated_strong,accepted_strong,strong,0.06329,638,false,false,False,unified-v1
cam5,741,639,1.00,uncalibrated_strong,accepted_strong,strong,0.06374,639,false,false,False,unified-v1
cam5,742,640,1.00,uncalibrated_strong,accepted_strong,strong,0.06374,640,false,false,False,unified-v1
cam5,743,641,1.00,uncalibrated_strong,accepted_strong,strong,0.06374,641,false,false,False,unified-v1
cam5,744,642,1.00,uncalibrated_strong,accepted_strong,strong,0.06374,642,true,false,False,unified-v1
cam5,745,643,1.00,uncalibrated_strong,accepted_strong,strong,0.06374,643,false,false,False,unified-v1
cam5,746,644,1.00,uncalibrated_strong,accepted_strong,strong,0.06374,644,false,false,False,unified-v1
cam5,747,645,1.00,uncalibrated_strong,accepted_strong,strong,0.06429,645,false,false,False,unified-v1
cam5,748,646,1.00,uncalibrated_strong,accepted_strong,strong,0.06429,646,false,false,False,unified-v1
cam5,749,647,1.00,uncalibrated_strong,accepted_strong,strong,0.06429,647,false,false,False,unified-v1
cam5,750,648,1.00,uncalibrated_strong,accepted_strong,strong,0.06429,648,false,false,False,unified-v1
cam5,751,649,1.00,uncalibrated_strong,accepted_strong,strong,0.06369,649,false,false,False,unified-v1
cam5,752,650,1.00,uncalibrated_strong,accepted_strong,strong,0.06369,650,false,false,False,unified-v1
cam5,753,650,1.00,uncalibrated_strong,accepted_strong,strong,0.06369,650,false,false,False,unified-v1
cam5,754,651,1.00,uncalibrated_strong,accepted_strong,strong,0.06369,651,false,false,False,unified-v1
cam5,755,652,1.00,uncalibrated_strong,accepted_strong,strong,0.06369,652,false,false,False,unified-v1
cam5,756,653,1.00,uncalibrated_strong,accepted_strong,strong,0.06369,653,true,true,False,unified-v1
cam5,757,654,1.00,uncalibrated_strong,accepted_strong,strong,0.06451,654,false,false,False,unified-v1
cam5,758,655,1.00,uncalibrated_strong,accepted_strong,strong,0.06451,655,false,false,False,unified-v1
cam5,759,656,1.00,uncalibrated_strong,accepted_strong,strong,0.06451,656,false,false,False,unified-v1
cam5,760,657,1.00,uncalibrated_strong,accepted_strong,strong,0.06451,657,false,false,False,unified-v1
cam5,761,658,1.00,uncalibrated_strong,accepted_strong,strong,0.06451,658,false,false,False,unified-v1
cam5,762,659,1.00,uncalibrated_strong,accepted_strong,strong,0.06451,659,false,false,False,unified-v1
cam5,763,660,0.67,uncalibrated_sequence_supported,accepted_sequence_supported,supported,0.06719,660,false,false,False,unified-v1
cam5,764,661,0.67,uncalibrated_sequence_supported,accepted_sequence_supported,supported,0.06719,661,false,false,False,unified-v1
cam5,765,662,0.67,uncalibrated_sequence_supported,accepted_sequence_supported,supported,0.06719,662,false,false,False,unified-v1
cam5,766,663,0.67,uncalibrated_sequence_supported,accepted_sequence_supported,supported,0.06719,663,false,false,False,unified-v1
cam5,767,664,0.67,uncalibrated_sequence_supported,accepted_sequence_supported,supported,0.06821,664,false,false,False,unified-v1
cam5,768,665,0.67,uncalibrated_sequence_supported,accepted_sequence_supported,supported,0.06821,665,true,false,False,unified-v1
cam5,769,666,0.67,uncalibrated_sequence_supported,accepted_sequence_supported,supported,0.06821,666,false,false,False,unified-v1
cam5,770,667,0.67,uncalibrated_sequence_supported,accepted_sequence_supported,supported,0.06821,667,false,false,False,unified-v1
cam5,771,668,0.67,uncalibrated_sequence_supported,accepted_sequence_supported,supported,0.06902,668,false,false,False,unified-v1
cam5,772,669,0.67,uncalibrated_sequence_supported,accepted_sequence_supported,supported,0.06902,669,false,false,False,unified-v1
cam5,773,670,0.67,uncalibrated_sequence_supported,accepted_sequence_supported,supported,0.06902,670,false,false,False,unified-v1
cam5,774,670,0.67,uncalibrated_sequence_supported,accepted_sequence_supported,supported,0.06902,670,false,false,False,unified-v1
cam5,775,672,0.67,uncalibrated_sequence_supported,accepted_sequence_supported,supported,0.07026,672,false,false,False,unified-v1
cam5,776,674,0.67,uncalibrated_sequence_supported,accepted_sequence_supported,supported,0.07026,674,false,false,False,unified-v1
cam5,777,675,0.67,uncalibrated_sequence_supported,accepted_sequence_supported,supported,0.07026,675,false,false,False,unified-v1
cam5,778,676,0.67,uncalibrated_sequence_supported,accepted_sequence_supported,supported,0.07026,676,false,false,False,unified-v1
cam5,779,677,1.00,uncalibrated_strong,accepted_strong,strong,0.06806,677,false,false,False,unified-v1
cam5,780,678,1.00,uncalibrated_strong,accepted_strong,strong,0.06806,678,true,false,False,unified-v1
cam5,781,678,1.00,uncalibrated_strong,accepted_strong,strong,0.06806,678,false,false,False,unified-v1
cam5,782,679,1.00,uncalibrated_strong,accepted_strong,strong,0.06806,679,false,false,False,unified-v1
cam5,783,680,1.00,uncalibrated_strong,accepted_strong,strong,0.06806,680,false,false,False,unified-v1
cam5,784,681,1.00,uncalibrated_strong,accepted_strong,strong,0.06806,681,false,false,False,unified-v1
cam5,785,682,1.00,uncalibrated_strong,accepted_strong,strong,0.06806,682,false,false,False,unified-v1
cam5,786,683,1.00,uncalibrated_strong,accepted_strong,strong,0.06806,683,false,false,False,unified-v1
cam5,787,684,1.00,uncalibrated_strong,accepted_strong,strong,0.07035,684,false,false,False,unified-v1
cam5,788,685,1.00,uncalibrated_strong,accepted_strong,strong,0.07035,685,false,false,False,unified-v1
cam5,789,687,1.00,uncalibrated_strong,accepted_strong,strong,0.07035,687,false,false,False,unified-v1
cam5,790,687,1.00,uncalibrated_strong,accepted_strong,strong,0.07035,687,false,false,False,unified-v1
cam5,791,688,1.00,uncalibrated_strong,accepted_strong,strong,0.07035,688,false,false,False,unified-v1
cam5,792,689,1.00,uncalibrated_strong,accepted_strong,strong,0.07035,689,true,false,False,unified-v1
cam5,793,690,1.00,uncalibrated_strong,accepted_strong,strong,0.07035,690,false,false,False,unified-v1
cam5,794,691,1.00,uncalibrated_strong,accepted_strong,strong,0.07035,691,false,false,False,unified-v1
cam5,795,692,1.00,uncalibrated_strong,accepted_strong,strong,0.07283,692,false,false,False,unified-v1
cam5,796,693,1.00,uncalibrated_strong,accepted_strong,strong,0.07283,693,false,false,False,unified-v1
cam5,797,694,1.00,uncalibrated_strong,accepted_strong,strong,0.07283,694,false,false,False,unified-v1
cam5,798,695,1.00,uncalibrated_strong,accepted_strong,strong,0.07283,695,false,false,False,unified-v1
cam5,799,696,1.00,uncalibrated_strong,accepted_strong,strong,0.07283,696,false,false,False,unified-v1
cam5,800,697,1.00,uncalibrated_strong,accepted_strong,strong,0.07283,697,false,false,False,unified-v1
cam5,801,698,1.00,uncalibrated_strong,accepted_strong,strong,0.07283,698,false,false,False,unified-v1
cam5,802,699,1.00,uncalibrated_strong,accepted_strong,strong,0.07283,699,false,false,False,unified-v1
cam5,803,699,1.00,uncalibrated_strong,accepted_strong,strong,0.07714,699,false,false,False,unified-v1
cam5,804,700,1.00,uncalibrated_strong,accepted_strong,strong,0.07714,700,true,true,False,unified-v1
cam5,805,702,1.00,uncalibrated_strong,accepted_strong,strong,0.07714,702,false,false,False,unified-v1
cam5,806,703,1.00,uncalibrated_strong,accepted_strong,strong,0.07714,703,false,false,False,unified-v1
cam5,807,704,1.00,uncalibrated_strong,accepted_strong,strong,0.07714,704,false,false,False,unified-v1
cam5,808,704,1.00,uncalibrated_strong,accepted_strong,strong,0.07714,704,false,false,False,unified-v1
cam5,809,706,1.00,uncalibrated_strong,accepted_strong,strong,0.07714,706,false,false,False,unified-v1
cam5,810,707,1.00,uncalibrated_strong,accepted_strong,strong,0.07714,707,false,false,False,unified-v1
cam5,811,708,1.00,uncalibrated_strong,accepted_strong,strong,0.07714,708,false,false,False,unified-v1
cam5,812,709,1.00,uncalibrated_strong,accepted_strong,strong,0.07714,709,false,false,False,unified-v1
cam5,813,710,1.00,uncalibrated_strong,accepted_strong,strong,0.0804,710,false,false,False,unified-v1
cam5,814,711,1.00,uncalibrated_strong,accepted_strong,strong,0.0804,711,false,false,False,unified-v1
cam5,815,712,1.00,uncalibrated_strong,accepted_strong,strong,0.0804,712,false,false,False,unified-v1
cam5,816,713,1.00,uncalibrated_strong,accepted_strong,strong,0.0804,713,true,false,False,unified-v1
cam5,817,714,1.00,uncalibrated_strong,accepted_strong,strong,0.0804,714,false,false,False,unified-v1
cam5,818,715,1.00,uncalibrated_strong,accepted_strong,strong,0.0804,715,false,false,False,unified-v1
cam5,819,716,1.00,uncalibrated_strong,accepted_strong,strong,0.0804,716,false,false,False,unified-v1
cam5,820,717,1.00,uncalibrated_strong,accepted_strong,strong,0.0804,717,false,false,False,unified-v1
cam5,821,718,1.00,uncalibrated_strong,accepted_strong,strong,0.08306,718,false,false,False,unified-v1
cam5,822,719,1.00,uncalibrated_strong,accepted_strong,strong,0.08306,719,false,false,False,unified-v1
cam5,823,720,1.00,uncalibrated_strong,accepted_strong,strong,0.08306,720,false,false,False,unified-v1
cam5,824,721,1.00,uncalibrated_strong,accepted_strong,strong,0.08306,721,false,false,False,unified-v1
cam5,825,722,1.00,uncalibrated_strong,accepted_strong,strong,0.08306,722,false,false,False,unified-v1
cam5,826,723,1.00,uncalibrated_strong,accepted_strong,strong,0.08306,723,false,false,False,unified-v1
cam5,827,724,1.00,uncalibrated_strong,accepted_strong,strong,0.08611,724,false,false,False,unified-v1
cam5,828,725,1.00,uncalibrated_strong,accepted_strong,strong,0.08611,725,true,true,False,unified-v1
cam5,829,726,1.00,uncalibrated_strong,accepted_strong,strong,0.08611,726,false,false,False,unified-v1
cam5,830,727,1.00,uncalibrated_strong,accepted_strong,strong,0.08611,727,false,false,False,unified-v1
cam5,831,727,1.00,uncalibrated_strong,accepted_strong,strong,0.08611,727,false,false,False,unified-v1
cam5,832,728,1.00,uncalibrated_strong,accepted_strong,strong,0.08611,728,false,false,False,unified-v1
cam5,833,729,1.00,uncalibrated_strong,accepted_strong,strong,0.08636,729,false,false,False,unified-v1
cam5,834,730,1.00,uncalibrated_strong,accepted_strong,strong,0.08636,730,false,false,False,unified-v1
cam5,835,731,1.00,uncalibrated_strong,accepted_strong,strong,0.08636,731,false,false,False,unified-v1
cam5,836,732,1.00,uncalibrated_strong,accepted_strong,strong,0.08636,732,false,false,False,unified-v1
cam5,837,733,1.00,uncalibrated_strong,accepted_strong,strong,0.08636,733,false,false,False,unified-v1
cam5,838,734,1.00,uncalibrated_strong,accepted_strong,strong,0.08636,734,false,false,False,unified-v1
cam5,839,735,1.00,uncalibrated_strong,accepted_strong,strong,0.08636,735,false,false,False,unified-v1
cam5,840,735,1.00,uncalibrated_strong,accepted_strong,strong,0.08636,735,true,true,False,unified-v1
cam5,841,737,1.00,uncalibrated_strong,accepted_strong,strong,0.08636,737,false,false,False,unified-v1
cam5,842,738,1.00,uncalibrated_strong,accepted_strong,strong,0.08636,738,false,false,False,unified-v1
cam5,843,738,1.00,uncalibrated_strong,accepted_strong,strong,0.08821,738,false,false,False,unified-v1
cam5,844,739,1.00,uncalibrated_strong,accepted_strong,strong,0.08821,739,false,false,False,unified-v1
cam5,845,741,1.00,uncalibrated_strong,accepted_strong,strong,0.08821,741,false,false,False,unified-v1
cam5,846,741,1.00,uncalibrated_strong,accepted_strong,strong,0.08821,741,false,false,False,unified-v1
cam5,847,742,1.00,uncalibrated_strong,accepted_strong,strong,0.08821,742,false,false,False,unified-v1
cam5,848,742,1.00,uncalibrated_strong,accepted_strong,strong,0.08821,742,false,false,False,unified-v1
cam5,849,743,1.00,uncalibrated_strong,accepted_strong,strong,0.08821,743,false,false,False,unified-v1
cam5,850,744,1.00,uncalibrated_strong,accepted_strong,strong,0.08821,744,false,false,False,unified-v1
cam5,851,744,1.00,uncalibrated_strong,accepted_strong,strong,0.08897,744,false,false,False,unified-v1
cam5,852,745,1.00,uncalibrated_strong,accepted_strong,strong,0.08897,745,true,true,False,unified-v1
cam5,853,745,1.00,uncalibrated_strong,accepted_strong,strong,0.08897,745,false,false,False,unified-v1
cam5,854,746,1.00,uncalibrated_strong,accepted_strong,strong,0.08897,746,false,false,False,unified-v1
cam5,855,749,1.00,uncalibrated_strong,accepted_strong,strong,0.08825,749,false,false,False,unified-v1
cam5,856,750,1.00,uncalibrated_strong,accepted_strong,strong,0.08825,750,false,false,False,unified-v1
cam5,857,751,1.00,uncalibrated_strong,accepted_strong,strong,0.08825,751,false,false,False,unified-v1
cam5,858,752,1.00,uncalibrated_strong,accepted_strong,strong,0.08825,752,false,false,False,unified-v1
cam5,859,752,1.00,uncalibrated_strong,accepted_strong,strong,0.08825,752,false,false,False,unified-v1
cam5,860,753,1.00,uncalibrated_strong,accepted_strong,strong,0.08825,753,false,false,False,unified-v1
cam5,861,754,1.00,uncalibrated_strong,accepted_strong,strong,0.0868,754,false,false,False,unified-v1
cam5,862,755,1.00,uncalibrated_strong,accepted_strong,strong,0.0868,755,false,false,False,unified-v1
cam5,863,756,1.00,uncalibrated_strong,accepted_strong,strong,0.0868,756,false,false,False,unified-v1
cam5,864,757,1.00,uncalibrated_strong,accepted_strong,strong,0.0868,757,true,false,False,unified-v1
cam5,865,758,1.00,uncalibrated_strong,accepted_strong,strong,0.0868,758,false,false,False,unified-v1
cam5,866,759,1.00,uncalibrated_strong,accepted_strong,strong,0.0868,759,false,false,False,unified-v1
cam5,867,760,1.00,uncalibrated_strong,accepted_strong,strong,0.08453,760,false,false,False,unified-v1
cam5,868,761,1.00,uncalibrated_strong,accepted_strong,strong,0.08453,761,false,false,False,unified-v1
cam5,869,762,1.00,uncalibrated_strong,accepted_strong,strong,0.08453,762,false,false,False,unified-v1
cam5,870,763,1.00,uncalibrated_strong,accepted_strong,strong,0.08453,763,false,false,False,unified-v1
cam5,871,764,1.00,uncalibrated_strong,accepted_strong,strong,0.08346,764,false,false,False,unified-v1
cam5,872,765,1.00,uncalibrated_strong,accepted_strong,strong,0.08346,765,false,false,False,unified-v1
cam5,873,766,1.00,uncalibrated_strong,accepted_strong,strong,0.08346,766,false,false,False,unified-v1
cam5,874,767,1.00,uncalibrated_strong,accepted_strong,strong,0.08346,767,false,false,False,unified-v1
cam5,875,768,1.00,uncalibrated_strong,accepted_strong,strong,0.08124,768,false,false,False,unified-v1
cam5,876,769,1.00,uncalibrated_strong,accepted_strong,strong,0.08124,769,true,true,False,unified-v1
cam5,877,770,1.00,uncalibrated_strong,accepted_strong,strong,0.08124,770,false,false,False,unified-v1
cam5,878,771,1.00,uncalibrated_strong,accepted_strong,strong,0.08124,771,false,false,False,unified-v1
cam5,879,772,1.00,uncalibrated_strong,accepted_strong,strong,0.08124,772,false,false,False,unified-v1
cam5,880,773,1.00,uncalibrated_strong,accepted_strong,strong,0.08124,773,false,false,False,unified-v1
cam5,881,774,1.00,uncalibrated_strong,accepted_strong,strong,0.08074,774,false,false,False,unified-v1
cam5,882,775,1.00,uncalibrated_strong,accepted_strong,strong,0.08074,775,false,false,False,unified-v1
cam5,883,776,1.00,uncalibrated_strong,accepted_strong,strong,0.08074,776,false,false,False,unified-v1
cam5,884,776,1.00,uncalibrated_strong,accepted_strong,strong,0.08074,776,false,false,False,unified-v1
cam5,885,777,1.00,uncalibrated_strong,accepted_strong,strong,0.08074,777,false,false,False,unified-v1
cam5,886,778,1.00,uncalibrated_strong,accepted_strong,strong,0.08074,778,false,false,False,unified-v1
cam5,887,779,1.00,uncalibrated_strong,accepted_strong,strong,0.08074,779,false,false,False,unified-v1
cam5,888,779,1.00,uncalibrated_strong,accepted_strong,strong,0.08074,779,true,false,False,unified-v1
cam5,889,780,1.00,uncalibrated_strong,accepted_strong,strong,0.08072,780,false,false,False,unified-v1
cam5,890,781,1.00,uncalibrated_strong,accepted_strong,strong,0.08072,781,false,false,False,unified-v1
cam5,891,782,1.00,uncalibrated_strong,accepted_strong,strong,0.08072,782,false,false,False,unified-v1
cam5,892,783,1.00,uncalibrated_strong,accepted_strong,strong,0.08072,783,false,false,False,unified-v1
cam5,893,784,1.00,uncalibrated_strong,accepted_strong,strong,0.08072,784,false,false,False,unified-v1
cam5,894,785,1.00,uncalibrated_strong,accepted_strong,strong,0.08072,785,false,false,False,unified-v1
cam5,895,786,1.00,uncalibrated_strong,accepted_strong,strong,0.08069,786,false,false,False,unified-v1
cam5,896,786,1.00,uncalibrated_strong,accepted_strong,strong,0.08069,786,false,false,False,unified-v1
cam5,897,787,1.00,uncalibrated_strong,accepted_strong,strong,0.08069,787,false,false,False,unified-v1
cam5,898,788,1.00,uncalibrated_strong,accepted_strong,strong,0.08069,788,false,false,False,unified-v1
cam5,899,789,1.00,uncalibrated_strong,accepted_strong,strong,0.08224,789,false,false,False,unified-v1
cam5,900,789,1.00,uncalibrated_strong,accepted_strong,strong,0.08224,789,true,true,False,unified-v1
cam5,901,791,1.00,uncalibrated_strong,accepted_strong,strong,0.08224,791,false,false,False,unified-v1
cam5,902,793,1.00,uncalibrated_strong,accepted_strong,strong,0.08224,793,false,false,False,unified-v1
cam5,903,794,1.00,uncalibrated_strong,accepted_strong,strong,0.08435,794,false,false,False,unified-v1
cam5,904,795,1.00,uncalibrated_strong,accepted_strong,strong,0.08435,795,false,false,False,unified-v1
cam5,905,796,1.00,uncalibrated_strong,accepted_strong,strong,0.08435,796,false,false,False,unified-v1
cam5,906,797,1.00,uncalibrated_strong,accepted_strong,strong,0.08435,797,false,false,False,unified-v1
cam5,907,798,1.00,uncalibrated_strong,accepted_strong,strong,0.08613,798,false,false,False,unified-v1
cam5,908,798,1.00,uncalibrated_strong,accepted_strong,strong,0.08613,798,false,false,False,unified-v1
cam5,909,799,1.00,uncalibrated_strong,accepted_strong,strong,0.08613,799,false,false,False,unified-v1
cam5,910,800,1.00,uncalibrated_strong,accepted_strong,strong,0.08613,800,false,false,False,unified-v1
cam5,911,801,1.00,uncalibrated_strong,accepted_strong,strong,0.08613,801,false,false,False,unified-v1
cam5,912,802,1.00,uncalibrated_strong,accepted_strong,strong,0.08613,802,true,true,False,unified-v1
cam5,913,803,1.00,uncalibrated_strong,accepted_strong,strong,0.08722,803,false,false,False,unified-v1
cam5,914,804,1.00,uncalibrated_strong,accepted_strong,strong,0.08722,804,false,false,False,unified-v1
cam5,915,806,1.00,uncalibrated_strong,accepted_strong,strong,0.08722,806,false,false,False,unified-v1
cam5,916,807,1.00,uncalibrated_strong,accepted_strong,strong,0.08722,807,false,false,False,unified-v1
cam5,917,808,1.00,uncalibrated_strong,accepted_strong,strong,0.08722,808,false,false,False,unified-v1
cam5,918,809,1.00,uncalibrated_strong,accepted_strong,strong,0.08722,809,false,false,False,unified-v1
cam5,919,810,1.00,uncalibrated_strong,accepted_strong,strong,0.08579,810,false,false,False,unified-v1
cam5,920,811,1.00,uncalibrated_strong,accepted_strong,strong,0.08579,811,false,false,False,unified-v1
cam5,921,812,1.00,uncalibrated_strong,accepted_strong,strong,0.08579,812,false,false,False,unified-v1
cam5,922,813,1.00,uncalibrated_strong,accepted_strong,strong,0.08579,813,false,false,False,unified-v1
cam5,923,814,1.00,uncalibrated_strong,accepted_strong,strong,0.08468,814,false,false,False,unified-v1
cam5,924,815,1.00,uncalibrated_strong,accepted_strong,strong,0.08468,815,true,true,False,unified-v1
cam5,925,816,1.00,uncalibrated_strong,accepted_strong,strong,0.08468,816,false,false,False,unified-v1
cam5,926,817,1.00,uncalibrated_strong,accepted_strong,strong,0.08468,817,false,false,False,unified-v1
cam5,927,818,1.00,uncalibrated_strong,accepted_strong,strong,0.08468,818,false,false,False,unified-v1
cam5,928,819,1.00,uncalibrated_strong,accepted_strong,strong,0.08468,819,false,false,False,unified-v1
cam5,929,821,1.00,uncalibrated_strong,accepted_strong,strong,0.08468,821,false,false,False,unified-v1
cam5,930,822,1.00,uncalibrated_strong,accepted_strong,strong,0.08468,822,false,false,False,unified-v1
cam5,931,823,1.00,uncalibrated_strong,accepted_strong,strong,0.08341,823,false,false,False,unified-v1
cam5,932,824,1.00,uncalibrated_strong,accepted_strong,strong,0.08341,824,false,false,False,unified-v1
cam5,933,825,1.00,uncalibrated_strong,accepted_strong,strong,0.08341,825,false,false,False,unified-v1
cam5,934,826,1.00,uncalibrated_strong,accepted_strong,strong,0.08341,826,false,false,False,unified-v1
cam5,935,827,1.00,uncalibrated_strong,accepted_strong,strong,0.08341,827,false,false,False,unified-v1
cam5,936,828,1.00,uncalibrated_strong,accepted_strong,strong,0.08341,828,true,false,False,unified-v1
cam5,937,829,1.00,uncalibrated_strong,accepted_strong,strong,0.08341,829,false,false,False,unified-v1
cam5,938,830,1.00,uncalibrated_strong,accepted_strong,strong,0.08341,830,false,false,False,unified-v1
cam5,939,831,1.00,uncalibrated_strong,accepted_strong,strong,0.08404,831,false,false,False,unified-v1
cam5,940,832,1.00,uncalibrated_strong,accepted_strong,strong,0.08404,832,false,false,False,unified-v1
cam5,941,833,1.00,uncalibrated_strong,accepted_strong,strong,0.08404,833,false,false,False,unified-v1
cam5,942,834,1.00,uncalibrated_strong,accepted_strong,strong,0.08404,834,false,false,False,unified-v1
cam5,943,836,1.00,uncalibrated_strong,accepted_strong,strong,0.08404,836,false,false,False,unified-v1
cam5,944,837,1.00,uncalibrated_strong,accepted_strong,strong,0.08404,837,false,false,False,unified-v1
cam5,945,838,1.00,uncalibrated_strong,accepted_strong,strong,0.08432,838,false,false,False,unified-v1
cam5,946,839,1.00,uncalibrated_strong,accepted_strong,strong,0.08432,839,false,false,False,unified-v1
cam5,947,840,1.00,uncalibrated_strong,accepted_strong,strong,0.08432,840,false,false,False,unified-v1
cam5,948,841,1.00,uncalibrated_strong,accepted_strong,strong,0.08432,841,true,true,False,unified-v1
cam5,949,842,1.00,uncalibrated_strong,accepted_strong,strong,0.08432,842,false,false,False,unified-v1
cam5,950,843,1.00,uncalibrated_strong,accepted_strong,strong,0.08432,843,false,false,False,unified-v1
cam5,951,844,1.00,uncalibrated_strong,accepted_strong,strong,0.08432,844,false,false,False,unified-v1
cam5,952,845,1.00,uncalibrated_strong,accepted_strong,strong,0.08432,845,false,false,False,unified-v1
cam5,953,846,1.00,uncalibrated_strong,accepted_strong,strong,0.08421,846,false,false,False,unified-v1
cam5,954,847,1.00,uncalibrated_strong,accepted_strong,strong,0.08421,847,false,false,False,unified-v1
cam5,955,848,1.00,uncalibrated_strong,accepted_strong,strong,0.08421,848,false,false,False,unified-v1
cam5,956,849,1.00,uncalibrated_strong,accepted_strong,strong,0.08421,849,false,false,False,unified-v1
cam5,957,850,1.00,uncalibrated_strong,accepted_strong,strong,0.08421,850,false,false,False,unified-v1
cam5,958,851,1.00,uncalibrated_strong,accepted_strong,strong,0.08421,851,false,false,False,unified-v1
cam5,959,852,1.00,uncalibrated_strong,accepted_strong,strong,0.08446,852,false,false,False,unified-v1
cam5,960,853,1.00,uncalibrated_strong,accepted_strong,strong,0.08446,853,true,true,False,unified-v1
cam5,961,855,1.00,uncalibrated_strong,accepted_strong,strong,0.08446,855,false,false,False,unified-v1
cam5,962,856,1.00,uncalibrated_strong,accepted_strong,strong,0.08446,856,false,false,False,unified-v1
cam5,963,857,1.00,uncalibrated_strong,accepted_strong,strong,0.08321,857,false,false,False,unified-v1
cam5,964,858,1.00,uncalibrated_strong,accepted_strong,strong,0.08321,858,false,false,False,unified-v1
cam5,965,859,1.00,uncalibrated_strong,accepted_strong,strong,0.08321,859,false,false,False,unified-v1
cam5,966,860,1.00,uncalibrated_strong,accepted_strong,strong,0.08321,860,false,false,False,unified-v1
cam5,967,862,1.00,uncalibrated_strong,accepted_strong,strong,0.08321,862,false,false,False,unified-v1
cam5,968,863,1.00,uncalibrated_strong,accepted_strong,strong,0.08321,863,false,false,False,unified-v1
cam5,969,864,1.00,uncalibrated_strong,accepted_strong,strong,0.0806,864,false,false,False,unified-v1
cam5,970,865,1.00,uncalibrated_strong,accepted_strong,strong,0.0806,865,false,false,False,unified-v1
cam5,971,866,1.00,uncalibrated_strong,accepted_strong,strong,0.0806,866,false,false,False,unified-v1
cam5,972,867,1.00,uncalibrated_strong,accepted_strong,strong,0.0806,867,true,false,False,unified-v1
cam5,973,868,1.00,uncalibrated_strong,accepted_strong,strong,0.0806,868,false,false,False,unified-v1
cam5,974,869,1.00,uncalibrated_strong,accepted_strong,strong,0.0806,869,false,false,False,unified-v1
cam5,975,870,1.00,uncalibrated_strong,accepted_strong,strong,0.07848,870,false,false,False,unified-v1
cam5,976,871,1.00,uncalibrated_strong,accepted_strong,strong,0.07848,871,false,false,False,unified-v1
cam5,977,872,1.00,uncalibrated_strong,accepted_strong,strong,0.07848,872,false,false,False,unified-v1
cam5,978,873,1.00,uncalibrated_strong,accepted_strong,strong,0.07848,873,false,false,False,unified-v1
cam5,979,874,1.00,uncalibrated_strong,accepted_strong,strong,0.07716,874,false,false,False,unified-v1
cam5,980,875,1.00,uncalibrated_strong,accepted_strong,strong,0.07716,875,false,false,False,unified-v1
cam5,981,876,1.00,uncalibrated_strong,accepted_strong,strong,0.07716,876,false,false,False,unified-v1
cam5,982,878,1.00,uncalibrated_strong,accepted_strong,strong,0.07716,878,false,false,False,unified-v1
cam5,983,879,1.00,uncalibrated_strong,accepted_strong,strong,0.07488,879,false,false,False,unified-v1
cam5,984,880,1.00,uncalibrated_strong,accepted_strong,strong,0.07488,880,true,false,False,unified-v1
cam5,985,881,1.00,uncalibrated_strong,accepted_strong,strong,0.07488,881,false,false,False,unified-v1
cam5,986,882,1.00,uncalibrated_strong,accepted_strong,strong,0.07488,882,false,false,False,unified-v1
cam5,987,884,1.00,uncalibrated_strong,accepted_strong,strong,0.07413,884,false,false,False,unified-v1
cam5,988,885,1.00,uncalibrated_strong,accepted_strong,strong,0.07413,885,false,false,False,unified-v1
cam5,989,886,1.00,uncalibrated_strong,accepted_strong,strong,0.07413,886,false,false,False,unified-v1
cam5,990,887,1.00,uncalibrated_strong,accepted_strong,strong,0.07413,887,false,false,False,unified-v1
cam5,991,888,1.00,uncalibrated_strong,accepted_strong,strong,0.07379,888,false,false,False,unified-v1
cam5,992,890,1.00,uncalibrated_strong,accepted_strong,strong,0.07379,890,false,false,False,unified-v1
cam5,993,891,1.00,uncalibrated_strong,accepted_strong,strong,0.07379,891,false,false,False,unified-v1
cam5,994,892,1.00,uncalibrated_strong,accepted_strong,strong,0.07379,892,false,false,False,unified-v1
cam5,995,893,1.00,uncalibrated_strong,accepted_strong,strong,0.07379,893,false,false,False,unified-v1
cam5,996,894,1.00,uncalibrated_strong,accepted_strong,strong,0.07379,894,true,false,False,unified-v1
cam5,997,895,1.00,uncalibrated_strong,accepted_strong,strong,0.07002,895,false,false,False,unified-v1
cam5,998,897,1.00,uncalibrated_strong,accepted_strong,strong,0.07002,897,false,false,False,unified-v1
cam5,999,898,1.00,uncalibrated_strong,accepted_strong,strong,0.07002,898,false,false,False,unified-v1
cam5,1000,899,1.00,uncalibrated_strong,accepted_strong,strong,0.07002,899,false,false,False,unified-v1
cam5,1001,900,1.00,uncalibrated_strong,accepted_strong,strong,0.07002,900,false,false,False,unified-v1
cam5,1002,901,1.00,uncalibrated_strong,accepted_strong,strong,0.07002,901,false,false,False,unified-v1
cam5,1003,902,1.00,uncalibrated_strong,accepted_strong,strong,0.06731,902,false,false,False,unified-v1
cam5,1004,903,1.00,uncalibrated_strong,accepted_strong,strong,0.06731,903,false,false,False,unified-v1
cam5,1005,904,1.00,uncalibrated_strong,accepted_strong,strong,0.06731,904,false,false,False,unified-v1
cam5,1006,905,1.00,uncalibrated_strong,accepted_strong,strong,0.06731,905,false,false,False,unified-v1
cam5,1007,906,1.00,uncalibrated_strong,accepted_strong,strong,0.06534,906,false,false,False,unified-v1
cam5,1008,907,1.00,uncalibrated_strong,accepted_strong,strong,0.06534,907,true,false,False,unified-v1
cam5,1009,909,1.00,uncalibrated_strong,accepted_strong,strong,0.06534,909,false,false,False,unified-v1
cam5,1010,910,1.00,uncalibrated_strong,accepted_strong,strong,0.06534,910,false,false,False,unified-v1
cam5,1011,911,1.00,uncalibrated_strong,accepted_strong,strong,0.06314,911,false,false,False,unified-v1
cam5,1012,912,1.00,uncalibrated_strong,accepted_strong,strong,0.06314,912,false,false,False,unified-v1
cam5,1013,913,1.00,uncalibrated_strong,accepted_strong,strong,0.06314,913,false,false,False,unified-v1
cam5,1014,914,1.00,uncalibrated_strong,accepted_strong,strong,0.06314,914,false,false,False,unified-v1
cam5,1015,915,1.00,uncalibrated_strong,accepted_strong,strong,0.06196,915,false,false,False,unified-v1
cam5,1016,916,1.00,uncalibrated_strong,accepted_strong,strong,0.06196,916,false,false,False,unified-v1
cam5,1017,918,1.00,uncalibrated_strong,accepted_strong,strong,0.06196,918,false,false,False,unified-v1
cam5,1018,919,1.00,uncalibrated_strong,accepted_strong,strong,0.06196,919,false,false,False,unified-v1
cam5,1019,920,1.00,uncalibrated_strong,accepted_strong,strong,0.06196,920,false,false,False,unified-v1
cam5,1020,921,1.00,uncalibrated_strong,accepted_strong,strong,0.06196,921,true,false,False,unified-v1
cam5,1021,922,1.00,uncalibrated_strong,accepted_strong,strong,0.06207,922,false,false,False,unified-v1
cam5,1022,923,1.00,uncalibrated_strong,accepted_strong,strong,0.06207,923,false,false,False,unified-v1
cam5,1023,924,1.00,uncalibrated_strong,accepted_strong,strong,0.06207,924,false,false,False,unified-v1
cam5,1024,925,1.00,uncalibrated_strong,accepted_strong,strong,0.06207,925,false,false,False,unified-v1
cam5,1025,926,1.00,uncalibrated_strong,accepted_strong,strong,0.06207,926,false,false,False,unified-v1
cam5,1026,927,1.00,uncalibrated_strong,accepted_strong,strong,0.06207,927,false,false,False,unified-v1
cam5,1027,928,1.00,uncalibrated_strong,accepted_strong,strong,0.06207,928,false,false,False,unified-v1
cam5,1028,929,1.00,uncalibrated_strong,accepted_strong,strong,0.06207,929,false,false,False,unified-v1
cam5,1029,930,1.00,uncalibrated_strong,accepted_strong,strong,0.05954,930,false,false,False,unified-v1
cam5,1030,931,1.00,uncalibrated_strong,accepted_strong,strong,0.05954,931,false,false,False,unified-v1
cam5,1031,932,1.00,uncalibrated_strong,accepted_strong,strong,0.05954,932,false,false,False,unified-v1
cam5,1032,933,1.00,uncalibrated_strong,accepted_strong,strong,0.05954,933,true,false,False,unified-v1
cam5,1033,935,1.00,uncalibrated_strong,accepted_strong,strong,0.05954,935,false,false,False,unified-v1
cam5,1034,936,1.00,uncalibrated_strong,accepted_strong,strong,0.05954,936,false,false,False,unified-v1
cam5,1035,937,1.00,uncalibrated_strong,accepted_strong,strong,0.05805,937,false,false,False,unified-v1
cam5,1036,938,1.00,uncalibrated_strong,accepted_strong,strong,0.05805,938,false,false,False,unified-v1
cam5,1037,939,1.00,uncalibrated_strong,accepted_strong,strong,0.05805,939,false,false,False,unified-v1
cam5,1038,940,1.00,uncalibrated_strong,accepted_strong,strong,0.05805,940,false,false,False,unified-v1
cam5,1039,941,1.00,uncalibrated_strong,accepted_strong,strong,0.05577,941,false,false,False,unified-v1
cam5,1040,942,1.00,uncalibrated_strong,accepted_strong,strong,0.05577,942,false,false,False,unified-v1
cam5,1041,943,1.00,uncalibrated_strong,accepted_strong,strong,0.05577,943,false,false,False,unified-v1
cam5,1042,944,1.00,uncalibrated_strong,accepted_strong,strong,0.05577,944,false,false,False,unified-v1
cam5,1043,945,1.00,uncalibrated_strong,accepted_strong,strong,0.05577,945,false,false,False,unified-v1
cam5,1044,946,1.00,uncalibrated_strong,accepted_strong,strong,0.05577,946,true,true,False,unified-v1
cam5,1045,947,1.00,uncalibrated_strong,accepted_strong,strong,0.05378,947,false,false,False,unified-v1
cam5,1046,948,1.00,uncalibrated_strong,accepted_strong,strong,0.05378,948,false,false,False,unified-v1
cam5,1047,949,1.00,uncalibrated_strong,accepted_strong,strong,0.05378,949,false,false,False,unified-v1
cam5,1048,949,1.00,uncalibrated_strong,accepted_strong,strong,0.05378,949,false,false,False,unified-v1
cam5,1049,951,1.00,uncalibrated_strong,accepted_strong,strong,0.05378,951,false,false,False,unified-v1
cam5,1050,953,1.00,uncalibrated_strong,accepted_strong,strong,0.05378,953,false,false,False,unified-v1
cam5,1051,954,1.00,uncalibrated_strong,accepted_strong,strong,0.05252,954,false,false,False,unified-v1
cam5,1052,955,1.00,uncalibrated_strong,accepted_strong,strong,0.05252,955,false,false,False,unified-v1
cam5,1053,956,1.00,uncalibrated_strong,accepted_strong,strong,0.05252,956,false,false,False,unified-v1
cam5,1054,957,1.00,uncalibrated_strong,accepted_strong,strong,0.05252,957,false,false,False,unified-v1
cam5,1055,958,1.00,uncalibrated_strong,accepted_strong,strong,0.05252,958,false,false,False,unified-v1
cam5,1056,959,1.00,uncalibrated_strong,accepted_strong,strong,0.05252,959,true,true,False,unified-v1
cam5,1057,960,1.00,uncalibrated_strong,accepted_strong,strong,0.0509,960,false,false,False,unified-v1
cam5,1058,961,1.00,uncalibrated_strong,accepted_strong,strong,0.0509,961,false,false,False,unified-v1
cam5,1059,962,1.00,uncalibrated_strong,accepted_strong,strong,0.0509,962,false,false,False,unified-v1
cam5,1060,963,1.00,uncalibrated_strong,accepted_strong,strong,0.0509,963,false,false,False,unified-v1
cam5,1061,964,1.00,uncalibrated_strong,accepted_strong,strong,0.0509,964,false,false,False,unified-v1
cam5,1062,965,1.00,uncalibrated_strong,accepted_strong,strong,0.0509,965,false,false,False,unified-v1
cam5,1063,966,1.00,uncalibrated_strong,accepted_strong,strong,0.05188,966,false,false,False,unified-v1
cam5,1064,967,1.00,uncalibrated_strong,accepted_strong,strong,0.05188,967,false,false,False,unified-v1
cam5,1065,968,1.00,uncalibrated_strong,accepted_strong,strong,0.05188,968,false,false,False,unified-v1
cam5,1066,969,1.00,uncalibrated_strong,accepted_strong,strong,0.05188,969,false,false,False,unified-v1
cam5,1067,970,1.00,uncalibrated_strong,accepted_strong,strong,0.05188,970,false,false,False,unified-v1
cam5,1068,971,1.00,uncalibrated_strong,accepted_strong,strong,0.05188,971,true,true,False,unified-v1
cam5,1069,972,1.00,uncalibrated_strong,accepted_strong,strong,0.0523,972,false,false,False,unified-v1
cam5,1070,973,1.00,uncalibrated_strong,accepted_strong,strong,0.0523,973,false,false,False,unified-v1
cam5,1071,974,1.00,uncalibrated_strong,accepted_strong,strong,0.0523,974,false,false,False,unified-v1
cam5,1072,975,1.00,uncalibrated_strong,accepted_strong,strong,0.0523,975,false,false,False,unified-v1
cam5,1073,976,1.00,uncalibrated_strong,accepted_strong,strong,0.0523,976,false,false,False,unified-v1
cam5,1074,977,1.00,uncalibrated_strong,accepted_strong,strong,0.0523,977,false,false,False,unified-v1
cam5,1075,978,1.00,uncalibrated_strong,accepted_strong,strong,0.05265,978,false,false,False,unified-v1
cam5,1076,979,1.00,uncalibrated_strong,accepted_strong,strong,0.05265,979,false,false,False,unified-v1
cam5,1077,980,1.00,uncalibrated_strong,accepted_strong,strong,0.05265,980,false,false,False,unified-v1
cam5,1078,981,1.00,uncalibrated_strong,accepted_strong,strong,0.05265,981,false,false,False,unified-v1
cam5,1079,982,1.00,uncalibrated_strong,accepted_strong,strong,0.05261,982,false,false,False,unified-v1
cam5,1080,983,1.00,uncalibrated_strong,accepted_strong,strong,0.05261,983,true,true,False,unified-v1
cam5,1081,984,1.00,uncalibrated_strong,accepted_strong,strong,0.05261,984,false,false,False,unified-v1
cam5,1082,985,1.00,uncalibrated_strong,accepted_strong,strong,0.05261,985,false,false,False,unified-v1
cam5,1083,986,1.00,uncalibrated_strong,accepted_strong,strong,0.05241,986,false,false,False,unified-v1
cam5,1084,987,1.00,uncalibrated_strong,accepted_strong,strong,0.05241,987,false,false,False,unified-v1
cam5,1085,987,1.00,uncalibrated_strong,accepted_strong,strong,0.05241,987,false,false,False,unified-v1
cam5,1086,988,1.00,uncalibrated_strong,accepted_strong,strong,0.05241,988,false,false,False,unified-v1
cam5,1087,989,1.00,uncalibrated_strong,accepted_strong,strong,0.05241,989,false,false,False,unified-v1
cam5,1088,990,1.00,uncalibrated_strong,accepted_strong,strong,0.05241,990,false,false,False,unified-v1
cam5,1089,991,1.00,uncalibrated_strong,accepted_strong,strong,0.051,991,false,false,False,unified-v1
cam5,1090,992,1.00,uncalibrated_strong,accepted_strong,strong,0.051,992,false,false,False,unified-v1
cam5,1091,993,1.00,uncalibrated_strong,accepted_strong,strong,0.051,993,false,false,False,unified-v1
cam5,1092,994,1.00,uncalibrated_strong,accepted_strong,strong,0.051,994,true,true,False,unified-v1
cam5,1093,995,1.00,uncalibrated_strong,accepted_strong,strong,0.051,995,false,false,False,unified-v1
cam5,1094,996,1.00,uncalibrated_strong,accepted_strong,strong,0.051,996,false,false,False,unified-v1
cam5,1095,997,0.67,uncalibrated_sequence_supported,accepted_sequence_supported,supported,0.04875,997,false,false,False,unified-v1
cam5,1096,998,0.67,uncalibrated_sequence_supported,accepted_sequence_supported,supported,0.04875,998,false,false,False,unified-v1
cam5,1097,999,0.67,uncalibrated_sequence_supported,accepted_sequence_supported,supported,0.04875,999,false,false,False,unified-v1
cam5,1098,1000,0.67,uncalibrated_sequence_supported,accepted_sequence_supported,supported,0.04875,1000,false,false,False,unified-v1
cam5,1099,1001,0.67,uncalibrated_sequence_supported,accepted_sequence_supported,supported,0.0482,1001,false,false,False,unified-v1
cam5,1100,1002,0.67,uncalibrated_sequence_supported,accepted_sequence_supported,supported,0.0482,1002,false,false,False,unified-v1
cam5,1101,1003,0.67,uncalibrated_sequence_supported,accepted_sequence_supported,supported,0.0482,1003,false,false,False,unified-v1
cam5,1102,1004,0.67,uncalibrated_sequence_supported,accepted_sequence_supported,supported,0.0482,1004,false,false,False,unified-v1
cam5,1103,1005,1.00,uncalibrated_strong,accepted_strong,strong,0.04871,1005,false,false,False,unified-v1
cam5,1104,1006,1.00,uncalibrated_strong,accepted_strong,strong,0.04871,1006,true,false,False,unified-v1
cam5,1105,1007,1.00,uncalibrated_strong,accepted_strong,strong,0.04871,1007,false,false,False,unified-v1
cam5,1106,1008,1.00,uncalibrated_strong,accepted_strong,strong,0.04871,1008,false,false,False,unified-v1
cam5,1107,1009,0.67,uncalibrated_sequence_supported,accepted_sequence_supported,supported,0.049,1009,false,false,False,unified-v1
cam5,1108,1010,0.67,uncalibrated_sequence_supported,accepted_sequence_supported,supported,0.049,1010,false,false,False,unified-v1
cam5,1109,1011,0.67,uncalibrated_sequence_supported,accepted_sequence_supported,supported,0.049,1011,false,false,False,unified-v1
cam5,1110,1012,0.67,uncalibrated_sequence_supported,accepted_sequence_supported,supported,0.049,1012,false,false,False,unified-v1
cam5,1111,1013,0.67,uncalibrated_sequence_supported,accepted_sequence_supported,supported,0.04812,1013,false,false,False,unified-v1
cam5,1112,1014,0.67,uncalibrated_sequence_supported,accepted_sequence_supported,supported,0.04812,1014,false,false,False,unified-v1
cam5,1113,1015,0.67,uncalibrated_sequence_supported,accepted_sequence_supported,supported,0.04812,1015,false,false,False,unified-v1
cam5,1114,1016,0.67,uncalibrated_sequence_supported,accepted_sequence_supported,supported,0.04812,1016,false,false,False,unified-v1
cam5,1115,1017,0.67,uncalibrated_sequence_supported,accepted_sequence_supported,supported,0.04709,1017,false,false,False,unified-v1
cam5,1116,1018,0.67,uncalibrated_sequence_supported,accepted_sequence_supported,supported,0.04709,1018,true,false,False,unified-v1
cam5,1117,1019,0.67,uncalibrated_sequence_supported,accepted_sequence_supported,supported,0.04709,1019,false,false,False,unified-v1
cam5,1118,1020,0.67,uncalibrated_sequence_supported,accepted_sequence_supported,supported,0.04709,1020,false,false,False,unified-v1
cam5,1119,1021,0.67,uncalibrated_sequence_supported,accepted_sequence_supported,supported,0.04708,1021,false,false,False,unified-v1
cam5,1120,1022,0.67,uncalibrated_sequence_supported,accepted_sequence_supported,supported,0.04708,1022,false,false,False,unified-v1
cam5,1121,1023,0.67,uncalibrated_sequence_supported,accepted_sequence_supported,supported,0.04708,1023,false,false,False,unified-v1
cam5,1122,1024,0.67,uncalibrated_sequence_supported,accepted_sequence_supported,supported,0.04708,1024,false,false,False,unified-v1
cam5,1123,1025,0.67,uncalibrated_sequence_supported,accepted_sequence_supported,supported,0.04582,1025,false,false,False,unified-v1
cam5,1124,1026,0.67,uncalibrated_sequence_supported,accepted_sequence_supported,supported,0.04582,1026,false,false,False,unified-v1
cam5,1125,1028,0.67,uncalibrated_sequence_supported,accepted_sequence_supported,supported,0.04582,1028,false,false,False,unified-v1
cam5,1126,1028,0.67,uncalibrated_sequence_supported,accepted_sequence_supported,supported,0.04582,1028,false,false,False,unified-v1
cam5,1127,1028,0.67,uncalibrated_sequence_supported,accepted_sequence_supported,supported,0.04422,1028,false,false,False,unified-v1
cam5,1128,1031,0.67,uncalibrated_sequence_supported,accepted_sequence_supported,supported,0.04422,1031,true,false,False,unified-v1
cam5,1129,1032,0.67,uncalibrated_sequence_supported,accepted_sequence_supported,supported,0.04422,1032,false,false,False,unified-v1
cam5,1130,1033,0.67,uncalibrated_sequence_supported,accepted_sequence_supported,supported,0.04422,1033,false,false,False,unified-v1
cam5,1131,1034,0.67,uncalibrated_sequence_supported,accepted_sequence_supported,supported,0.04198,1034,false,false,False,unified-v1
cam5,1132,1035,0.67,uncalibrated_sequence_supported,accepted_sequence_supported,supported,0.04198,1035,false,false,False,unified-v1
cam5,1133,1036,0.67,uncalibrated_sequence_supported,accepted_sequence_supported,supported,0.04198,1036,false,false,False,unified-v1
cam5,1134,1037,0.67,uncalibrated_sequence_supported,accepted_sequence_supported,supported,0.04198,1037,false,false,False,unified-v1
cam5,1135,1038,0.67,uncalibrated_sequence_supported,accepted_sequence_supported,supported,0.04235,1038,false,false,False,unified-v1
cam5,1136,1039,0.67,uncalibrated_sequence_supported,accepted_sequence_supported,supported,0.04235,1039,false,false,False,unified-v1
cam5,1137,1039,0.67,uncalibrated_sequence_supported,accepted_sequence_supported,supported,0.04235,1039,false,false,False,unified-v1
cam5,1138,1040,0.67,uncalibrated_sequence_supported,accepted_sequence_supported,supported,0.04235,1040,false,false,False,unified-v1
cam5,1139,1041,0.67,uncalibrated_sequence_supported,accepted_sequence_supported,supported,0.04235,1041,false,false,False,unified-v1
cam5,1140,1041,0.67,uncalibrated_sequence_supported,accepted_sequence_supported,supported,0.04235,1041,true,true,False,unified-v1
cam5,1141,1043,1.00,uncalibrated_strong,accepted_strong,strong,0.04375,1043,false,false,False,unified-v1
cam5,1142,1045,1.00,uncalibrated_strong,accepted_strong,strong,0.04375,1045,false,false,False,unified-v1
cam5,1143,1046,1.00,uncalibrated_strong,accepted_strong,strong,0.04375,1046,false,false,False,unified-v1
cam5,1144,1046,1.00,uncalibrated_strong,accepted_strong,strong,0.04375,1046,false,false,False,unified-v1
cam5,1145,1047,1.00,uncalibrated_strong,accepted_strong,strong,0.04375,1047,false,false,False,unified-v1
cam5,1146,1048,1.00,uncalibrated_strong,accepted_strong,strong,0.04375,1048,false,false,False,unified-v1
cam5,1147,1049,1.00,uncalibrated_strong,accepted_strong,strong,0.04375,1049,false,false,False,unified-v1
cam5,1148,1050,1.00,uncalibrated_strong,accepted_strong,strong,0.04375,1050,false,false,False,unified-v1
cam5,1149,1051,1.00,uncalibrated_strong,accepted_strong,strong,0.04509,1051,false,false,False,unified-v1
cam5,1150,1053,1.00,uncalibrated_strong,accepted_strong,strong,0.04509,1053,false,false,False,unified-v1
cam5,1151,1054,1.00,uncalibrated_strong,accepted_strong,strong,0.04509,1054,false,false,False,unified-v1
cam5,1152,1055,1.00,uncalibrated_strong,accepted_strong,strong,0.04509,1055,true,true,False,unified-v1
cam5,1153,1056,1.00,uncalibrated_strong,accepted_strong,strong,0.04509,1056,false,false,False,unified-v1
cam5,1154,1057,1.00,uncalibrated_strong,accepted_strong,strong,0.04509,1057,false,false,False,unified-v1
cam5,1155,1058,1.00,uncalibrated_strong,accepted_strong,strong,0.04509,1058,false,false,False,unified-v1
cam5,1156,1059,1.00,uncalibrated_strong,accepted_strong,strong,0.04509,1059,false,false,False,unified-v1
cam5,1157,1060,1.00,uncalibrated_strong,accepted_strong,strong,0.04782,1060,false,false,False,unified-v1
cam5,1158,1061,1.00,uncalibrated_strong,accepted_strong,strong,0.04782,1061,false,false,False,unified-v1
cam5,1159,1062,1.00,uncalibrated_strong,accepted_strong,strong,0.04782,1062,false,false,False,unified-v1
cam5,1160,1063,1.00,uncalibrated_strong,accepted_strong,strong,0.04782,1063,false,false,False,unified-v1
cam5,1161,1064,1.00,uncalibrated_strong,accepted_strong,strong,0.04782,1064,false,false,False,unified-v1
cam5,1162,1065,1.00,uncalibrated_strong,accepted_strong,strong,0.04782,1065,false,false,False,unified-v1
cam5,1163,1066,1.00,uncalibrated_strong,accepted_strong,strong,0.04817,1066,false,false,False,unified-v1
cam5,1164,1067,1.00,uncalibrated_strong,accepted_strong,strong,0.04817,1067,true,false,False,unified-v1
cam5,1165,1068,1.00,uncalibrated_strong,accepted_strong,strong,0.04817,1068,false,false,False,unified-v1
cam5,1166,1069,1.00,uncalibrated_strong,accepted_strong,strong,0.04817,1069,false,false,False,unified-v1
cam5,1167,1070,1.00,uncalibrated_strong,accepted_strong,strong,0.04766,1070,false,false,False,unified-v1
cam5,1168,1071,1.00,uncalibrated_strong,accepted_strong,strong,0.04766,1071,false,false,False,unified-v1
cam5,1169,1072,1.00,uncalibrated_strong,accepted_strong,strong,0.04766,1072,false,false,False,unified-v1
cam5,1170,1073,1.00,uncalibrated_strong,accepted_strong,strong,0.04766,1073,false,false,False,unified-v1
cam5,1171,1075,1.00,uncalibrated_strong,accepted_strong,strong,0.04766,1075,false,false,False,unified-v1
cam5,1172,1075,1.00,uncalibrated_strong,accepted_strong,strong,0.04766,1075,false,false,False,unified-v1
cam5,1173,1078,1.00,uncalibrated_strong,accepted_strong,strong,0.04766,1078,false,false,False,unified-v1
cam5,1174,1079,1.00,uncalibrated_strong,accepted_strong,strong,0.04766,1079,false,false,False,unified-v1
cam5,1175,1080,1.00,uncalibrated_strong,accepted_strong,strong,0.04629,1080,false,false,False,unified-v1
cam5,1176,1081,1.00,uncalibrated_strong,accepted_strong,strong,0.04629,1081,true,false,False,unified-v1
cam5,1177,1081,1.00,uncalibrated_strong,accepted_strong,strong,0.04629,1081,false,false,False,unified-v1
cam5,1178,1081,1.00,uncalibrated_strong,accepted_strong,strong,0.04629,1081,false,false,False,unified-v1
cam5,1179,1082,1.00,uncalibrated_strong,accepted_strong,strong,0.04629,1082,false,false,False,unified-v1
cam5,1180,1082,1.00,uncalibrated_strong,accepted_strong,strong,0.04629,1082,false,false,False,unified-v1
cam5,1181,1083,1.00,uncalibrated_strong,accepted_strong,strong,0.04629,1083,false,false,False,unified-v1
cam5,1182,1084,1.00,uncalibrated_strong,accepted_strong,strong,0.04629,1084,false,false,False,unified-v1
cam5,1183,1085,1.00,uncalibrated_strong,accepted_strong,strong,0.04559,1085,false,false,False,unified-v1
cam5,1184,1086,1.00,uncalibrated_strong,accepted_strong,strong,0.04559,1086,false,false,False,unified-v1
cam5,1185,1087,1.00,uncalibrated_strong,accepted_strong,strong,0.04559,1087,false,false,False,unified-v1
cam5,1186,1088,1.00,uncalibrated_strong,accepted_strong,strong,0.04559,1088,false,false,False,unified-v1
cam5,1187,1089,1.00,uncalibrated_strong,accepted_strong,strong,0.04588,1089,false,false,False,unified-v1
cam5,1188,1090,1.00,uncalibrated_strong,accepted_strong,strong,0.04588,1090,true,true,False,unified-v1
cam5,1189,1091,1.00,uncalibrated_strong,accepted_strong,strong,0.04588,1091,false,false,False,unified-v1
cam5,1190,1092,1.00,uncalibrated_strong,accepted_strong,strong,0.04588,1092,false,false,False,unified-v1
cam5,1191,1093,1.00,uncalibrated_strong,accepted_strong,strong,0.04629,1093,false,false,False,unified-v1
cam5,1192,1094,1.00,uncalibrated_strong,accepted_strong,strong,0.04629,1094,false,false,False,unified-v1
cam5,1193,1095,1.00,uncalibrated_strong,accepted_strong,strong,0.04629,1095,false,false,False,unified-v1
cam5,1194,1096,1.00,uncalibrated_strong,accepted_strong,strong,0.04629,1096,false,false,False,unified-v1
cam5,1195,1097,1.00,uncalibrated_strong,accepted_strong,strong,0.04455,1097,false,false,False,unified-v1
cam5,1196,1098,1.00,uncalibrated_strong,accepted_strong,strong,0.04455,1098,false,false,False,unified-v1
cam5,1197,1100,1.00,uncalibrated_strong,accepted_strong,strong,0.04455,1100,false,false,False,unified-v1
cam5,1198,1100,1.00,uncalibrated_strong,accepted_strong,strong,0.04455,1100,false,false,False,unified-v1
cam5,1199,1101,1.00,uncalibrated_strong,accepted_strong,strong,0.04281,1101,false,false,False,unified-v1
cam5,1200,1103,1.00,uncalibrated_strong,accepted_strong,strong,0.04281,1103,true,false,False,unified-v1
cam5,1201,1103,1.00,uncalibrated_strong,accepted_strong,strong,0.04281,1103,false,false,False,unified-v1
cam5,1202,1104,1.00,uncalibrated_strong,accepted_strong,strong,0.04281,1104,false,false,False,unified-v1
cam5,1203,1105,1.00,uncalibrated_strong,accepted_strong,strong,0.04267,1105,false,false,False,unified-v1
cam5,1204,1106,1.00,uncalibrated_strong,accepted_strong,strong,0.04267,1106,false,false,False,unified-v1
cam5,1205,1107,1.00,uncalibrated_strong,accepted_strong,strong,0.04267,1107,false,false,False,unified-v1
cam5,1206,1109,1.00,uncalibrated_strong,accepted_strong,strong,0.04267,1109,false,false,False,unified-v1
cam5,1207,1110,1.00,uncalibrated_strong,accepted_strong,strong,0.04267,1110,false,false,False,unified-v1
cam5,1208,1111,1.00,uncalibrated_strong,accepted_strong,strong,0.04267,1111,false,false,False,unified-v1
cam5,1209,1113,1.00,uncalibrated_strong,accepted_strong,strong,0.04143,1113,false,false,False,unified-v1
cam5,1210,1114,1.00,uncalibrated_strong,accepted_strong,strong,0.04143,1114,false,false,False,unified-v1
cam5,1211,1115,1.00,uncalibrated_strong,accepted_strong,strong,0.04143,1115,false,false,False,unified-v1
cam5,1212,1116,1.00,uncalibrated_strong,accepted_strong,strong,0.04143,1116,true,true,False,unified-v1
cam5,1213,1117,1.00,uncalibrated_strong,accepted_strong,strong,0.04143,1117,false,false,False,unified-v1
cam5,1214,1119,1.00,uncalibrated_strong,accepted_strong,strong,0.04143,1119,false,false,False,unified-v1
cam5,1215,1120,1.00,uncalibrated_strong,accepted_strong,strong,0.04121,1120,false,false,False,unified-v1
cam5,1216,1121,1.00,uncalibrated_strong,accepted_strong,strong,0.04121,1121,false,false,False,unified-v1
cam5,1217,1122,1.00,uncalibrated_strong,accepted_strong,strong,0.04121,1122,false,false,False,unified-v1
cam5,1218,1123,1.00,uncalibrated_strong,accepted_strong,strong,0.04121,1123,false,false,False,unified-v1
cam5,1219,1125,1.00,uncalibrated_strong,accepted_strong,strong,0.03892,1125,false,false,False,unified-v1
cam5,1220,1126,1.00,uncalibrated_strong,accepted_strong,strong,0.03892,1126,false,false,False,unified-v1
cam5,1221,1127,1.00,uncalibrated_strong,accepted_strong,strong,0.03892,1127,false,false,False,unified-v1
cam5,1222,1128,1.00,uncalibrated_strong,accepted_strong,strong,0.03892,1128,false,false,False,unified-v1
cam5,1223,1129,1.00,uncalibrated_strong,accepted_strong,strong,0.03954,1129,false,false,False,unified-v1
cam5,1224,1130,1.00,uncalibrated_strong,accepted_strong,strong,0.03954,1130,true,true,False,unified-v1
cam5,1225,1132,1.00,uncalibrated_strong,accepted_strong,strong,0.03954,1132,false,false,False,unified-v1
cam5,1226,1133,1.00,uncalibrated_strong,accepted_strong,strong,0.03954,1133,false,false,False,unified-v1
cam5,1227,1135,1.00,uncalibrated_strong,accepted_strong,strong,0.03959,1135,false,false,False,unified-v1
cam5,1228,1136,1.00,uncalibrated_strong,accepted_strong,strong,0.03959,1136,false,false,False,unified-v1
cam5,1229,1137,1.00,uncalibrated_strong,accepted_strong,strong,0.03959,1137,false,false,False,unified-v1
cam5,1230,1138,1.00,uncalibrated_strong,accepted_strong,strong,0.03959,1138,false,false,False,unified-v1
cam5,1231,1139,1.00,uncalibrated_strong,accepted_strong,strong,0.0389,1139,false,false,False,unified-v1
cam5,1232,1140,1.00,uncalibrated_strong,accepted_strong,strong,0.0389,1140,false,false,False,unified-v1
cam5,1233,1141,1.00,uncalibrated_strong,accepted_strong,strong,0.0389,1141,false,false,False,unified-v1
cam5,1234,1142,1.00,uncalibrated_strong,accepted_strong,strong,0.0389,1142,false,false,False,unified-v1
cam5,1235,1143,1.00,uncalibrated_strong,accepted_strong,strong,0.0394,1143,false,false,False,unified-v1
cam5,1236,1144,1.00,uncalibrated_strong,accepted_strong,strong,0.0394,1144,true,false,False,unified-v1
cam5,1237,1145,1.00,uncalibrated_strong,accepted_strong,strong,0.0394,1145,false,false,False,unified-v1
cam5,1238,1146,1.00,uncalibrated_strong,accepted_strong,strong,0.0394,1146,false,false,False,unified-v1
cam5,1239,1147,1.00,uncalibrated_strong,accepted_strong,strong,0.0394,1147,false,false,False,unified-v1
cam5,1240,1148,1.00,uncalibrated_strong,accepted_strong,strong,0.0394,1148,false,false,False,unified-v1
cam5,1241,1149,1.00,uncalibrated_strong,accepted_strong,strong,0.0372,1149,false,false,False,unified-v1
cam5,1242,1149,1.00,uncalibrated_strong,accepted_strong,strong,0.0372,1149,false,false,False,unified-v1
cam5,1243,1149,1.00,uncalibrated_strong,accepted_strong,strong,0.0372,1149,false,false,False,unified-v1
cam5,1244,1149,1.00,uncalibrated_strong,accepted_strong,strong,0.0372,1149,false,false,False,unified-v1
cam5,1245,1149,1.00,uncalibrated_strong,accepted_strong,strong,0.0372,1149,false,false,False,unified-v1
cam5,1246,1150,1.00,uncalibrated_strong,accepted_strong,strong,0.0372,1150,false,false,False,unified-v1
cam5,1247,1151,1.00,uncalibrated_strong,accepted_strong,strong,0.0372,1151,false,false,False,unified-v1
cam5,1248,1152,1.00,uncalibrated_strong,accepted_strong,strong,0.0372,1152,true,true,False,unified-v1
cam5,1249,1155,1.00,uncalibrated_strong,accepted_strong,strong,0.03857,1155,false,false,False,unified-v1
cam5,1250,1156,1.00,uncalibrated_strong,accepted_strong,strong,0.03857,1156,false,false,False,unified-v1
cam5,1251,1157,1.00,uncalibrated_strong,accepted_strong,strong,0.03857,1157,false,false,False,unified-v1
cam5,1252,1158,1.00,uncalibrated_strong,accepted_strong,strong,0.03857,1158,false,false,False,unified-v1
cam5,1253,1159,1.00,uncalibrated_strong,accepted_strong,strong,0.03857,1159,false,false,False,unified-v1
cam5,1254,1160,1.00,uncalibrated_strong,accepted_strong,strong,0.03857,1160,false,false,False,unified-v1
cam5,1255,1162,1.00,uncalibrated_strong,accepted_strong,strong,0.03657,1162,false,false,False,unified-v1
cam5,1256,1165,1.00,uncalibrated_strong,accepted_strong,strong,0.03657,1165,false,false,False,unified-v1
cam5,1257,1165,1.00,uncalibrated_strong,accepted_strong,strong,0.03657,1165,false,false,False,unified-v1
cam5,1258,1166,1.00,uncalibrated_strong,accepted_strong,strong,0.03657,1166,false,false,False,unified-v1
cam5,1259,1166,1.00,uncalibrated_strong,accepted_strong,strong,0.03657,1166,false,false,False,unified-v1
cam5,1260,1166,1.00,uncalibrated_strong,accepted_strong,strong,0.03657,1166,true,true,False,unified-v1
cam5,1261,1167,1.00,uncalibrated_strong,accepted_strong,strong,0.03657,1167,false,false,False,unified-v1
cam5,1262,1167,1.00,uncalibrated_strong,accepted_strong,strong,0.03657,1167,false,false,False,unified-v1
cam5,1263,1167,1.00,uncalibrated_strong,accepted_strong,strong,0.03459,1167,false,false,False,unified-v1
cam5,1264,1168,1.00,uncalibrated_strong,accepted_strong,strong,0.03459,1168,false,false,False,unified-v1
cam5,1265,1168,1.00,uncalibrated_strong,accepted_strong,strong,0.03459,1168,false,false,False,unified-v1
cam5,1266,1168,1.00,uncalibrated_strong,accepted_strong,strong,0.03459,1168,false,false,False,unified-v1
cam5,1267,1170,1.00,uncalibrated_strong,accepted_strong,strong,0.03459,1170,false,false,False,unified-v1
cam5,1268,1170,1.00,uncalibrated_strong,accepted_strong,strong,0.03459,1170,false,false,False,unified-v1
cam5,1269,1171,1.00,uncalibrated_strong,accepted_strong,strong,0.03459,1171,false,false,False,unified-v1
cam5,1270,1172,1.00,uncalibrated_strong,accepted_strong,strong,0.03459,1172,false,false,False,unified-v1
cam5,1271,1173,1.00,uncalibrated_strong,accepted_strong,strong,0.0334,1173,false,false,False,unified-v1
cam5,1272,1174,1.00,uncalibrated_strong,accepted_strong,strong,0.0334,1174,true,false,False,unified-v1
cam5,1273,1176,1.00,uncalibrated_strong,accepted_strong,strong,0.0334,1176,false,false,False,unified-v1
cam5,1274,1178,1.00,uncalibrated_strong,accepted_strong,strong,0.0334,1178,false,false,False,unified-v1
cam5,1275,1180,1.00,uncalibrated_strong,accepted_strong,strong,0.03139,1180,false,false,False,unified-v1
cam5,1276,1182,1.00,uncalibrated_strong,accepted_strong,strong,0.03139,1182,false,false,False,unified-v1
cam5,1277,1183,1.00,uncalibrated_strong,accepted_strong,strong,0.03139,1183,false,false,False,unified-v1
cam5,1278,1184,1.00,uncalibrated_strong,accepted_strong,strong,0.03139,1184,false,false,False,unified-v1
cam5,1279,1185,1.00,uncalibrated_strong,accepted_strong,strong,0.03004,1185,false,false,False,unified-v1
cam5,1280,1186,1.00,uncalibrated_strong,accepted_strong,strong,0.03004,1186,false,false,False,unified-v1
cam5,1281,1186,1.00,uncalibrated_strong,accepted_strong,strong,0.03004,1186,false,false,False,unified-v1
cam5,1282,1187,1.00,uncalibrated_strong,accepted_strong,strong,0.03004,1187,false,false,False,unified-v1
cam5,1283,1188,1.00,uncalibrated_strong,accepted_strong,strong,0.02899,1188,false,false,False,unified-v1
cam5,1284,1189,1.00,uncalibrated_strong,accepted_strong,strong,0.02899,1189,true,false,False,unified-v1
cam5,1285,1190,1.00,uncalibrated_strong,accepted_strong,strong,0.02899,1190,false,false,False,unified-v1
cam5,1286,1191,1.00,uncalibrated_strong,accepted_strong,strong,0.02899,1191,false,false,False,unified-v1
cam5,1287,1191,0.67,uncalibrated_sequence_supported,accepted_sequence_supported,supported,0.0297,1191,false,false,False,unified-v1
cam5,1288,1191,0.67,uncalibrated_sequence_supported,accepted_sequence_supported,supported,0.0297,1191,false,false,False,unified-v1
cam5,1289,1191,0.67,uncalibrated_sequence_supported,accepted_sequence_supported,supported,0.0297,1191,false,false,False,unified-v1
cam5,1290,1191,0.67,uncalibrated_sequence_supported,accepted_sequence_supported,supported,0.0297,1191,false,false,False,unified-v1
cam5,1291,1192,0.67,uncalibrated_sequence_supported,accepted_sequence_supported,supported,0.0297,1192,false,false,False,unified-v1
cam5,1292,1193,0.67,uncalibrated_sequence_supported,accepted_sequence_supported,supported,0.0297,1193,false,false,False,unified-v1
cam5,1293,,0.00,abstain,sequence_failed,failed,0.0303,1194,false,false,False,unified-v1
cam5,1294,,0.00,abstain,sequence_failed,failed,0.0303,1195,false,false,False,unified-v1
cam5,1295,,0.00,abstain,sequence_failed,failed,0.0303,1196,false,false,False,unified-v1
cam5,1296,,0.00,abstain,sequence_failed,failed,0.0303,1199,false,false,False,unified-v1
cam5,1297,,0.00,abstain,sequence_failed,failed,0.0303,1200,false,false,False,unified-v1
cam5,1298,,0.00,abstain,sequence_failed,failed,0.0303,1201,false,false,False,unified-v1
cam5,1299,,0.00,abstain,sequence_failed,failed,0.03133,1202,false,false,False,unified-v1
cam5,1300,,0.00,abstain,sequence_failed,failed,0.03133,1203,false,false,False,unified-v1
cam5,1301,,0.00,abstain,sequence_failed,failed,0.03133,1204,false,false,False,unified-v1
cam5,1302,,0.00,abstain,sequence_failed,failed,0.03133,1205,false,false,False,unified-v1
cam5,1303,,0.00,abstain,sequence_failed,failed,0.03038,1206,false,false,False,unified-v1
cam5,1304,,0.00,abstain,sequence_failed,failed,0.03038,1207,false,false,False,unified-v1
cam5,1305,,0.00,abstain,sequence_failed,failed,0.03038,1208,false,false,False,unified-v1
cam5,1306,,0.00,abstain,sequence_failed,failed,0.03038,1209,false,false,False,unified-v1
cam5,1307,,0.00,abstain,sequence_failed,failed,0.03038,1210,false,false,False,unified-v1
cam5,1308,,0.00,abstain,sequence_failed,failed,0.03038,1211,false,false,False,unified-v1
cam5,1309,,0.00,abstain,sequence_failed,failed,0.03072,1212,false,false,False,unified-v1
cam5,1310,,0.00,abstain,sequence_failed,failed,0.03072,1213,false,false,False,unified-v1
cam5,1311,,0.00,abstain,sequence_failed,failed,0.03072,1214,false,false,False,unified-v1
cam5,1312,,0.00,abstain,sequence_failed,failed,0.03072,1215,false,false,False,unified-v1
cam5,1313,,0.00,abstain,sequence_failed,failed,0.03072,1216,false,false,False,unified-v1
cam5,1314,,0.00,abstain,sequence_failed,failed,0.03072,1217,false,false,False,unified-v1
cam5,1315,,0.00,abstain,sequence_failed,failed,0.03239,1218,false,false,False,unified-v1
cam5,1316,,0.00,abstain,sequence_failed,failed,0.03239,1219,false,false,False,unified-v1
cam5,1317,,0.00,abstain,sequence_failed,failed,0.03239,1220,false,false,False,unified-v1
cam5,1318,,0.00,abstain,sequence_failed,failed,0.03239,1221,false,false,False,unified-v1
cam5,1319,,0.00,abstain,sequence_failed,failed,0.03239,1222,false,false,False,unified-v1
cam5,1320,,0.00,abstain,sequence_failed,failed,0.03239,1223,false,false,False,unified-v1
cam5,1321,,0.00,abstain,sequence_failed,failed,0.03347,1224,false,false,False,unified-v1
cam5,1322,,0.00,abstain,sequence_failed,failed,0.03347,1225,false,false,False,unified-v1
cam5,1323,,0.00,abstain,sequence_failed,failed,0.03347,1226,false,false,False,unified-v1
cam5,1324,,0.00,abstain,sequence_failed,failed,0.03347,1227,false,false,False,unified-v1
cam5,1325,,0.00,abstain,sequence_failed,failed,0.03347,1228,false,false,False,unified-v1
cam5,1326,,0.00,abstain,sequence_failed,failed,0.03347,1229,false,false,False,unified-v1
cam5,1327,,0.00,abstain,sequence_failed,failed,0.03308,1230,false,false,False,unified-v1
cam5,1328,,0.00,abstain,sequence_failed,failed,0.03308,1231,false,false,False,unified-v1
cam5,1329,,0.00,abstain,sequence_failed,failed,0.03308,1232,false,false,False,unified-v1
cam5,1330,,0.00,abstain,sequence_failed,failed,0.03308,1233,false,false,False,unified-v1
cam5,1331,,0.00,abstain,sequence_failed,failed,0.03308,1234,false,false,False,unified-v1
cam5,1332,,0.00,abstain,sequence_failed,failed,0.03308,1235,false,false,False,unified-v1
cam5,1333,,0.00,abstain,sequence_failed,failed,0.03375,1236,false,false,False,unified-v1
cam5,1334,,0.00,abstain,sequence_failed,failed,0.03375,1237,false,false,False,unified-v1
cam5,1335,,0.00,abstain,sequence_failed,failed,0.03375,1238,false,false,False,unified-v1
cam5,1336,,0.00,abstain,sequence_failed,failed,0.03375,1238,false,false,False,unified-v1
cam5,1337,,0.00,abstain,sequence_failed,failed,0.03375,1239,false,false,False,unified-v1
cam5,1338,,0.00,abstain,sequence_failed,failed,0.03375,1239,false,false,False,unified-v1
cam5,1339,,0.00,abstain,sequence_failed,failed,0.03456,1241,false,false,False,unified-v1
cam5,1340,,0.00,abstain,sequence_failed,failed,0.03456,1243,false,false,False,unified-v1
cam5,1341,,0.00,abstain,sequence_failed,failed,0.03456,1243,false,false,False,unified-v1
cam5,1342,,0.00,abstain,sequence_failed,failed,0.03456,1244,false,false,False,unified-v1
cam5,1343,,0.00,abstain,sequence_failed,failed,0.03456,1245,false,false,False,unified-v1
cam5,1344,,0.00,abstain,sequence_failed,failed,0.03456,1245,false,false,False,unified-v1
cam5,1345,,0.00,abstain,sequence_failed,failed,0.03563,1246,false,false,False,unified-v1
cam5,1346,,0.00,abstain,sequence_failed,failed,0.03563,1247,false,false,False,unified-v1
cam5,1347,,0.00,abstain,sequence_failed,failed,0.03563,1248,false,false,False,unified-v1
cam5,1348,,0.00,abstain,sequence_failed,failed,0.03563,1249,false,false,False,unified-v1
cam5,1349,,0.00,abstain,sequence_failed,failed,0.03563,1250,false,false,False,unified-v1
cam5,1350,,0.00,abstain,sequence_failed,failed,0.03563,1251,false,false,False,unified-v1
cam5,1351,,0.00,abstain,sequence_failed,failed,0.03583,1252,false,false,False,unified-v1
cam5,1352,,0.00,abstain,sequence_failed,failed,0.03583,1253,false,false,False,unified-v1
cam5,1353,,0.00,abstain,sequence_failed,failed,0.03583,1254,false,false,False,unified-v1
cam5,1354,,0.00,abstain,sequence_failed,failed,0.03583,1255,false,false,False,unified-v1
cam5,1355,,0.00,abstain,sequence_failed,failed,0.03629,1257,false,false,False,unified-v1
cam5,1356,,0.00,abstain,sequence_failed,failed,0.03629,1258,false,false,False,unified-v1
cam5,1357,,0.00,abstain,sequence_failed,failed,0.03629,1259,false,false,False,unified-v1
cam5,1358,,0.00,abstain,sequence_failed,failed,0.03629,1260,false,false,False,unified-v1
cam5,1359,,0.00,abstain,sequence_failed,failed,0.03629,1261,false,false,False,unified-v1
cam5,1360,,0.00,abstain,sequence_failed,failed,0.03629,1262,false,false,False,unified-v1
cam5,1361,,0.00,abstain,sequence_failed,failed,0.0361,1263,false,false,False,unified-v1
cam5,1362,,0.00,abstain,sequence_failed,failed,0.0361,1264,false,false,False,unified-v1
cam5,1363,,0.00,abstain,sequence_failed,failed,0.0361,1265,false,false,False,unified-v1
cam5,1364,,0.00,abstain,sequence_failed,failed,0.0361,1266,false,false,False,unified-v1
cam5,1365,,0.00,abstain,sequence_failed,failed,0.0361,1267,false,false,False,unified-v1
cam5,1366,,0.00,abstain,sequence_failed,failed,0.0361,1268,false,false,False,unified-v1
cam5,1367,,0.00,abstain,sequence_failed,failed,0.03363,1269,false,false,False,unified-v1
cam5,1368,,0.00,abstain,sequence_failed,failed,0.03363,1270,false,false,False,unified-v1
cam5,1369,,0.00,abstain,sequence_failed,failed,0.03363,1271,false,false,False,unified-v1
cam5,1370,,0.00,abstain,sequence_failed,failed,0.03363,1272,false,false,False,unified-v1
cam5,1371,,0.00,abstain,sequence_failed,failed,0.02989,1273,false,false,False,unified-v1
cam5,1372,,0.00,abstain,sequence_failed,failed,0.02989,1274,false,false,False,unified-v1
cam5,1373,,0.00,abstain,sequence_failed,failed,0.02989,1275,false,false,False,unified-v1
cam5,1374,,0.00,abstain,sequence_failed,failed,0.02989,1276,false,false,False,unified-v1
cam5,1375,1277,0.67,uncalibrated_sequence_supported,accepted_sequence_supported,supported,0.02721,1277,false,false,False,unified-v1
cam5,1376,1278,0.67,uncalibrated_sequence_supported,accepted_sequence_supported,supported,0.02721,1278,false,false,False,unified-v1
cam5,1377,1279,0.67,uncalibrated_sequence_supported,accepted_sequence_supported,supported,0.02721,1279,false,false,False,unified-v1
cam5,1378,1280,0.67,uncalibrated_sequence_supported,accepted_sequence_supported,supported,0.02721,1280,false,false,False,unified-v1
cam5,1379,1281,0.67,uncalibrated_sequence_supported,accepted_sequence_supported,supported,0.02604,1281,false,false,False,unified-v1
cam5,1380,1282,0.67,uncalibrated_sequence_supported,accepted_sequence_supported,supported,0.02604,1282,true,false,False,unified-v1
cam5,1381,1283,0.67,uncalibrated_sequence_supported,accepted_sequence_supported,supported,0.02604,1283,false,false,False,unified-v1
cam5,1382,1284,0.67,uncalibrated_sequence_supported,accepted_sequence_supported,supported,0.02604,1284,false,false,False,unified-v1
cam5,1383,1284,0.67,uncalibrated_sequence_supported,accepted_sequence_supported,supported,0.02604,1284,false,false,False,unified-v1
cam5,1384,1285,0.67,uncalibrated_sequence_supported,accepted_sequence_supported,supported,0.02604,1285,false,false,False,unified-v1
cam5,1385,1286,1.00,uncalibrated_strong,accepted_strong,strong,0.02615,1286,false,false,False,unified-v1
cam5,1386,1287,1.00,uncalibrated_strong,accepted_strong,strong,0.02615,1287,false,false,False,unified-v1
cam5,1387,1288,1.00,uncalibrated_strong,accepted_strong,strong,0.02615,1288,false,false,False,unified-v1
cam5,1388,1289,1.00,uncalibrated_strong,accepted_strong,strong,0.02615,1289,false,false,False,unified-v1
cam5,1389,1290,1.00,uncalibrated_strong,accepted_strong,strong,0.02615,1290,false,false,False,unified-v1
cam5,1390,1291,1.00,uncalibrated_strong,accepted_strong,strong,0.02615,1291,false,false,False,unified-v1
cam5,1391,1292,1.00,uncalibrated_strong,accepted_strong,strong,0.02615,1292,false,false,False,unified-v1
cam5,1392,1293,1.00,uncalibrated_strong,accepted_strong,strong,0.02615,1293,true,true,False,unified-v1
cam5,1393,1294,1.00,uncalibrated_strong,accepted_strong,strong,0.02675,1294,false,false,False,unified-v1
cam5,1394,1295,1.00,uncalibrated_strong,accepted_strong,strong,0.02675,1295,false,false,False,unified-v1
cam5,1395,1296,1.00,uncalibrated_strong,accepted_strong,strong,0.02675,1296,false,false,False,unified-v1
cam5,1396,1297,1.00,uncalibrated_strong,accepted_strong,strong,0.02675,1297,false,false,False,unified-v1
cam5,1397,1298,1.00,uncalibrated_strong,accepted_strong,strong,0.02675,1298,false,false,False,unified-v1
cam5,1398,1299,1.00,uncalibrated_strong,accepted_strong,strong,0.02675,1299,false,false,False,unified-v1
cam5,1399,1300,1.00,uncalibrated_strong,accepted_strong,strong,0.02675,1300,false,false,False,unified-v1
cam5,1400,1302,1.00,uncalibrated_strong,accepted_strong,strong,0.02675,1302,false,false,False,unified-v1
cam5,1401,1303,1.00,uncalibrated_strong,accepted_strong,strong,0.02865,1303,false,false,False,unified-v1
cam5,1402,1304,1.00,uncalibrated_strong,accepted_strong,strong,0.02865,1304,false,false,False,unified-v1
cam5,1403,1305,1.00,uncalibrated_strong,accepted_strong,strong,0.02865,1305,false,false,False,unified-v1
cam5,1404,1306,1.00,uncalibrated_strong,accepted_strong,strong,0.02865,1306,true,true,False,unified-v1
cam5,1405,1307,1.00,uncalibrated_strong,accepted_strong,strong,0.02865,1307,false,false,False,unified-v1
cam5,1406,1308,1.00,uncalibrated_strong,accepted_strong,strong,0.02865,1308,false,false,False,unified-v1
cam5,1407,1309,1.00,uncalibrated_strong,accepted_strong,strong,0.03047,1309,false,false,False,unified-v1
cam5,1408,1310,1.00,uncalibrated_strong,accepted_strong,strong,0.03047,1310,false,false,False,unified-v1
cam5,1409,1311,1.00,uncalibrated_strong,accepted_strong,strong,0.03047,1311,false,false,False,unified-v1
cam5,1410,1312,1.00,uncalibrated_strong,accepted_strong,strong,0.03047,1312,false,false,False,unified-v1
cam5,1411,1314,1.00,uncalibrated_strong,accepted_strong,strong,0.03047,1314,false,false,False,unified-v1
cam5,1412,1315,1.00,uncalibrated_strong,accepted_strong,strong,0.03047,1315,false,false,False,unified-v1
cam5,1413,1316,1.00,uncalibrated_strong,accepted_strong,strong,0.03198,1316,false,false,False,unified-v1
cam5,1414,1318,1.00,uncalibrated_strong,accepted_strong,strong,0.03198,1318,false,false,False,unified-v1
cam5,1415,1319,1.00,uncalibrated_strong,accepted_strong,strong,0.03198,1319,false,false,False,unified-v1
cam5,1416,1320,1.00,uncalibrated_strong,accepted_strong,strong,0.03198,1320,true,true,False,unified-v1
cam5,1417,1321,1.00,uncalibrated_strong,accepted_strong,strong,0.03198,1321,false,false,False,unified-v1
cam5,1418,1322,1.00,uncalibrated_strong,accepted_strong,strong,0.03198,1322,false,false,False,unified-v1
cam5,1419,1323,1.00,uncalibrated_strong,accepted_strong,strong,0.03434,1323,false,false,False,unified-v1
cam5,1420,1324,1.00,uncalibrated_strong,accepted_strong,strong,0.03434,1324,false,false,False,unified-v1
cam5,1421,1325,1.00,uncalibrated_strong,accepted_strong,strong,0.03434,1325,false,false,False,unified-v1
cam5,1422,1326,1.00,uncalibrated_strong,accepted_strong,strong,0.03434,1326,false,false,False,unified-v1
cam5,1423,1327,1.00,uncalibrated_strong,accepted_strong,strong,0.03672,1327,false,false,False,unified-v1
cam5,1424,1328,1.00,uncalibrated_strong,accepted_strong,strong,0.03672,1328,false,false,False,unified-v1
cam5,1425,1329,1.00,uncalibrated_strong,accepted_strong,strong,0.03672,1329,false,false,False,unified-v1
cam5,1426,1330,1.00,uncalibrated_strong,accepted_strong,strong,0.03672,1330,false,false,False,unified-v1
cam5,1427,1330,1.00,uncalibrated_strong,accepted_strong,strong,0.03672,1330,false,false,False,unified-v1
cam5,1428,1330,1.00,uncalibrated_strong,accepted_strong,strong,0.03672,1330,true,true,False,unified-v1
cam5,1429,1331,1.00,uncalibrated_strong,accepted_strong,strong,0.03835,1331,false,false,False,unified-v1
cam5,1430,1332,1.00,uncalibrated_strong,accepted_strong,strong,0.03835,1332,false,false,False,unified-v1
cam5,1431,1333,1.00,uncalibrated_strong,accepted_strong,strong,0.03835,1333,false,false,False,unified-v1
cam5,1432,1334,1.00,uncalibrated_strong,accepted_strong,strong,0.03835,1334,false,false,False,unified-v1
cam5,1433,1336,1.00,uncalibrated_strong,accepted_strong,strong,0.03835,1336,false,false,False,unified-v1
cam5,1434,1337,1.00,uncalibrated_strong,accepted_strong,strong,0.03835,1337,false,false,False,unified-v1
cam5,1435,1339,0.67,uncalibrated_sequence_supported,accepted_sequence_supported,supported,0.03686,1339,false,false,False,unified-v1
cam5,1436,1340,0.67,uncalibrated_sequence_supported,accepted_sequence_supported,supported,0.03686,1340,false,false,False,unified-v1
cam5,1437,1341,0.67,uncalibrated_sequence_supported,accepted_sequence_supported,supported,0.03686,1341,false,false,False,unified-v1
cam5,1438,1342,0.67,uncalibrated_sequence_supported,accepted_sequence_supported,supported,0.03686,1342,false,false,False,unified-v1
cam5,1439,1343,0.67,uncalibrated_sequence_supported,accepted_sequence_supported,supported,0.03553,1343,false,false,False,unified-v1
cam5,1440,1344,0.67,uncalibrated_sequence_supported,accepted_sequence_supported,supported,0.03553,1344,true,false,False,unified-v1
cam5,1441,1345,0.67,uncalibrated_sequence_supported,accepted_sequence_supported,supported,0.03553,1345,false,false,False,unified-v1
cam5,1442,1346,0.67,uncalibrated_sequence_supported,accepted_sequence_supported,supported,0.03553,1346,false,false,False,unified-v1
cam5,1443,,0.00,abstain,sequence_failed,failed,0.03597,1347,false,false,False,unified-v1
cam5,1444,,0.00,abstain,sequence_failed,failed,0.03597,1348,false,false,False,unified-v1
cam5,1445,,0.00,abstain,sequence_failed,failed,0.03597,1349,false,false,False,unified-v1
cam5,1446,,0.00,abstain,sequence_failed,failed,0.03597,1350,false,false,False,unified-v1
cam5,1447,,0.00,abstain,sequence_failed,failed,0.03597,1351,false,false,False,unified-v1
cam5,1448,,0.00,abstain,sequence_failed,failed,0.03597,1352,false,false,False,unified-v1
cam5,1449,,0.00,abstain,sequence_failed,failed,0.0362,1353,false,false,False,unified-v1
cam5,1450,,0.00,abstain,sequence_failed,failed,0.0362,1354,false,false,False,unified-v1
cam5,1451,,0.00,abstain,sequence_failed,failed,0.0362,1355,false,false,False,unified-v1
cam5,1452,,0.00,abstain,sequence_failed,failed,0.0362,1356,false,false,False,unified-v1
cam5,1453,,0.00,abstain,sequence_failed,failed,0.0362,1357,false,false,False,unified-v1
cam5,1454,,0.00,abstain,sequence_failed,failed,0.0362,1359,false,false,False,unified-v1
cam5,1455,,0.00,abstain,sequence_failed,failed,0.03477,1360,false,false,False,unified-v1
cam5,1456,,0.00,abstain,sequence_failed,failed,0.03477,1363,false,false,False,unified-v1
cam5,1457,,0.00,abstain,sequence_failed,failed,0.03477,1364,false,false,False,unified-v1
cam5,1458,,0.00,abstain,sequence_failed,failed,0.03477,1365,false,false,False,unified-v1
cam5,1459,,0.00,abstain,sequence_failed,failed,0.03477,1366,false,false,False,unified-v1
cam5,1460,,0.00,abstain,sequence_failed,failed,0.03477,1367,false,false,False,unified-v1
cam5,1461,,0.00,abstain,sequence_failed,failed,0.0346,1368,false,false,False,unified-v1
cam5,1462,,0.00,abstain,sequence_failed,failed,0.0346,1369,false,false,False,unified-v1
cam5,1463,,0.00,abstain,sequence_failed,failed,0.0346,1370,false,false,False,unified-v1
cam5,1464,,0.00,abstain,sequence_failed,failed,0.0346,1371,false,false,False,unified-v1
cam5,1465,,0.00,abstain,sequence_failed,failed,0.0346,1371,false,false,False,unified-v1
cam5,1466,,0.00,abstain,sequence_failed,failed,0.0346,1372,false,false,False,unified-v1
cam5,1467,,0.00,abstain,sequence_failed,failed,0.0346,1373,false,false,False,unified-v1
cam5,1468,,0.00,abstain,sequence_failed,failed,0.0346,1374,false,false,False,unified-v1
cam5,1469,,0.00,abstain,sequence_failed,failed,0.03279,1375,false,false,False,unified-v1
cam5,1470,,0.00,abstain,sequence_failed,failed,0.03279,1376,false,false,False,unified-v1
cam5,1471,,0.00,abstain,sequence_failed,failed,0.03279,1377,false,false,False,unified-v1
cam5,1472,,0.00,abstain,sequence_failed,failed,0.03279,1378,false,false,False,unified-v1
cam5,1473,,0.00,abstain,sequence_failed,failed,0.03279,1379,false,false,False,unified-v1
cam5,1474,,0.00,abstain,sequence_failed,failed,0.03279,1380,false,false,False,unified-v1
cam5,1475,,0.00,abstain,sequence_failed,failed,0.03279,1381,false,false,False,unified-v1
cam5,1476,,0.00,abstain,sequence_failed,failed,0.03279,1382,false,false,False,unified-v1
cam5,1477,,0.00,abstain,sequence_failed,failed,0.03134,1383,false,false,False,unified-v1
cam5,1478,,0.00,abstain,sequence_failed,failed,0.03134,1383,false,false,False,unified-v1
cam5,1479,,0.00,abstain,sequence_failed,failed,0.03134,1384,false,false,False,unified-v1
cam5,1480,,0.00,abstain,sequence_failed,failed,0.03134,1384,false,false,False,unified-v1
cam5,1481,,0.00,abstain,sequence_failed,failed,0.03134,1384,false,false,False,unified-v1
cam5,1482,,0.00,abstain,sequence_failed,failed,0.03134,1385,false,false,False,unified-v1
cam5,1483,,0.00,abstain,sequence_failed,failed,0.03134,1386,false,false,False,unified-v1
cam5,1484,,0.00,abstain,sequence_failed,failed,0.03134,1387,false,false,False,unified-v1
cam5,1485,,0.00,abstain,sequence_failed,failed,0.02941,1388,false,false,False,unified-v1
cam5,1486,,0.00,abstain,sequence_failed,failed,0.02941,1389,false,false,False,unified-v1
cam5,1487,,0.00,abstain,sequence_failed,failed,0.02941,1390,false,false,False,unified-v1
cam5,1488,,0.00,abstain,sequence_failed,failed,0.02941,1391,false,false,False,unified-v1
cam5,1489,,0.00,abstain,sequence_failed,failed,0.02941,1393,false,false,False,unified-v1
cam5,1490,,0.00,abstain,sequence_failed,failed,0.02941,1395,false,false,False,unified-v1
cam5,1491,,0.00,abstain,sequence_failed,failed,0.03069,1397,false,false,False,unified-v1
cam5,1492,,0.00,abstain,sequence_failed,failed,0.03069,1399,false,false,False,unified-v1
cam5,1493,,0.00,abstain,sequence_failed,failed,0.03069,1400,false,false,False,unified-v1
cam5,1494,,0.00,abstain,sequence_failed,failed,0.03069,1401,false,false,False,unified-v1
cam5,1495,,0.00,abstain,sequence_failed,failed,0.03029,1402,false,false,False,unified-v1
cam5,1496,,0.00,abstain,sequence_failed,failed,0.03029,1403,false,false,False,unified-v1
cam5,1497,,0.00,abstain,sequence_failed,failed,0.03029,1404,false,false,False,unified-v1
cam5,1498,,0.00,abstain,sequence_failed,failed,0.03029,1405,false,false,False,unified-v1
cam5,1499,1406,0.67,uncalibrated_sequence_supported,accepted_sequence_supported,supported,0.02969,1406,false,false,False,unified-v1
cam5,1500,1407,0.67,uncalibrated_sequence_supported,accepted_sequence_supported,supported,0.02969,1407,true,false,False,unified-v1
cam5,1501,1408,0.67,uncalibrated_sequence_supported,accepted_sequence_supported,supported,0.02969,1408,false,false,False,unified-v1
cam5,1502,1409,0.67,uncalibrated_sequence_supported,accepted_sequence_supported,supported,0.02969,1409,false,false,False,unified-v1
cam5,1503,1410,0.67,uncalibrated_sequence_supported,accepted_sequence_supported,supported,0.02969,1410,false,false,False,unified-v1
cam5,1504,1411,0.67,uncalibrated_sequence_supported,accepted_sequence_supported,supported,0.02969,1411,false,false,False,unified-v1
cam5,1505,1414,0.67,uncalibrated_sequence_supported,accepted_sequence_supported,supported,0.02872,1414,false,false,False,unified-v1
cam5,1506,1415,0.67,uncalibrated_sequence_supported,accepted_sequence_supported,supported,0.02872,1415,false,false,False,unified-v1
cam5,1507,1416,0.67,uncalibrated_sequence_supported,accepted_sequence_supported,supported,0.02872,1416,false,false,False,unified-v1
cam5,1508,1417,0.67,uncalibrated_sequence_supported,accepted_sequence_supported,supported,0.02872,1417,false,false,False,unified-v1
cam5,1509,1418,0.67,uncalibrated_sequence_supported,accepted_sequence_supported,supported,0.02872,1418,false,false,False,unified-v1
cam5,1510,1419,0.67,uncalibrated_sequence_supported,accepted_sequence_supported,supported,0.02872,1419,false,false,False,unified-v1
cam5,1511,1420,1.00,uncalibrated_strong,accepted_strong,strong,0.02966,1420,false,false,False,unified-v1
cam5,1512,1421,1.00,uncalibrated_strong,accepted_strong,strong,0.02966,1421,true,false,False,unified-v1
cam5,1513,1422,1.00,uncalibrated_strong,accepted_strong,strong,0.02966,1422,false,false,False,unified-v1
cam5,1514,1424,1.00,uncalibrated_strong,accepted_strong,strong,0.02966,1424,false,false,False,unified-v1
cam5,1515,1425,1.00,uncalibrated_strong,accepted_strong,strong,0.02966,1425,false,false,False,unified-v1
cam5,1516,1426,1.00,uncalibrated_strong,accepted_strong,strong,0.02966,1426,false,false,False,unified-v1
cam5,1517,1427,1.00,uncalibrated_strong,accepted_strong,strong,0.029,1427,false,false,False,unified-v1
cam5,1518,1428,1.00,uncalibrated_strong,accepted_strong,strong,0.029,1428,false,false,False,unified-v1
cam5,1519,1429,1.00,uncalibrated_strong,accepted_strong,strong,0.029,1429,false,false,False,unified-v1
cam5,1520,1431,1.00,uncalibrated_strong,accepted_strong,strong,0.029,1431,false,false,False,unified-v1
cam5,1521,1432,1.00,uncalibrated_strong,accepted_strong,strong,0.029,1432,false,false,False,unified-v1
cam5,1522,1433,1.00,uncalibrated_strong,accepted_strong,strong,0.029,1433,false,false,False,unified-v1
cam5,1523,1434,1.00,uncalibrated_strong,accepted_strong,strong,0.02978,1434,false,false,False,unified-v1
cam5,1524,1435,1.00,uncalibrated_strong,accepted_strong,strong,0.02978,1435,true,true,False,unified-v1
cam5,1525,1436,1.00,uncalibrated_strong,accepted_strong,strong,0.02978,1436,false,false,False,unified-v1
cam5,1526,1437,1.00,uncalibrated_strong,accepted_strong,strong,0.02978,1437,false,false,False,unified-v1
cam5,1527,1438,1.00,uncalibrated_strong,accepted_strong,strong,0.02945,1438,false,false,False,unified-v1
cam5,1528,1439,1.00,uncalibrated_strong,accepted_strong,strong,0.02945,1439,false,false,False,unified-v1
cam5,1529,1440,1.00,uncalibrated_strong,accepted_strong,strong,0.02945,1440,false,false,False,unified-v1
cam5,1530,1441,1.00,uncalibrated_strong,accepted_strong,strong,0.02945,1441,false,false,False,unified-v1
cam5,1531,1442,1.00,uncalibrated_strong,accepted_strong,strong,0.02914,1442,false,false,False,unified-v1
cam5,1532,1443,1.00,uncalibrated_strong,accepted_strong,strong,0.02914,1443,false,false,False,unified-v1
cam5,1533,1444,1.00,uncalibrated_strong,accepted_strong,strong,0.02914,1444,false,false,False,unified-v1
cam5,1534,1445,1.00,uncalibrated_strong,accepted_strong,strong,0.02914,1445,false,false,False,unified-v1
cam5,1535,1446,1.00,uncalibrated_strong,accepted_strong,strong,0.02621,1446,false,false,False,unified-v1
cam5,1536,1447,1.00,uncalibrated_strong,accepted_strong,strong,0.02621,1447,true,true,False,unified-v1
cam5,1537,1447,1.00,uncalibrated_strong,accepted_strong,strong,0.02621,1447,false,false,False,unified-v1
cam5,1538,1449,1.00,uncalibrated_strong,accepted_strong,strong,0.02621,1449,false,false,False,unified-v1
cam5,1539,1449,1.00,uncalibrated_strong,accepted_strong,strong,0.02621,1449,false,false,False,unified-v1
cam5,1540,1449,1.00,uncalibrated_strong,accepted_strong,strong,0.02621,1449,false,false,False,unified-v1
cam5,1541,1450,1.00,uncalibrated_strong,accepted_strong,strong,0.02621,1450,false,false,False,unified-v1
cam5,1542,1450,1.00,uncalibrated_strong,accepted_strong,strong,0.02621,1450,false,false,False,unified-v1
cam5,1543,1450,1.00,uncalibrated_strong,accepted_strong,strong,0.02382,1450,false,false,False,unified-v1
cam5,1544,1451,1.00,uncalibrated_strong,accepted_strong,strong,0.02382,1451,false,false,False,unified-v1
cam5,1545,1451,1.00,uncalibrated_strong,accepted_strong,strong,0.02382,1451,false,false,False,unified-v1
cam5,1546,1451,1.00,uncalibrated_strong,accepted_strong,strong,0.02382,1451,false,false,False,unified-v1
cam5,1547,1452,1.00,uncalibrated_strong,accepted_strong,strong,0.02382,1452,false,false,False,unified-v1
cam5,1548,1452,1.00,uncalibrated_strong,accepted_strong,strong,0.02382,1452,true,false,False,unified-v1
cam5,1549,1453,1.00,uncalibrated_strong,accepted_strong,strong,0.02382,1453,false,false,False,unified-v1
cam5,1550,1454,1.00,uncalibrated_strong,accepted_strong,strong,0.02382,1454,false,false,False,unified-v1
cam5,1551,1455,1.00,uncalibrated_strong,accepted_strong,strong,0.02342,1455,false,false,False,unified-v1
cam5,1552,1456,1.00,uncalibrated_strong,accepted_strong,strong,0.02342,1456,false,false,False,unified-v1
cam5,1553,1459,1.00,uncalibrated_strong,accepted_strong,strong,0.02342,1459,false,false,False,unified-v1
cam5,1554,1462,1.00,uncalibrated_strong,accepted_strong,strong,0.02342,1462,false,false,False,unified-v1
cam5,1555,1465,0.67,uncalibrated_sequence_supported,accepted_sequence_supported,supported,0.02372,1465,false,false,False,unified-v1
cam5,1556,1468,0.67,uncalibrated_sequence_supported,accepted_sequence_supported,supported,0.02372,1468,false,false,False,unified-v1
cam5,1557,1469,0.67,uncalibrated_sequence_supported,accepted_sequence_supported,supported,0.02372,1469,false,false,False,unified-v1
cam5,1558,1470,0.67,uncalibrated_sequence_supported,accepted_sequence_supported,supported,0.02372,1470,false,false,False,unified-v1
cam5,1559,1471,0.67,uncalibrated_sequence_supported,accepted_sequence_supported,supported,0.02372,1471,false,false,False,unified-v1
cam5,1560,1472,0.67,uncalibrated_sequence_supported,accepted_sequence_supported,supported,0.02372,1472,true,true,False,unified-v1
cam5,1561,,0.00,abstain,sequence_failed,failed,0.02307,1473,false,false,False,unified-v1
cam5,1562,,0.00,abstain,sequence_failed,failed,0.02307,1473,false,false,False,unified-v1
cam5,1563,,0.00,abstain,sequence_failed,failed,0.02307,1473,false,false,False,unified-v1
cam5,1564,,0.00,abstain,sequence_failed,failed,0.02307,1473,false,false,False,unified-v1
cam5,1565,,0.00,abstain,sequence_failed,failed,0.02307,1473,false,false,False,unified-v1
cam5,1566,,0.00,abstain,sequence_failed,failed,0.02307,1474,false,false,False,unified-v1
cam5,1567,,0.00,abstain,sequence_failed,failed,0.02158,1475,false,false,False,unified-v1
cam5,1568,,0.00,abstain,sequence_failed,failed,0.02158,1476,false,false,False,unified-v1
cam5,1569,,0.00,abstain,sequence_failed,failed,0.02158,1479,false,false,False,unified-v1
cam5,1570,,0.00,abstain,sequence_failed,failed,0.02158,1482,false,false,False,unified-v1
cam5,1571,,0.00,abstain,sequence_failed,failed,0.02064,1485,false,false,False,unified-v1
cam5,1572,,0.00,abstain,sequence_failed,failed,0.02064,1488,false,false,False,unified-v1
cam5,1573,,0.00,abstain,sequence_failed,failed,0.02064,1491,false,false,False,unified-v1
cam5,1574,,0.00,abstain,sequence_failed,failed,0.02064,1491,false,false,False,unified-v1
cam5,1575,,0.00,abstain,sequence_failed,failed,0.0217,1494,false,false,False,unified-v1
cam5,1576,,0.00,abstain,sequence_failed,failed,0.0217,1494,false,false,False,unified-v1
cam5,1577,,0.00,abstain,sequence_failed,failed,0.0217,1494,false,false,False,unified-v1
cam5,1578,,0.00,abstain,sequence_failed,failed,0.0217,1495,false,false,False,unified-v1
cam5,1579,,0.00,abstain,sequence_failed,failed,0.0249,1496,false,false,False,unified-v1
cam5,1580,,0.00,abstain,sequence_failed,failed,0.0249,1497,false,false,False,unified-v1
cam5,1581,,0.00,abstain,sequence_failed,failed,0.0249,1498,false,false,False,unified-v1
cam5,1582,,0.00,abstain,sequence_failed,failed,0.0249,1499,false,false,False,unified-v1
cam5,1583,,0.00,abstain,sequence_failed,failed,0.0278,1500,false,false,False,unified-v1
cam5,1584,,0.00,abstain,sequence_failed,failed,0.0278,1501,false,false,False,unified-v1
cam5,1585,,0.00,abstain,sequence_failed,failed,0.0278,1502,false,false,False,unified-v1
cam5,1586,,0.00,abstain,sequence_failed,failed,0.0278,1503,false,false,False,unified-v1
cam5,1587,,0.00,abstain,sequence_failed,failed,0.0278,1504,false,false,False,unified-v1
cam5,1588,,0.00,abstain,sequence_failed,failed,0.0278,1506,false,false,False,unified-v1
cam5,1589,,0.00,abstain,sequence_failed,failed,0.03058,1507,false,false,False,unified-v1
cam5,1590,,0.00,abstain,sequence_failed,failed,0.03058,1508,false,false,False,unified-v1
cam5,1591,,0.00,abstain,sequence_failed,failed,0.03058,1509,false,false,False,unified-v1
cam5,1592,,0.00,abstain,sequence_failed,failed,0.03058,1510,false,false,False,unified-v1
cam5,1593,,0.00,abstain,sequence_failed,failed,0.03058,1511,false,false,False,unified-v1
cam5,1594,,0.00,abstain,sequence_failed,failed,0.03058,1512,false,false,False,unified-v1
cam5,1595,,0.00,abstain,sequence_failed,failed,0.03058,1513,false,false,False,unified-v1
cam5,1596,,0.00,abstain,sequence_failed,failed,0.03058,1514,false,false,False,unified-v1
cam5,1597,,0.00,abstain,sequence_failed,failed,0.03266,1516,false,false,False,unified-v1
cam5,1598,,0.00,abstain,sequence_failed,failed,0.03266,1517,false,false,False,unified-v1
cam5,1599,,0.00,abstain,sequence_failed,failed,0.03266,1518,false,false,False,unified-v1
cam5,1600,,0.00,abstain,sequence_failed,failed,0.03266,1518,false,false,False,unified-v1
cam5,1601,,0.00,abstain,sequence_failed,failed,0.03266,1521,false,false,False,unified-v1
cam5,1602,,0.00,abstain,sequence_failed,failed,0.03266,1522,false,false,False,unified-v1
cam5,1603,,0.00,abstain,sequence_failed,failed,0.03497,1523,false,false,False,unified-v1
cam5,1604,,0.00,abstain,sequence_failed,failed,0.03497,1524,false,false,False,unified-v1
cam5,1605,,0.00,abstain,sequence_failed,failed,0.03497,1525,false,false,False,unified-v1
cam5,1606,,0.00,abstain,sequence_failed,failed,0.03497,1526,false,false,False,unified-v1
cam5,1607,,0.00,abstain,sequence_failed,failed,0.03746,1527,false,false,False,unified-v1
cam5,1608,,0.00,abstain,sequence_failed,failed,0.03746,1528,false,false,False,unified-v1
cam5,1609,,0.00,abstain,sequence_failed,failed,0.03746,1529,false,false,False,unified-v1
cam5,1610,,0.00,abstain,sequence_failed,failed,0.03746,1530,false,false,False,unified-v1
cam5,1611,,0.00,abstain,sequence_failed,failed,0.03746,1531,false,false,False,unified-v1
cam5,1612,,0.00,abstain,sequence_failed,failed,0.03746,1532,false,false,False,unified-v1
cam5,1613,1533,0.67,uncalibrated_sequence_supported,accepted_sequence_supported,supported,0.03709,1533,false,false,False,unified-v1
cam5,1614,1534,0.67,uncalibrated_sequence_supported,accepted_sequence_supported,supported,0.03709,1534,false,false,False,unified-v1
cam5,1615,1536,0.67,uncalibrated_sequence_supported,accepted_sequence_supported,supported,0.03709,1536,false,false,False,unified-v1
cam5,1616,1537,0.67,uncalibrated_sequence_supported,accepted_sequence_supported,supported,0.03709,1537,false,false,False,unified-v1
cam5,1617,1539,0.67,uncalibrated_sequence_supported,accepted_sequence_supported,supported,0.03709,1539,false,false,False,unified-v1
cam5,1618,1541,0.67,uncalibrated_sequence_supported,accepted_sequence_supported,supported,0.03709,1541,false,false,False,unified-v1
cam5,1619,1542,0.67,uncalibrated_sequence_supported,accepted_sequence_supported,supported,0.03709,1542,false,false,False,unified-v1
cam5,1620,1543,0.67,uncalibrated_sequence_supported,accepted_sequence_supported,supported,0.03709,1543,true,true,False,unified-v1
cam5,1621,1544,0.67,uncalibrated_sequence_supported,accepted_sequence_supported,supported,0.03874,1544,false,false,False,unified-v1
cam5,1622,1545,0.67,uncalibrated_sequence_supported,accepted_sequence_supported,supported,0.03874,1545,false,false,False,unified-v1
cam5,1623,1546,0.67,uncalibrated_sequence_supported,accepted_sequence_supported,supported,0.03874,1546,false,false,False,unified-v1
cam5,1624,1547,0.67,uncalibrated_sequence_supported,accepted_sequence_supported,supported,0.03874,1547,false,false,False,unified-v1
cam5,1625,1548,0.67,uncalibrated_sequence_supported,accepted_sequence_supported,supported,0.03874,1548,false,false,False,unified-v1
cam5,1626,1549,0.67,uncalibrated_sequence_supported,accepted_sequence_supported,supported,0.03874,1549,false,false,False,unified-v1
cam5,1627,1550,1.00,uncalibrated_strong,accepted_strong,strong,0.03758,1550,false,false,False,unified-v1
cam5,1628,1551,1.00,uncalibrated_strong,accepted_strong,strong,0.03758,1551,false,false,False,unified-v1
cam5,1629,1552,1.00,uncalibrated_strong,accepted_strong,strong,0.03758,1552,false,false,False,unified-v1
cam5,1630,1553,1.00,uncalibrated_strong,accepted_strong,strong,0.03758,1553,false,false,False,unified-v1
cam5,1631,1554,1.00,uncalibrated_strong,accepted_strong,strong,0.03758,1554,false,false,False,unified-v1
cam5,1632,1556,1.00,uncalibrated_strong,accepted_strong,strong,0.03758,1556,true,false,False,unified-v1
cam5,1633,1557,1.00,uncalibrated_strong,accepted_strong,strong,0.03819,1557,false,false,False,unified-v1
cam5,1634,1558,1.00,uncalibrated_strong,accepted_strong,strong,0.03819,1558,false,false,False,unified-v1
cam5,1635,1559,1.00,uncalibrated_strong,accepted_strong,strong,0.03819,1559,false,false,False,unified-v1
cam5,1636,1560,1.00,uncalibrated_strong,accepted_strong,strong,0.03819,1560,false,false,False,unified-v1
cam5,1637,1561,1.00,uncalibrated_strong,accepted_strong,strong,0.03819,1561,false,false,False,unified-v1
cam5,1638,1562,1.00,uncalibrated_strong,accepted_strong,strong,0.03819,1562,false,false,False,unified-v1
cam5,1639,1563,1.00,uncalibrated_strong,accepted_strong,strong,0.03819,1563,false,false,False,unified-v1
cam5,1640,1563,1.00,uncalibrated_strong,accepted_strong,strong,0.03819,1563,false,false,False,unified-v1
cam5,1641,1564,1.00,uncalibrated_strong,accepted_strong,strong,0.03819,1564,false,false,False,unified-v1
cam5,1642,1564,1.00,uncalibrated_strong,accepted_strong,strong,0.03819,1564,false,false,False,unified-v1
cam5,1643,1564,1.00,uncalibrated_strong,accepted_strong,strong,0.03927,1564,false,false,False,unified-v1
cam5,1644,1564,1.00,uncalibrated_strong,accepted_strong,strong,0.03927,1564,true,true,False,unified-v1
cam5,1645,1564,1.00,uncalibrated_strong,accepted_strong,strong,0.03927,1564,false,false,False,unified-v1
cam5,1646,1564,1.00,uncalibrated_strong,accepted_strong,strong,0.03927,1564,false,false,False,unified-v1
cam5,1647,1565,1.00,uncalibrated_strong,accepted_strong,strong,0.03927,1565,false,false,False,unified-v1
cam5,1648,1565,1.00,uncalibrated_strong,accepted_strong,strong,0.03927,1565,false,false,False,unified-v1
cam5,1649,1568,1.00,uncalibrated_strong,accepted_strong,strong,0.03927,1568,false,false,False,unified-v1
cam5,1650,1571,1.00,uncalibrated_strong,accepted_strong,strong,0.03927,1571,false,false,False,unified-v1
cam5,1651,1574,1.00,uncalibrated_strong,accepted_strong,strong,0.04011,1574,false,false,False,unified-v1
cam5,1652,1577,1.00,uncalibrated_strong,accepted_strong,strong,0.04011,1577,false,false,False,unified-v1
cam5,1653,1578,1.00,uncalibrated_strong,accepted_strong,strong,0.04011,1578,false,false,False,unified-v1
cam5,1654,1579,1.00,uncalibrated_strong,accepted_strong,strong,0.04011,1579,false,false,False,unified-v1
cam5,1655,1580,1.00,uncalibrated_strong,accepted_strong,strong,0.03864,1580,false,false,False,unified-v1
cam5,1656,1581,1.00,uncalibrated_strong,accepted_strong,strong,0.03864,1581,true,true,False,unified-v1
cam5,1657,1584,1.00,uncalibrated_strong,accepted_strong,strong,0.03864,1584,false,false,False,unified-v1
cam5,1658,1585,1.00,uncalibrated_strong,accepted_strong,strong,0.03864,1585,false,false,False,unified-v1
cam5,1659,1586,1.00,uncalibrated_strong,accepted_strong,strong,0.0397,1586,false,false,False,unified-v1
cam5,1660,1588,1.00,uncalibrated_strong,accepted_strong,strong,0.0397,1588,false,false,False,unified-v1
cam5,1661,1589,1.00,uncalibrated_strong,accepted_strong,strong,0.0397,1589,false,false,False,unified-v1
cam5,1662,1590,1.00,uncalibrated_strong,accepted_strong,strong,0.0397,1590,false,false,False,unified-v1
cam5,1663,1591,1.00,uncalibrated_strong,accepted_strong,strong,0.0397,1591,false,false,False,unified-v1
cam5,1664,1592,1.00,uncalibrated_strong,accepted_strong,strong,0.0397,1592,false,false,False,unified-v1
cam5,1665,1593,1.00,uncalibrated_strong,accepted_strong,strong,0.04196,1593,false,false,False,unified-v1
cam5,1666,1594,1.00,uncalibrated_strong,accepted_strong,strong,0.04196,1594,false,false,False,unified-v1
cam5,1667,1595,1.00,uncalibrated_strong,accepted_strong,strong,0.04196,1595,false,false,False,unified-v1
cam5,1668,1596,1.00,uncalibrated_strong,accepted_strong,strong,0.04196,1596,true,true,False,unified-v1
cam5,1669,1597,1.00,uncalibrated_strong,accepted_strong,strong,0.04196,1597,false,false,False,unified-v1
cam5,1670,1598,1.00,uncalibrated_strong,accepted_strong,strong,0.04196,1598,false,false,False,unified-v1
cam5,1671,1599,0.67,uncalibrated_sequence_supported,accepted_sequence_supported,supported,0.04631,1599,false,false,False,unified-v1
cam5,1672,1600,0.67,uncalibrated_sequence_supported,accepted_sequence_supported,supported,0.04631,1600,false,false,False,unified-v1
cam5,1673,1601,0.67,uncalibrated_sequence_supported,accepted_sequence_supported,supported,0.04631,1601,false,false,False,unified-v1
cam5,1674,1602,0.67,uncalibrated_sequence_supported,accepted_sequence_supported,supported,0.04631,1602,false,false,False,unified-v1
cam5,1675,1603,0.67,uncalibrated_sequence_supported,accepted_sequence_supported,supported,0.04993,1603,false,false,False,unified-v1
cam5,1676,1604,0.67,uncalibrated_sequence_supported,accepted_sequence_supported,supported,0.04993,1604,false,false,False,unified-v1
cam5,1677,1607,0.67,uncalibrated_sequence_supported,accepted_sequence_supported,supported,0.04993,1607,false,false,False,unified-v1
cam5,1678,1607,0.67,uncalibrated_sequence_supported,accepted_sequence_supported,supported,0.04993,1607,false,false,False,unified-v1
cam5,1679,1607,0.67,uncalibrated_sequence_supported,accepted_sequence_supported,supported,0.05207,1607,false,false,False,unified-v1
cam5,1680,1609,0.67,uncalibrated_sequence_supported,accepted_sequence_supported,supported,0.05207,1609,true,false,False,unified-v1
cam5,1681,1612,0.67,uncalibrated_sequence_supported,accepted_sequence_supported,supported,0.05207,1612,false,false,False,unified-v1
cam5,1682,1615,0.67,uncalibrated_sequence_supported,accepted_sequence_supported,supported,0.05207,1615,false,false,False,unified-v1
cam5,1683,1616,0.67,uncalibrated_sequence_supported,accepted_sequence_supported,supported,0.05511,1616,false,false,False,unified-v1
cam5,1684,1619,0.67,uncalibrated_sequence_supported,accepted_sequence_supported,supported,0.05511,1619,false,false,False,unified-v1
cam5,1685,1620,0.67,uncalibrated_sequence_supported,accepted_sequence_supported,supported,0.05511,1620,false,false,False,unified-v1
cam5,1686,1621,0.67,uncalibrated_sequence_supported,accepted_sequence_supported,supported,0.05511,1621,false,false,False,unified-v1
cam5,1687,1621,0.67,uncalibrated_sequence_supported,accepted_sequence_supported,supported,0.05511,1621,false,false,False,unified-v1
cam5,1688,1622,0.67,uncalibrated_sequence_supported,accepted_sequence_supported,supported,0.05511,1622,false,false,False,unified-v1
cam5,1689,1623,1.00,uncalibrated_strong,accepted_strong,strong,0.05884,1623,false,false,False,unified-v1
cam5,1690,1624,1.00,uncalibrated_strong,accepted_strong,strong,0.05884,1624,false,false,False,unified-v1
cam5,1691,1625,1.00,uncalibrated_strong,accepted_strong,strong,0.05884,1625,false,false,False,unified-v1
cam5,1692,1627,1.00,uncalibrated_strong,accepted_strong,strong,0.05884,1627,true,true,False,unified-v1
cam5,1693,1629,1.00,uncalibrated_strong,accepted_strong,strong,0.05884,1629,false,false,False,unified-v1
cam5,1694,1631,1.00,uncalibrated_strong,accepted_strong,strong,0.05884,1631,false,false,False,unified-v1
cam5,1695,1632,1.00,uncalibrated_strong,accepted_strong,strong,0.0628,1632,false,false,False,unified-v1
cam5,1696,1633,1.00,uncalibrated_strong,accepted_strong,strong,0.0628,1633,false,false,False,unified-v1
cam5,1697,1633,1.00,uncalibrated_strong,accepted_strong,strong,0.0628,1633,false,false,False,unified-v1
cam5,1698,1634,1.00,uncalibrated_strong,accepted_strong,strong,0.0628,1634,false,false,False,unified-v1
cam5,1699,1636,1.00,uncalibrated_strong,accepted_strong,strong,0.0628,1636,false,false,False,unified-v1
cam5,1700,1636,1.00,uncalibrated_strong,accepted_strong,strong,0.0628,1636,false,false,False,unified-v1
cam5,1701,1637,1.00,uncalibrated_strong,accepted_strong,strong,0.06449,1637,false,false,False,unified-v1
cam5,1702,1639,1.00,uncalibrated_strong,accepted_strong,strong,0.06449,1639,false,false,False,unified-v1
cam5,1703,1640,1.00,uncalibrated_strong,accepted_strong,strong,0.06449,1640,false,false,False,unified-v1
cam5,1704,1640,1.00,uncalibrated_strong,accepted_strong,strong,0.06449,1640,true,false,False,unified-v1
cam5,1705,1641,1.00,uncalibrated_strong,accepted_strong,strong,0.06449,1641,false,false,False,unified-v1
cam5,1706,1642,1.00,uncalibrated_strong,accepted_strong,strong,0.06449,1642,false,false,False,unified-v1
cam5,1707,1643,1.00,uncalibrated_strong,accepted_strong,strong,0.06763,1643,false,false,False,unified-v1
cam5,1708,1645,1.00,uncalibrated_strong,accepted_strong,strong,0.06763,1645,false,false,False,unified-v1
cam5,1709,1646,1.00,uncalibrated_strong,accepted_strong,strong,0.06763,1646,false,false,False,unified-v1
cam5,1710,1647,1.00,uncalibrated_strong,accepted_strong,strong,0.06763,1647,false,false,False,unified-v1
cam5,1711,1648,1.00,uncalibrated_strong,accepted_strong,strong,0.06763,1648,false,false,False,unified-v1
cam5,1712,1649,1.00,uncalibrated_strong,accepted_strong,strong,0.06763,1649,false,false,False,unified-v1
cam5,1713,1650,1.00,uncalibrated_strong,accepted_strong,strong,0.06913,1650,false,false,False,unified-v1
cam5,1714,1651,1.00,uncalibrated_strong,accepted_strong,strong,0.06913,1651,false,false,False,unified-v1
cam5,1715,1654,1.00,uncalibrated_strong,accepted_strong,strong,0.06913,1654,false,false,False,unified-v1
cam5,1716,1655,1.00,uncalibrated_strong,accepted_strong,strong,0.06913,1655,true,false,False,unified-v1
cam5,1717,1656,1.00,uncalibrated_strong,accepted_strong,strong,0.06913,1656,false,false,False,unified-v1
cam5,1718,1657,1.00,uncalibrated_strong,accepted_strong,strong,0.06913,1657,false,false,False,unified-v1
cam5,1719,1658,1.00,uncalibrated_strong,accepted_strong,strong,0.06913,1658,false,false,False,unified-v1
cam5,1720,1659,1.00,uncalibrated_strong,accepted_strong,strong,0.06913,1659,false,false,False,unified-v1
cam5,1721,1660,1.00,uncalibrated_strong,accepted_strong,strong,0.0702,1660,false,false,False,unified-v1
cam5,1722,1661,1.00,uncalibrated_strong,accepted_strong,strong,0.0702,1661,false,false,False,unified-v1
cam5,1723,1662,1.00,uncalibrated_strong,accepted_strong,strong,0.0702,1662,false,false,False,unified-v1
cam5,1724,1663,1.00,uncalibrated_strong,accepted_strong,strong,0.0702,1663,false,false,False,unified-v1
cam5,1725,1665,1.00,uncalibrated_strong,accepted_strong,strong,0.0702,1665,false,false,False,unified-v1
cam5,1726,1666,1.00,uncalibrated_strong,accepted_strong,strong,0.0702,1666,false,false,False,unified-v1
cam5,1727,1667,1.00,uncalibrated_strong,accepted_strong,strong,0.07413,1667,false,false,False,unified-v1
cam5,1728,1668,1.00,uncalibrated_strong,accepted_strong,strong,0.07413,1668,true,true,False,unified-v1
cam5,1729,1669,1.00,uncalibrated_strong,accepted_strong,strong,0.07413,1669,false,false,False,unified-v1
cam5,1730,1670,1.00,uncalibrated_strong,accepted_strong,strong,0.07413,1670,false,false,False,unified-v1
cam5,1731,1672,1.00,uncalibrated_strong,accepted_strong,strong,0.07556,1672,false,false,False,unified-v1
cam5,1732,1673,1.00,uncalibrated_strong,accepted_strong,strong,0.07556,1673,false,false,False,unified-v1
cam5,1733,1674,1.00,uncalibrated_strong,accepted_strong,strong,0.07556,1674,false,false,False,unified-v1
cam5,1734,1675,1.00,uncalibrated_strong,accepted_strong,strong,0.07556,1675,false,false,False,unified-v1
cam5,1735,1676,1.00,uncalibrated_strong,accepted_strong,strong,0.07734,1676,false,false,False,unified-v1
cam5,1736,1677,1.00,uncalibrated_strong,accepted_strong,strong,0.07734,1677,false,false,False,unified-v1
cam5,1737,1678,1.00,uncalibrated_strong,accepted_strong,strong,0.07734,1678,false,false,False,unified-v1
cam5,1738,1679,1.00,uncalibrated_strong,accepted_strong,strong,0.07734,1679,false,false,False,unified-v1
cam5,1739,1680,1.00,uncalibrated_strong,accepted_strong,strong,0.07899,1680,false,false,False,unified-v1
cam5,1740,1681,1.00,uncalibrated_strong,accepted_strong,strong,0.07899,1681,true,false,False,unified-v1
cam5,1741,1682,1.00,uncalibrated_strong,accepted_strong,strong,0.07899,1682,false,false,False,unified-v1
cam5,1742,1683,1.00,uncalibrated_strong,accepted_strong,strong,0.07899,1683,false,false,False,unified-v1
cam5,1743,1684,1.00,uncalibrated_strong,accepted_strong,strong,0.07862,1684,false,false,False,unified-v1
cam5,1744,1685,1.00,uncalibrated_strong,accepted_strong,strong,0.07862,1685,false,false,False,unified-v1
cam5,1745,1687,1.00,uncalibrated_strong,accepted_strong,strong,0.07862,1687,false,false,False,unified-v1
cam5,1746,1689,1.00,uncalibrated_strong,accepted_strong,strong,0.07862,1689,false,false,False,unified-v1
cam5,1747,1690,1.00,uncalibrated_strong,accepted_strong,strong,0.0785,1690,false,false,False,unified-v1
cam5,1748,1692,1.00,uncalibrated_strong,accepted_strong,strong,0.0785,1692,false,false,False,unified-v1
cam5,1749,1693,1.00,uncalibrated_strong,accepted_strong,strong,0.0785,1693,false,false,False,unified-v1
cam5,1750,1694,1.00,uncalibrated_strong,accepted_strong,strong,0.0785,1694,false,false,False,unified-v1
cam5,1751,1695,1.00,uncalibrated_strong,accepted_strong,strong,0.07741,1695,false,false,False,unified-v1
cam5,1752,1696,1.00,uncalibrated_strong,accepted_strong,strong,0.07741,1696,true,false,False,unified-v1
cam5,1753,1697,1.00,uncalibrated_strong,accepted_strong,strong,0.07741,1697,false,false,False,unified-v1
cam5,1754,1698,1.00,uncalibrated_strong,accepted_strong,strong,0.07741,1698,false,false,False,unified-v1
cam5,1755,1699,1.00,uncalibrated_strong,accepted_strong,strong,0.07741,1699,false,false,False,unified-v1
cam5,1756,1700,1.00,uncalibrated_strong,accepted_strong,strong,0.07741,1700,false,false,False,unified-v1
cam5,1757,1701,1.00,uncalibrated_strong,accepted_strong,strong,0.07816,1701,false,false,False,unified-v1
cam5,1758,1702,1.00,uncalibrated_strong,accepted_strong,strong,0.07816,1702,false,false,False,unified-v1
cam5,1759,1705,1.00,uncalibrated_strong,accepted_strong,strong,0.07816,1705,false,false,False,unified-v1
cam5,1760,1706,1.00,uncalibrated_strong,accepted_strong,strong,0.07816,1706,false,false,False,unified-v1
cam5,1761,1707,1.00,uncalibrated_strong,accepted_strong,strong,0.07816,1707,false,false,False,unified-v1
cam5,1762,1708,1.00,uncalibrated_strong,accepted_strong,strong,0.07816,1708,false,false,False,unified-v1
cam5,1763,1709,1.00,uncalibrated_strong,accepted_strong,strong,0.08024,1709,false,false,False,unified-v1
cam5,1764,1710,1.00,uncalibrated_strong,accepted_strong,strong,0.08024,1710,true,false,False,unified-v1
cam5,1765,1711,1.00,uncalibrated_strong,accepted_strong,strong,0.08024,1711,false,false,False,unified-v1
cam5,1766,1712,1.00,uncalibrated_strong,accepted_strong,strong,0.08024,1712,false,false,False,unified-v1
cam5,1767,1713,1.00,uncalibrated_strong,accepted_strong,strong,0.08172,1713,false,false,False,unified-v1
cam5,1768,1714,1.00,uncalibrated_strong,accepted_strong,strong,0.08172,1714,false,false,False,unified-v1
cam5,1769,1715,1.00,uncalibrated_strong,accepted_strong,strong,0.08172,1715,false,false,False,unified-v1
cam5,1770,1716,1.00,uncalibrated_strong,accepted_strong,strong,0.08172,1716,false,false,False,unified-v1
cam5,1771,1718,1.00,uncalibrated_strong,accepted_strong,strong,0.0829,1718,false,false,False,unified-v1
cam5,1772,1719,1.00,uncalibrated_strong,accepted_strong,strong,0.0829,1719,false,false,False,unified-v1
cam5,1773,1720,1.00,uncalibrated_strong,accepted_strong,strong,0.0829,1720,false,false,False,unified-v1
cam5,1774,1721,1.00,uncalibrated_strong,accepted_strong,strong,0.0829,1721,false,false,False,unified-v1
cam5,1775,1722,1.00,uncalibrated_strong,accepted_strong,strong,0.08378,1722,false,false,False,unified-v1
cam5,1776,1723,1.00,uncalibrated_strong,accepted_strong,strong,0.08378,1723,true,true,False,unified-v1
cam5,1777,1725,1.00,uncalibrated_strong,accepted_strong,strong,0.08378,1725,false,false,False,unified-v1
cam5,1778,1726,1.00,uncalibrated_strong,accepted_strong,strong,0.08378,1726,false,false,False,unified-v1
cam5,1779,1727,1.00,uncalibrated_strong,accepted_strong,strong,0.08552,1727,false,false,False,unified-v1
cam5,1780,1728,1.00,uncalibrated_strong,accepted_strong,strong,0.08552,1728,false,false,False,unified-v1
cam5,1781,1729,1.00,uncalibrated_strong,accepted_strong,strong,0.08552,1729,false,false,False,unified-v1
cam5,1782,1730,1.00,uncalibrated_strong,accepted_strong,strong,0.08552,1730,false,false,False,unified-v1
cam5,1783,1731,1.00,uncalibrated_strong,accepted_strong,strong,0.08763,1731,false,false,False,unified-v1
cam5,1784,1732,1.00,uncalibrated_strong,accepted_strong,strong,0.08763,1732,false,false,False,unified-v1
cam5,1785,1733,1.00,uncalibrated_strong,accepted_strong,strong,0.08763,1733,false,false,False,unified-v1
cam5,1786,1735,1.00,uncalibrated_strong,accepted_strong,strong,0.08763,1735,false,false,False,unified-v1
cam5,1787,1737,1.00,uncalibrated_strong,accepted_strong,strong,0.0886,1737,false,false,False,unified-v1
cam5,1788,1739,1.00,uncalibrated_strong,accepted_strong,strong,0.0886,1739,true,true,False,unified-v1
cam5,1789,1739,1.00,uncalibrated_strong,accepted_strong,strong,0.0886,1739,false,false,False,unified-v1
cam5,1790,1740,1.00,uncalibrated_strong,accepted_strong,strong,0.0886,1740,false,false,False,unified-v1
cam5,1791,1741,1.00,uncalibrated_strong,accepted_strong,strong,0.08956,1741,false,false,False,unified-v1
cam5,1792,1742,1.00,uncalibrated_strong,accepted_strong,strong,0.08956,1742,false,false,False,unified-v1
cam5,1793,1743,1.00,uncalibrated_strong,accepted_strong,strong,0.08956,1743,false,false,False,unified-v1
cam5,1794,1744,1.00,uncalibrated_strong,accepted_strong,strong,0.08956,1744,false,false,False,unified-v1
cam5,1795,1745,1.00,uncalibrated_strong,accepted_strong,strong,0.08871,1745,false,false,False,unified-v1
cam5,1796,1746,1.00,uncalibrated_strong,accepted_strong,strong,0.08871,1746,false,false,False,unified-v1
cam5,1797,1747,1.00,uncalibrated_strong,accepted_strong,strong,0.08871,1747,false,false,False,unified-v1
cam5,1798,1748,1.00,uncalibrated_strong,accepted_strong,strong,0.08871,1748,false,false,False,unified-v1
cam5,1799,1749,1.00,uncalibrated_strong,accepted_strong,strong,0.08743,1749,false,false,False,unified-v1
cam5,1800,1750,1.00,uncalibrated_strong,accepted_strong,strong,0.08743,1750,true,false,False,unified-v1
cam5,1801,1751,1.00,uncalibrated_strong,accepted_strong,strong,0.08743,1751,false,false,False,unified-v1
cam5,1802,1752,1.00,uncalibrated_strong,accepted_strong,strong,0.08743,1752,false,false,False,unified-v1
cam5,1803,1753,1.00,uncalibrated_strong,accepted_strong,strong,0.08743,1753,false,false,False,unified-v1
cam5,1804,1754,1.00,uncalibrated_strong,accepted_strong,strong,0.08743,1754,false,false,False,unified-v1
cam5,1805,1755,1.00,uncalibrated_strong,accepted_strong,strong,0.08855,1755,false,false,False,unified-v1
cam5,1806,1756,1.00,uncalibrated_strong,accepted_strong,strong,0.08855,1756,false,false,False,unified-v1
cam5,1807,1757,1.00,uncalibrated_strong,accepted_strong,strong,0.08855,1757,false,false,False,unified-v1
cam5,1808,1758,1.00,uncalibrated_strong,accepted_strong,strong,0.08855,1758,false,false,False,unified-v1
cam5,1809,1759,1.00,uncalibrated_strong,accepted_strong,strong,0.08855,1759,false,false,False,unified-v1
cam5,1810,1760,1.00,uncalibrated_strong,accepted_strong,strong,0.08855,1760,false,false,False,unified-v1
cam5,1811,1761,1.00,uncalibrated_strong,accepted_strong,strong,0.08839,1761,false,false,False,unified-v1
cam5,1812,1762,1.00,uncalibrated_strong,accepted_strong,strong,0.08839,1762,true,true,False,unified-v1
cam5,1813,1763,1.00,uncalibrated_strong,accepted_strong,strong,0.08839,1763,false,false,False,unified-v1
cam5,1814,1764,1.00,uncalibrated_strong,accepted_strong,strong,0.08839,1764,false,false,False,unified-v1
cam5,1815,1765,1.00,uncalibrated_strong,accepted_strong,strong,0.08839,1765,false,false,False,unified-v1
cam5,1816,1766,1.00,uncalibrated_strong,accepted_strong,strong,0.08839,1766,false,false,False,unified-v1
cam5,1817,1767,1.00,uncalibrated_strong,accepted_strong,strong,0.08935,1767,false,false,False,unified-v1
cam5,1818,1768,1.00,uncalibrated_strong,accepted_strong,strong,0.08935,1768,false,false,False,unified-v1
cam5,1819,1769,1.00,uncalibrated_strong,accepted_strong,strong,0.08935,1769,false,false,False,unified-v1
cam5,1820,1770,1.00,uncalibrated_strong,accepted_strong,strong,0.08935,1770,false,false,False,unified-v1
cam5,1821,1771,1.00,uncalibrated_strong,accepted_strong,strong,0.08935,1771,false,false,False,unified-v1
cam5,1822,1772,1.00,uncalibrated_strong,accepted_strong,strong,0.08935,1772,false,false,False,unified-v1
cam5,1823,1773,1.00,uncalibrated_strong,accepted_strong,strong,0.09077,1773,false,false,False,unified-v1
cam5,1824,1774,1.00,uncalibrated_strong,accepted_strong,strong,0.09077,1774,true,true,False,unified-v1
cam5,1825,1775,1.00,uncalibrated_strong,accepted_strong,strong,0.09077,1775,false,false,False,unified-v1
cam5,1826,1776,1.00,uncalibrated_strong,accepted_strong,strong,0.09077,1776,false,false,False,unified-v1
cam5,1827,1777,1.00,uncalibrated_strong,accepted_strong,strong,0.09077,1777,false,false,False,unified-v1
cam5,1828,1778,1.00,uncalibrated_strong,accepted_strong,strong,0.09077,1778,false,false,False,unified-v1
cam5,1829,1779,1.00,uncalibrated_strong,accepted_strong,strong,0.09025,1779,false,false,False,unified-v1
cam5,1830,1780,1.00,uncalibrated_strong,accepted_strong,strong,0.09025,1780,false,false,False,unified-v1
cam5,1831,1781,1.00,uncalibrated_strong,accepted_strong,strong,0.09025,1781,false,false,False,unified-v1
cam5,1832,1782,1.00,uncalibrated_strong,accepted_strong,strong,0.09025,1782,false,false,False,unified-v1
cam5,1833,1783,1.00,uncalibrated_strong,accepted_strong,strong,0.09025,1783,false,false,False,unified-v1
cam5,1834,1784,1.00,uncalibrated_strong,accepted_strong,strong,0.09025,1784,false,false,False,unified-v1
cam5,1835,1785,1.00,uncalibrated_strong,accepted_strong,strong,0.08671,1785,false,false,False,unified-v1
cam5,1836,1786,1.00,uncalibrated_strong,accepted_strong,strong,0.08671,1786,true,true,False,unified-v1
cam5,1837,1787,1.00,uncalibrated_strong,accepted_strong,strong,0.08671,1787,false,false,False,unified-v1
cam5,1838,1788,1.00,uncalibrated_strong,accepted_strong,strong,0.08671,1788,false,false,False,unified-v1
cam5,1839,1789,1.00,uncalibrated_strong,accepted_strong,strong,0.08671,1789,false,false,False,unified-v1
cam5,1840,1790,1.00,uncalibrated_strong,accepted_strong,strong,0.08671,1790,false,false,False,unified-v1
cam5,1841,1791,1.00,uncalibrated_strong,accepted_strong,strong,0.08287,1791,false,false,False,unified-v1
cam5,1842,1792,1.00,uncalibrated_strong,accepted_strong,strong,0.08287,1792,false,false,False,unified-v1
cam5,1843,1793,1.00,uncalibrated_strong,accepted_strong,strong,0.08287,1793,false,false,False,unified-v1
cam5,1844,1794,1.00,uncalibrated_strong,accepted_strong,strong,0.08287,1794,false,false,False,unified-v1
cam5,1845,1795,1.00,uncalibrated_strong,accepted_strong,strong,0.08287,1795,false,false,False,unified-v1
cam5,1846,1796,1.00,uncalibrated_strong,accepted_strong,strong,0.08287,1796,false,false,False,unified-v1
cam5,1847,1797,1.00,uncalibrated_strong,accepted_strong,strong,0.07856,1797,false,false,False,unified-v1
cam5,1848,1799,1.00,uncalibrated_strong,accepted_strong,strong,0.07856,1799,true,true,False,unified-v1
cam5,1849,1800,1.00,uncalibrated_strong,accepted_strong,strong,0.07856,1800,false,false,False,unified-v1
cam5,1850,1801,1.00,uncalibrated_strong,accepted_strong,strong,0.07856,1801,false,false,False,unified-v1
cam5,1851,1802,1.00,uncalibrated_strong,accepted_strong,strong,0.07519,1802,false,false,False,unified-v1
cam5,1852,1803,1.00,uncalibrated_strong,accepted_strong,strong,0.07519,1803,false,false,False,unified-v1
cam5,1853,1804,1.00,uncalibrated_strong,accepted_strong,strong,0.07519,1804,false,false,False,unified-v1
cam5,1854,1805,1.00,uncalibrated_strong,accepted_strong,strong,0.07519,1805,false,false,False,unified-v1
cam5,1855,1806,1.00,uncalibrated_strong,accepted_strong,strong,0.07092,1806,false,false,False,unified-v1
cam5,1856,1807,1.00,uncalibrated_strong,accepted_strong,strong,0.07092,1807,false,false,False,unified-v1
cam5,1857,1808,1.00,uncalibrated_strong,accepted_strong,strong,0.07092,1808,false,false,False,unified-v1
cam5,1858,1809,1.00,uncalibrated_strong,accepted_strong,strong,0.07092,1809,false,false,False,unified-v1
cam5,1859,1810,1.00,uncalibrated_strong,accepted_strong,strong,0.06696,1810,false,false,False,unified-v1
cam5,1860,1811,1.00,uncalibrated_strong,accepted_strong,strong,0.06696,1811,true,true,False,unified-v1
cam5,1861,1812,1.00,uncalibrated_strong,accepted_strong,strong,0.06696,1812,false,false,False,unified-v1
cam5,1862,1813,1.00,uncalibrated_strong,accepted_strong,strong,0.06696,1813,false,false,False,unified-v1
cam5,1863,1814,1.00,uncalibrated_strong,accepted_strong,strong,0.06696,1814,false,false,False,unified-v1
cam5,1864,1815,1.00,uncalibrated_strong,accepted_strong,strong,0.06696,1815,false,false,False,unified-v1
cam5,1865,1816,1.00,uncalibrated_strong,accepted_strong,strong,0.06574,1816,false,false,False,unified-v1
cam5,1866,1817,1.00,uncalibrated_strong,accepted_strong,strong,0.06574,1817,false,false,False,unified-v1
cam5,1867,1818,1.00,uncalibrated_strong,accepted_strong,strong,0.06574,1818,false,false,False,unified-v1
cam5,1868,1819,1.00,uncalibrated_strong,accepted_strong,strong,0.06574,1819,false,false,False,unified-v1
cam5,1869,1820,1.00,uncalibrated_strong,accepted_strong,strong,0.06574,1820,false,false,False,unified-v1
cam5,1870,1821,1.00,uncalibrated_strong,accepted_strong,strong,0.06574,1821,false,false,False,unified-v1
cam5,1871,1822,1.00,uncalibrated_strong,accepted_strong,strong,0.063,1822,false,false,False,unified-v1
cam5,1872,1823,1.00,uncalibrated_strong,accepted_strong,strong,0.063,1823,true,true,False,unified-v1
cam5,1873,1824,1.00,uncalibrated_strong,accepted_strong,strong,0.063,1824,false,false,False,unified-v1
cam5,1874,1825,1.00,uncalibrated_strong,accepted_strong,strong,0.063,1825,false,false,False,unified-v1
cam5,1875,1826,1.00,uncalibrated_strong,accepted_strong,strong,0.063,1826,false,false,False,unified-v1
cam5,1876,1827,1.00,uncalibrated_strong,accepted_strong,strong,0.063,1827,false,false,False,unified-v1
cam5,1877,1828,1.00,uncalibrated_strong,accepted_strong,strong,0.06226,1828,false,false,False,unified-v1
cam5,1878,1829,1.00,uncalibrated_strong,accepted_strong,strong,0.06226,1829,false,false,False,unified-v1
cam5,1879,1830,1.00,uncalibrated_strong,accepted_strong,strong,0.06226,1830,false,false,False,unified-v1
cam5,1880,1831,1.00,uncalibrated_strong,accepted_strong,strong,0.06226,1831,false,false,False,unified-v1
cam5,1881,1832,1.00,uncalibrated_strong,accepted_strong,strong,0.06226,1832,false,false,False,unified-v1
cam5,1882,1833,1.00,uncalibrated_strong,accepted_strong,strong,0.06226,1833,false,false,False,unified-v1
cam5,1883,1834,1.00,uncalibrated_strong,accepted_strong,strong,0.06226,1834,false,false,False,unified-v1
cam5,1884,1835,1.00,uncalibrated_strong,accepted_strong,strong,0.06226,1835,true,true,False,unified-v1
cam5,1885,1836,1.00,uncalibrated_strong,accepted_strong,strong,0.06151,1836,false,false,False,unified-v1
cam5,1886,1837,1.00,uncalibrated_strong,accepted_strong,strong,0.06151,1837,false,false,False,unified-v1
cam5,1887,1838,1.00,uncalibrated_strong,accepted_strong,strong,0.06151,1838,false,false,False,unified-v1
cam5,1888,1839,1.00,uncalibrated_strong,accepted_strong,strong,0.06151,1839,false,false,False,unified-v1
cam5,1889,1840,1.00,uncalibrated_strong,accepted_strong,strong,0.06151,1840,false,false,False,unified-v1
cam5,1890,1841,1.00,uncalibrated_strong,accepted_strong,strong,0.06151,1841,false,false,False,unified-v1
cam5,1891,1841,1.00,uncalibrated_strong,accepted_strong,strong,0.05977,1841,false,false,False,unified-v1
cam5,1892,1843,1.00,uncalibrated_strong,accepted_strong,strong,0.05977,1843,false,false,False,unified-v1
cam5,1893,1844,1.00,uncalibrated_strong,accepted_strong,strong,0.05977,1844,false,false,False,unified-v1
cam5,1894,1845,1.00,uncalibrated_strong,accepted_strong,strong,0.05977,1845,false,false,False,unified-v1
cam5,1895,1846,1.00,uncalibrated_strong,accepted_strong,strong,0.05977,1846,false,false,False,unified-v1
cam5,1896,1847,1.00,uncalibrated_strong,accepted_strong,strong,0.05977,1847,true,true,False,unified-v1
cam5,1897,1848,0.67,uncalibrated_sequence_supported,accepted_sequence_supported,supported,0.058,1848,false,false,False,unified-v1
cam5,1898,1850,0.67,uncalibrated_sequence_supported,accepted_sequence_supported,supported,0.058,1850,false,false,False,unified-v1
cam5,1899,1851,0.67,uncalibrated_sequence_supported,accepted_sequence_supported,supported,0.058,1851,false,false,False,unified-v1
cam5,1900,1852,0.67,uncalibrated_sequence_supported,accepted_sequence_supported,supported,0.058,1852,false,false,False,unified-v1
cam5,1901,1853,0.67,uncalibrated_sequence_supported,accepted_sequence_supported,supported,0.058,1853,false,false,False,unified-v1
cam5,1902,1854,0.67,uncalibrated_sequence_supported,accepted_sequence_supported,supported,0.058,1854,false,false,False,unified-v1
cam5,1903,1855,0.67,uncalibrated_sequence_supported,accepted_sequence_supported,supported,0.05664,1855,false,false,False,unified-v1
cam5,1904,1856,0.67,uncalibrated_sequence_supported,accepted_sequence_supported,supported,0.05664,1856,false,false,False,unified-v1
cam5,1905,1857,0.67,uncalibrated_sequence_supported,accepted_sequence_supported,supported,0.05664,1857,false,false,False,unified-v1
cam5,1906,1858,0.67,uncalibrated_sequence_supported,accepted_sequence_supported,supported,0.05664,1858,false,false,False,unified-v1
cam5,1907,1859,0.67,uncalibrated_sequence_supported,accepted_sequence_supported,supported,0.05795,1859,false,false,False,unified-v1
cam5,1908,1860,0.67,uncalibrated_sequence_supported,accepted_sequence_supported,supported,0.05795,1860,true,false,False,unified-v1
cam5,1909,1861,0.67,uncalibrated_sequence_supported,accepted_sequence_supported,supported,0.05795,1861,false,false,False,unified-v1
cam5,1910,1862,0.67,uncalibrated_sequence_supported,accepted_sequence_supported,supported,0.05795,1862,false,false,False,unified-v1
cam5,1911,1863,0.67,uncalibrated_sequence_supported,accepted_sequence_supported,supported,0.05795,1863,false,false,False,unified-v1
cam5,1912,1864,0.67,uncalibrated_sequence_supported,accepted_sequence_supported,supported,0.05795,1864,false,false,False,unified-v1
cam5,1913,1865,1.00,uncalibrated_strong,accepted_strong,strong,0.05968,1865,false,false,False,unified-v1
cam5,1914,1866,1.00,uncalibrated_strong,accepted_strong,strong,0.05968,1866,false,false,False,unified-v1
cam5,1915,1867,1.00,uncalibrated_strong,accepted_strong,strong,0.05968,1867,false,false,False,unified-v1
cam5,1916,1868,1.00,uncalibrated_strong,accepted_strong,strong,0.05968,1868,false,false,False,unified-v1
cam5,1917,1869,1.00,uncalibrated_strong,accepted_strong,strong,0.05968,1869,false,false,False,unified-v1
cam5,1918,1870,1.00,uncalibrated_strong,accepted_strong,strong,0.05968,1870,false,false,False,unified-v1
cam5,1919,1870,1.00,uncalibrated_strong,accepted_strong,strong,0.05968,1870,false,false,False,unified-v1
cam5,1920,1871,1.00,uncalibrated_strong,accepted_strong,strong,0.05968,1871,true,true,False,unified-v1
cam5,1921,1872,1.00,uncalibrated_strong,accepted_strong,strong,0.05889,1872,false,false,False,unified-v1
cam5,1922,1873,1.00,uncalibrated_strong,accepted_strong,strong,0.05889,1873,false,false,False,unified-v1
cam5,1923,1874,1.00,uncalibrated_strong,accepted_strong,strong,0.05889,1874,false,false,False,unified-v1
cam5,1924,1875,1.00,uncalibrated_strong,accepted_strong,strong,0.05889,1875,false,false,False,unified-v1
cam5,1925,1876,1.00,uncalibrated_strong,accepted_strong,strong,0.05889,1876,false,false,False,unified-v1
cam5,1926,1877,1.00,uncalibrated_strong,accepted_strong,strong,0.05889,1877,false,false,False,unified-v1
cam5,1927,1878,1.00,uncalibrated_strong,accepted_strong,strong,0.05985,1878,false,false,False,unified-v1
cam5,1928,1879,1.00,uncalibrated_strong,accepted_strong,strong,0.05985,1879,false,false,False,unified-v1
cam5,1929,1880,1.00,uncalibrated_strong,accepted_strong,strong,0.05985,1880,false,false,False,unified-v1
cam5,1930,1881,1.00,uncalibrated_strong,accepted_strong,strong,0.05985,1881,false,false,False,unified-v1
cam5,1931,1882,1.00,uncalibrated_strong,accepted_strong,strong,0.05985,1882,false,false,False,unified-v1
cam5,1932,1883,1.00,uncalibrated_strong,accepted_strong,strong,0.05985,1883,true,false,False,unified-v1
cam5,1933,1884,1.00,uncalibrated_strong,accepted_strong,strong,0.05874,1884,false,false,False,unified-v1
cam5,1934,1885,1.00,uncalibrated_strong,accepted_strong,strong,0.05874,1885,false,false,False,unified-v1
cam5,1935,1886,1.00,uncalibrated_strong,accepted_strong,strong,0.05874,1886,false,false,False,unified-v1
cam5,1936,1887,1.00,uncalibrated_strong,accepted_strong,strong,0.05874,1887,false,false,False,unified-v1
cam5,1937,1888,1.00,uncalibrated_strong,accepted_strong,strong,0.05874,1888,false,false,False,unified-v1
cam5,1938,1889,1.00,uncalibrated_strong,accepted_strong,strong,0.05874,1889,false,false,False,unified-v1
cam5,1939,1890,1.00,uncalibrated_strong,accepted_strong,strong,0.05988,1890,false,false,False,unified-v1
cam5,1940,1891,1.00,uncalibrated_strong,accepted_strong,strong,0.05988,1891,false,false,False,unified-v1
cam5,1941,1892,1.00,uncalibrated_strong,accepted_strong,strong,0.05988,1892,false,false,False,unified-v1
cam5,1942,1894,1.00,uncalibrated_strong,accepted_strong,strong,0.05988,1894,false,false,False,unified-v1
cam5,1943,1895,1.00,uncalibrated_strong,accepted_strong,strong,0.06152,1895,false,false,False,unified-v1
cam5,1944,1896,1.00,uncalibrated_strong,accepted_strong,strong,0.06152,1896,true,false,False,unified-v1
cam5,1945,1897,1.00,uncalibrated_strong,accepted_strong,strong,0.06152,1897,false,false,False,unified-v1
cam5,1946,1898,1.00,uncalibrated_strong,accepted_strong,strong,0.06152,1898,false,false,False,unified-v1
cam5,1947,1899,1.00,uncalibrated_strong,accepted_strong,strong,0.06233,1899,false,false,False,unified-v1
cam5,1948,1900,1.00,uncalibrated_strong,accepted_strong,strong,0.06233,1900,false,false,False,unified-v1
cam5,1949,1901,1.00,uncalibrated_strong,accepted_strong,strong,0.06233,1901,false,false,False,unified-v1
cam5,1950,1902,1.00,uncalibrated_strong,accepted_strong,strong,0.06233,1902,false,false,False,unified-v1
cam5,1951,1904,1.00,uncalibrated_strong,accepted_strong,strong,0.06197,1904,false,false,False,unified-v1
cam5,1952,1907,1.00,uncalibrated_strong,accepted_strong,strong,0.06197,1907,false,false,False,unified-v1
cam5,1953,1907,1.00,uncalibrated_strong,accepted_strong,strong,0.06197,1907,false,false,False,unified-v1
cam5,1954,1908,1.00,uncalibrated_strong,accepted_strong,strong,0.06197,1908,false,false,False,unified-v1
cam5,1955,1909,1.00,uncalibrated_strong,accepted_strong,strong,0.06197,1909,false,false,False,unified-v1
cam5,1956,1909,1.00,uncalibrated_strong,accepted_strong,strong,0.06197,1909,true,false,False,unified-v1
cam5,1957,1910,1.00,uncalibrated_strong,accepted_strong,strong,0.06197,1910,false,false,False,unified-v1
cam5,1958,1911,1.00,uncalibrated_strong,accepted_strong,strong,0.06197,1911,false,false,False,unified-v1
cam5,1959,1911,1.00,uncalibrated_strong,accepted_strong,strong,0.06205,1911,false,false,False,unified-v1
cam5,1960,1912,1.00,uncalibrated_strong,accepted_strong,strong,0.06205,1912,false,false,False,unified-v1
cam5,1961,1913,1.00,uncalibrated_strong,accepted_strong,strong,0.06205,1913,false,false,False,unified-v1
cam5,1962,1913,1.00,uncalibrated_strong,accepted_strong,strong,0.06205,1913,false,false,False,unified-v1
cam5,1963,1914,1.00,uncalibrated_strong,accepted_strong,strong,0.06205,1914,false,false,False,unified-v1
cam5,1964,1914,1.00,uncalibrated_strong,accepted_strong,strong,0.06205,1914,false,false,False,unified-v1
cam5,1965,1915,1.00,uncalibrated_strong,accepted_strong,strong,0.06205,1915,false,false,False,unified-v1
cam5,1966,1916,1.00,uncalibrated_strong,accepted_strong,strong,0.06205,1916,false,false,False,unified-v1
cam5,1967,1917,1.00,uncalibrated_strong,accepted_strong,strong,0.06097,1917,false,false,False,unified-v1
cam5,1968,1918,1.00,uncalibrated_strong,accepted_strong,strong,0.06097,1918,true,true,False,unified-v1
cam5,1969,1919,1.00,uncalibrated_strong,accepted_strong,strong,0.06097,1919,false,false,False,unified-v1
cam5,1970,1920,1.00,uncalibrated_strong,accepted_strong,strong,0.06097,1920,false,false,False,unified-v1
cam5,1971,1921,1.00,uncalibrated_strong,accepted_strong,strong,0.06152,1921,false,false,False,unified-v1
cam5,1972,1922,1.00,uncalibrated_strong,accepted_strong,strong,0.06152,1922,false,false,False,unified-v1
cam5,1973,1925,1.00,uncalibrated_strong,accepted_strong,strong,0.06152,1925,false,false,False,unified-v1
cam5,1974,1927,1.00,uncalibrated_strong,accepted_strong,strong,0.06152,1927,false,false,False,unified-v1
cam5,1975,1928,1.00,uncalibrated_strong,accepted_strong,strong,0.05992,1928,false,false,False,unified-v1
cam5,1976,1930,1.00,uncalibrated_strong,accepted_strong,strong,0.05992,1930,false,false,False,unified-v1
cam5,1977,1930,1.00,uncalibrated_strong,accepted_strong,strong,0.05992,1930,false,false,False,unified-v1
cam5,1978,1931,1.00,uncalibrated_strong,accepted_strong,strong,0.05992,1931,false,false,False,unified-v1
cam5,1979,1932,1.00,uncalibrated_strong,accepted_strong,strong,0.05992,1932,false,false,False,unified-v1
cam5,1980,1933,1.00,uncalibrated_strong,accepted_strong,strong,0.05992,1933,true,true,False,unified-v1
cam5,1981,1934,1.00,uncalibrated_strong,accepted_strong,strong,0.0584,1934,false,false,False,unified-v1
cam5,1982,1935,1.00,uncalibrated_strong,accepted_strong,strong,0.0584,1935,false,false,False,unified-v1
cam5,1983,1936,1.00,uncalibrated_strong,accepted_strong,strong,0.0584,1936,false,false,False,unified-v1
cam5,1984,1937,1.00,uncalibrated_strong,accepted_strong,strong,0.0584,1937,false,false,False,unified-v1
cam5,1985,1938,1.00,uncalibrated_strong,accepted_strong,strong,0.0584,1938,false,false,False,unified-v1
cam5,1986,1939,1.00,uncalibrated_strong,accepted_strong,strong,0.0584,1939,false,false,False,unified-v1
cam5,1987,1940,1.00,uncalibrated_strong,accepted_strong,strong,0.05615,1940,false,false,False,unified-v1
cam5,1988,1941,1.00,uncalibrated_strong,accepted_strong,strong,0.05615,1941,false,false,False,unified-v1
cam5,1989,1942,1.00,uncalibrated_strong,accepted_strong,strong,0.05615,1942,false,false,False,unified-v1
cam5,1990,1943,1.00,uncalibrated_strong,accepted_strong,strong,0.05615,1943,false,false,False,unified-v1
cam5,1991,1944,1.00,uncalibrated_strong,accepted_strong,strong,0.05445,1944,false,false,False,unified-v1
cam5,1992,1945,1.00,uncalibrated_strong,accepted_strong,strong,0.05445,1945,true,false,False,unified-v1
cam5,1993,1947,1.00,uncalibrated_strong,accepted_strong,strong,0.05445,1947,false,false,False,unified-v1
cam5,1994,1949,1.00,uncalibrated_strong,accepted_strong,strong,0.05445,1949,false,false,False,unified-v1
cam5,1995,1951,1.00,uncalibrated_strong,accepted_strong,strong,0.05257,1951,false,false,False,unified-v1
cam5,1996,1952,1.00,uncalibrated_strong,accepted_strong,strong,0.05257,1952,false,false,False,unified-v1
cam5,1997,1952,1.00,uncalibrated_strong,accepted_strong,strong,0.05257,1952,false,false,False,unified-v1
cam5,1998,1952,1.00,uncalibrated_strong,accepted_strong,strong,0.05257,1952,false,false,False,unified-v1
cam5,1999,1953,1.00,uncalibrated_strong,accepted_strong,strong,0.05297,1953,false,false,False,unified-v1
cam5,2000,1954,1.00,uncalibrated_strong,accepted_strong,strong,0.05297,1954,false,false,False,unified-v1
cam5,2001,1955,1.00,uncalibrated_strong,accepted_strong,strong,0.05297,1955,false,false,False,unified-v1
cam5,2002,1956,1.00,uncalibrated_strong,accepted_strong,strong,0.05297,1956,false,false,False,unified-v1
cam5,2003,1957,1.00,uncalibrated_strong,accepted_strong,strong,0.05363,1957,false,false,False,unified-v1
cam5,2004,1958,1.00,uncalibrated_strong,accepted_strong,strong,0.05363,1958,true,false,False,unified-v1
cam5,2005,1959,1.00,uncalibrated_strong,accepted_strong,strong,0.05363,1959,false,false,False,unified-v1
cam5,2006,1960,1.00,uncalibrated_strong,accepted_strong,strong,0.05363,1960,false,false,False,unified-v1
cam5,2007,1961,1.00,uncalibrated_strong,accepted_strong,strong,0.05363,1961,false,false,False,unified-v1
cam5,2008,1962,1.00,uncalibrated_strong,accepted_strong,strong,0.05363,1962,false,false,False,unified-v1
cam5,2009,1963,1.00,uncalibrated_strong,accepted_strong,strong,0.05438,1963,false,false,False,unified-v1
cam5,2010,1964,1.00,uncalibrated_strong,accepted_strong,strong,0.05438,1964,false,false,False,unified-v1
cam5,2011,1965,1.00,uncalibrated_strong,accepted_strong,strong,0.05438,1965,false,false,False,unified-v1
cam5,2012,1966,1.00,uncalibrated_strong,accepted_strong,strong,0.05438,1966,false,false,False,unified-v1
cam5,2013,1967,1.00,uncalibrated_strong,accepted_strong,strong,0.05438,1967,false,false,False,unified-v1
cam5,2014,1968,1.00,uncalibrated_strong,accepted_strong,strong,0.05438,1968,false,false,False,unified-v1
cam5,2015,1969,1.00,uncalibrated_strong,accepted_strong,strong,0.05438,1969,false,false,False,unified-v1
cam5,2016,1970,1.00,uncalibrated_strong,accepted_strong,strong,0.05438,1970,true,true,False,unified-v1
cam5,2017,1971,1.00,uncalibrated_strong,accepted_strong,strong,0.05519,1971,false,false,False,unified-v1
cam5,2018,1972,1.00,uncalibrated_strong,accepted_strong,strong,0.05519,1972,false,false,False,unified-v1
cam5,2019,1973,1.00,uncalibrated_strong,accepted_strong,strong,0.05519,1973,false,false,False,unified-v1
cam5,2020,1974,1.00,uncalibrated_strong,accepted_strong,strong,0.05519,1974,false,false,False,unified-v1
cam5,2021,1975,1.00,uncalibrated_strong,accepted_strong,strong,0.05519,1975,false,false,False,unified-v1
cam5,2022,1976,1.00,uncalibrated_strong,accepted_strong,strong,0.05519,1976,false,false,False,unified-v1
cam5,2023,1977,1.00,uncalibrated_strong,accepted_strong,strong,0.05612,1977,false,false,False,unified-v1
cam5,2024,1978,1.00,uncalibrated_strong,accepted_strong,strong,0.05612,1978,false,false,False,unified-v1
cam5,2025,1979,1.00,uncalibrated_strong,accepted_strong,strong,0.05612,1979,false,false,False,unified-v1
cam5,2026,1980,1.00,uncalibrated_strong,accepted_strong,strong,0.05612,1980,false,false,False,unified-v1
cam5,2027,1981,1.00,uncalibrated_strong,accepted_strong,strong,0.05579,1981,false,false,False,unified-v1
cam5,2028,1982,1.00,uncalibrated_strong,accepted_strong,strong,0.05579,1982,true,true,False,unified-v1
cam5,2029,1983,1.00,uncalibrated_strong,accepted_strong,strong,0.05579,1983,false,false,False,unified-v1
cam5,2030,1985,1.00,uncalibrated_strong,accepted_strong,strong,0.05579,1985,false,false,False,unified-v1
cam5,2031,1986,1.00,uncalibrated_strong,accepted_strong,strong,0.05458,1986,false,false,False,unified-v1
cam5,2032,1987,1.00,uncalibrated_strong,accepted_strong,strong,0.05458,1987,false,false,False,unified-v1
cam5,2033,1988,1.00,uncalibrated_strong,accepted_strong,strong,0.05458,1988,false,false,False,unified-v1
cam5,2034,1989,1.00,uncalibrated_strong,accepted_strong,strong,0.05458,1989,false,false,False,unified-v1
cam5,2035,1990,1.00,uncalibrated_strong,accepted_strong,strong,0.05281,1990,false,false,False,unified-v1
cam5,2036,1991,1.00,uncalibrated_strong,accepted_strong,strong,0.05281,1991,false,false,False,unified-v1
cam5,2037,1992,1.00,uncalibrated_strong,accepted_strong,strong,0.05281,1992,false,false,False,unified-v1
cam5,2038,1993,1.00,uncalibrated_strong,accepted_strong,strong,0.05281,1993,false,false,False,unified-v1
cam5,2039,1995,1.00,uncalibrated_strong,accepted_strong,strong,0.05134,1995,false,false,False,unified-v1
cam5,2040,1996,1.00,uncalibrated_strong,accepted_strong,strong,0.05134,1996,true,true,False,unified-v1
cam5,2041,1997,1.00,uncalibrated_strong,accepted_strong,strong,0.05134,1997,false,false,False,unified-v1
cam5,2042,1998,1.00,uncalibrated_strong,accepted_strong,strong,0.05134,1998,false,false,False,unified-v1
cam5,2043,1999,1.00,uncalibrated_strong,accepted_strong,strong,0.05134,1999,false,false,False,unified-v1
cam5,2044,2000,1.00,uncalibrated_strong,accepted_strong,strong,0.05134,2000,false,false,False,unified-v1
cam5,2045,2001,1.00,uncalibrated_strong,accepted_strong,strong,0.05079,2001,false,false,False,unified-v1
cam5,2046,2003,1.00,uncalibrated_strong,accepted_strong,strong,0.05079,2003,false,false,False,unified-v1
cam5,2047,2004,1.00,uncalibrated_strong,accepted_strong,strong,0.05079,2004,false,false,False,unified-v1
cam5,2048,2005,1.00,uncalibrated_strong,accepted_strong,strong,0.05079,2005,false,false,False,unified-v1
cam5,2049,2006,1.00,uncalibrated_strong,accepted_strong,strong,0.05079,2006,false,false,False,unified-v1
cam5,2050,2007,1.00,uncalibrated_strong,accepted_strong,strong,0.05079,2007,false,false,False,unified-v1
cam5,2051,2008,1.00,uncalibrated_strong,accepted_strong,strong,0.05079,2008,false,false,False,unified-v1
cam5,2052,2009,1.00,uncalibrated_strong,accepted_strong,strong,0.05079,2009,true,true,False,unified-v1
cam5,2053,2011,1.00,uncalibrated_strong,accepted_strong,strong,0.05052,2011,false,false,False,unified-v1
cam5,2054,2012,1.00,uncalibrated_strong,accepted_strong,strong,0.05052,2012,false,false,False,unified-v1
cam5,2055,2013,1.00,uncalibrated_strong,accepted_strong,strong,0.05052,2013,false,false,False,unified-v1
cam5,2056,2014,1.00,uncalibrated_strong,accepted_strong,strong,0.05052,2014,false,false,False,unified-v1
cam5,2057,2015,1.00,uncalibrated_strong,accepted_strong,strong,0.05052,2015,false,false,False,unified-v1
cam5,2058,2016,1.00,uncalibrated_strong,accepted_strong,strong,0.05052,2016,false,false,False,unified-v1
cam5,2059,2017,1.00,uncalibrated_strong,accepted_strong,strong,0.05121,2017,false,false,False,unified-v1
cam5,2060,2018,1.00,uncalibrated_strong,accepted_strong,strong,0.05121,2018,false,false,False,unified-v1
cam5,2061,2019,1.00,uncalibrated_strong,accepted_strong,strong,0.05121,2019,false,false,False,unified-v1
cam5,2062,2021,1.00,uncalibrated_strong,accepted_strong,strong,0.05121,2021,false,false,False,unified-v1
cam5,2063,2023,1.00,uncalibrated_strong,accepted_strong,strong,0.05121,2023,false,false,False,unified-v1
cam5,2064,2024,1.00,uncalibrated_strong,accepted_strong,strong,0.05121,2024,true,true,False,unified-v1
cam5,2065,2025,1.00,uncalibrated_strong,accepted_strong,strong,0.05244,2025,false,false,False,unified-v1
cam5,2066,2026,1.00,uncalibrated_strong,accepted_strong,strong,0.05244,2026,false,false,False,unified-v1
cam5,2067,2027,1.00,uncalibrated_strong,accepted_strong,strong,0.05244,2027,false,false,False,unified-v1
cam5,2068,2029,1.00,uncalibrated_strong,accepted_strong,strong,0.05244,2029,false,false,False,unified-v1
cam5,2069,2030,1.00,uncalibrated_strong,accepted_strong,strong,0.05244,2030,false,false,False,unified-v1
cam5,2070,2031,1.00,uncalibrated_strong,accepted_strong,strong,0.05244,2031,false,false,False,unified-v1
cam5,2071,2032,1.00,uncalibrated_strong,accepted_strong,strong,0.05293,2032,false,false,False,unified-v1
cam5,2072,2033,1.00,uncalibrated_strong,accepted_strong,strong,0.05293,2033,false,false,False,unified-v1
cam5,2073,2035,1.00,uncalibrated_strong,accepted_strong,strong,0.05293,2035,false,false,False,unified-v1
cam5,2074,2038,1.00,uncalibrated_strong,accepted_strong,strong,0.05293,2038,false,false,False,unified-v1
cam5,2075,2041,1.00,uncalibrated_strong,accepted_strong,strong,0.05355,2041,false,false,False,unified-v1
cam5,2076,2043,1.00,uncalibrated_strong,accepted_strong,strong,0.05355,2043,true,false,False,unified-v1
cam5,2077,2044,1.00,uncalibrated_strong,accepted_strong,strong,0.05355,2044,false,false,False,unified-v1
cam5,2078,2045,1.00,uncalibrated_strong,accepted_strong,strong,0.05355,2045,false,false,False,unified-v1
cam5,2079,2046,1.00,uncalibrated_strong,accepted_strong,strong,0.05375,2046,false,false,False,unified-v1
cam5,2080,2047,1.00,uncalibrated_strong,accepted_strong,strong,0.05375,2047,false,false,False,unified-v1
cam5,2081,2048,1.00,uncalibrated_strong,accepted_strong,strong,0.05375,2048,false,false,False,unified-v1
cam5,2082,2049,1.00,uncalibrated_strong,accepted_strong,strong,0.05375,2049,false,false,False,unified-v1
cam5,2083,2050,1.00,uncalibrated_strong,accepted_strong,strong,0.05375,2050,false,false,False,unified-v1
cam5,2084,2051,1.00,uncalibrated_strong,accepted_strong,strong,0.05375,2051,false,false,False,unified-v1
cam5,2085,2051,1.00,uncalibrated_strong,accepted_strong,strong,0.05504,2051,false,false,False,unified-v1
cam5,2086,2051,1.00,uncalibrated_strong,accepted_strong,strong,0.05504,2051,false,false,False,unified-v1
cam5,2087,2052,1.00,uncalibrated_strong,accepted_strong,strong,0.05504,2052,false,false,False,unified-v1
cam5,2088,2053,1.00,uncalibrated_strong,accepted_strong,strong,0.05504,2053,true,true,False,unified-v1
cam5,2089,2054,1.00,uncalibrated_strong,accepted_strong,strong,0.05504,2054,false,false,False,unified-v1
cam5,2090,2054,1.00,uncalibrated_strong,accepted_strong,strong,0.05504,2054,false,false,False,unified-v1
cam5,2091,2055,1.00,uncalibrated_strong,accepted_strong,strong,0.05532,2055,false,false,False,unified-v1
cam5,2092,2056,1.00,uncalibrated_strong,accepted_strong,strong,0.05532,2056,false,false,False,unified-v1
cam5,2093,2057,1.00,uncalibrated_strong,accepted_strong,strong,0.05532,2057,false,false,False,unified-v1
cam5,2094,2058,1.00,uncalibrated_strong,accepted_strong,strong,0.05532,2058,false,false,False,unified-v1
cam5,2095,2059,1.00,uncalibrated_strong,accepted_strong,strong,0.05532,2059,false,false,False,unified-v1
cam5,2096,2060,1.00,uncalibrated_strong,accepted_strong,strong,0.05532,2060,false,false,False,unified-v1
cam5,2097,2061,1.00,uncalibrated_strong,accepted_strong,strong,0.05544,2061,false,false,False,unified-v1
cam5,2098,2062,1.00,uncalibrated_strong,accepted_strong,strong,0.05544,2062,false,false,False,unified-v1
cam5,2099,2063,1.00,uncalibrated_strong,accepted_strong,strong,0.05544,2063,false,false,False,unified-v1
cam5,2100,2064,1.00,uncalibrated_strong,accepted_strong,strong,0.05544,2064,true,false,False,unified-v1
cam5,2101,2064,1.00,uncalibrated_strong,accepted_strong,strong,0.05544,2064,false,false,False,unified-v1
cam5,2102,2065,1.00,uncalibrated_strong,accepted_strong,strong,0.05544,2065,false,false,False,unified-v1
cam5,2103,2066,1.00,uncalibrated_strong,accepted_strong,strong,0.05766,2066,false,false,False,unified-v1
cam5,2104,2068,1.00,uncalibrated_strong,accepted_strong,strong,0.05766,2068,false,false,False,unified-v1
cam5,2105,2069,1.00,uncalibrated_strong,accepted_strong,strong,0.05766,2069,false,false,False,unified-v1
cam5,2106,2070,1.00,uncalibrated_strong,accepted_strong,strong,0.05766,2070,false,false,False,unified-v1
cam5,2107,2071,1.00,uncalibrated_strong,accepted_strong,strong,0.05766,2071,false,false,False,unified-v1
cam5,2108,2072,1.00,uncalibrated_strong,accepted_strong,strong,0.05766,2072,false,false,False,unified-v1
cam5,2109,2073,1.00,uncalibrated_strong,accepted_strong,strong,0.05927,2073,false,false,False,unified-v1
cam5,2110,2074,1.00,uncalibrated_strong,accepted_strong,strong,0.05927,2074,false,false,False,unified-v1
cam5,2111,2074,1.00,uncalibrated_strong,accepted_strong,strong,0.05927,2074,false,false,False,unified-v1
cam5,2112,2075,1.00,uncalibrated_strong,accepted_strong,strong,0.05927,2075,true,true,False,unified-v1
cam5,2113,2076,1.00,uncalibrated_strong,accepted_strong,strong,0.05927,2076,false,false,False,unified-v1
cam5,2114,2077,1.00,uncalibrated_strong,accepted_strong,strong,0.05927,2077,false,false,False,unified-v1
cam5,2115,2078,1.00,uncalibrated_strong,accepted_strong,strong,0.06045,2078,false,false,False,unified-v1
cam5,2116,2079,1.00,uncalibrated_strong,accepted_strong,strong,0.06045,2079,false,false,False,unified-v1
cam5,2117,2080,1.00,uncalibrated_strong,accepted_strong,strong,0.06045,2080,false,false,False,unified-v1
cam5,2118,2082,1.00,uncalibrated_strong,accepted_strong,strong,0.06045,2082,false,false,False,unified-v1
cam5,2119,2084,1.00,uncalibrated_strong,accepted_strong,strong,0.06298,2084,false,false,False,unified-v1
cam5,2120,2086,1.00,uncalibrated_strong,accepted_strong,strong,0.06298,2086,false,false,False,unified-v1
cam5,2121,2087,1.00,uncalibrated_strong,accepted_strong,strong,0.06298,2087,false,false,False,unified-v1
cam5,2122,2088,1.00,uncalibrated_strong,accepted_strong,strong,0.06298,2088,false,false,False,unified-v1
cam5,2123,2089,1.00,uncalibrated_strong,accepted_strong,strong,0.06298,2089,false,false,False,unified-v1
cam5,2124,2090,1.00,uncalibrated_strong,accepted_strong,strong,0.06298,2090,true,false,False,unified-v1
cam5,2125,2091,1.00,uncalibrated_strong,accepted_strong,strong,0.06336,2091,false,false,False,unified-v1
cam5,2126,2092,1.00,uncalibrated_strong,accepted_strong,strong,0.06336,2092,false,false,False,unified-v1
cam5,2127,2093,1.00,uncalibrated_strong,accepted_strong,strong,0.06336,2093,false,false,False,unified-v1
cam5,2128,2094,1.00,uncalibrated_strong,accepted_strong,strong,0.06336,2094,false,false,False,unified-v1
cam5,2129,2095,1.00,uncalibrated_strong,accepted_strong,strong,0.06336,2095,false,false,False,unified-v1
cam5,2130,2096,1.00,uncalibrated_strong,accepted_strong,strong,0.06336,2096,false,false,False,unified-v1
cam5,2131,2097,1.00,uncalibrated_strong,accepted_strong,strong,0.0604,2097,false,false,False,unified-v1
cam5,2132,2098,1.00,uncalibrated_strong,accepted_strong,strong,0.0604,2098,false,false,False,unified-v1
cam5,2133,2099,1.00,uncalibrated_strong,accepted_strong,strong,0.0604,2099,false,false,False,unified-v1
cam5,2134,2100,1.00,uncalibrated_strong,accepted_strong,strong,0.0604,2100,false,false,False,unified-v1
cam5,2135,2101,1.00,uncalibrated_strong,accepted_strong,strong,0.0604,2101,false,false,False,unified-v1
cam5,2136,2102,1.00,uncalibrated_strong,accepted_strong,strong,0.0604,2102,true,true,False,unified-v1
cam5,2137,2104,1.00,uncalibrated_strong,accepted_strong,strong,0.05863,2104,false,false,False,unified-v1
cam5,2138,2105,1.00,uncalibrated_strong,accepted_strong,strong,0.05863,2105,false,false,False,unified-v1
cam5,2139,2107,1.00,uncalibrated_strong,accepted_strong,strong,0.05863,2107,false,false,False,unified-v1
cam5,2140,2108,1.00,uncalibrated_strong,accepted_strong,strong,0.05863,2108,false,false,False,unified-v1
cam5,2141,2109,1.00,uncalibrated_strong,accepted_strong,strong,0.05863,2109,false,false,False,unified-v1
cam5,2142,2111,1.00,uncalibrated_strong,accepted_strong,strong,0.05863,2111,false,false,False,unified-v1
cam5,2143,2112,1.00,uncalibrated_strong,accepted_strong,strong,0.05863,2112,false,false,False,unified-v1
cam5,2144,2113,1.00,uncalibrated_strong,accepted_strong,strong,0.05863,2113,false,false,False,unified-v1
cam5,2145,2114,1.00,uncalibrated_strong,accepted_strong,strong,0.05875,2114,false,false,False,unified-v1
cam5,2146,2115,1.00,uncalibrated_strong,accepted_strong,strong,0.05875,2115,false,false,False,unified-v1
cam5,2147,2116,1.00,uncalibrated_strong,accepted_strong,strong,0.05875,2116,false,false,False,unified-v1
cam5,2148,2117,1.00,uncalibrated_strong,accepted_strong,strong,0.05875,2117,true,true,False,unified-v1
cam5,2149,2118,1.00,uncalibrated_strong,accepted_strong,strong,0.05875,2118,false,false,False,unified-v1
cam5,2150,2119,1.00,uncalibrated_strong,accepted_strong,strong,0.05875,2119,false,false,False,unified-v1
cam5,2151,2120,1.00,uncalibrated_strong,accepted_strong,strong,0.05824,2120,false,false,False,unified-v1
cam5,2152,2121,1.00,uncalibrated_strong,accepted_strong,strong,0.05824,2121,false,false,False,unified-v1
cam5,2153,2122,1.00,uncalibrated_strong,accepted_strong,strong,0.05824,2122,false,false,False,unified-v1
cam5,2154,2123,1.00,uncalibrated_strong,accepted_strong,strong,0.05824,2123,false,false,False,unified-v1
cam5,2155,2124,1.00,uncalibrated_strong,accepted_strong,strong,0.05824,2124,false,false,False,unified-v1
cam5,2156,2125,1.00,uncalibrated_strong,accepted_strong,strong,0.05824,2125,false,false,False,unified-v1
cam5,2157,2126,1.00,uncalibrated_strong,accepted_strong,strong,0.05972,2126,false,false,False,unified-v1
cam5,2158,2126,1.00,uncalibrated_strong,accepted_strong,strong,0.05972,2126,false,false,False,unified-v1
cam5,2159,2127,1.00,uncalibrated_strong,accepted_strong,strong,0.05972,2127,false,false,False,unified-v1
cam5,2160,2128,1.00,uncalibrated_strong,accepted_strong,strong,0.05972,2128,true,true,False,unified-v1
cam5,2161,2128,1.00,uncalibrated_strong,accepted_strong,strong,0.05972,2128,false,false,False,unified-v1
cam5,2162,2129,1.00,uncalibrated_strong,accepted_strong,strong,0.05972,2129,false,false,False,unified-v1
cam5,2163,2130,1.00,uncalibrated_strong,accepted_strong,strong,0.05972,2130,false,false,False,unified-v1
cam5,2164,2131,1.00,uncalibrated_strong,accepted_strong,strong,0.05972,2131,false,false,False,unified-v1
cam5,2165,2132,1.00,uncalibrated_strong,accepted_strong,strong,0.06221,2132,false,false,False,unified-v1
cam5,2166,2133,1.00,uncalibrated_strong,accepted_strong,strong,0.06221,2133,false,false,False,unified-v1
cam5,2167,2134,1.00,uncalibrated_strong,accepted_strong,strong,0.06221,2134,false,false,False,unified-v1
cam5,2168,2135,1.00,uncalibrated_strong,accepted_strong,strong,0.06221,2135,false,false,False,unified-v1
cam5,2169,2136,1.00,uncalibrated_strong,accepted_strong,strong,0.06221,2136,false,false,False,unified-v1
cam5,2170,2137,1.00,uncalibrated_strong,accepted_strong,strong,0.06221,2137,false,false,False,unified-v1
cam5,2171,2138,1.00,uncalibrated_strong,accepted_strong,strong,0.06356,2138,false,false,False,unified-v1
cam5,2172,2139,1.00,uncalibrated_strong,accepted_strong,strong,0.06356,2139,true,false,False,unified-v1
cam5,2173,2140,1.00,uncalibrated_strong,accepted_strong,strong,0.06356,2140,false,false,False,unified-v1
cam5,2174,2141,1.00,uncalibrated_strong,accepted_strong,strong,0.06356,2141,false,false,False,unified-v1
cam5,2175,2142,1.00,uncalibrated_strong,accepted_strong,strong,0.06356,2142,false,false,False,unified-v1
cam5,2176,2143,1.00,uncalibrated_strong,accepted_strong,strong,0.06356,2143,false,false,False,unified-v1
cam5,2177,2144,1.00,uncalibrated_strong,accepted_strong,strong,0.06655,2144,false,false,False,unified-v1
cam5,2178,2145,1.00,uncalibrated_strong,accepted_strong,strong,0.06655,2145,false,false,False,unified-v1
cam5,2179,2146,1.00,uncalibrated_strong,accepted_strong,strong,0.06655,2146,false,false,False,unified-v1
cam5,2180,2147,1.00,uncalibrated_strong,accepted_strong,strong,0.06655,2147,false,false,False,unified-v1
cam5,2181,2148,1.00,uncalibrated_strong,accepted_strong,strong,0.06655,2148,false,false,False,unified-v1
cam5,2182,2150,1.00,uncalibrated_strong,accepted_strong,strong,0.06655,2150,false,false,False,unified-v1
cam5,2183,2151,1.00,uncalibrated_strong,accepted_strong,strong,0.07,2151,false,false,False,unified-v1
cam5,2184,2152,1.00,uncalibrated_strong,accepted_strong,strong,0.07,2152,true,false,False,unified-v1
cam5,2185,2153,1.00,uncalibrated_strong,accepted_strong,strong,0.07,2153,false,false,False,unified-v1
cam5,2186,2154,1.00,uncalibrated_strong,accepted_strong,strong,0.07,2154,false,false,False,unified-v1
cam5,2187,2155,1.00,uncalibrated_strong,accepted_strong,strong,0.07256,2155,false,false,False,unified-v1
cam5,2188,2156,1.00,uncalibrated_strong,accepted_strong,strong,0.07256,2156,false,false,False,unified-v1
cam5,2189,2157,1.00,uncalibrated_strong,accepted_strong,strong,0.07256,2157,false,false,False,unified-v1
cam5,2190,2158,1.00,uncalibrated_strong,accepted_strong,strong,0.07256,2158,false,false,False,unified-v1
cam5,2191,2159,1.00,uncalibrated_strong,accepted_strong,strong,0.07654,2159,false,false,False,unified-v1
cam5,2192,2160,1.00,uncalibrated_strong,accepted_strong,strong,0.07654,2160,false,false,False,unified-v1
cam5,2193,2161,1.00,uncalibrated_strong,accepted_strong,strong,0.07654,2161,false,false,False,unified-v1
cam5,2194,2162,1.00,uncalibrated_strong,accepted_strong,strong,0.07654,2162,false,false,False,unified-v1
cam5,2195,2163,1.00,uncalibrated_strong,accepted_strong,strong,0.07654,2163,false,false,False,unified-v1
cam5,2196,2164,1.00,uncalibrated_strong,accepted_strong,strong,0.07654,2164,true,false,False,unified-v1
cam5,2197,2165,1.00,uncalibrated_strong,accepted_strong,strong,0.07776,2165,false,false,False,unified-v1
cam5,2198,2166,1.00,uncalibrated_strong,accepted_strong,strong,0.07776,2166,false,false,False,unified-v1
cam5,2199,2167,1.00,uncalibrated_strong,accepted_strong,strong,0.07776,2167,false,false,False,unified-v1
cam5,2200,2168,1.00,uncalibrated_strong,accepted_strong,strong,0.07776,2168,false,false,False,unified-v1
cam5,2201,2169,1.00,uncalibrated_strong,accepted_strong,strong,0.07776,2169,false,false,False,unified-v1
cam5,2202,2170,1.00,uncalibrated_strong,accepted_strong,strong,0.07776,2170,false,false,False,unified-v1
cam5,2203,2171,1.00,uncalibrated_strong,accepted_strong,strong,0.07776,2171,false,false,False,unified-v1
cam5,2204,2172,1.00,uncalibrated_strong,accepted_strong,strong,0.07776,2172,false,false,False,unified-v1
cam5,2205,2173,1.00,uncalibrated_strong,accepted_strong,strong,0.07786,2173,false,false,False,unified-v1
cam5,2206,2174,1.00,uncalibrated_strong,accepted_strong,strong,0.07786,2174,false,false,False,unified-v1
cam5,2207,2175,1.00,uncalibrated_strong,accepted_strong,strong,0.07786,2175,false,false,False,unified-v1
cam5,2208,2175,1.00,uncalibrated_strong,accepted_strong,strong,0.07786,2175,true,false,False,unified-v1
cam5,2209,2176,1.00,uncalibrated_strong,accepted_strong,strong,0.07786,2176,false,false,False,unified-v1
cam5,2210,2177,1.00,uncalibrated_strong,accepted_strong,strong,0.07786,2177,false,false,False,unified-v1
cam5,2211,2178,1.00,uncalibrated_strong,accepted_strong,strong,0.07776,2178,false,false,False,unified-v1
cam5,2212,2179,1.00,uncalibrated_strong,accepted_strong,strong,0.07776,2179,false,false,False,unified-v1
cam5,2213,2180,1.00,uncalibrated_strong,accepted_strong,strong,0.07776,2180,false,false,False,unified-v1
cam5,2214,2181,1.00,uncalibrated_strong,accepted_strong,strong,0.07776,2181,false,false,False,unified-v1
cam5,2215,2182,1.00,uncalibrated_strong,accepted_strong,strong,0.07831,2182,false,false,False,unified-v1
cam5,2216,2182,1.00,uncalibrated_strong,accepted_strong,strong,0.07831,2182,false,false,False,unified-v1
cam5,2217,2183,1.00,uncalibrated_strong,accepted_strong,strong,0.07831,2183,false,false,False,unified-v1
cam5,2218,2184,1.00,uncalibrated_strong,accepted_strong,strong,0.07831,2184,false,false,False,unified-v1
cam5,2219,2185,1.00,uncalibrated_strong,accepted_strong,strong,0.07831,2185,false,false,False,unified-v1
cam5,2220,2186,1.00,uncalibrated_strong,accepted_strong,strong,0.07831,2186,true,true,False,unified-v1
cam5,2221,2187,1.00,uncalibrated_strong,accepted_strong,strong,0.0775,2187,false,false,False,unified-v1
cam5,2222,2189,1.00,uncalibrated_strong,accepted_strong,strong,0.0775,2189,false,false,False,unified-v1
cam5,2223,2190,1.00,uncalibrated_strong,accepted_strong,strong,0.0775,2190,false,false,False,unified-v1
cam5,2224,2191,1.00,uncalibrated_strong,accepted_strong,strong,0.0775,2191,false,false,False,unified-v1
cam5,2225,2191,1.00,uncalibrated_strong,accepted_strong,strong,0.0775,2191,false,false,False,unified-v1
cam5,2226,2192,1.00,uncalibrated_strong,accepted_strong,strong,0.0775,2192,false,false,False,unified-v1
cam5,2227,2194,1.00,uncalibrated_strong,accepted_strong,strong,0.07662,2194,false,false,False,unified-v1
cam5,2228,2195,1.00,uncalibrated_strong,accepted_strong,strong,0.07662,2195,false,false,False,unified-v1
cam5,2229,2196,1.00,uncalibrated_strong,accepted_strong,strong,0.07662,2196,false,false,False,unified-v1
cam5,2230,2197,1.00,uncalibrated_strong,accepted_strong,strong,0.07662,2197,false,false,False,unified-v1
cam5,2231,2198,1.00,uncalibrated_strong,accepted_strong,strong,0.07662,2198,false,false,False,unified-v1
cam5,2232,2199,1.00,uncalibrated_strong,accepted_strong,strong,0.07662,2199,true,true,False,unified-v1
cam5,2233,2200,1.00,uncalibrated_strong,accepted_strong,strong,0.0763,2200,false,false,False,unified-v1
cam5,2234,2201,1.00,uncalibrated_strong,accepted_strong,strong,0.0763,2201,false,false,False,unified-v1
cam5,2235,2202,1.00,uncalibrated_strong,accepted_strong,strong,0.0763,2202,false,false,False,unified-v1
cam5,2236,2203,1.00,uncalibrated_strong,accepted_strong,strong,0.0763,2203,false,false,False,unified-v1
cam5,2237,2204,1.00,uncalibrated_strong,accepted_strong,strong,0.0763,2204,false,false,False,unified-v1
cam5,2238,2205,1.00,uncalibrated_strong,accepted_strong,strong,0.0763,2205,false,false,False,unified-v1
cam5,2239,2206,1.00,uncalibrated_strong,accepted_strong,strong,0.07642,2206,false,false,False,unified-v1
cam5,2240,2207,1.00,uncalibrated_strong,accepted_strong,strong,0.07642,2207,false,false,False,unified-v1
cam5,2241,2209,1.00,uncalibrated_strong,accepted_strong,strong,0.07642,2209,false,false,False,unified-v1
cam5,2242,2210,1.00,uncalibrated_strong,accepted_strong,strong,0.07642,2210,false,false,False,unified-v1
cam5,2243,2211,1.00,uncalibrated_strong,accepted_strong,strong,0.07642,2211,false,false,False,unified-v1
cam5,2244,2213,1.00,uncalibrated_strong,accepted_strong,strong,0.07642,2213,true,true,False,unified-v1
cam5,2245,2214,1.00,uncalibrated_strong,accepted_strong,strong,0.07519,2214,false,false,False,unified-v1
cam5,2246,2215,1.00,uncalibrated_strong,accepted_strong,strong,0.07519,2215,false,false,False,unified-v1
cam5,2247,2216,1.00,uncalibrated_strong,accepted_strong,strong,0.07519,2216,false,false,False,unified-v1
cam5,2248,2217,1.00,uncalibrated_strong,accepted_strong,strong,0.07519,2217,false,false,False,unified-v1
cam5,2249,2218,1.00,uncalibrated_strong,accepted_strong,strong,0.07519,2218,false,false,False,unified-v1
cam5,2250,2219,1.00,uncalibrated_strong,accepted_strong,strong,0.07519,2219,false,false,False,unified-v1
cam5,2251,2220,1.00,uncalibrated_strong,accepted_strong,strong,0.07375,2220,false,false,False,unified-v1
cam5,2252,2221,1.00,uncalibrated_strong,accepted_strong,strong,0.07375,2221,false,false,False,unified-v1
cam5,2253,2222,1.00,uncalibrated_strong,accepted_strong,strong,0.07375,2222,false,false,False,unified-v1
cam5,2254,2223,1.00,uncalibrated_strong,accepted_strong,strong,0.07375,2223,false,false,False,unified-v1
cam5,2255,2225,1.00,uncalibrated_strong,accepted_strong,strong,0.07561,2225,false,false,False,unified-v1
cam5,2256,2226,1.00,uncalibrated_strong,accepted_strong,strong,0.07561,2226,true,true,False,unified-v1
cam5,2257,2227,1.00,uncalibrated_strong,accepted_strong,strong,0.07561,2227,false,false,False,unified-v1
cam5,2258,2228,1.00,uncalibrated_strong,accepted_strong,strong,0.07561,2228,false,false,False,unified-v1
cam5,2259,2229,1.00,uncalibrated_strong,accepted_strong,strong,0.07642,2229,false,false,False,unified-v1
cam5,2260,2230,1.00,uncalibrated_strong,accepted_strong,strong,0.07642,2230,false,false,False,unified-v1
cam5,2261,2231,1.00,uncalibrated_strong,accepted_strong,strong,0.07642,2231,false,false,False,unified-v1
cam5,2262,2232,1.00,uncalibrated_strong,accepted_strong,strong,0.07642,2232,false,false,False,unified-v1
cam5,2263,2233,1.00,uncalibrated_strong,accepted_strong,strong,0.0775,2233,false,false,False,unified-v1
cam5,2264,2234,1.00,uncalibrated_strong,accepted_strong,strong,0.0775,2234,false,false,False,unified-v1
cam5,2265,2235,1.00,uncalibrated_strong,accepted_strong,strong,0.0775,2235,false,false,False,unified-v1
cam5,2266,2237,1.00,uncalibrated_strong,accepted_strong,strong,0.0775,2237,false,false,False,unified-v1
cam5,2267,2238,1.00,uncalibrated_strong,accepted_strong,strong,0.0775,2238,false,false,False,unified-v1
cam5,2268,2239,1.00,uncalibrated_strong,accepted_strong,strong,0.0775,2239,true,true,False,unified-v1
cam5,2269,2240,1.00,uncalibrated_strong,accepted_strong,strong,0.07901,2240,false,false,False,unified-v1
cam5,2270,2241,1.00,uncalibrated_strong,accepted_strong,strong,0.07901,2241,false,false,False,unified-v1
cam5,2271,2242,1.00,uncalibrated_strong,accepted_strong,strong,0.07901,2242,false,false,False,unified-v1
cam5,2272,2243,1.00,uncalibrated_strong,accepted_strong,strong,0.07901,2243,false,false,False,unified-v1
cam5,2273,2244,1.00,uncalibrated_strong,accepted_strong,strong,0.07901,2244,false,false,False,unified-v1
cam5,2274,2246,1.00,uncalibrated_strong,accepted_strong,strong,0.07901,2246,false,false,False,unified-v1
cam5,2275,2247,1.00,uncalibrated_strong,accepted_strong,strong,0.07711,2247,false,false,False,unified-v1
cam5,2276,2248,1.00,uncalibrated_strong,accepted_strong,strong,0.07711,2248,false,false,False,unified-v1
cam5,2277,2249,1.00,uncalibrated_strong,accepted_strong,strong,0.07711,2249,false,false,False,unified-v1
cam5,2278,2250,1.00,uncalibrated_strong,accepted_strong,strong,0.07711,2250,false,false,False,unified-v1
cam5,2279,2251,1.00,uncalibrated_strong,accepted_strong,strong,0.07257,2251,false,false,False,unified-v1
cam5,2280,2252,1.00,uncalibrated_strong,accepted_strong,strong,0.07257,2252,true,false,False,unified-v1
cam5,2281,2253,1.00,uncalibrated_strong,accepted_strong,strong,0.07257,2253,false,false,False,unified-v1
cam5,2282,2254,1.00,uncalibrated_strong,accepted_strong,strong,0.07257,2254,false,false,False,unified-v1
cam5,2283,2255,1.00,uncalibrated_strong,accepted_strong,strong,0.07257,2255,false,false,False,unified-v1
cam5,2284,2256,1.00,uncalibrated_strong,accepted_strong,strong,0.07257,2256,false,false,False,unified-v1
cam5,2285,2257,1.00,uncalibrated_strong,accepted_strong,strong,0.07076,2257,false,false,False,unified-v1
cam5,2286,2258,1.00,uncalibrated_strong,accepted_strong,strong,0.07076,2258,false,false,False,unified-v1
cam5,2287,2259,1.00,uncalibrated_strong,accepted_strong,strong,0.07076,2259,false,false,False,unified-v1
cam5,2288,2260,1.00,uncalibrated_strong,accepted_strong,strong,0.07076,2260,false,false,False,unified-v1
cam5,2289,2261,1.00,uncalibrated_strong,accepted_strong,strong,0.07076,2261,false,false,False,unified-v1
cam5,2290,2263,1.00,uncalibrated_strong,accepted_strong,strong,0.07076,2263,false,false,False,unified-v1
cam5,2291,2265,1.00,uncalibrated_strong,accepted_strong,strong,0.06827,2265,false,false,False,unified-v1
cam5,2292,2268,1.00,uncalibrated_strong,accepted_strong,strong,0.06827,2268,true,false,False,unified-v1
cam5,2293,2269,1.00,uncalibrated_strong,accepted_strong,strong,0.06827,2269,false,false,False,unified-v1
cam5,2294,2270,1.00,uncalibrated_strong,accepted_strong,strong,0.06827,2270,false,false,False,unified-v1
cam5,2295,2271,1.00,uncalibrated_strong,accepted_strong,strong,0.06864,2271,false,false,False,unified-v1
cam5,2296,2272,1.00,uncalibrated_strong,accepted_strong,strong,0.06864,2272,false,false,False,unified-v1
cam5,2297,2273,1.00,uncalibrated_strong,accepted_strong,strong,0.06864,2273,false,false,False,unified-v1
cam5,2298,2274,1.00,uncalibrated_strong,accepted_strong,strong,0.06864,2274,false,false,False,unified-v1
cam5,2299,2275,1.00,uncalibrated_strong,accepted_strong,strong,0.07065,2275,false,false,False,unified-v1
cam5,2300,2276,1.00,uncalibrated_strong,accepted_strong,strong,0.07065,2276,false,false,False,unified-v1
cam5,2301,2277,1.00,uncalibrated_strong,accepted_strong,strong,0.07065,2277,false,false,False,unified-v1
cam5,2302,2278,1.00,uncalibrated_strong,accepted_strong,strong,0.07065,2278,false,false,False,unified-v1
cam5,2303,2279,1.00,uncalibrated_strong,accepted_strong,strong,0.07328,2279,false,false,False,unified-v1
cam5,2304,2280,1.00,uncalibrated_strong,accepted_strong,strong,0.07328,2280,true,true,False,unified-v1
cam5,2305,2281,1.00,uncalibrated_strong,accepted_strong,strong,0.07328,2281,false,false,False,unified-v1
cam5,2306,2282,1.00,uncalibrated_strong,accepted_strong,strong,0.07328,2282,false,false,False,unified-v1
cam5,2307,2283,1.00,uncalibrated_strong,accepted_strong,strong,0.07609,2283,false,false,False,unified-v1
cam5,2308,2284,1.00,uncalibrated_strong,accepted_strong,strong,0.07609,2284,false,false,False,unified-v1
cam5,2309,2285,1.00,uncalibrated_strong,accepted_strong,strong,0.07609,2285,false,false,False,unified-v1
cam5,2310,2286,1.00,uncalibrated_strong,accepted_strong,strong,0.07609,2286,false,false,False,unified-v1
cam5,2311,2287,1.00,uncalibrated_strong,accepted_strong,strong,0.07676,2287,false,false,False,unified-v1
cam5,2312,2288,1.00,uncalibrated_strong,accepted_strong,strong,0.07676,2288,false,false,False,unified-v1
cam5,2313,2289,1.00,uncalibrated_strong,accepted_strong,strong,0.07676,2289,false,false,False,unified-v1
cam5,2314,2290,1.00,uncalibrated_strong,accepted_strong,strong,0.07676,2290,false,false,False,unified-v1
cam5,2315,2291,1.00,uncalibrated_strong,accepted_strong,strong,0.07627,2291,false,false,False,unified-v1
cam5,2316,2292,1.00,uncalibrated_strong,accepted_strong,strong,0.07627,2292,true,true,False,unified-v1
cam5,2317,2293,1.00,uncalibrated_strong,accepted_strong,strong,0.07627,2293,false,false,False,unified-v1
cam5,2318,2294,1.00,uncalibrated_strong,accepted_strong,strong,0.07627,2294,false,false,False,unified-v1
cam5,2319,2295,1.00,uncalibrated_strong,accepted_strong,strong,0.0737,2295,false,false,False,unified-v1
cam5,2320,2296,1.00,uncalibrated_strong,accepted_strong,strong,0.0737,2296,false,false,False,unified-v1
cam5,2321,2297,1.00,uncalibrated_strong,accepted_strong,strong,0.0737,2297,false,false,False,unified-v1
cam5,2322,2298,1.00,uncalibrated_strong,accepted_strong,strong,0.0737,2298,false,false,False,unified-v1
cam5,2323,2299,1.00,uncalibrated_strong,accepted_strong,strong,0.07279,2299,false,false,False,unified-v1
cam5,2324,2300,1.00,uncalibrated_strong,accepted_strong,strong,0.07279,2300,false,false,False,unified-v1
cam5,2325,2301,1.00,uncalibrated_strong,accepted_strong,strong,0.07279,2301,false,false,False,unified-v1
cam5,2326,2302,1.00,uncalibrated_strong,accepted_strong,strong,0.07279,2302,false,false,False,unified-v1
cam5,2327,2303,1.00,uncalibrated_strong,accepted_strong,strong,0.07119,2303,false,false,False,unified-v1
cam5,2328,2304,1.00,uncalibrated_strong,accepted_strong,strong,0.07119,2304,true,true,False,unified-v1
cam5,2329,2305,1.00,uncalibrated_strong,accepted_strong,strong,0.07119,2305,false,false,False,unified-v1
cam5,2330,2305,1.00,uncalibrated_strong,accepted_strong,strong,0.07119,2305,false,false,False,unified-v1
cam5,2331,2306,1.00,uncalibrated_strong,accepted_strong,strong,0.07119,2306,false,false,False,unified-v1
cam5,2332,2307,1.00,uncalibrated_strong,accepted_strong,strong,0.07119,2307,false,false,False,unified-v1
cam5,2333,2308,1.00,uncalibrated_strong,accepted_strong,strong,0.07009,2308,false,false,False,unified-v1
cam5,2334,2309,1.00,uncalibrated_strong,accepted_strong,strong,0.07009,2309,false,false,False,unified-v1
cam5,2335,2310,1.00,uncalibrated_strong,accepted_strong,strong,0.07009,2310,false,false,False,unified-v1
cam5,2336,2310,1.00,uncalibrated_strong,accepted_strong,strong,0.07009,2310,false,false,False,unified-v1
cam5,2337,2311,1.00,uncalibrated_strong,accepted_strong,strong,0.07009,2311,false,false,False,unified-v1
cam5,2338,2312,1.00,uncalibrated_strong,accepted_strong,strong,0.07009,2312,false,false,False,unified-v1
cam5,2339,2313,1.00,uncalibrated_strong,accepted_strong,strong,0.0677,2313,false,false,False,unified-v1
cam5,2340,2314,1.00,uncalibrated_strong,accepted_strong,strong,0.0677,2314,true,true,False,unified-v1
cam5,2341,2316,1.00,uncalibrated_strong,accepted_strong,strong,0.0677,2316,false,false,False,unified-v1
cam5,2342,2317,1.00,uncalibrated_strong,accepted_strong,strong,0.0677,2317,false,false,False,unified-v1
cam5,2343,2317,1.00,uncalibrated_strong,accepted_strong,strong,0.06535,2317,false,false,False,unified-v1
cam5,2344,2319,1.00,uncalibrated_strong,accepted_strong,strong,0.06535,2319,false,false,False,unified-v1
cam5,2345,2320,1.00,uncalibrated_strong,accepted_strong,strong,0.06535,2320,false,false,False,unified-v1
cam5,2346,2321,1.00,uncalibrated_strong,accepted_strong,strong,0.06535,2321,false,false,False,unified-v1
cam5,2347,2322,1.00,uncalibrated_strong,accepted_strong,strong,0.06336,2322,false,false,False,unified-v1
cam5,2348,2323,1.00,uncalibrated_strong,accepted_strong,strong,0.06336,2323,false,false,False,unified-v1
cam5,2349,2324,1.00,uncalibrated_strong,accepted_strong,strong,0.06336,2324,false,false,False,unified-v1
cam5,2350,2325,1.00,uncalibrated_strong,accepted_strong,strong,0.06336,2325,false,false,False,unified-v1
cam5,2351,2326,1.00,uncalibrated_strong,accepted_strong,strong,0.06336,2326,false,false,False,unified-v1
cam5,2352,2327,1.00,uncalibrated_strong,accepted_strong,strong,0.06336,2327,true,true,False,unified-v1
cam5,2353,2328,1.00,uncalibrated_strong,accepted_strong,strong,0.06418,2328,false,false,False,unified-v1
cam5,2354,2329,1.00,uncalibrated_strong,accepted_strong,strong,0.06418,2329,false,false,False,unified-v1
cam5,2355,2330,1.00,uncalibrated_strong,accepted_strong,strong,0.06418,2330,false,false,False,unified-v1
cam5,2356,2331,1.00,uncalibrated_strong,accepted_strong,strong,0.06418,2331,false,false,False,unified-v1
cam5,2357,2332,1.00,uncalibrated_strong,accepted_strong,strong,0.06418,2332,false,false,False,unified-v1
cam5,2358,2333,1.00,uncalibrated_strong,accepted_strong,strong,0.06418,2333,false,false,False,unified-v1
cam5,2359,2334,1.00,uncalibrated_strong,accepted_strong,strong,0.06555,2334,false,false,False,unified-v1
cam5,2360,2335,1.00,uncalibrated_strong,accepted_strong,strong,0.06555,2335,false,false,False,unified-v1
cam5,2361,2336,1.00,uncalibrated_strong,accepted_strong,strong,0.06555,2336,false,false,False,unified-v1
cam5,2362,2338,1.00,uncalibrated_strong,accepted_strong,strong,0.06555,2338,false,false,False,unified-v1
cam5,2363,2339,1.00,uncalibrated_strong,accepted_strong,strong,0.06722,2339,false,false,False,unified-v1
cam5,2364,2340,1.00,uncalibrated_strong,accepted_strong,strong,0.06722,2340,true,true,False,unified-v1
cam5,2365,2341,1.00,uncalibrated_strong,accepted_strong,strong,0.06722,2341,false,false,False,unified-v1
cam5,2366,2342,1.00,uncalibrated_strong,accepted_strong,strong,0.06722,2342,false,false,False,unified-v1
cam5,2367,2343,1.00,uncalibrated_strong,accepted_strong,strong,0.06712,2343,false,false,False,unified-v1
cam5,2368,2344,1.00,uncalibrated_strong,accepted_strong,strong,0.06712,2344,false,false,False,unified-v1
cam5,2369,2345,1.00,uncalibrated_strong,accepted_strong,strong,0.06712,2345,false,false,False,unified-v1
cam5,2370,2347,1.00,uncalibrated_strong,accepted_strong,strong,0.06712,2347,false,false,False,unified-v1
cam5,2371,2348,1.00,uncalibrated_strong,accepted_strong,strong,0.06457,2348,false,false,False,unified-v1
cam5,2372,2350,1.00,uncalibrated_strong,accepted_strong,strong,0.06457,2350,false,false,False,unified-v1
cam5,2373,2351,1.00,uncalibrated_strong,accepted_strong,strong,0.06457,2351,false,false,False,unified-v1
cam5,2374,2352,1.00,uncalibrated_strong,accepted_strong,strong,0.06457,2352,false,false,False,unified-v1
cam5,2375,2353,1.00,uncalibrated_strong,accepted_strong,strong,0.06457,2353,false,false,False,unified-v1
cam5,2376,2355,1.00,uncalibrated_strong,accepted_strong,strong,0.06457,2355,true,false,False,unified-v1
cam5,2377,2356,1.00,uncalibrated_strong,accepted_strong,strong,0.06361,2356,false,false,False,unified-v1
cam5,2378,2357,1.00,uncalibrated_strong,accepted_strong,strong,0.06361,2357,false,false,False,unified-v1
cam5,2379,2358,1.00,uncalibrated_strong,accepted_strong,strong,0.06361,2358,false,false,False,unified-v1
cam5,2380,2359,1.00,uncalibrated_strong,accepted_strong,strong,0.06361,2359,false,false,False,unified-v1
cam5,2381,2360,1.00,uncalibrated_strong,accepted_strong,strong,0.06361,2360,false,false,False,unified-v1
cam5,2382,2362,1.00,uncalibrated_strong,accepted_strong,strong,0.06361,2362,false,false,False,unified-v1
cam5,2383,2363,1.00,uncalibrated_strong,accepted_strong,strong,0.0617,2363,false,false,False,unified-v1
cam5,2384,2364,1.00,uncalibrated_strong,accepted_strong,strong,0.0617,2364,false,false,False,unified-v1
cam5,2385,2365,1.00,uncalibrated_strong,accepted_strong,strong,0.0617,2365,false,false,False,unified-v1
cam5,2386,2366,1.00,uncalibrated_strong,accepted_strong,strong,0.0617,2366,false,false,False,unified-v1
cam5,2387,2367,1.00,uncalibrated_strong,accepted_strong,strong,0.06145,2367,false,false,False,unified-v1
cam5,2388,2369,1.00,uncalibrated_strong,accepted_strong,strong,0.06145,2369,true,true,False,unified-v1
cam5,2389,2370,1.00,uncalibrated_strong,accepted_strong,strong,0.06145,2370,false,false,False,unified-v1
cam5,2390,2372,1.00,uncalibrated_strong,accepted_strong,strong,0.06145,2372,false,false,False,unified-v1
cam5,2391,2373,1.00,uncalibrated_strong,accepted_strong,strong,0.06187,2373,false,false,False,unified-v1
cam5,2392,2374,1.00,uncalibrated_strong,accepted_strong,strong,0.06187,2374,false,false,False,unified-v1
cam5,2393,2375,1.00,uncalibrated_strong,accepted_strong,strong,0.06187,2375,false,false,False,unified-v1
cam5,2394,2377,1.00,uncalibrated_strong,accepted_strong,strong,0.06187,2377,false,false,False,unified-v1
cam5,2395,2378,1.00,uncalibrated_strong,accepted_strong,strong,0.06264,2378,false,false,False,unified-v1
cam5,2396,2379,1.00,uncalibrated_strong,accepted_strong,strong,0.06264,2379,false,false,False,unified-v1
cam5,2397,2380,1.00,uncalibrated_strong,accepted_strong,strong,0.06264,2380,false,false,False,unified-v1
cam5,2398,2382,1.00,uncalibrated_strong,accepted_strong,strong,0.06264,2382,false,false,False,unified-v1
cam5,2399,2383,1.00,uncalibrated_strong,accepted_strong,strong,0.06213,2383,false,false,False,unified-v1
cam5,2400,2384,1.00,uncalibrated_strong,accepted_strong,strong,0.06213,2384,true,true,False,unified-v1
cam5,2401,2386,1.00,uncalibrated_strong,accepted_strong,strong,0.06213,2386,false,false,False,unified-v1
cam5,2402,2388,1.00,uncalibrated_strong,accepted_strong,strong,0.06213,2388,false,false,False,unified-v1
cam5,2403,2389,1.00,uncalibrated_strong,accepted_strong,strong,0.06213,2389,false,false,False,unified-v1
cam5,2404,2390,1.00,uncalibrated_strong,accepted_strong,strong,0.06213,2390,false,false,False,unified-v1
cam5,2405,2391,1.00,uncalibrated_strong,accepted_strong,strong,0.06001,2391,false,false,False,unified-v1
cam5,2406,2392,1.00,uncalibrated_strong,accepted_strong,strong,0.06001,2392,false,false,False,unified-v1
cam5,2407,2393,1.00,uncalibrated_strong,accepted_strong,strong,0.06001,2393,false,false,False,unified-v1
cam5,2408,2394,1.00,uncalibrated_strong,accepted_strong,strong,0.06001,2394,false,false,False,unified-v1
cam5,2409,2395,1.00,uncalibrated_strong,accepted_strong,strong,0.06001,2395,false,false,False,unified-v1
cam5,2410,2396,1.00,uncalibrated_strong,accepted_strong,strong,0.06001,2396,false,false,False,unified-v1
cam5,2411,2397,1.00,uncalibrated_strong,accepted_strong,strong,0.05646,2397,false,false,False,unified-v1
cam5,2412,2398,1.00,uncalibrated_strong,accepted_strong,strong,0.05646,2398,true,true,False,unified-v1
cam5,2413,2399,1.00,uncalibrated_strong,accepted_strong,strong,0.05646,2399,false,false,False,unified-v1
cam5,2414,2400,1.00,uncalibrated_strong,accepted_strong,strong,0.05646,2400,false,false,False,unified-v1
cam5,2415,2401,0.67,uncalibrated_sequence_supported,accepted_sequence_supported,supported,0.05566,2401,false,false,False,unified-v1
cam5,2416,2402,0.67,uncalibrated_sequence_supported,accepted_sequence_supported,supported,0.05566,2402,false,false,False,unified-v1
cam5,2417,2403,0.67,uncalibrated_sequence_supported,accepted_sequence_supported,supported,0.05566,2403,false,false,False,unified-v1
cam5,2418,2404,0.67,uncalibrated_sequence_supported,accepted_sequence_supported,supported,0.05566,2404,false,false,False,unified-v1
cam5,2419,2405,0.67,uncalibrated_sequence_supported,accepted_sequence_supported,supported,0.05694,2405,false,false,False,unified-v1
cam5,2420,2406,0.67,uncalibrated_sequence_supported,accepted_sequence_supported,supported,0.05694,2406,false,false,False,unified-v1
cam5,2421,2407,0.67,uncalibrated_sequence_supported,accepted_sequence_supported,supported,0.05694,2407,false,false,False,unified-v1
cam5,2422,2408,0.67,uncalibrated_sequence_supported,accepted_sequence_supported,supported,0.05694,2408,false,false,False,unified-v1
cam5,2423,2409,0.67,uncalibrated_sequence_supported,accepted_sequence_supported,supported,0.05906,2409,false,false,False,unified-v1
cam5,2424,2410,0.67,uncalibrated_sequence_supported,accepted_sequence_supported,supported,0.05906,2410,true,true,False,unified-v1
cam5,2425,2413,0.67,uncalibrated_sequence_supported,accepted_sequence_supported,supported,0.05906,2413,false,false,False,unified-v1
cam5,2426,2416,0.67,uncalibrated_sequence_supported,accepted_sequence_supported,supported,0.05906,2416,false,false,False,unified-v1
cam5,2427,,0.00,abstain,loop_ambiguous,failed,0.05993,2419,false,false,False,unified-v1
cam5,2428,,0.00,abstain,loop_ambiguous,failed,0.05993,2422,false,false,False,unified-v1
cam5,2429,,0.00,abstain,loop_ambiguous,failed,0.05993,2424,false,false,False,unified-v1
cam5,2430,,0.00,abstain,loop_ambiguous,failed,0.05993,2426,false,false,False,unified-v1
cam5,2431,2428,0.67,uncalibrated_sequence_supported,accepted_sequence_supported,supported,0.06287,2428,false,false,False,unified-v1
cam5,2432,2430,0.67,uncalibrated_sequence_supported,accepted_sequence_supported,supported,0.06287,2430,false,false,False,unified-v1
cam5,2433,2433,0.67,uncalibrated_sequence_supported,accepted_sequence_supported,supported,0.06287,2433,false,false,False,unified-v1
cam5,2434,2436,0.67,uncalibrated_sequence_supported,accepted_sequence_supported,supported,0.06287,2436,false,false,False,unified-v1
cam5,2435,2439,0.67,uncalibrated_sequence_supported,accepted_sequence_supported,supported,0.06586,2439,false,false,False,unified-v1
cam5,2436,2442,0.67,uncalibrated_sequence_supported,accepted_sequence_supported,supported,0.06586,2442,true,true,False,unified-v1
cam5,2437,2445,0.67,uncalibrated_sequence_supported,accepted_sequence_supported,supported,0.06586,2445,false,false,False,unified-v1
cam5,2438,2448,0.67,uncalibrated_sequence_supported,accepted_sequence_supported,supported,0.06586,2448,false,false,False,unified-v1
cam5,2439,2451,0.67,uncalibrated_sequence_supported,accepted_sequence_supported,supported,0.07129,2451,false,false,False,unified-v1
cam5,2440,2454,0.67,uncalibrated_sequence_supported,accepted_sequence_supported,supported,0.07129,2454,false,false,False,unified-v1
cam5,2441,2455,0.67,uncalibrated_sequence_supported,accepted_sequence_supported,supported,0.07129,2455,false,false,False,unified-v1
cam5,2442,2456,0.67,uncalibrated_sequence_supported,accepted_sequence_supported,supported,0.07129,2456,false,false,False,unified-v1
cam5,2443,2457,0.67,uncalibrated_sequence_supported,accepted_sequence_supported,supported,0.07129,2457,false,false,False,unified-v1
cam5,2444,2458,0.67,uncalibrated_sequence_supported,accepted_sequence_supported,supported,0.07129,2458,false,false,False,unified-v1
cam5,2445,2459,1.00,uncalibrated_strong,accepted_strong,strong,0.07775,2459,false,false,False,unified-v1
cam5,2446,2459,1.00,uncalibrated_strong,accepted_strong,strong,0.07775,2459,false,false,False,unified-v1
cam5,2447,2459,1.00,uncalibrated_strong,accepted_strong,strong,0.07775,2459,false,false,False,unified-v1
cam5,2448,2459,1.00,uncalibrated_strong,accepted_strong,strong,0.07775,2459,true,false,False,unified-v1
cam5,2449,2459,1.00,uncalibrated_strong,accepted_strong,strong,0.07775,2459,false,false,False,unified-v1
cam5,2450,2459,1.00,uncalibrated_strong,accepted_strong,strong,0.07775,2459,false,false,False,unified-v1
cam5,2451,2460,1.00,uncalibrated_strong,accepted_strong,strong,0.08161,2460,false,false,False,unified-v1
cam5,2452,2461,1.00,uncalibrated_strong,accepted_strong,strong,0.08161,2461,false,false,False,unified-v1
cam5,2453,2463,1.00,uncalibrated_strong,accepted_strong,strong,0.08161,2463,false,false,False,unified-v1
cam5,2454,2466,1.00,uncalibrated_strong,accepted_strong,strong,0.08161,2466,false,false,False,unified-v1
cam5,2455,2469,1.00,uncalibrated_strong,accepted_strong,strong,0.08413,2469,false,false,False,unified-v1
cam5,2456,2472,1.00,uncalibrated_strong,accepted_strong,strong,0.08413,2472,false,false,False,unified-v1
cam5,2457,2472,1.00,uncalibrated_strong,accepted_strong,strong,0.08413,2472,false,false,False,unified-v1
cam5,2458,2473,1.00,uncalibrated_strong,accepted_strong,strong,0.08413,2473,false,false,False,unified-v1
cam5,2459,2473,1.00,uncalibrated_strong,accepted_strong,strong,0.08413,2473,false,false,False,unified-v1
cam5,2460,2473,1.00,uncalibrated_strong,accepted_strong,strong,0.08413,2473,true,true,False,unified-v1
cam5,2461,2474,1.00,uncalibrated_strong,accepted_strong,strong,0.08413,2474,false,false,False,unified-v1
cam5,2462,2474,1.00,uncalibrated_strong,accepted_strong,strong,0.08413,2474,false,false,False,unified-v1
cam5,2463,2475,1.00,uncalibrated_strong,accepted_strong,strong,0.08777,2475,false,false,False,unified-v1
cam5,2464,2477,1.00,uncalibrated_strong,accepted_strong,strong,0.08777,2477,false,false,False,unified-v1
cam5,2465,2477,1.00,uncalibrated_strong,accepted_strong,strong,0.08777,2477,false,false,False,unified-v1
cam5,2466,2477,1.00,uncalibrated_strong,accepted_strong,strong,0.08777,2477,false,false,False,unified-v1
cam5,2467,2478,1.00,uncalibrated_strong,accepted_strong,strong,0.08777,2478,false,false,False,unified-v1
cam5,2468,2478,1.00,uncalibrated_strong,accepted_strong,strong,0.08777,2478,false,false,False,unified-v1
cam5,2469,2479,1.00,uncalibrated_strong,accepted_strong,strong,0.08777,2479,false,false,False,unified-v1
cam5,2470,2480,1.00,uncalibrated_strong,accepted_strong,strong,0.08777,2480,false,false,False,unified-v1
cam5,2471,2481,1.00,uncalibrated_strong,accepted_strong,strong,0.09048,2481,false,false,False,unified-v1
cam5,2472,2482,1.00,uncalibrated_strong,accepted_strong,strong,0.09048,2482,true,true,False,unified-v1
cam5,2473,2482,1.00,uncalibrated_strong,accepted_strong,strong,0.09048,2482,false,false,False,unified-v1
cam5,2474,2483,1.00,uncalibrated_strong,accepted_strong,strong,0.09048,2483,false,false,False,unified-v1
cam5,2475,2483,1.00,uncalibrated_strong,accepted_strong,strong,0.09323,2483,false,false,False,unified-v1
cam5,2476,2484,1.00,uncalibrated_strong,accepted_strong,strong,0.09323,2484,false,false,False,unified-v1
cam5,2477,2485,1.00,uncalibrated_strong,accepted_strong,strong,0.09323,2485,false,false,False,unified-v1
cam5,2478,2486,1.00,uncalibrated_strong,accepted_strong,strong,0.09323,2486,false,false,False,unified-v1
cam5,2479,2489,1.00,uncalibrated_strong,accepted_strong,strong,0.0941,2489,false,false,False,unified-v1
cam5,2480,2490,1.00,uncalibrated_strong,accepted_strong,strong,0.0941,2490,false,false,False,unified-v1
cam5,2481,2491,1.00,uncalibrated_strong,accepted_strong,strong,0.0941,2491,false,false,False,unified-v1
cam5,2482,2492,1.00,uncalibrated_strong,accepted_strong,strong,0.0941,2492,false,false,False,unified-v1
cam5,2483,2493,1.00,uncalibrated_strong,accepted_strong,strong,0.0941,2493,false,false,False,unified-v1
cam5,2484,2494,1.00,uncalibrated_strong,accepted_strong,strong,0.0941,2494,true,true,False,unified-v1
cam5,2485,2495,1.00,uncalibrated_strong,accepted_strong,strong,0.09398,2495,false,false,False,unified-v1
cam5,2486,2496,1.00,uncalibrated_strong,accepted_strong,strong,0.09398,2496,false,false,False,unified-v1
cam5,2487,2497,1.00,uncalibrated_strong,accepted_strong,strong,0.09398,2497,false,false,False,unified-v1
cam5,2488,2498,1.00,uncalibrated_strong,accepted_strong,strong,0.09398,2498,false,false,False,unified-v1
cam5,2489,2499,1.00,uncalibrated_strong,accepted_strong,strong,0.09398,2499,false,false,False,unified-v1
cam5,2490,2500,1.00,uncalibrated_strong,accepted_strong,strong,0.09398,2500,false,false,False,unified-v1
cam5,2491,2500,1.00,uncalibrated_strong,accepted_strong,strong,0.09249,2500,false,false,False,unified-v1
cam5,2492,2500,1.00,uncalibrated_strong,accepted_strong,strong,0.09249,2500,false,false,False,unified-v1
cam5,2493,2500,1.00,uncalibrated_strong,accepted_strong,strong,0.09249,2500,false,false,False,unified-v1
cam5,2494,2500,1.00,uncalibrated_strong,accepted_strong,strong,0.09249,2500,false,false,False,unified-v1
cam5,2495,2500,1.00,uncalibrated_strong,accepted_strong,strong,0.08954,2500,false,false,False,unified-v1
cam5,2496,2501,1.00,uncalibrated_strong,accepted_strong,strong,0.08954,2501,true,true,False,unified-v1
cam5,2497,2501,1.00,uncalibrated_strong,accepted_strong,strong,0.08954,2501,false,false,False,unified-v1
cam5,2498,2501,1.00,uncalibrated_strong,accepted_strong,strong,0.08954,2501,false,false,False,unified-v1
cam5,2499,2501,0.67,uncalibrated_sequence_supported,accepted_sequence_supported,supported,0.08472,2501,false,false,False,unified-v1
cam5,2500,2502,0.67,uncalibrated_sequence_supported,accepted_sequence_supported,supported,0.08472,2502,false,false,False,unified-v1
cam5,2501,2503,0.67,uncalibrated_sequence_supported,accepted_sequence_supported,supported,0.08472,2503,false,false,False,unified-v1
cam5,2502,2504,0.67,uncalibrated_sequence_supported,accepted_sequence_supported,supported,0.08472,2504,false,false,False,unified-v1
cam5,2503,2505,0.67,uncalibrated_sequence_supported,accepted_sequence_supported,supported,0.08076,2505,false,false,False,unified-v1
cam5,2504,2506,0.67,uncalibrated_sequence_supported,accepted_sequence_supported,supported,0.08076,2506,false,false,False,unified-v1
cam5,2505,2509,0.67,uncalibrated_sequence_supported,accepted_sequence_supported,supported,0.08076,2509,false,false,False,unified-v1
cam5,2506,2512,0.67,uncalibrated_sequence_supported,accepted_sequence_supported,supported,0.08076,2512,false,false,False,unified-v1
cam5,2507,2515,0.67,uncalibrated_sequence_supported,accepted_sequence_supported,supported,0.08042,2515,false,false,False,unified-v1
cam5,2508,2518,0.67,uncalibrated_sequence_supported,accepted_sequence_supported,supported,0.08042,2518,true,true,False,unified-v1
cam5,2509,2521,0.67,uncalibrated_sequence_supported,accepted_sequence_supported,supported,0.08042,2521,false,false,False,unified-v1
cam5,2510,2523,0.67,uncalibrated_sequence_supported,accepted_sequence_supported,supported,0.08042,2523,false,false,False,unified-v1
cam5,2511,2524,0.67,uncalibrated_sequence_supported,accepted_sequence_supported,supported,0.0804,2524,false,false,False,unified-v1
cam5,2512,2524,0.67,uncalibrated_sequence_supported,accepted_sequence_supported,supported,0.0804,2524,false,false,False,unified-v1
cam5,2513,2524,0.67,uncalibrated_sequence_supported,accepted_sequence_supported,supported,0.0804,2524,false,false,False,unified-v1
cam5,2514,2525,0.67,uncalibrated_sequence_supported,accepted_sequence_supported,supported,0.0804,2525,false,false,False,unified-v1
cam5,2515,2526,0.67,uncalibrated_sequence_supported,accepted_sequence_supported,supported,0.0804,2526,false,false,False,unified-v1
cam5,2516,2527,0.67,uncalibrated_sequence_supported,accepted_sequence_supported,supported,0.0804,2527,false,false,False,unified-v1
cam5,2517,2528,1.00,uncalibrated_strong,accepted_strong,strong,0.08118,2528,false,false,False,unified-v1
cam5,2518,2529,1.00,uncalibrated_strong,accepted_strong,strong,0.08118,2529,false,false,False,unified-v1
cam5,2519,2530,1.00,uncalibrated_strong,accepted_strong,strong,0.08118,2530,false,false,False,unified-v1
cam5,2520,2531,1.00,uncalibrated_strong,accepted_strong,strong,0.08118,2531,true,true,False,unified-v1
cam5,2521,2532,1.00,uncalibrated_strong,accepted_strong,strong,0.08118,2532,false,false,False,unified-v1
cam5,2522,2533,1.00,uncalibrated_strong,accepted_strong,strong,0.08118,2533,false,false,False,unified-v1
cam5,2523,2534,1.00,uncalibrated_strong,accepted_strong,strong,0.08118,2534,false,false,False,unified-v1
cam5,2524,2535,1.00,uncalibrated_strong,accepted_strong,strong,0.08118,2535,false,false,False,unified-v1
cam5,2525,2536,1.00,uncalibrated_strong,accepted_strong,strong,0.08268,2536,false,false,False,unified-v1
cam5,2526,2537,1.00,uncalibrated_strong,accepted_strong,strong,0.08268,2537,false,false,False,unified-v1
cam5,2527,2539,1.00,uncalibrated_strong,accepted_strong,strong,0.08268,2539,false,false,False,unified-v1
cam5,2528,2540,1.00,uncalibrated_strong,accepted_strong,strong,0.08268,2540,false,false,False,unified-v1
cam5,2529,2541,1.00,uncalibrated_strong,accepted_strong,strong,0.08268,2541,false,false,False,unified-v1
cam5,2530,2542,1.00,uncalibrated_strong,accepted_strong,strong,0.08268,2542,false,false,False,unified-v1
cam5,2531,2543,1.00,uncalibrated_strong,accepted_strong,strong,0.08268,2543,false,false,False,unified-v1
cam5,2532,2545,1.00,uncalibrated_strong,accepted_strong,strong,0.08268,2545,true,true,False,unified-v1
cam5,2533,2546,1.00,uncalibrated_strong,accepted_strong,strong,0.0859,2546,false,false,False,unified-v1
cam5,2534,2547,1.00,uncalibrated_strong,accepted_strong,strong,0.0859,2547,false,false,False,unified-v1
cam5,2535,2548,1.00,uncalibrated_strong,accepted_strong,strong,0.0859,2548,false,false,False,unified-v1
cam5,2536,2549,1.00,uncalibrated_strong,accepted_strong,strong,0.0859,2549,false,false,False,unified-v1
cam5,2537,2550,1.00,uncalibrated_strong,accepted_strong,strong,0.0859,2550,false,false,False,unified-v1
cam5,2538,2551,1.00,uncalibrated_strong,accepted_strong,strong,0.0859,2551,false,false,False,unified-v1
cam5,2539,2552,1.00,uncalibrated_strong,accepted_strong,strong,0.0859,2552,false,false,False,unified-v1
cam5,2540,2553,1.00,uncalibrated_strong,accepted_strong,strong,0.0859,2553,false,false,False,unified-v1
cam5,2541,2554,1.00,uncalibrated_strong,accepted_strong,strong,0.08963,2554,false,false,False,unified-v1
cam5,2542,2555,1.00,uncalibrated_strong,accepted_strong,strong,0.08963,2555,false,false,False,unified-v1
cam5,2543,2556,1.00,uncalibrated_strong,accepted_strong,strong,0.08963,2556,false,false,False,unified-v1
cam5,2544,2557,1.00,uncalibrated_strong,accepted_strong,strong,0.08963,2557,true,true,False,unified-v1
cam5,2545,2558,1.00,uncalibrated_strong,accepted_strong,strong,0.08963,2558,false,false,False,unified-v1
cam5,2546,2559,1.00,uncalibrated_strong,accepted_strong,strong,0.08963,2559,false,false,False,unified-v1
cam5,2547,2560,1.00,uncalibrated_strong,accepted_strong,strong,0.08963,2560,false,false,False,unified-v1
cam5,2548,2561,1.00,uncalibrated_strong,accepted_strong,strong,0.08963,2561,false,false,False,unified-v1
cam5,2549,2562,1.00,uncalibrated_strong,accepted_strong,strong,0.09444,2562,false,false,False,unified-v1
cam5,2550,2563,1.00,uncalibrated_strong,accepted_strong,strong,0.09444,2563,false,false,False,unified-v1
cam5,2551,2564,1.00,uncalibrated_strong,accepted_strong,strong,0.09444,2564,false,false,False,unified-v1
cam5,2552,2565,1.00,uncalibrated_strong,accepted_strong,strong,0.09444,2565,false,false,False,unified-v1
cam5,2553,2566,1.00,uncalibrated_strong,accepted_strong,strong,0.09444,2566,false,false,False,unified-v1
cam5,2554,2567,1.00,uncalibrated_strong,accepted_strong,strong,0.09444,2567,false,false,False,unified-v1
cam5,2555,2569,1.00,uncalibrated_strong,accepted_strong,strong,0.09444,2569,false,false,False,unified-v1
cam5,2556,2570,1.00,uncalibrated_strong,accepted_strong,strong,0.09444,2570,true,true,False,unified-v1
cam5,2557,2571,1.00,uncalibrated_strong,accepted_strong,strong,0.10002,2571,false,false,False,unified-v1
cam5,2558,2572,1.00,uncalibrated_strong,accepted_strong,strong,0.10002,2572,false,false,False,unified-v1
cam5,2559,2573,1.00,uncalibrated_strong,accepted_strong,strong,0.10002,2573,false,false,False,unified-v1
cam5,2560,2576,1.00,uncalibrated_strong,accepted_strong,strong,0.10002,2576,false,false,False,unified-v1
cam5,2561,2578,1.00,uncalibrated_strong,accepted_strong,strong,0.10002,2578,false,false,False,unified-v1
cam5,2562,2580,1.00,uncalibrated_strong,accepted_strong,strong,0.10002,2580,false,false,False,unified-v1
cam5,2563,2583,1.00,uncalibrated_strong,accepted_strong,strong,0.10002,2583,false,false,False,unified-v1
cam5,2564,2583,1.00,uncalibrated_strong,accepted_strong,strong,0.10002,2583,false,false,False,unified-v1
cam5,2565,2586,1.00,uncalibrated_strong,accepted_strong,strong,0.10002,2586,false,false,False,unified-v1
cam5,2566,2588,1.00,uncalibrated_strong,accepted_strong,strong,0.10002,2588,false,false,False,unified-v1
cam5,2567,2588,1.00,uncalibrated_strong,accepted_strong,strong,0.10316,2588,false,false,False,unified-v1
cam5,2568,2589,1.00,uncalibrated_strong,accepted_strong,strong,0.10316,2589,true,true,False,unified-v1
cam5,2569,2589,1.00,uncalibrated_strong,accepted_strong,strong,0.10316,2589,false,false,False,unified-v1
cam5,2570,2589,1.00,uncalibrated_strong,accepted_strong,strong,0.10316,2589,false,false,False,unified-v1
cam5,2571,2590,1.00,uncalibrated_strong,accepted_strong,strong,0.10316,2590,false,false,False,unified-v1
cam5,2572,2590,1.00,uncalibrated_strong,accepted_strong,strong,0.10316,2590,false,false,False,unified-v1
cam5,2573,2590,1.00,uncalibrated_strong,accepted_strong,strong,0.10316,2590,false,false,False,unified-v1
cam5,2574,2591,1.00,uncalibrated_strong,accepted_strong,strong,0.10316,2591,false,false,False,unified-v1
cam5,2575,2591,1.00,uncalibrated_strong,accepted_strong,strong,0.10316,2591,false,false,False,unified-v1
cam5,2576,2591,1.00,uncalibrated_strong,accepted_strong,strong,0.10316,2591,false,false,False,unified-v1
cam5,2577,2592,1.00,uncalibrated_strong,accepted_strong,strong,0.10316,2592,false,false,False,unified-v1
cam5,2578,2592,1.00,uncalibrated_strong,accepted_strong,strong,0.10316,2592,false,false,False,unified-v1
cam5,2579,2592,1.00,uncalibrated_strong,accepted_strong,strong,0.10413,2592,false,false,False,unified-v1
cam5,2580,2593,1.00,uncalibrated_strong,accepted_strong,strong,0.10413,2593,true,true,False,unified-v1
cam5,2581,,0.00,abstain,geometry_failed,strong,0.10413,2593,false,false,False,unified-v1
cam5,2582,,0.00,abstain,geometry_failed,strong,0.10413,2593,false,false,False,unified-v1
cam5,2583,,0.00,abstain,geometry_failed,strong,0.10413,2594,false,false,False,unified-v1
cam5,2584,,0.00,abstain,geometry_failed,strong,0.10413,2594,false,false,False,unified-v1
cam5,2585,,0.00,abstain,geometry_failed,strong,0.10413,2595,false,false,False,unified-v1
cam5,2586,,0.00,abstain,geometry_failed,strong,0.10413,2596,false,false,False,unified-v1
cam5,2587,,0.00,abstain,geometry_failed,strong,0.10481,2597,false,false,False,unified-v1
cam5,2588,,0.00,abstain,geometry_failed,strong,0.10481,2597,false,false,False,unified-v1
cam5,2589,,0.00,abstain,geometry_failed,strong,0.10481,2597,false,false,False,unified-v1
cam5,2590,,0.00,abstain,geometry_failed,strong,0.10481,2597,false,false,False,unified-v1
cam5,2591,,0.00,abstain,geometry_failed,strong,0.10064,2597,false,false,False,unified-v1
cam5,2592,,0.00,abstain,geometry_failed,strong,0.10064,2597,true,false,False,unified-v1
cam5,2593,,0.00,abstain,geometry_failed,strong,0.10064,2597,false,false,False,unified-v1
cam5,2594,,0.00,abstain,geometry_failed,strong,0.10064,2598,false,false,False,unified-v1
cam5,2595,,0.00,abstain,geometry_failed,strong,0.10063,2598,false,false,False,unified-v1
cam5,2596,,0.00,abstain,geometry_failed,strong,0.10063,2598,false,false,False,unified-v1
cam5,2597,,0.00,abstain,geometry_failed,strong,0.10063,2598,false,false,False,unified-v1
cam5,2598,,0.00,abstain,geometry_failed,strong,0.10063,2598,false,false,False,unified-v1
cam5,2599,,0.00,abstain,geometry_failed,strong,0.09893,2598,false,false,False,unified-v1
cam5,2600,,0.00,abstain,geometry_failed,strong,0.09893,2599,false,false,False,unified-v1
cam5,2601,,0.00,abstain,geometry_failed,strong,0.09893,2599,false,false,False,unified-v1
cam5,2602,,0.00,abstain,geometry_failed,strong,0.09893,2599,false,false,False,unified-v1
cam5,2603,,0.00,abstain,geometry_failed,strong,0.09893,2599,false,false,False,unified-v1
cam5,2604,,0.00,abstain,geometry_failed,strong,0.09893,2599,true,false,False,unified-v1
cam5,2605,,0.00,abstain,geometry_failed,strong,0.09989,2599,false,false,False,unified-v1
cam5,2606,,0.00,abstain,geometry_failed,strong,0.09989,2600,false,false,False,unified-v1
cam5,2607,,0.00,abstain,geometry_failed,strong,0.09989,2601,false,false,False,unified-v1
cam5,2608,,0.00,abstain,geometry_failed,strong,0.09989,2602,false,false,False,unified-v1
cam5,2609,,0.00,abstain,geometry_failed,strong,0.09989,2603,false,false,False,unified-v1
cam5,2610,,0.00,abstain,geometry_failed,strong,0.09989,2604,false,false,False,unified-v1
cam5,2611,,0.00,abstain,geometry_failed,strong,0.10106,2605,false,false,False,unified-v1
cam5,2612,,0.00,abstain,geometry_failed,strong,0.10106,2606,false,false,False,unified-v1
cam5,2613,,0.00,abstain,out_of_route,,,,false,false,False,unified-v1
cam5,2614,,0.00,abstain,out_of_route,,,,false,false,False,unified-v1
cam5,2615,,0.00,abstain,out_of_route,,,,false,false,False,unified-v1
cam5,2616,,0.00,abstain,idle_segment,,,,false,false,False,unified-v1
cam5,2617,,0.00,abstain,idle_segment,,,,false,false,False,unified-v1
cam5,2618,,0.00,abstain,idle_segment,,,,false,false,False,unified-v1
cam5,2619,,0.00,abstain,idle_segment,,,,false,false,False,unified-v1
cam5,2620,,0.00,abstain,idle_segment,,,,false,false,False,unified-v1
cam5,2621,,0.00,abstain,idle_segment,,,,false,false,False,unified-v1
cam5,2622,,0.00,abstain,idle_segment,,,,false,false,False,unified-v1
cam5,2623,,0.00,abstain,idle_segment,,,,false,false,False,unified-v1
cam5,2624,,0.00,abstain,idle_segment,,,,false,false,False,unified-v1
cam5,2625,,0.00,abstain,idle_segment,,,,false,false,False,unified-v1
cam5,2626,,0.00,abstain,idle_segment,,,,false,false,False,unified-v1
cam5,2627,,0.00,abstain,idle_segment,,,,false,false,False,unified-v1
cam5,2628,,0.00,abstain,idle_segment,,,,false,false,False,unified-v1
cam5,2629,,0.00,abstain,idle_segment,,,,false,false,False,unified-v1
cam5,2630,,0.00,abstain,idle_segment,,,,false,false,False,unified-v1
cam5,2631,,0.00,abstain,idle_segment,,,,false,false,False,unified-v1
cam5,2632,,0.00,abstain,idle_segment,,,,false,false,False,unified-v1
cam5,2633,,0.00,abstain,idle_segment,,,,false,false,False,unified-v1
cam5,2634,,0.00,abstain,idle_segment,,,,false,false,False,unified-v1
cam5,2635,,0.00,abstain,idle_segment,,,,false,false,False,unified-v1
cam5,2636,,0.00,abstain,idle_segment,,,,false,false,False,unified-v1
cam5,2637,,0.00,abstain,idle_segment,,,,false,false,False,unified-v1
cam5,2638,,0.00,abstain,idle_segment,,,,false,false,False,unified-v1
cam5,2639,,0.00,abstain,idle_segment,,,,false,false,False,unified-v1
cam5,2640,,0.00,abstain,idle_segment,,,,false,false,False,unified-v1
cam5,2641,,0.00,abstain,idle_segment,,,,false,false,False,unified-v1
cam5,2642,,0.00,abstain,idle_segment,,,,false,false,False,unified-v1
cam5,2643,,0.00,abstain,idle_segment,,,,false,false,False,unified-v1
cam5,2644,,0.00,abstain,idle_segment,,,,false,false,False,unified-v1
cam5,2645,,0.00,abstain,idle_segment,,,,false,false,False,unified-v1
cam5,2646,,0.00,abstain,idle_segment,,,,false,false,False,unified-v1
cam5,2647,,0.00,abstain,idle_segment,,,,false,false,False,unified-v1
cam5,2648,,0.00,abstain,idle_segment,,,,false,false,False,unified-v1
cam5,2649,,0.00,abstain,idle_segment,,,,false,false,False,unified-v1
cam5,2650,,0.00,abstain,idle_segment,,,,false,false,False,unified-v1
cam5,2651,,0.00,abstain,idle_segment,,,,false,false,False,unified-v1
cam5,2652,,0.00,abstain,idle_segment,,,,false,false,False,unified-v1
cam5,2653,,0.00,abstain,idle_segment,,,,false,false,False,unified-v1
cam5,2654,,0.00,abstain,idle_segment,,,,false,false,False,unified-v1
cam5,2655,,0.00,abstain,idle_segment,,,,false,false,False,unified-v1
cam5,2656,,0.00,abstain,idle_segment,,,,false,false,False,unified-v1
cam5,2657,,0.00,abstain,idle_segment,,,,false,false,False,unified-v1
cam5,2658,,0.00,abstain,idle_segment,,,,false,false,False,unified-v1
cam5,2659,,0.00,abstain,idle_segment,,,,false,false,False,unified-v1
cam5,2660,,0.00,abstain,idle_segment,,,,false,false,False,unified-v1
cam5,2661,,0.00,abstain,idle_segment,,,,false,false,False,unified-v1
cam5,2662,,0.00,abstain,idle_segment,,,,false,false,False,unified-v1
cam5,2663,,0.00,abstain,idle_segment,,,,false,false,False,unified-v1
cam5,2664,,0.00,abstain,idle_segment,,,,false,false,False,unified-v1
cam5,2665,,0.00,abstain,idle_segment,,,,false,false,False,unified-v1
cam5,2666,,0.00,abstain,idle_segment,,,,false,false,False,unified-v1
cam5,2667,,0.00,abstain,idle_segment,,,,false,false,False,unified-v1
cam5,2668,,0.00,abstain,idle_segment,,,,false,false,False,unified-v1
cam5,2669,,0.00,abstain,idle_segment,,,,false,false,False,unified-v1
cam5,2670,,0.00,abstain,idle_segment,,,,false,false,False,unified-v1
cam5,2671,,0.00,abstain,idle_segment,,,,false,false,False,unified-v1
cam5,2672,,0.00,abstain,idle_segment,,,,false,false,False,unified-v1
cam5,2673,,0.00,abstain,idle_segment,,,,false,false,False,unified-v1
