run,camera,ordinal,mean_luma,p99_luma,flag,slope_gate
runA,cam0,0,49.485,196.375,ok,
runA,cam0,1,49.563,197.079,ok,
runA,cam0,2,49.51,196.491,ok,
runA,cam0,3,49.501,196.532,ok,
runA,cam0,4,49.424,196.416,ok,
runA,cam0,5,49.41,196.174,ok,
runA,cam0,6,49.391,196.037,ok,
runA,cam0,7,49.447,196.337,ok,
runA,cam0,8,49.393,196.002,ok,
runA,cam0,9,49.519,196.358,ok,
runA,cam0,10,49.5,196.526,ok,
runA,cam0,11,49.508,197.033,ok,
runA,cam0,12,49.442,196.746,ok,
runA,cam0,13,49.517,197.789,ok,
runA,cam0,14,49.427,196.881,ok,
runA,cam0,15,49.408,197.239,ok,
runA,cam0,16,49.329,196.919,ok,
runA,cam0,17,49.416,196.919,ok,
runA,cam0,18,49.391,196.722,ok,
runA,cam0,19,49.4,196.537,ok,
runA,cam0,20,49.329,196.282,ok,
runA,cam0,21,49.403,196.619,ok,
runA,cam0,22,49.406,196.467,ok,
runA,cam0,23,49.423,196.886,ok,
runA,cam0,24,49.374,196.551,ok,
runA,cam0,25,49.478,197.03,ok,
runA,cam0,26,49.489,197.2,ok,
runA,cam0,27,49.522,196.994,ok,
runA,cam0,28,49.469,196.809,ok,
runA,cam0,29,49.544,197.631,ok,
runA,cam0,30,49.508,197.856,ok,
runA,cam0,31,49.515,198.01,ok,
runA,cam0,32,49.462,197.875,ok,
runA,cam0,33,49.541,198.107,ok,
runA,cam0,34,49.514,198.201,ok,
runA,cam0,35,49.541,197.351,ok,
runA,cam0,36,49.51,197.351,ok,
runA,cam0,37,49.58,197.787,ok,
runA,cam0,38,49.568,197.787,ok,
runA,cam0,39,49.596,197.571,ok,
runA,cam0,40,49.555,197.054,ok,
runA,cam0,41,49.63,197.419,ok,
runA,cam0,42,49.634,197.467,ok,
runA,cam0,43,49.676,197.752,ok,
runA,cam0,44,49.628,197.633,ok,
runA,cam0,45,49.695,197.752,ok,
runA,cam0,46,49.651,197.732,ok,
runA,cam0,47,49.644,197.245,ok,
runA,cam0,48,49.566,197.189,ok,
runA,cam0,49,49.63,197.036,ok,
runA,cam0,50,49.625,196.848,ok,
runA,cam0,51,49.671,196.946,ok,
runA,cam0,52,49.635,196.946,ok,
runA,cam0,53,49.724,197.441,ok,
runA,cam0,54,49.708,197.775,ok,
runA,cam0,55,49.738,197.609,ok,
runA,cam0,56,49.689,197.101,ok,
runA,cam0,57,49.739,197.816,ok,
runA,cam0,58,49.696,197.707,ok,
runA,cam0,59,49.696,197.882,ok,
runA,cam0,60,49.632,197.962,ok,
runA,cam0,61,49.715,197.817,ok,
runA,cam0,62,49.717,197.445,ok,
runA,cam0,63,49.727,197.761,ok,
runA,cam0,64,49.663,197.748,ok,
runA,cam0,65,49.735,197.897,ok,
runA,cam0,66,49.706,197.649,ok,
runA,cam0,67,49.709,197.468,ok,
runA,cam0,68,49.621,197.036,ok,
runA,cam0,69,49.681,198.004,ok,
runA,cam0,70,49.68,197.318,ok,
runA,cam0,71,49.715,197.558,ok,
runA,cam0,72,49.656,197.036,ok,
runA,cam0,73,49.7,197.256,ok,
runA,cam0,74,49.659,197.148,ok,
runA,cam0,75,49.668,196.76,ok,
runA,cam0,76,49.608,196.559,ok,
runA,cam0,77,49.65,196.694,ok,
runA,cam0,78,49.611,197.39,ok,
runA,cam0,79,49.615,197.525,ok,
runA,cam0,80,49.582,197.741,ok,
runA,cam0,81,49.675,198.585,ok,
runA,cam0,82,49.652,198.578,ok,
runA,cam0,83,49.641,198.508,ok,
runA,cam0,84,49.58,198.508,ok,
runA,cam0,85,49.624,198.538,ok,
runA,cam0,86,49.593,197.941,ok,
runA,cam0,87,49.601,198.006,ok,
runA,cam0,88,49.533,197.862,ok,
runA,cam0,89,49.603,197.159,ok,
runA,cam0,90,49.548,196.918,ok,
runA,cam0,91,49.528,197.229,ok,
runA,cam0,92,49.455,197.229,ok,
runA,cam0,93,49.517,198.957,ok,
runA,cam0,94,49.504,198.736,ok,
runA,cam0,95,49.523,198.191,ok,
runA,cam0,96,49.438,198.062,ok,
runA,cam0,97,49.466,197.656,ok,
runA,cam0,98,49.421,197.492,ok,
runA,cam0,99,49.452,198.174,ok,
runA,cam0,100,49.403,198.073,ok,
runA,cam0,101,49.427,198.265,ok,
runA,cam0,102,49.386,198.141,ok,
runA,cam0,103,49.381,198.141,ok,
runA,cam0,104,49.299,197.257,ok,
runA,cam0,105,49.341,196.961,ok,
runA,cam0,106,49.304,196.597,ok,
runA,cam0,107,49.294,196.633,ok,
runA,cam0,108,49.216,197.387,ok,
runA,cam0,109,49.251,197.001,ok,
runA,cam0,110,49.22,197.536,ok,
runA,cam0,111,49.184,197.048,ok,
runA,cam0,112,49.124,196.659,ok,
runA,cam0,113,49.182,197.379,ok,
runA,cam0,114,49.139,197.423,ok,
runA,cam0,115,49.141,197.536,ok,
runA,cam0,116,49.102,196.862,ok,
runA,cam0,117,49.16,198.088,ok,
runA,cam0,118,49.136,197.849,ok,
runA,cam0,119,49.152,198.277,ok,
runA,cam0,120,49.108,198.229,ok,
runA,cam0,121,49.138,198.444,ok,
runA,cam0,122,49.106,198.192,ok,
runA,cam0,123,49.105,198.269,ok,
runA,cam0,124,49.033,198.188,ok,
runA,cam0,125,49.058,198.269,ok,
runA,cam0,126,49.008,198.201,ok,
runA,cam0,127,49.023,198.173,ok,
runA,cam0,128,48.961,197.389,ok,
runA,cam0,129,48.992,197.629,ok,
runA,cam0,130,48.944,197.618,ok,
runA,cam0,131,48.908,197.856,ok,
runA,cam0,132,48.805,198.211,ok,
runA,cam0,133,48.798,198.364,ok,
runA,cam0,134,48.718,198.364,ok,
runA,cam0,135,48.668,198.388,ok,
runA,cam0,136,48.59,198.281,ok,
runA,cam0,137,48.609,198.402,ok,
runA,cam0,138,48.544,198.402,ok,
runA,cam0,139,48.54,198.404,ok,
runA,cam0,140,48.476,198.257,ok,
runA,cam0,141,48.474,198.544,ok,
runA,cam0,142,48.402,198.492,ok,
runA,cam0,143,48.396,198.557,ok,
runA,cam0,144,48.327,198.457,ok,
runA,cam0,145,48.386,198.364,ok,
runA,cam0,146,48.365,198.182,ok,
runA,cam0,147,48.363,198.557,ok,
runA,cam0,148,48.307,198.404,ok,
runA,cam0,149,48.361,198.192,ok,
runA,cam0,150,48.31,198.508,ok,
runA,cam0,151,48.279,198.372,ok,
runA,cam0,152,48.215,198.097,ok,
runA,cam0,153,48.264,198.597,ok,
runA,cam0,154,48.206,198.317,ok,
runA,cam0,155,48.166,198.459,ok,
runA,cam0,156,48.066,198.097,ok,
runA,cam0,157,48.041,198.311,ok,
runA,cam0,158,47.953,198.064,ok,
runA,cam0,159,47.998,197.733,ok,
runA,cam0,160,47.86,197.633,ok,
runA,cam0,161,48.029,197.934,ok,
runA,cam0,162,47.944,198.294,ok,
runA,cam0,163,47.892,198.218,ok,
runA,cam0,164,47.741,198.18,ok,
runA,cam0,165,47.792,198.471,ok,
runA,cam0,166,47.728,198.591,ok,
runA,cam0,167,47.691,198.544,ok,
runA,cam0,168,47.613,197.503,ok,
runA,cam0,169,47.647,198.591,ok,
runA,cam0,170,47.498,198.422,ok,
runA,cam0,171,47.545,197.484,ok,
runA,cam0,172,47.449,197.78,ok,
runA,cam0,173,47.475,198.033,ok,
runA,cam0,174,47.47,198.15,ok,
runA,cam0,175,47.519,198.171,ok,
runA,cam0,176,47.53,198.933,ok,
runA,cam0,177,47.511,197.897,ok,
runA,cam0,178,47.478,197.846,ok,
runA,cam0,179,47.486,196.366,ok,
runA,cam0,180,47.531,197.193,ok,
runA,cam0,181,47.508,195.645,ok,
runA,cam0,182,47.423,195.89,ok,
runA,cam0,183,47.444,196.292,ok,
runA,cam0,184,47.48,196.279,ok,
runA,cam0,185,47.583,196.349,ok,
runA,cam0,186,47.625,195.471,ok,
runA,cam0,187,47.568,192.887,ok,
runA,cam0,188,47.431,190.357,ok,
runA,cam0,189,47.387,187.896,ok,
runA,cam0,190,47.478,188.728,ok,
runA,cam0,191,47.633,187.044,ok,
runA,cam0,192,47.536,186.691,ok,
runA,cam0,193,47.491,186.956,ok,
runA,cam0,194,47.643,182.304,ok,
runA,cam0,195,47.95,182.526,ok,
runA,cam0,196,48.263,185.514,ok,
runA,cam0,197,48.38,186.004,ok,
runA,cam0,198,48.292,193.342,ok,
runA,cam0,199,48.28,201.23,ok,near_kink
runA,cam0,200,48.589,207.647,ok,near_kink
runA,cam0,201,48.92,211.915,ok,near_kink
runA,cam0,202,49.462,215.014,ok,near_kink
runA,cam0,203,49.64,215.674,ok,near_kink
runA,cam0,204,50.014,215.461,ok,near_kink
runA,cam0,205,50.454,215.71,ok,near_kink
runA,cam0,206,50.486,215.228,ok,near_kink
runA,cam0,207,50.494,214.181,ok,near_kink
runA,cam0,208,50.62,212.482,ok,near_kink
runA,cam0,209,50.433,211.867,ok,near_kink
runA,cam0,210,50.604,210.131,ok,near_kink
runA,cam0,211,50.51,207.919,ok,near_kink
runA,cam0,212,50.111,204.465,ok,near_kink
runA,cam0,213,50.322,203.659,ok,near_kink
runA,cam0,214,50.899,202.965,ok,near_kink
runA,cam0,215,51.855,202.821,ok,near_kink
runA,cam0,216,53.485,202.921,ok,near_kink
runA,cam0,217,55.407,202.557,ok,near_kink
runA,cam0,218,56.627,204.141,ok,near_kink
runA,cam0,219,56.957,204.629,ok,near_kink
runA,cam0,220,56.995,205.727,ok,
runA,cam0,221,56.715,206.056,ok,
runA,cam0,222,56.389,204.638,ok,
runA,cam0,223,55.911,203.025,ok,
runA,cam0,224,55.412,201.665,ok,
runA,cam0,225,55.04,198.221,ok,
runA,cam0,226,55.093,194.416,ok,
runA,cam0,227,54.844,192.211,ok,
runA,cam0,228,55.244,197.777,ok,
runA,cam0,229,55.623,202.597,ok,
runA,cam0,230,56.055,201.649,ok,
runA,cam0,231,55.604,200.999,ok,
runA,cam0,232,54.5,198.003,ok,
runA,cam0,233,54.553,197.148,ok,
runA,cam0,234,53.678,196.609,ok,
runA,cam0,235,53.721,195.311,ok,
runA,cam0,236,53.393,194.288,ok,
runA,cam0,237,54.561,194.075,ok,
runA,cam0,238,55.053,195.863,ok,
runA,cam0,239,55.215,199.284,ok,
runA,cam0,240,55.641,199.286,ok,
runA,cam0,241,55.398,200.999,ok,
runA,cam0,242,55.286,201.999,ok,
runA,cam0,243,54.691,203.155,ok,
runA,cam0,244,54.637,204.419,ok,
runA,cam0,245,53.704,197.365,ok,
runA,cam0,246,51.417,188.185,ok,
runA,cam0,247,50.078,190.143,ok,
runA,cam0,248,48.074,191.356,ok,
runA,cam0,249,46.241,195.071,ok,
runA,cam0,250,44.162,195.073,ok,
runA,cam0,251,43.892,193.08,ok,
runA,cam0,252,44.474,185.23,ok,
runA,cam0,253,45.073,170.872,ok,
runA,cam0,254,45.438,162.182,ok,
runA,cam0,255,45.225,158.971,ok,
runA,cam0,256,45.183,162.137,ok,
runA,cam0,257,45.063,169.465,ok,
runA,cam0,258,44.431,161.663,ok,
runA,cam0,259,44.792,172.33,ok,
runA,cam0,260,45.955,184.803,ok,
runA,cam0,261,46.68,189.777,ok,
runA,cam0,262,48.137,191.561,ok,
runA,cam0,263,48.469,190.98,ok,
runA,cam0,264,48.466,190.78,ok,
runA,cam0,265,48.581,195.707,ok,
runA,cam0,266,48.887,199.068,ok,
runA,cam0,267,49.71,205.237,ok,
runA,cam0,268,51.716,216.678,ok,
runA,cam0,269,53.917,215.833,ok,
runA,cam0,270,56.033,219.698,ok,
runA,cam0,271,59.547,221.249,ok,
runA,cam0,272,62.938,220.477,ok,
runA,cam0,273,67.717,223.956,ok,
runA,cam0,274,71.185,224.934,ok,
runA,cam0,275,74.897,229.682,ok,
runA,cam0,276,77.897,230.799,ok,
runA,cam0,277,81.466,230.914,ok,
runA,cam0,278,83.738,230.215,ok,
runA,cam0,279,85.499,229.855,ok,
runA,cam0,280,86.97,230.389,ok,
runA,cam0,281,88.309,229.85,ok,
runA,cam0,282,88.915,229.527,ok,
runA,cam0,283,89.578,227.68,ok,
runA,cam0,284,90.218,226.34,ok,
runA,cam0,285,90.284,225.71,ok,
runA,cam0,286,89.646,226.202,ok,
runA,cam0,287,89.485,225.34,ok,
runA,cam0,288,88.776,223.007,ok,
runA,cam0,289,87.563,221.911,ok,
runA,cam0,290,86.694,220.749,ok,
runA,cam0,291,86.095,217.412,ok,
runA,cam0,292,86.043,216.52,ok,
runA,cam0,293,86.626,216.574,ok,
runA,cam0,294,87.3,221.767,ok,
runA,cam0,295,87.983,224.856,ok,
runA,cam0,296,88.079,222.985,ok,
runA,cam0,297,87.637,220.725,ok,
runA,cam0,298,86.686,219.353,ok,
runA,cam0,299,85.014,219.204,ok,
runA,cam0,300,82.432,219.196,ok,
runA,cam0,301,81.054,216.981,ok,
runA,cam0,302,79.385,219.412,ok,
runA,cam0,303,78.105,219.591,ok,
runA,cam0,304,76.896,217.473,ok,
runA,cam0,305,72.5,220.901,ok,
runA,cam0,306,68.79,219.278,ok,
runA,cam0,307,65.512,207.582,ok,
runA,cam0,308,62.885,205.867,ok,
runA,cam0,309,59.081,205.011,ok,
runA,cam0,310,54.219,202.572,ok,
runA,cam0,311,48.556,194.822,ok,
runA,cam0,312,46.571,183.175,ok,
runA,cam0,313,45.949,181.261,ok,
runA,cam0,314,44.904,185.485,ok,
runA,cam0,315,43.549,189.155,ok,
runA,cam0,316,42.655,195.557,ok,
runA,cam0,317,41.128,194.42,ok,
runA,cam0,318,41.116,194.224,ok,
runA,cam0,319,39.371,191.5,ok,
runA,cam0,320,37.864,192.372,ok,
runA,cam0,321,35.77,190.051,ok,
runA,cam0,322,33.305,186.875,ok,
runA,cam0,323,30.075,180.237,ok,
runA,cam0,324,27.325,146.275,ok,
runA,cam0,325,25.191,83.234,ok,
runA,cam0,326,24.392,79.327,ok,
runA,cam0,327,24.612,78.148,ok,
runA,cam0,328,25.565,81.982,ok,
runA,cam0,329,26.39,83.35,ok,
runA,cam0,330,26.941,85.673,ok,
runA,cam0,331,27.451,89.711,ok,
runA,cam0,332,29.414,97.61,ok,
runA,cam0,333,33.855,109.946,ok,
runA,cam0,334,41.357,121.195,ok,
runA,cam0,335,52.222,129.272,ok,
runA,cam0,336,59.598,136.902,ok,
runA,cam0,337,63.427,147.834,ok,
runA,cam0,338,62.404,157.968,ok,
runA,cam0,339,56.357,159.906,ok,
runA,cam0,340,43.511,151.345,ok,
runA,cam0,341,34.391,125.42,ok,
runA,cam0,342,30.015,84.572,ok,
runA,cam0,343,28.61,81.724,ok,
runA,cam0,344,27.031,79.45,ok,
runA,cam0,345,26.003,80.588,ok,
runA,cam0,346,26.225,84.69,ok,
runA,cam0,347,26.711,85.972,ok,
runA,cam0,348,27.282,90.801,ok,
runA,cam0,349,27.456,94.744,ok,
runA,cam0,350,28.135,98.697,ok,
runA,cam0,351,29.049,99.007,ok,
runA,cam0,352,30.037,98.232,ok,
runA,cam0,353,30.839,100.676,ok,
runA,cam0,354,30.788,102.392,ok,
runA,cam0,355,30.94,98.366,ok,
runA,cam0,356,31.436,102.36,ok,
runA,cam0,357,31.529,107.601,ok,
runA,cam0,358,31.658,107.597,ok,
runA,cam0,359,32.212,105.736,ok,
runA,cam0,360,33.125,107.855,ok,near_kink
runA,cam0,361,34.264,115.641,ok,near_kink
runA,cam0,362,35.266,125.378,ok,near_kink
runA,cam0,363,36.107,136.617,ok,near_kink
runA,cam0,364,37.047,144.12,ok,near_kink
runA,cam0,365,38.459,158.492,ok,near_kink
runA,cam0,366,40.477,172.892,ok,near_kink
runA,cam0,367,43.531,182.746,ok,near_kink
runA,cam0,368,48.255,200.513,ok,near_kink
runA,cam0,369,55.14,211.797,ok,near_kink
runA,cam0,370,64.568,214.952,ok,near_kink
runA,cam0,371,72.657,217.097,ok,near_kink
runA,cam0,372,72.757,216.71,ok,near_kink
runA,cam0,373,70.794,215.71,ok,near_kink
runA,cam0,374,66.049,214.165,ok,near_kink
runA,cam0,375,57.906,212.849,ok,near_kink
runA,cam0,376,54.227,212.943,ok,near_kink
runA,cam0,377,52.659,210.162,ok,near_kink
runA,cam0,378,52.809,196.077,ok,near_kink
runA,cam0,379,56.547,196.675,ok,near_kink
runA,cam0,380,60.88,212.111,ok,near_kink
runA,cam0,381,66.682,226.526,ok,
runA,cam0,382,72.13,232.487,ok,
runA,cam0,383,75.363,232.436,ok,
runA,cam0,384,73.134,225.424,ok,
runA,cam0,385,70.036,217.943,ok,
runA,cam0,386,67.1,207.488,ok,
runA,cam0,387,65.599,198.356,ok,
runA,cam0,388,66.716,195.633,ok,
runA,cam0,389,67.764,192.899,ok,
runA,cam0,390,68.705,187.939,ok,
runA,cam0,391,68.95,183.046,ok,
runA,cam0,392,69.211,175.165,ok,
runA,cam0,393,68.931,172.704,ok,
runA,cam0,394,68.106,170.685,ok,
runA,cam0,395,66.992,159.49,ok,
runA,cam0,396,66.134,154.637,ok,
runA,cam0,397,65.659,155.409,ok,
runA,cam0,398,65.772,160.503,ok,
runA,cam0,399,65.502,173.161,ok,
runA,cam0,400,65.289,177.249,ok,
runA,cam0,401,64.145,176.798,ok,
runA,cam0,402,62.573,171.663,ok,
runA,cam0,403,60.49,155.908,ok,
runA,cam0,404,59.08,158.803,ok,
runA,cam0,405,58.209,156.875,ok,
runA,cam0,406,57.443,152.239,ok,
runA,cam0,407,56.561,151.676,ok,
runA,cam0,408,55.46,146.3,ok,
runA,cam0,409,54.662,150.077,ok,
runA,cam0,410,53.596,147.973,ok,
runA,cam0,411,53.192,150.592,ok,
runA,cam0,412,52.386,150.903,ok,
runA,cam0,413,51.382,150.059,ok,
runA,cam0,414,50.709,154.257,ok,
runA,cam0,415,49.654,155.843,ok,
runA,cam0,416,48.402,156.881,ok,
runA,cam0,417,46.408,156.331,ok,
runA,cam0,418,44.076,155.585,ok,
runA,cam0,419,40.883,152.825,ok,
runA,cam0,420,38.739,147.998,ok,
runA,cam0,421,36.978,150.691,ok,
runA,cam0,422,35.62,148.021,ok,
runA,cam0,423,34.368,144.642,ok,
runA,cam0,424,33.558,138.416,ok,
runA,cam0,425,32.91,140.12,ok,
runA,cam0,426,32.392,132.801,ok,
runA,cam0,427,32.015,132.608,ok,
runA,cam0,428,31.605,125.753,ok,
runA,cam0,429,30.975,120.676,ok,
runA,cam0,430,30.576,111.964,ok,
runA,cam0,431,30.325,104.789,ok,
runA,cam0,432,30.329,101.721,ok,
runA,cam0,433,30.526,104.143,ok,
runA,cam0,434,30.282,102.951,ok,
runA,cam0,435,30.621,100.888,ok,
runA,cam0,436,30.139,101.491,ok,
runA,cam0,437,29.655,100.482,ok,
runA,cam0,438,29.784,105.286,ok,
runA,cam0,439,29.892,106.475,ok,
runA,cam0,440,30.073,108.955,ok,
runA,cam0,441,30.28,112.112,ok,
runA,cam0,442,30.679,112.076,ok,
runA,cam0,443,31.003,112.852,ok,
runA,cam0,444,31.073,115.606,ok,
runA,cam0,445,31.18,114.568,ok,
runA,cam0,446,31.354,122.611,ok,
runA,cam0,447,31.525,123.145,ok,
runA,cam0,448,31.591,126.21,ok,
runA,cam0,449,31.92,128.229,ok,
runA,cam0,450,31.997,126.088,ok,
runA,cam0,451,32.253,129.762,ok,
runA,cam0,452,32.536,128.076,ok,
runA,cam0,453,32.612,127.988,ok,
runA,cam0,454,33.016,128.72,ok,
runA,cam0,455,32.913,138.385,ok,
runA,cam0,456,32.147,134.977,ok,
runA,cam0,457,31.78,140.739,ok,
runA,cam0,458,30.836,141.903,ok,
runA,cam0,459,29.646,142.203,ok,
runA,cam0,460,28.776,140.81,ok,
runA,cam0,461,28.955,150.827,ok,
runA,cam0,462,28.967,150.278,ok,
runA,cam0,463,29.208,149.758,ok,
runA,cam0,464,29.209,149.675,ok,
runA,cam0,465,29.113,146.673,ok,
runA,cam0,466,29.228,151.886,ok,
runA,cam0,467,28.94,146.295,ok,
runA,cam0,468,28.7,146.749,ok,
runA,cam0,469,29.161,152.951,ok,
runA,cam0,470,29.582,157.142,ok,
runA,cam0,471,30.226,157.78,ok,
runA,cam0,472,31.018,160.344,ok,
runA,cam0,473,31.675,162.64,ok,
runA,cam0,474,32.303,167.032,ok,
runA,cam0,475,32.925,171.181,ok,
runA,cam0,476,33.353,171.433,ok,
runA,cam0,477,33.66,173.515,ok,
runA,cam0,478,33.854,177.386,ok,
runA,cam0,479,34.019,181.294,ok,
runA,cam0,480,34.361,186.875,ok,
runA,cam0,481,34.865,188.03,ok,
runA,cam0,482,35.287,186.833,ok,
runA,cam0,483,35.591,186.747,ok,
runA,cam0,484,35.754,185.681,ok,
runA,cam0,485,36.391,190.02,ok,
runA,cam0,486,37.234,192.404,ok,
runA,cam0,487,37.99,193.999,ok,
runA,cam0,488,38.639,195.288,ok,
runA,cam0,489,39.106,196.319,ok,
runA,cam0,490,39.759,196.075,ok,
runA,cam0,491,40.242,195.963,ok,
runA,cam0,492,40.631,195.071,ok,
runA,cam0,493,40.826,194.857,ok,
runA,cam0,494,41.303,194.676,ok,
runA,cam0,495,41.949,193.604,ok,
runA,cam0,496,41.77,192.288,ok,
runA,cam0,497,41.511,191.789,ok,
runA,cam0,498,41.967,189.721,ok,
runA,cam0,499,42.02,188.612,ok,
runA,cam0,500,41.862,187.939,ok,
runA,cam0,501,42.045,187.504,ok,
runA,cam0,502,42.106,185.694,ok,
runA,cam0,503,42.636,184.393,ok,
runA,cam0,504,42.185,175.878,ok,
runA,cam0,505,42.611,171.192,ok,
runA,cam0,506,42.754,167.445,ok,
runA,cam0,507,42.757,160.992,ok,
runA,cam0,508,43.255,154.518,ok,
runA,cam0,509,43.883,151.356,ok,
runA,cam0,510,45.108,150.127,ok,
runA,cam0,511,46.24,153.624,ok,
runA,cam0,512,47.63,156.062,ok,
runA,cam0,513,49.432,162.024,ok,
runA,cam0,514,51.097,167.018,ok,
runA,cam0,515,51.723,169.719,ok,
runA,cam0,516,51.972,173.02,ok,
runA,cam0,517,52.076,173.76,ok,
runA,cam0,518,53.076,176.377,ok,
runA,cam0,519,53.452,177.539,ok,
runA,cam0,520,53.289,178.948,ok,
runA,cam0,521,53.243,179.646,ok,
runA,cam0,522,52.825,180.46,ok,
runA,cam0,523,52.408,181.943,ok,
runA,cam0,524,52.354,182.943,ok,
runA,cam0,525,51.771,184.075,ok,
runA,cam0,526,52.084,188.002,ok,
runA,cam0,527,52.677,192.062,ok,
runA,cam0,528,52.721,193.726,ok,
runA,cam0,529,53.776,196.011,ok,
runA,cam0,530,55.487,196.076,ok,
runA,cam0,531,56.988,196.636,ok,
runA,cam0,532,59.121,197.058,ok,
runA,cam0,533,61.858,198.547,ok,
runA,cam0,534,65.257,201.073,ok,
runA,cam0,535,68.602,203.495,ok,
runA,cam0,536,71.642,206.143,ok,
runA,cam0,537,73.628,207.564,ok,
runA,cam0,538,75.646,208.036,ok,
runA,cam0,539,77.549,207.891,ok,
runA,cam0,540,79.142,208.42,ok,
runA,cam0,541,80.582,210.2,ok,
runA,cam0,542,81.737,211.984,ok,
runA,cam0,543,82.194,213.143,ok,
runA,cam0,544,82.372,215.35,ok,
runA,cam0,545,81.541,215.914,ok,
runA,cam0,546,79.999,214.961,ok,
runA,cam0,547,78.027,216.001,ok,
runA,cam0,548,76.027,217.222,ok,
runA,cam0,549,73.942,217.13,ok,
runA,cam0,550,71.889,216.668,ok,
runA,cam0,551,69.309,215.854,ok,
runA,cam0,552,66.336,213.425,ok,
runA,cam0,553,62.863,210.783,ok,
runA,cam0,554,59.391,208.748,ok,
runA,cam0,555,55.836,206.858,ok,
runA,cam0,556,53.073,206.055,ok,
runA,cam0,557,50.575,200.287,ok,
runA,cam0,558,48.905,198.741,ok,
runA,cam0,559,47.478,183.934,ok,
runA,cam0,560,46.314,178.658,ok,
runA,cam0,561,45.801,178.883,ok,
runA,cam0,562,45.588,182.777,ok,
runA,cam0,563,46.142,187.939,ok,
runA,cam0,564,48.003,190.629,ok,
runA,cam0,565,51.235,194.504,ok,
runA,cam0,566,55.107,197.111,ok,
runA,cam0,567,59.57,202.412,ok,
runA,cam0,568,63.829,204.329,ok,
runA,cam0,569,67.589,204.931,ok,
runA,cam0,570,69.495,204.709,ok,
runA,cam0,571,69.88,204.066,ok,
runA,cam0,572,69.234,202.075,ok,
runA,cam0,573,68.518,202.746,ok,
runA,cam0,574,68.444,202.504,ok,
runA,cam0,575,68.854,200.968,ok,
runA,cam0,576,70.965,198.249,ok,
runA,cam0,577,73.927,197.075,ok,
runA,cam0,578,77.003,196.403,ok,
runA,cam0,579,78.328,196.216,ok,
runA,cam0,580,78.95,197.2,ok,
runA,cam0,581,78.228,195.071,ok,
runA,cam0,582,77.526,195.542,ok,
runA,cam0,583,76.565,199.54,ok,
runA,cam0,584,75.451,197.611,ok,
runA,cam0,585,73.273,190.06,ok,
runA,cam0,586,71.821,183.087,ok,
runA,cam0,587,70.903,181.14,ok,
runA,cam0,588,71.019,181.544,ok,
runA,cam0,589,71.667,183.16,ok,
runA,cam0,590,73.253,183.897,ok,
runA,cam0,591,75.331,185.923,ok,
runA,cam0,592,77.623,188.136,ok,
runA,cam0,593,79.688,190.721,ok,
runA,cam0,594,79.505,191.934,ok,
runA,cam0,595,79.205,192.996,ok,
runA,cam0,596,78.802,194.075,ok,
runA,cam0,597,78.692,195.999,ok,
runA,cam0,598,77.971,196.777,ok,
runA,cam0,599,77.802,197.604,ok,
runA,cam0,600,77.417,198.994,ok,
runA,cam0,601,77.135,199.748,ok,
runA,cam0,602,76.355,199.631,ok,
runA,cam0,603,75.335,202.319,ok,
runA,cam0,604,74.219,204.463,ok,
runA,cam0,605,73.836,205.582,ok,
runA,cam0,606,72.736,206.162,ok,
runA,cam0,607,71.595,206.043,ok,
runA,cam0,608,70.538,202.015,ok,
runA,cam0,609,70.881,204.429,ok,
runA,cam0,610,70.096,203.13,ok,
runA,cam0,611,70.847,203.405,ok,
runA,cam0,612,68.799,201.172,ok,
runA,cam0,613,67.752,197.444,ok,
runA,cam0,614,66.159,193.586,ok,
runA,cam0,615,64.438,193.025,ok,
runA,cam0,616,62.207,191.604,ok,
runA,cam0,617,58.23,182.97,ok,
runA,cam0,618,53.57,179.447,ok,
runA,cam0,619,47.799,148.518,ok,
runA,cam0,620,42.875,133.406,ok,
runA,cam0,621,38.16,97.645,ok,
runA,cam0,622,34.638,95.072,ok,
runA,cam0,623,32.552,93.283,ok,
runA,cam0,624,32.412,122.443,ok,
runA,cam0,625,32.566,145.645,ok,
runA,cam0,626,31.595,106.504,ok,
runA,cam0,627,31.218,96.57,ok,
runA,cam0,628,32.028,101.645,ok,
runA,cam0,629,32.626,110.325,ok,
runA,cam0,630,33.75,114.593,ok,
runA,cam0,631,35.504,129.6,ok,
runA,cam0,632,38.159,135.186,ok,near_kink
runA,cam0,633,40.366,147.071,ok,near_kink
runA,cam0,634,43.605,167.661,ok,near_kink
runA,cam0,635,47.374,177.51,ok,near_kink
runA,cam0,636,49.985,183.806,ok,near_kink
runA,cam0,637,52.516,189.209,ok,near_kink
runA,cam0,638,54.332,196.88,ok,near_kink
runA,cam0,639,55.904,199.714,ok,near_kink
runA,cam0,640,55.153,196.133,ok,near_kink
runA,cam0,641,55.986,193.861,ok,near_kink
runA,cam0,642,56.953,195.786,ok,near_kink
runA,cam0,643,57.913,195.751,ok,near_kink
runA,cam0,644,58.96,182.943,ok,near_kink
runA,cam0,645,59.582,180.02,ok,near_kink
runA,cam0,646,59.426,179.165,ok,near_kink
runA,cam0,647,59.021,175.902,ok,near_kink
runA,cam0,648,56.588,152.042,ok,near_kink
runA,cam0,649,53.483,137.526,ok,near_kink
runA,cam0,650,51.931,143.43,ok,near_kink
runA,cam0,651,51.441,164.712,ok,near_kink
runA,cam0,652,51.138,163.83,ok,near_kink
runA,cam0,653,49.963,151.491,ok,
runA,cam0,654,48.41,120.809,ok,
runA,cam0,655,48.436,139.492,ok,
runA,cam0,656,48.344,124.157,ok,
runA,cam0,657,49.04,144.616,ok,
runA,cam0,658,48.955,151.09,ok,
runA,cam0,659,49.574,173.856,ok,
runA,cam0,660,48.842,176.331,ok,
runA,cam0,661,48.537,175.148,ok,
runA,cam0,662,47.959,152.226,ok,
runA,cam0,663,48.954,150.802,ok,
runA,cam0,664,50.833,149.764,ok,
runA,cam0,665,52.925,164.14,ok,
runA,cam0,666,55.434,173.793,ok,
runA,cam0,667,58.297,192.466,ok,
runA,cam0,668,59.631,198.892,ok,
runA,cam0,669,60.481,205.326,ok,
runA,cam0,670,59.082,198.92,ok,
runA,cam0,671,57.459,201.678,ok,
runA,cam0,672,56.164,199.324,ok,
runA,cam0,673,56.294,197.111,ok,
runA,cam0,674,59.055,202.855,ok,
runA,cam0,675,62.655,204.214,ok,
runA,cam0,676,65.949,209.782,ok,
runA,cam0,677,67.157,211.777,ok,
runA,cam0,678,66.881,211.859,ok,
runA,cam0,679,65.139,212.911,ok,
runA,cam0,680,63.143,214.446,ok,
runA,cam0,681,61.756,213.143,ok,
runA,cam0,682,63.645,212.28,ok,
runA,cam0,683,68.961,213.387,ok,
runA,cam0,684,74.743,215.854,ok,
runA,cam0,685,80.214,217.988,ok,
runA,cam0,686,85.42,218.608,ok,
runA,cam0,687,87.096,218.619,ok,
runA,cam0,688,86.822,214.265,ok,
runA,cam0,689,83.714,210.543,ok,
runA,cam0,690,78.874,206.288,ok,
runA,cam0,691,73.189,202.064,ok,
runA,cam0,692,69.08,200.096,ok,
runA,cam0,693,67.556,196.439,ok,
runA,cam0,694,68.809,198.993,ok,
runA,cam0,695,70.532,201.011,ok,
runA,cam0,696,71.895,204.075,ok,
runA,cam0,697,76.347,206.284,ok,
runA,cam0,698,80.517,207.999,ok,
runA,cam0,699,84.394,210.282,ok,
runA,cam0,700,86.257,211.071,ok,
runA,cam0,701,86.702,211.175,ok,
runA,cam0,702,83.155,208.859,ok,
runA,cam0,703,79.612,207.467,ok,
runA,cam0,704,76.777,206.288,ok,
runA,cam0,705,74.146,204.482,ok,
runA,cam0,706,69.949,201.075,ok,
runA,cam0,707,66.058,199.236,ok,
runA,cam0,708,64.016,201.075,ok,
runA,cam0,709,61.431,202.188,ok,
runA,cam0,710,60.751,203.111,ok,
runA,cam0,711,60.282,206.288,ok,
runA,cam0,712,61.325,207.859,ok,
runA,cam0,713,62.531,208.919,ok,
runA,cam0,714,63.077,210.818,ok,
runA,cam0,715,64.89,211.931,ok,
runA,cam0,716,69.135,214.202,ok,
runA,cam0,717,72.966,213.189,ok,
runA,cam0,718,74.089,212.455,ok,
runA,cam0,719,72.715,212.186,ok,
runA,cam0,720,73.619,212.204,ok,
runA,cam0,721,74.723,211.058,ok,
runA,cam0,722,76.889,215.06,ok,
runA,cam0,723,78.604,213.284,ok,
runA,cam0,724,79.659,213.142,ok,
runA,cam0,725,81.748,211.859,ok,
runA,cam0,726,83.302,213.401,ok,
runA,cam0,727,82.181,208.444,ok,
runA,cam0,728,81.559,212.069,ok,
runA,cam0,729,81.168,211.114,ok,
runA,cam0,730,76.326,206.288,ok,
runA,cam0,731,71.863,203.319,ok,
runA,cam0,732,71.236,203.143,ok,
runA,cam0,733,71.802,204.062,ok,
runA,cam0,734,71.757,204.143,ok,
runA,cam0,735,72.491,209.071,ok,
runA,cam0,736,74.052,210.765,ok,
runA,cam0,737,73.62,212.025,ok,
runA,cam0,738,72.441,207.618,ok,
runA,cam0,739,71.454,207.361,ok,
runA,cam0,740,72.397,209.071,ok,
runA,cam0,741,74.381,207.994,ok,
runA,cam0,742,77.273,207.675,ok,
runA,cam0,743,79.67,212.949,ok,
runA,cam0,744,80.398,211.555,ok,
runA,cam0,745,79.701,214.889,ok,
runA,cam0,746,77.688,213.204,ok,
runA,cam0,747,69.972,205.62,ok,
runA,cam0,748,63.913,199.207,ok,
runA,cam0,749,66.998,211.378,ok,
runA,cam0,750,70.159,210.702,ok,
runA,cam0,751,67.585,205.591,ok,
runA,cam0,752,67.065,203.075,ok,
runA,cam0,753,74.009,208.071,ok,
runA,cam0,754,83.802,211.659,ok,
runA,cam0,755,91.642,214.557,ok,
runA,cam0,756,93.676,218.674,ok,
runA,cam0,757,93.006,215.781,ok,
runA,cam0,758,92.082,213.785,ok,
runA,cam0,759,91.879,213.843,ok,
runA,cam0,760,92.174,213.172,ok,
runA,cam0,761,91.439,212.284,ok,
runA,cam0,762,90.606,212.09,ok,
runA,cam0,763,88.783,210.859,ok,
runA,cam0,764,85.494,210.143,ok,
runA,cam0,765,83.559,212.008,ok,
runA,cam0,766,81.591,216.62,ok,
runA,cam0,767,78.06,218.631,ok,
runA,cam0,768,76.473,219.538,ok,
runA,cam0,769,76.777,219.367,ok,
runA,cam0,770,79.968,223.242,ok,
runA,cam0,771,81.543,222.082,ok,
runA,cam0,772,83.393,223.0,ok,
runA,cam0,773,86.244,224.777,ok,
runA,cam0,774,86.967,225.619,ok,
runA,cam0,775,86.687,225.517,ok,
runA,cam0,776,85.366,224.746,ok,
runA,cam0,777,83.037,225.078,ok,
runA,cam0,778,79.761,221.678,ok,
runA,cam0,779,75.451,218.693,ok,
runA,cam0,780,68.963,216.047,ok,
runA,cam0,781,59.899,208.823,ok,
runA,cam0,782,50.765,181.814,ok,
runA,cam0,783,45.663,159.124,ok,
runA,cam0,784,44.691,174.614,ok,
runA,cam0,785,44.84,183.821,ok,
runA,cam0,786,47.184,191.217,ok,
runA,cam0,787,51.005,203.03,ok,
runA,cam0,788,55.585,207.999,ok,
runA,cam0,789,61.192,211.549,ok,
runA,cam0,790,64.89,212.906,ok,
runA,cam0,791,66.197,213.379,ok,
runA,cam0,792,67.548,211.193,ok,
runA,cam0,793,68.277,211.91,ok,
runA,cam0,794,67.621,215.156,ok,
runA,cam0,795,67.792,213.621,ok,
runA,cam0,796,67.407,213.601,ok,
runA,cam0,797,68.31,215.123,ok,
runA,cam0,798,69.201,210.818,ok,
runA,cam0,799,76.847,220.045,ok,
runA,cam0,800,78.256,219.439,ok,
runA,cam0,801,79.472,218.777,ok,
runA,cam0,802,81.365,214.96,ok,
runA,cam0,803,83.563,214.387,ok,
runA,cam0,804,85.618,214.045,ok,
runA,cam0,805,87.607,216.046,ok,
runA,cam0,806,90.037,215.169,ok,
runA,cam0,807,91.821,213.348,ok,
runA,cam0,808,93.383,212.067,ok,
runA,cam0,809,96.509,213.024,ok,
runA,cam0,810,99.513,212.34,ok,
runA,cam0,811,102.357,211.837,ok,
runA,cam0,812,103.461,211.672,ok,
runA,cam0,813,101.848,211.145,ok,
runA,cam0,814,99.414,210.516,ok,
runA,cam0,815,95.431,209.071,ok,
runA,cam0,816,93.563,209.828,ok,
runA,cam0,817,94.347,209.071,ok,
runA,cam0,818,95.714,211.777,ok,
runA,cam0,819,96.987,212.497,ok,
runA,cam0,820,98.467,215.492,ok,
runA,cam0,821,99.536,216.304,ok,
runA,cam0,822,100.507,217.998,ok,
runA,cam0,823,101.764,219.296,ok,
runA,cam0,824,103.066,221.521,ok,
runA,cam0,825,104.434,220.028,ok,
runA,cam0,826,105.641,222.303,ok,
runA,cam0,827,106.491,223.319,ok,
runA,cam0,828,106.958,222.774,ok,
runA,cam0,829,107.54,222.916,ok,
runA,cam0,830,108.021,222.489,ok,
runA,cam0,831,108.684,223.749,ok,
runA,cam0,832,109.358,224.168,ok,
runA,cam0,833,109.91,223.561,ok,
runA,cam0,834,110.404,223.723,ok,
runA,cam0,835,110.665,224.194,ok,
runA,cam0,836,111.604,225.451,ok,
runA,cam0,837,112.486,226.426,ok,
runA,cam0,838,113.057,225.627,ok,
runA,cam0,839,113.426,226.453,ok,
runA,cam0,840,113.535,225.824,ok,
runA,cam0,841,113.173,225.201,ok,
runA,cam0,842,112.398,222.764,ok,
runA,cam0,843,112.434,223.538,ok,
runA,cam0,844,112.434,224.639,ok,near_kink
runA,cam0,845,112.607,225.442,ok,near_kink
runA,cam0,846,113.158,227.682,ok,near_kink
runA,cam0,847,113.593,227.849,ok,near_kink
runA,cam0,848,114.053,225.97,ok,near_kink
runA,cam0,849,115.66,227.633,ok,near_kink
runA,cam0,850,116.834,229.42,ok,near_kink
runA,cam0,851,117.789,229.695,ok,near_kink
runA,cam0,852,118.426,229.518,ok,near_kink
runA,cam0,853,118.91,229.642,ok,near_kink
runA,cam0,854,118.539,229.291,ok,near_kink
runA,cam0,855,118.147,229.372,ok,near_kink
runA,cam0,856,118.363,229.113,ok,near_kink
runA,cam0,857,119.007,228.699,ok,near_kink
runA,cam0,858,120.42,229.396,ok,near_kink
runA,cam0,859,121.855,229.149,ok,near_kink
runA,cam0,860,122.905,229.247,ok,near_kink
runA,cam0,861,124.107,228.638,ok,near_kink
runA,cam0,862,125.449,229.342,ok,near_kink
runA,cam0,863,126.189,229.436,ok,near_kink
runA,cam0,864,126.796,229.149,ok,near_kink
runA,cam0,865,127.362,229.153,ok,
runA,cam0,866,127.893,229.153,ok,
runA,cam0,867,127.838,229.597,ok,
runA,cam0,868,127.434,229.941,ok,
runA,cam0,869,127.449,229.941,ok,
runA,cam0,870,127.387,229.613,ok,
runA,cam0,871,127.297,229.589,ok,
runA,cam0,872,127.471,230.176,ok,
runA,cam0,873,127.811,230.756,ok,
runA,cam0,874,127.674,230.86,ok,
runA,cam0,875,127.502,230.576,ok,
runA,cam0,876,127.629,231.141,ok,
runA,cam0,877,127.888,231.431,ok,
runA,cam0,878,128.189,231.511,ok,
runA,cam0,879,128.697,231.358,ok,
runA,cam0,880,129.728,231.641,ok,
runA,cam0,881,130.858,231.648,ok,
runA,cam0,882,131.347,231.648,ok,
runA,cam0,883,131.252,231.648,ok,
runA,cam0,884,131.155,232.154,ok,
runA,cam0,885,130.778,232.146,ok,
runA,cam0,886,129.515,232.147,ok,
runA,cam0,887,128.009,232.209,ok,
runA,cam0,888,126.535,231.648,ok,
runA,cam0,889,125.168,231.33,ok,
runA,cam0,890,124.264,230.308,ok,
runA,cam0,891,124.109,229.967,ok,
runA,cam0,892,124.399,229.308,ok,near_kink
runA,cam0,893,125.584,228.536,ok,near_kink
runA,cam0,894,126.423,228.427,ok,near_kink
runA,cam0,895,126.364,228.303,ok,near_kink
runA,cam0,896,125.942,228.793,ok,near_kink
runA,cam0,897,125.004,228.371,ok,near_kink
runA,cam0,898,123.531,228.86,ok,near_kink
runA,cam0,899,122.283,229.308,ok,near_kink
runA,cam0,900,119.951,230.018,ok,near_kink
runA,cam0,901,116.478,229.874,ok,near_kink
runA,cam0,902,112.461,229.308,ok,near_kink
runA,cam0,903,107.201,229.582,ok,near_kink
runA,cam0,904,100.013,229.38,ok,near_kink
runA,cam0,905,91.505,229.874,ok,near_kink
runA,cam0,906,81.871,229.077,ok,near_kink
runA,cam0,907,71.631,206.514,ok,near_kink
runA,cam0,908,60.366,189.616,ok,near_kink
runA,cam0,909,51.706,180.875,ok,near_kink
runA,cam0,910,48.688,189.011,ok,near_kink
runA,cam0,911,49.933,193.619,ok,near_kink
runA,cam0,912,55.37,198.629,ok,near_kink
runA,cam0,913,62.175,202.209,ok,near_kink
runA,cam0,914,67.626,203.931,ok,near_kink
runA,cam0,915,71.051,206.143,ok,near_kink
runA,cam0,916,73.077,210.722,ok,near_kink
runA,cam0,917,75.777,211.774,ok,near_kink
runA,cam0,918,76.474,211.071,ok,
runA,cam0,919,74.173,211.143,ok,
runA,cam0,920,71.811,210.211,ok,
runA,cam0,921,69.35,213.102,ok,
runA,cam0,922,66.06,211.416,ok,
runA,cam0,923,61.659,210.143,ok,
runA,cam0,924,57.932,206.508,ok,
runA,cam0,925,53.371,206.493,ok,
runA,cam0,926,47.627,200.066,ok,
runA,cam0,927,44.222,195.218,ok,
runA,cam0,928,42.08,187.634,ok,
runA,cam0,929,40.288,184.608,ok,
runA,cam0,930,42.077,193.768,ok,
runA,cam0,931,44.744,200.796,ok,
runA,cam0,932,49.357,212.389,ok,
runA,cam0,933,54.334,215.462,ok,
runA,cam0,934,60.334,218.693,ok,
runA,cam0,935,64.642,218.693,ok,
runA,cam0,936,68.449,218.367,ok,
runA,cam0,937,68.06,217.568,ok,
runA,cam0,938,66.571,216.837,ok,
runA,cam0,939,63.789,216.412,ok,
runA,cam0,940,59.464,206.124,ok,
runA,cam0,941,59.809,202.999,ok,
runA,cam0,942,62.357,206.501,ok,
runA,cam0,943,63.377,204.572,ok,
runA,cam0,944,64.091,204.324,ok,
runA,cam0,945,62.706,203.412,ok,
runA,cam0,946,58.843,205.033,ok,
runA,cam0,947,54.954,205.916,ok,
runA,cam0,948,50.58,204.073,ok,
runA,cam0,949,47.668,196.288,ok,
runA,cam0,950,47.463,192.356,ok,
runA,cam0,951,49.814,199.356,ok,
runA,cam0,952,56.744,204.854,ok,
runA,cam0,953,62.634,209.778,ok,
runA,cam0,954,68.46,211.071,ok,
runA,cam0,955,72.017,213.066,ok,
runA,cam0,956,75.316,213.356,ok,
runA,cam0,957,78.643,215.034,ok,
runA,cam0,958,81.399,214.999,ok,
runA,cam0,959,83.914,214.248,ok,
runA,cam0,960,84.715,213.348,ok,
runA,cam0,961,82.812,210.412,ok,
runA,cam0,962,80.462,206.34,ok,
runA,cam0,963,77.293,204.743,ok,
runA,cam0,964,74.05,202.409,ok,
runA,cam0,965,71.515,202.86,ok,
runA,cam0,966,71.797,202.377,ok,
runA,cam0,967,73.084,204.071,ok,
runA,cam0,968,75.425,204.809,ok,
runA,cam0,969,79.034,210.628,ok,
runA,cam0,970,85.532,216.071,ok,
runA,cam0,971,90.357,217.853,ok,
runA,cam0,972,92.037,217.847,ok,
runA,cam0,973,91.745,217.219,ok,
runA,cam0,974,88.269,214.255,ok,
runA,cam0,975,83.819,209.928,ok,
runA,cam0,976,79.185,205.421,ok,
runA,cam0,977,77.281,210.07,ok,
runA,cam0,978,79.647,217.332,ok,
runA,cam0,979,84.87,210.141,ok,
runA,cam0,980,92.922,212.202,ok,
runA,cam0,981,102.228,216.531,ok,
runA,cam0,982,110.257,219.96,ok,
runA,cam0,983,116.207,221.613,ok,
runA,cam0,984,120.187,223.104,ok,
runA,cam0,985,122.198,224.364,ok,
runA,cam0,986,120.109,223.319,ok,
runA,cam0,987,117.487,223.498,ok,
runA,cam0,988,114.956,222.184,ok,
runA,cam0,989,113.001,218.204,ok,
runA,cam0,990,112.593,222.985,ok,
runA,cam0,991,109.144,218.994,ok,
runA,cam0,992,105.334,218.886,ok,
runA,cam0,993,100.976,215.071,ok,
runA,cam0,994,98.807,216.119,ok,
runA,cam0,995,97.078,217.069,ok,
runA,cam0,996,93.175,216.034,ok,
runA,cam0,997,89.078,213.356,ok,
runA,cam0,998,88.028,215.071,ok,
runA,cam0,999,86.55,209.786,ok,
runA,cam0,1000,86.281,205.5,ok,
runA,cam0,1001,85.788,208.037,ok,
runA,cam0,1002,85.144,213.284,ok,
runA,cam0,1003,86.343,214.194,ok,
runA,cam0,1004,86.416,214.951,ok,
runA,cam0,1005,84.92,213.499,ok,
runA,cam0,1006,84.443,212.386,ok,
runA,cam0,1007,83.95,215.416,ok,
runA,cam0,1008,81.764,212.412,ok,
runA,cam0,1009,79.78,211.317,ok,
runA,cam0,1010,77.041,207.566,ok,
runA,cam0,1011,74.013,207.721,ok,
runA,cam0,1012,71.472,202.905,ok,
runA,cam0,1013,69.834,205.01,ok,
runA,cam0,1014,68.908,197.695,ok,
runA,cam0,1015,67.645,190.67,ok,
runA,cam0,1016,67.187,195.631,ok,
runA,cam0,1017,66.955,187.94,ok,
runA,cam0,1018,65.233,187.57,ok,
runA,cam0,1019,63.981,188.856,ok,
runA,cam0,1020,64.837,196.06,ok,
runA,cam0,1021,65.298,199.124,ok,
runA,cam0,1022,66.464,204.065,ok,
runA,cam0,1023,67.865,205.683,ok,
runA,cam0,1024,68.672,205.919,ok,
runA,cam0,1025,68.169,210.855,ok,
runA,cam0,1026,66.658,209.786,ok,
runA,cam0,1027,66.203,206.356,ok,
runA,cam0,1028,66.419,204.604,ok,
runA,cam0,1029,67.16,203.288,ok,
runA,cam0,1030,66.961,197.286,ok,
runA,cam0,1031,66.943,192.356,ok,
runA,cam0,1032,67.753,192.523,ok,
runA,cam0,1033,71.482,194.064,ok,
runA,cam0,1034,79.82,199.058,ok,
runA,cam0,1035,88.548,204.837,ok,
runA,cam0,1036,96.291,209.693,ok,
runA,cam0,1037,101.895,215.808,ok,
runA,cam0,1038,105.053,219.954,ok,
runA,cam0,1039,105.755,217.709,ok,
runA,cam0,1040,105.66,216.03,ok,
runA,cam0,1041,105.388,215.827,ok,
runA,cam0,1042,105.432,217.621,ok,
runA,cam0,1043,104.696,215.471,ok,
runA,cam0,1044,104.622,215.855,ok,
runA,cam0,1045,104.202,219.063,ok,
runA,cam0,1046,104.221,220.805,ok,
runA,cam0,1047,103.912,223.565,ok,
runA,cam0,1048,102.77,218.892,ok,
runA,cam0,1049,101.563,213.745,ok,
runA,cam0,1050,100.148,209.899,ok,
runA,cam0,1051,98.688,206.463,ok,
runA,cam0,1052,97.473,204.058,ok,
runA,cam0,1053,96.625,204.994,ok,
runA,cam0,1054,95.801,202.058,ok,
runA,cam0,1055,95.878,202.742,ok,
runA,cam0,1056,95.683,204.066,ok,
runA,cam0,1057,95.699,205.689,ok,
runA,cam0,1058,95.3,208.071,ok,
runA,cam0,1059,95.256,209.835,ok,
runA,cam0,1060,94.967,209.999,ok,near_kink
runA,cam0,1061,94.736,210.347,ok,near_kink
runA,cam0,1062,94.16,210.86,ok,near_kink
runA,cam0,1063,93.473,210.175,ok,near_kink
runA,cam0,1064,92.835,210.292,ok,near_kink
runA,cam0,1065,92.525,209.777,ok,near_kink
runA,cam0,1066,92.046,209.999,ok,near_kink
runA,cam0,1067,91.989,209.991,ok,near_kink
runA,cam0,1068,92.111,211.071,ok,near_kink
runA,cam0,1069,91.262,208.781,ok,near_kink
runA,cam0,1070,90.162,210.855,ok,near_kink
runA,cam0,1071,90.103,213.849,ok,near_kink
runA,cam0,1072,89.489,213.105,ok,near_kink
runA,cam0,1073,89.387,213.674,ok,near_kink
runA,cam0,1074,88.966,214.999,ok,near_kink
runA,cam0,1075,88.394,213.284,ok,near_kink
runA,cam0,1076,87.597,210.787,ok,near_kink
runA,cam0,1077,86.709,209.939,ok,near_kink
runA,cam0,1078,86.577,213.284,ok,near_kink
runA,cam0,1079,86.232,214.855,ok,near_kink
runA,cam0,1080,85.86,215.855,ok,near_kink
runA,cam0,1081,85.411,216.216,ok,
runA,cam0,1082,85.367,217.05,ok,
runA,cam0,1083,85.235,219.284,ok,
runA,cam0,1084,85.036,219.849,ok,
runA,cam0,1085,84.28,222.681,ok,near_kink
runA,cam0,1086,82.904,223.886,ok,near_kink
runA,cam0,1087,81.415,224.641,ok,near_kink
runA,cam0,1088,79.453,211.878,ok,near_kink
runA,cam0,1089,78.333,210.143,ok,near_kink
runA,cam0,1090,77.487,216.861,ok,near_kink
runA,cam0,1091,77.017,218.254,ok,near_kink
runA,cam0,1092,77.11,216.545,ok,near_kink
runA,cam0,1093,77.274,219.148,ok,near_kink
runA,cam0,1094,77.774,220.854,ok,near_kink
runA,cam0,1095,77.463,208.844,ok,near_kink
runA,cam0,1096,77.792,216.575,ok,near_kink
runA,cam0,1097,77.923,211.94,ok,near_kink
runA,cam0,1098,78.036,207.367,ok,near_kink
runA,cam0,1099,78.827,214.961,ok,near_kink
runA,cam0,1100,79.633,213.356,ok,near_kink
runA,cam0,1101,80.032,213.503,ok,near_kink
runA,cam0,1102,80.348,211.071,ok,near_kink
runA,cam0,1103,80.313,211.071,ok,near_kink
runA,cam0,1104,81.256,206.356,ok,near_kink
runA,cam0,1105,81.621,211.071,ok,near_kink
runA,cam0,1106,81.927,209.87,ok,
runA,cam0,1107,81.875,212.068,ok,
runA,cam0,1108,81.106,210.663,ok,
runA,cam0,1109,80.479,211.709,ok,
runA,cam0,1110,80.055,210.041,ok,
runA,cam0,1111,78.598,205.821,ok,
runA,cam0,1112,77.828,209.634,ok,
runA,cam0,1113,75.937,199.537,ok,
runA,cam0,1114,75.08,201.995,ok,
runA,cam0,1115,76.056,204.524,ok,
runA,cam0,1116,76.31,205.137,ok,
runA,cam0,1117,77.133,202.005,ok,
runA,cam0,1118,77.807,200.954,ok,
runA,cam0,1119,79.418,199.849,ok,
runA,cam0,1120,79.428,198.355,ok,
runA,cam0,1121,79.537,197.867,ok,
runA,cam0,1122,79.071,198.867,ok,
runA,cam0,1123,78.282,200.066,ok,
runA,cam0,1124,78.277,201.709,ok,
runA,cam0,1125,79.28,203.075,ok,
runA,cam0,1126,80.57,204.143,ok,
runA,cam0,1127,80.156,205.891,ok,
runA,cam0,1128,78.862,208.999,ok,
runA,cam0,1129,78.674,209.855,ok,
runA,cam0,1130,77.959,213.071,ok,
runA,cam0,1131,77.619,215.102,ok,
runA,cam0,1132,77.077,216.34,ok,
runA,cam0,1133,76.955,217.887,ok,
runA,cam0,1134,77.036,217.777,ok,
runA,cam0,1135,77.455,217.926,ok,
runA,cam0,1136,78.038,217.994,ok,
runA,cam0,1137,78.072,218.071,ok,
runA,cam0,1138,78.003,216.999,ok,
runA,cam0,1139,78.203,218.078,ok,
runA,cam0,1140,77.676,215.709,ok,
runA,cam0,1141,76.691,215.855,ok,
runA,cam0,1142,75.266,208.278,ok,
runA,cam0,1143,73.645,208.075,ok,
runA,cam0,1144,72.406,212.433,ok,
runA,cam0,1145,71.824,212.284,ok,
runA,cam0,1146,70.445,206.288,ok,near_kink
runA,cam0,1147,68.993,198.114,ok,near_kink
runA,cam0,1148,67.913,199.176,ok,near_kink
runA,cam0,1149,67.241,202.988,ok,near_kink
runA,cam0,1150,65.732,205.669,ok,near_kink
runA,cam0,1151,64.831,206.096,ok,near_kink
runA,cam0,1152,63.833,210.143,ok,near_kink
runA,cam0,1153,61.932,209.071,ok,near_kink
runA,cam0,1154,62.466,207.999,ok,near_kink
runA,cam0,1155,62.311,199.389,ok,near_kink
runA,cam0,1156,62.151,192.728,ok,near_kink
runA,cam0,1157,61.506,194.116,ok,near_kink
runA,cam0,1158,59.117,188.155,ok,near_kink
runA,cam0,1159,57.517,185.871,ok,near_kink
runA,cam0,1160,56.178,179.901,ok,near_kink
runA,cam0,1161,56.462,187.926,ok,near_kink
runA,cam0,1162,56.691,194.895,ok,near_kink
runA,cam0,1163,56.772,181.666,ok,near_kink
runA,cam0,1164,57.337,183.076,ok,near_kink
runA,cam0,1165,57.475,171.252,ok,near_kink
runA,cam0,1166,57.441,148.844,ok,near_kink
runA,cam0,1167,58.15,161.021,ok,
runA,cam0,1168,59.164,159.537,ok,
runA,cam0,1169,59.125,161.085,ok,
runA,cam0,1170,57.84,171.671,ok,
runA,cam0,1171,58.931,186.922,ok,
runA,cam0,1172,60.223,185.357,ok,
runA,cam0,1173,61.936,186.255,ok,
runA,cam0,1174,63.575,187.855,ok,
runA,cam0,1175,64.563,189.869,ok,
runA,cam0,1176,64.386,191.994,ok,
runA,cam0,1177,63.662,191.994,ok,
runA,cam0,1178,62.344,189.719,ok,
runA,cam0,1179,60.569,188.186,ok,
runA,cam0,1180,59.094,188.504,ok,
runA,cam0,1181,58.039,189.504,ok,
runA,cam0,1182,57.368,190.141,ok,
runA,cam0,1183,57.296,190.577,ok,
runA,cam0,1184,57.057,189.794,ok,
runA,cam0,1185,56.726,190.577,ok,
runA,cam0,1186,56.646,189.994,ok,
runA,cam0,1187,56.501,189.504,ok,
runA,cam0,1188,56.439,189.504,ok,
runA,cam0,1189,56.456,189.826,ok,
runA,cam0,1190,56.413,189.681,ok,
runA,cam0,1191,56.262,189.69,ok,
runA,cam0,1192,56.177,189.794,ok,
runA,cam0,1193,56.31,189.721,ok,
runA,cam0,1194,56.684,189.64,ok,
runA,cam0,1195,57.209,189.721,ok,
runA,cam0,1196,56.492,189.357,ok,
runA,cam0,1197,56.596,190.001,ok,
runA,cam0,1198,57.027,189.798,ok,
runA,cam0,1199,57.771,190.155,ok,
runA,cam0,1200,58.67,190.155,ok,
runA,cam0,1201,59.5,189.721,ok,
runA,cam0,1202,60.048,189.717,ok,
runA,cam0,1203,59.963,189.329,ok,
runA,cam0,1204,59.677,189.362,ok,
runA,cam0,1205,59.561,189.76,ok,
runA,cam0,1206,59.532,190.867,ok,
runA,cam0,1207,59.238,193.343,ok,
runA,cam0,1208,59.239,195.318,ok,
runA,cam0,1209,59.482,197.063,ok,
runA,cam0,1210,59.594,191.104,ok,
runA,cam0,1211,59.783,191.849,ok,
runA,cam0,1212,60.06,195.736,ok,
runA,cam0,1213,59.623,189.076,ok,
runA,cam0,1214,59.596,189.94,ok,
runA,cam0,1215,59.798,191.994,ok,
runA,cam0,1216,60.157,193.842,ok,
runA,cam0,1217,60.137,188.409,ok,
runA,cam0,1218,59.848,189.368,ok,
runA,cam0,1219,59.402,189.974,ok,
runA,cam0,1220,59.266,192.025,ok,
runA,cam0,1221,58.755,184.906,ok,
runA,cam0,1222,58.02,185.295,ok,
runA,cam0,1223,57.466,186.778,ok,
runA,cam0,1224,58.129,187.824,ok,
runA,cam0,1225,59.138,189.425,ok,
runA,cam0,1226,59.719,176.22,ok,
runA,cam0,1227,60.244,161.977,ok,
runA,cam0,1228,60.941,160.622,ok,
runA,cam0,1229,61.58,161.727,ok,
runA,cam0,1230,61.887,163.747,ok,
runA,cam0,1231,62.09,163.215,ok,
runA,cam0,1232,62.016,163.515,ok,
runA,cam0,1233,61.611,163.53,ok,
runA,cam0,1234,61.487,163.593,ok,
runA,cam0,1235,61.185,163.561,ok,
runA,cam0,1236,60.822,160.128,ok,
runA,cam0,1237,60.256,151.131,ok,
runA,cam0,1238,59.565,138.245,ok,
runA,cam0,1239,58.971,136.473,ok,
runA,cam0,1240,58.704,137.795,ok,
runA,cam0,1241,58.36,138.456,ok,
runA,cam0,1242,58.024,139.18,ok,
runA,cam0,1243,57.688,137.795,ok,
runA,cam0,1244,57.297,139.916,ok,
runA,cam0,1245,56.882,141.655,ok,
runA,cam0,1246,56.68,148.974,ok,
runA,cam0,1247,56.877,155.328,ok,
runA,cam0,1248,57.192,160.754,ok,
runA,cam0,1249,57.483,157.288,ok,
runA,cam0,1250,57.687,157.661,ok,
runA,cam0,1251,57.866,160.714,ok,
runA,cam0,1252,57.893,159.75,ok,
runA,cam0,1253,57.742,157.54,ok,
runA,cam0,1254,57.469,156.772,ok,
runA,cam0,1255,57.023,157.0,ok,
runA,cam0,1256,56.636,160.22,ok,
runA,cam0,1257,56.526,160.545,ok,
runA,cam0,1258,56.494,160.947,ok,
runA,cam0,1259,56.368,160.143,ok,
runA,cam0,1260,56.231,163.501,ok,
runA,cam0,1261,56.124,164.754,ok,
runA,cam0,1262,56.165,166.529,ok,
runA,cam0,1263,56.171,170.896,ok,
runA,cam0,1264,56.386,172.436,ok,
runA,cam0,1265,56.735,173.788,ok,
runA,cam0,1266,57.039,178.274,ok,
runA,cam0,1267,57.574,179.867,ok,
runA,cam0,1268,58.114,181.061,ok,
runA,cam0,1269,58.499,182.938,ok,
runA,cam0,1270,58.77,184.799,ok,
runA,cam0,1271,58.863,186.718,ok,
runA,cam0,1272,58.639,185.726,ok,
runA,cam0,1273,57.928,186.582,ok,
runA,cam0,1274,57.313,187.037,ok,
runA,cam0,1275,57.357,187.504,ok,
runA,cam0,1276,57.36,187.794,ok,
runA,cam0,1277,57.232,188.504,ok,
runA,cam0,1278,57.238,188.794,ok,
runA,cam0,1279,56.761,189.224,ok,
runA,cam0,1280,56.611,189.504,ok,
runA,cam0,1281,56.422,188.98,ok,
runA,cam0,1282,56.506,188.504,ok,
runA,cam0,1283,56.273,188.155,ok,
runA,cam0,1284,56.242,187.939,ok,
runA,cam0,1285,56.135,187.073,ok,
runA,cam0,1286,55.934,186.901,ok,
runA,cam0,1287,55.746,186.155,ok,
runA,cam0,1288,55.588,186.755,ok,
runA,cam0,1289,55.799,185.618,ok,
runA,cam0,1290,56.256,185.859,ok,
runA,cam0,1291,56.42,181.973,ok,
runA,cam0,1292,56.45,181.938,ok,
runA,cam0,1293,56.319,179.087,ok,
runA,cam0,1294,56.08,176.943,ok,
runA,cam0,1295,55.982,170.99,ok,
runA,cam0,1296,55.967,159.021,ok,
runA,cam0,1297,56.028,152.124,ok,
runA,cam0,1298,56.038,142.068,ok,
runA,cam0,1299,55.923,139.408,ok,
runA,cam0,1300,56.014,139.33,ok,
runA,cam0,1301,56.374,141.359,ok,
runA,cam0,1302,56.989,149.953,ok,
runA,cam0,1303,57.205,158.23,ok,
runA,cam0,1304,57.087,167.167,ok,
runA,cam0,1305,56.915,169.951,ok,
runA,cam0,1306,56.945,176.74,ok,
runA,cam0,1307,56.815,179.609,ok,
runA,cam0,1308,56.644,179.243,ok,
runA,cam0,1309,56.618,181.966,ok,
runA,cam0,1310,56.746,181.854,ok,
runA,cam0,1311,56.746,181.794,ok,near_kink
runA,cam0,1312,56.842,183.495,ok,near_kink
runA,cam0,1313,56.931,184.208,ok,near_kink
runA,cam0,1314,57.187,184.071,ok,near_kink
runA,cam0,1315,57.474,185.066,ok,near_kink
runA,cam0,1316,57.686,185.726,ok,near_kink
runA,cam0,1317,57.714,185.127,ok,near_kink
runA,cam0,1318,57.582,185.097,ok,near_kink
runA,cam0,1319,57.327,185.066,ok,near_kink
runA,cam0,1320,56.902,185.041,ok,near_kink
runA,cam0,1321,56.472,184.994,ok,near_kink
runA,cam0,1322,56.125,184.564,ok,near_kink
runA,cam0,1323,55.733,184.365,ok,near_kink
runA,cam0,1324,55.372,184.075,ok,near_kink
runA,cam0,1325,55.341,183.906,ok,near_kink
runA,cam0,1326,55.341,183.441,ok,near_kink
runA,cam0,1327,54.8,183.066,ok,near_kink
runA,cam0,1328,54.291,182.154,ok,near_kink
runA,cam0,1329,54.909,183.579,ok,near_kink
runA,cam0,1330,55.327,182.341,ok,near_kink
runA,cam0,1331,56.384,184.11,ok,near_kink
runA,cam0,1332,57.357,184.552,ok,
runA,cam0,1333,58.595,185.871,ok,
runA,cam0,1334,59.206,186.089,ok,
runA,cam0,1335,59.342,186.039,ok,
runA,cam0,1336,59.487,186.609,ok,
runA,cam0,1337,59.519,186.456,ok,
runA,cam0,1338,59.51,186.203,ok,
runA,cam0,1339,59.464,187.24,ok,
runA,cam0,1340,58.956,187.037,ok,
runA,cam0,1341,58.48,186.404,ok,
runA,cam0,1342,58.019,185.853,ok,
runA,cam0,1343,57.403,187.037,ok,
runA,cam0,1344,57.134,186.752,ok,
runA,cam0,1345,56.759,187.823,ok,
runA,cam0,1346,56.138,188.036,ok,
runA,cam0,1347,56.022,187.757,ok,
runA,cam0,1348,55.757,188.953,ok,
runA,cam0,1349,55.225,191.109,ok,
runA,cam0,1350,54.664,192.668,ok,
runA,cam0,1351,54.788,194.161,ok,
runA,cam0,1352,56.283,195.575,ok,
runA,cam0,1353,57.812,193.308,ok,
runA,cam0,1354,59.297,194.772,ok,
runA,cam0,1355,60.691,198.425,ok,near_kink
runA,cam0,1356,61.943,198.29,ok,near_kink
runA,cam0,1357,63.134,202.247,ok,near_kink
runA,cam0,1358,64.165,203.643,ok,near_kink
runA,cam0,1359,64.862,204.772,ok,near_kink
runA,cam0,1360,65.312,208.928,ok,near_kink
runA,cam0,1361,65.611,208.23,ok,near_kink
runA,cam0,1362,65.613,208.951,ok,near_kink
runA,cam0,1363,65.739,208.462,ok,near_kink
runA,cam0,1364,65.957,213.529,ok,near_kink
runA,cam0,1365,65.927,213.111,ok,near_kink
runA,cam0,1366,65.738,209.327,ok,near_kink
runA,cam0,1367,65.748,205.174,ok,near_kink
runA,cam0,1368,65.408,202.402,ok,near_kink
runA,cam0,1369,64.944,202.605,ok,near_kink
runA,cam0,1370,64.745,202.295,ok,near_kink
runA,cam0,1371,64.756,202.84,ok,near_kink
runA,cam0,1372,64.429,201.066,ok,near_kink
runA,cam0,1373,64.005,199.819,ok,near_kink
runA,cam0,1374,63.051,198.071,ok,near_kink
runA,cam0,1375,62.565,197.998,ok,near_kink
runA,cam0,1376,61.968,197.071,ok,
runA,cam0,1377,61.449,195.454,ok,
runA,cam0,1378,60.967,193.753,ok,
runA,cam0,1379,60.081,188.788,ok,
runA,cam0,1380,58.493,181.923,ok,
runA,cam0,1381,56.896,178.291,ok,
runA,cam0,1382,54.89,176.123,ok,
runA,cam0,1383,53.607,156.997,ok,
runA,cam0,1384,55.093,177.927,ok,
runA,cam0,1385,55.333,177.442,ok,
runA,cam0,1386,57.393,181.826,ok,
runA,cam0,1387,58.498,191.14,ok,
runA,cam0,1388,59.262,197.285,ok,
runA,cam0,1389,59.113,199.647,ok,
runA,cam0,1390,58.492,201.772,ok,
runA,cam0,1391,58.046,202.362,ok,
runA,cam0,1392,57.892,201.906,ok,
runA,cam0,1393,57.49,197.931,ok,
runA,cam0,1394,58.173,197.802,ok,
runA,cam0,1395,59.141,199.288,ok,
runA,cam0,1396,59.514,198.975,ok,
runA,cam0,1397,59.556,196.308,ok,
runA,cam0,1398,60.045,196.932,ok,
runA,cam0,1399,61.033,197.011,ok,
runA,cam0,1400,61.493,196.65,ok,
runA,cam0,1401,61.945,197.608,ok,
runA,cam0,1402,62.725,199.625,ok,
runA,cam0,1403,63.683,201.504,ok,
runA,cam0,1404,65.221,205.642,ok,
runA,cam0,1405,66.67,210.504,ok,
runA,cam0,1406,67.767,214.753,ok,
runA,cam0,1407,68.736,215.999,ok,
runA,cam0,1408,69.11,217.633,ok,
runA,cam0,1409,68.988,218.633,ok,
runA,cam0,1410,68.966,219.759,ok,
runA,cam0,1411,68.661,219.849,ok,
runA,cam0,1412,68.443,219.898,ok,
runA,cam0,1413,68.434,219.322,ok,
runA,cam0,1414,68.229,218.457,ok,
runA,cam0,1415,67.927,217.143,ok,
runA,cam0,1416,67.784,216.777,ok,
runA,cam0,1417,67.536,216.474,ok,
runA,cam0,1418,67.211,215.933,ok,
runA,cam0,1419,66.856,215.504,ok,
runA,cam0,1420,66.418,215.199,ok,
runA,cam0,1421,65.907,215.071,ok,
runA,cam0,1422,65.405,214.717,ok,
runA,cam0,1423,64.348,213.789,ok,
runA,cam0,1424,64.148,213.356,ok,
runA,cam0,1425,64.391,213.821,ok,
runA,cam0,1426,64.737,213.288,ok,
runA,cam0,1427,64.594,212.322,ok,
runA,cam0,1428,64.517,212.049,ok,
runA,cam0,1429,64.634,211.071,ok,
runA,cam0,1430,64.604,210.075,ok,
runA,cam0,1431,64.437,208.504,ok,
runA,cam0,1432,64.135,206.044,ok,
runA,cam0,1433,63.639,204.931,ok,
runA,cam0,1434,63.258,204.075,ok,
runA,cam0,1435,62.8,203.504,ok,
runA,cam0,1436,62.163,201.942,ok,
runA,cam0,1437,61.559,199.849,ok,
runA,cam0,1438,60.732,199.252,ok,
runA,cam0,1439,59.744,197.577,ok,
runA,cam0,1440,58.682,195.908,ok,
runA,cam0,1441,57.483,195.721,ok,
runA,cam0,1442,55.95,191.767,ok,
runA,cam0,1443,54.285,190.202,ok,
runA,cam0,1444,52.678,186.368,ok,
runA,cam0,1445,51.001,187.811,ok,
runA,cam0,1446,49.09,185.326,ok,
runA,cam0,1447,47.122,180.583,ok,
runA,cam0,1448,45.049,180.169,ok,
runA,cam0,1449,42.803,173.643,ok,
runA,cam0,1450,40.903,171.644,ok,
runA,cam0,1451,39.328,165.627,ok,
runA,cam0,1452,38.034,158.758,ok,
runA,cam0,1453,37.067,149.597,ok,
runA,cam0,1454,36.15,134.105,ok,
runA,cam0,1455,34.848,120.256,ok,
runA,cam0,1456,34.149,108.649,ok,
runA,cam0,1457,33.35,104.227,ok,
runA,cam0,1458,32.171,99.862,ok,
runA,cam0,1459,30.832,92.862,ok,
runA,cam0,1460,29.281,86.13,ok,
runA,cam0,1461,27.924,81.583,ok,
runA,cam0,1462,26.726,78.355,ok,
runA,cam0,1463,25.799,75.576,ok,
runA,cam0,1464,24.741,72.109,ok,
runA,cam0,1465,24.189,73.868,ok,
runA,cam0,1466,23.726,73.442,ok,
runA,cam0,1467,23.012,67.657,ok,
runA,cam0,1468,22.6,68.638,ok,
runA,cam0,1469,23.68,72.291,ok,
runA,cam0,1470,23.726,73.608,ok,
runA,cam0,1471,23.659,75.44,ok,
runA,cam0,1472,23.451,74.645,ok,
runA,cam0,1473,22.546,75.146,ok,
runA,cam0,1474,22.126,74.212,ok,
runA,cam0,1475,23.137,74.739,ok,
runA,cam0,1476,23.041,74.156,ok,
runA,cam0,1477,23.024,75.151,ok,
runA,cam0,1478,21.723,73.631,ok,
runA,cam0,1479,21.571,72.187,ok,
runA,cam0,1480,21.442,71.273,ok,
runA,cam0,1481,21.787,69.156,ok,
runA,cam0,1482,21.921,68.227,ok,
runA,cam0,1483,20.099,67.079,ok,
runA,cam0,1484,19.884,65.083,ok,
runA,cam0,1485,19.63,66.12,ok,
runA,cam0,1486,19.868,66.231,ok,
runA,cam0,1487,20.348,68.299,ok,
runA,cam0,1488,21.073,70.223,ok,
runA,cam0,1489,21.222,73.334,ok,
runA,cam0,1490,21.811,78.707,ok,
runA,cam0,1491,22.54,79.371,ok,
runA,cam0,1492,23.234,82.17,ok,
runA,cam0,1493,23.843,90.744,ok,
runA,cam0,1494,24.204,91.49,ok,
runA,cam0,1495,25.251,111.758,ok,
runA,cam0,1496,25.739,104.556,ok,
runA,cam0,1497,26.784,101.45,ok,
runA,cam0,1498,26.73,105.758,ok,
runA,cam0,1499,26.422,91.339,ok,
runA,cam0,1500,26.047,92.274,ok,
runA,cam0,1501,25.397,88.284,ok,
runA,cam0,1502,24.52,82.864,ok,
runA,cam0,1503,23.626,68.34,ok,
runA,cam0,1504,22.673,60.64,ok,
runA,cam0,1505,22.34,59.13,ok,
runA,cam0,1506,21.76,65.564,ok,
runA,cam0,1507,20.092,61.074,ok,
runA,cam0,1508,18.993,59.223,ok,
runA,cam0,1509,18.231,54.726,ok,
runA,cam0,1510,16.219,51.424,ok,
runA,cam0,1511,16.175,50.001,ok,
runA,cam0,1512,16.433,49.628,ok,
runA,cam0,1513,16.937,49.925,ok,
runA,cam0,1514,17.503,52.968,ok,
runA,cam0,1515,18.878,54.64,ok,
runA,cam0,1516,20.722,58.142,ok,
runA,cam0,1517,20.723,60.048,ok,
runA,cam0,1518,20.299,67.481,ok,
runA,cam0,1519,20.584,70.708,ok,
runA,cam0,1520,21.271,70.708,ok,
runA,cam0,1521,22.53,71.351,ok,
runA,cam0,1522,23.211,71.317,ok,
runA,cam0,1523,24.364,74.496,ok,
runA,cam0,1524,24.553,70.601,ok,
runA,cam0,1525,24.678,72.283,ok,
runA,cam0,1526,23.503,68.154,ok,
runA,cam0,1527,23.205,69.55,ok,
runA,cam0,1528,24.991,73.692,ok,
runA,cam0,1529,25.381,76.443,ok,
runA,cam0,1530,25.615,78.666,ok,
runA,cam0,1531,27.78,85.844,ok,
runA,cam0,1532,28.669,86.87,ok,
runA,cam0,1533,30.275,88.639,ok,
runA,cam0,1534,31.502,94.686,ok,
runA,cam0,1535,31.475,103.628,ok,
runA,cam0,1536,32.462,106.822,ok,
runA,cam0,1537,33.999,103.88,ok,
runA,cam0,1538,35.208,104.708,ok,
runA,cam0,1539,35.677,103.401,ok,
runA,cam0,1540,35.512,106.833,ok,
runA,cam0,1541,33.769,105.128,ok,
runA,cam0,1542,33.038,101.904,ok,
runA,cam0,1543,32.351,95.905,ok,
runA,cam0,1544,31.771,96.122,ok,
runA,cam0,1545,31.068,93.62,ok,
runA,cam0,1546,32.075,92.146,ok,
runA,cam0,1547,32.31,82.969,ok,
runA,cam0,1548,31.73,81.602,ok,
runA,cam0,1549,29.215,76.3,ok,
runA,cam0,1550,25.758,67.517,ok,
runA,cam0,1551,22.717,61.147,ok,
runA,cam0,1552,22.168,59.429,ok,
runA,cam0,1553,20.9,64.826,ok,
runA,cam0,1554,21.475,70.926,ok,
runA,cam0,1555,22.572,79.051,ok,
runA,cam0,1556,23.59,81.906,ok,
runA,cam0,1557,24.068,83.229,ok,near_kink
runA,cam0,1558,23.4,80.338,ok,near_kink
runA,cam0,1559,22.068,69.778,ok,near_kink
runA,cam0,1560,19.92,45.27,ok,near_kink
runA,cam0,1561,18.695,38.343,too_dark,near_kink
runA,cam0,1562,18.373,39.551,too_dark,near_kink
runA,cam0,1563,18.16,40.13,ok,near_kink
runA,cam0,1564,18.111,41.494,ok,near_kink
runA,cam0,1565,17.914,41.342,ok,near_kink
runA,cam0,1566,17.676,41.344,ok,near_kink
runA,cam0,1567,17.484,43.288,ok,near_kink
runA,cam0,1568,17.19,44.668,ok,near_kink
runA,cam0,1569,17.39,47.124,ok,near_kink
runA,cam0,1570,17.275,51.09,ok,near_kink
runA,cam0,1571,16.842,46.481,ok,near_kink
runA,cam0,1572,16.072,40.696,ok,near_kink
runA,cam0,1573,15.968,40.343,ok,near_kink
runA,cam0,1574,15.299,38.632,too_dark,near_kink
runA,cam0,1575,14.917,35.534,too_dark,near_kink
runA,cam0,1576,14.772,33.302,too_dark,near_kink
runA,cam0,1577,14.429,32.262,too_dark,near_kink
runA,cam0,1578,13.995,31.395,too_dark,near_kink
runA,cam0,1579,14.095,31.122,too_dark,near_kink
runA,cam0,1580,13.815,31.049,too_dark,near_kink
runA,cam0,1581,13.762,31.049,too_dark,near_kink
runA,cam0,1582,13.715,30.692,too_dark,near_kink
runA,cam0,1583,13.728,30.675,too_dark,near_kink
runA,cam0,1584,13.761,31.049,too_dark,near_kink
runA,cam0,1585,13.934,31.214,too_dark,near_kink
runA,cam0,1586,13.488,31.266,too_dark,near_kink
runA,cam0,1587,13.383,31.24,too_dark,near_kink
runA,cam0,1588,13.058,31.122,too_dark,near_kink
runA,cam0,1589,13.106,31.678,too_dark,near_kink
runA,cam0,1590,13.134,32.126,too_dark,near_kink
runA,cam0,1591,13.258,32.993,too_dark,near_kink
runA,cam0,1592,13.576,35.875,too_dark,near_kink
runA,cam0,1593,14.001,37.993,too_dark,near_kink
runA,cam0,1594,14.304,39.491,too_dark,near_kink
runA,cam0,1595,14.434,42.735,ok,near_kink
runA,cam0,1596,14.817,45.13,ok,near_kink
runA,cam0,1597,15.037,45.422,ok,near_kink
runA,cam0,1598,14.68,40.244,ok,near_kink
runA,cam0,1599,14.319,37.042,too_dark,near_kink
runA,cam0,1600,14.354,37.436,too_dark,near_kink
runA,cam0,1601,14.225,36.443,too_dark,near_kink
runA,cam0,1602,13.939,35.355,too_dark,near_kink
runA,cam0,1603,13.706,35.364,too_dark,near_kink
runA,cam0,1604,13.773,36.001,too_dark,near_kink
runA,cam0,1605,13.842,35.858,too_dark,near_kink
runA,cam0,1606,13.923,36.572,too_dark,near_kink
runA,cam0,1607,14.15,38.025,too_dark,near_kink
runA,cam0,1608,14.619,45.283,ok,near_kink
runA,cam0,1609,15.091,45.214,ok,near_kink
runA,cam0,1610,14.778,38.699,too_dark,near_kink
runA,cam0,1611,14.768,40.268,ok,near_kink
runA,cam0,1612,14.743,41.21,ok,near_kink
runA,cam0,1613,14.744,41.483,ok,near_kink
runA,cam0,1614,14.602,40.244,ok,near_kink
runA,cam0,1615,13.987,38.397,too_dark,near_kink
runA,cam0,1616,13.657,37.43,too_dark,near_kink
runA,cam0,1617,13.528,35.925,too_dark,near_kink
runA,cam0,1618,13.502,33.286,too_dark,near_kink
runA,cam0,1619,13.461,33.21,too_dark,near_kink
runA,cam0,1620,13.47,34.429,too_dark,near_kink
runA,cam0,1621,13.71,34.399,too_dark,near_kink
runA,cam0,1622,13.916,35.58,too_dark,near_kink
runA,cam0,1623,14.084,36.828,too_dark,
runA,cam0,1624,14.024,37.296,too_dark,
runA,cam0,1625,14.069,36.797,too_dark,
runA,cam0,1626,14.206,37.589,too_dark,
runA,cam0,1627,14.347,39.758,too_dark,
runA,cam0,1628,14.532,40.785,ok,
runA,cam0,1629,14.599,39.508,too_dark,near_kink
runA,cam0,1630,14.758,41.447,ok,near_kink
runA,cam0,1631,15.011,41.142,ok,near_kink
runA,cam0,1632,15.448,43.993,ok,near_kink
runA,cam0,1633,15.895,45.21,ok,near_kink
runA,cam0,1634,15.893,42.436,ok,near_kink
runA,cam0,1635,15.953,44.443,ok,near_kink
runA,cam0,1636,16.197,43.681,ok,near_kink
runA,cam0,1637,16.627,45.785,ok,near_kink
runA,cam0,1638,16.924,45.295,ok,near_kink
runA,cam0,1639,17.116,45.212,ok,near_kink
runA,cam0,1640,17.307,44.993,ok,near_kink
runA,cam0,1641,17.897,45.479,ok,near_kink
runA,cam0,1642,17.635,46.214,ok,near_kink
runA,cam0,1643,17.948,48.59,ok,near_kink
runA,cam0,1644,18.587,50.993,ok,near_kink
runA,cam0,1645,18.933,50.418,ok,near_kink
runA,cam0,1646,19.118,50.153,ok,near_kink
runA,cam0,1647,19.084,46.993,ok,near_kink
runA,cam0,1648,18.791,42.5,ok,near_kink
runA,cam0,1649,18.669,40.785,ok,near_kink
runA,cam0,1650,18.62,41.286,ok,near_kink
runA,cam0,1651,18.584,43.001,ok,near_kink
runA,cam0,1652,18.504,43.642,ok,near_kink
runA,cam0,1653,18.318,43.572,ok,near_kink
runA,cam0,1654,18.324,47.21,ok,near_kink
runA,cam0,1655,18.169,50.296,ok,near_kink
runA,cam0,1656,17.704,45.543,ok,near_kink
runA,cam0,1657,17.27,41.642,ok,near_kink
runA,cam0,1658,16.914,39.126,too_dark,near_kink
runA,cam0,1659,16.878,41.073,ok,near_kink
runA,cam0,1660,16.662,41.194,ok,near_kink
runA,cam0,1661,16.797,41.262,ok,near_kink
runA,cam0,1662,16.683,41.38,ok,near_kink
runA,cam0,1663,16.632,41.262,ok,near_kink
runA,cam0,1664,16.604,42.567,ok,near_kink
runA,cam0,1665,16.481,42.079,ok,near_kink
runA,cam0,1666,16.363,42.031,ok,near_kink
runA,cam0,1667,16.004,40.72,ok,near_kink
runA,cam0,1668,16.214,43.151,ok,near_kink
runA,cam0,1669,16.107,42.432,ok,near_kink
runA,cam0,1670,16.243,43.831,ok,near_kink
runA,cam0,1671,16.363,43.119,ok,near_kink
runA,cam0,1672,16.462,44.572,ok,near_kink
runA,cam0,1673,16.69,47.869,ok,near_kink
runA,cam0,1674,16.904,51.993,ok,near_kink
runA,cam0,1675,17.609,54.21,ok,near_kink
runA,cam0,1676,18.083,57.874,ok,near_kink
runA,cam0,1677,19.055,60.993,ok,near_kink
runA,cam0,1678,18.827,58.19,ok,near_kink
runA,cam0,1679,19.139,60.692,ok,near_kink
runA,cam0,1680,19.522,65.399,ok,near_kink
runA,cam0,1681,19.056,64.657,ok,near_kink
runA,cam0,1682,19.278,70.908,ok,near_kink
runA,cam0,1683,19.335,66.293,ok,near_kink
runA,cam0,1684,19.36,65.051,ok,near_kink
runA,cam0,1685,19.449,66.975,ok,near_kink
runA,cam0,1686,19.198,65.16,ok,near_kink
runA,cam0,1687,18.983,63.621,ok,near_kink
runA,cam0,1688,18.955,65.887,ok,near_kink
runA,cam0,1689,19.157,67.992,ok,near_kink
runA,cam0,1690,19.342,72.483,ok,near_kink
runA,cam0,1691,19.48,79.202,ok,near_kink
runA,cam0,1692,19.773,86.505,ok,near_kink
runA,cam0,1693,20.096,94.62,ok,near_kink
runA,cam0,1694,20.292,99.487,ok,
runA,cam0,1695,20.787,101.526,ok,
runA,cam0,1696,21.366,107.53,ok,
runA,cam0,1697,22.192,119.063,ok,
runA,cam0,1698,23.054,129.01,ok,
runA,cam0,1699,23.962,139.327,ok,
runA,cam0,1700,24.502,145.932,ok,
runA,cam0,1701,25.123,156.145,ok,
runA,cam0,1702,26.009,159.61,ok,
runA,cam0,1703,27.321,180.135,ok,
runA,cam0,1704,28.776,189.614,ok,
runA,cam0,1705,30.888,218.916,ok,
runA,cam0,1706,33.232,229.74,ok,
runA,cam0,1707,34.694,235.792,ok,
runA,cam0,1708,35.67,230.698,ok,
runA,cam0,1709,37.384,242.776,ok,
runA,cam0,1710,39.109,247.463,ok,
runA,cam0,1711,42.012,248.598,ok,
runA,cam0,1712,44.772,249.584,ok,
runA,cam0,1713,45.45,250.44,ok,
runA,cam0,1714,45.908,250.575,ok,
runA,cam0,1715,47.405,248.526,ok,
runA,cam0,1716,49.585,250.323,ok,
runA,cam0,1717,52.005,251.43,ok,
runA,cam0,1718,53.239,251.43,ok,
runA,cam0,1719,55.67,251.43,ok,
runA,cam0,1720,57.686,251.43,ok,
runA,cam0,1721,59.954,251.43,ok,
runA,cam0,1722,62.547,251.43,ok,
runA,cam0,1723,64.977,251.43,ok,
runA,cam0,1724,64.672,251.43,ok,
runA,cam0,1725,66.755,251.508,ok,
runA,cam0,1726,67.864,251.43,ok,
runA,cam0,1727,71.17,251.548,ok,
runA,cam0,1728,71.523,251.508,ok,
runA,cam0,1729,69.816,251.652,ok,
runA,cam0,1730,69.54,251.508,ok,
runA,cam0,1731,66.687,251.214,ok,
runA,cam0,1732,62.893,249.146,ok,
runA,cam0,1733,63.777,251.43,ok,
runA,cam0,1734,67.69,251.43,ok,
runA,cam0,1735,69.679,251.43,ok,
runA,cam0,1736,70.47,251.43,ok,
runA,cam0,1737,70.81,251.43,ok,
runA,cam0,1738,72.288,251.43,ok,
runA,cam0,1739,75.682,251.43,ok,
runA,cam0,1740,79.145,251.43,ok,
runA,cam0,1741,80.901,251.43,ok,
runA,cam0,1742,80.197,251.43,ok,
runA,cam0,1743,76.417,251.43,ok,
runA,cam0,1744,72.523,251.43,ok,
runA,cam0,1745,68.97,251.43,ok,
runA,cam0,1746,65.93,251.43,ok,
runA,cam0,1747,62.966,251.43,ok,
runA,cam0,1748,61.197,251.43,ok,
runA,cam0,1749,60.206,251.43,ok,
runA,cam0,1750,60.102,251.43,ok,
runA,cam0,1751,61.09,251.43,ok,
runA,cam0,1752,67.032,251.508,ok,
runA,cam0,1753,71.304,251.598,ok,
runA,cam0,1754,75.283,251.7,ok,
runA,cam0,1755,78.591,252.236,ok,
runA,cam0,1756,82.39,251.856,ok,
runA,cam0,1757,88.351,251.856,ok,
runA,cam0,1758,92.511,251.856,ok,
runA,cam0,1759,96.761,251.73,ok,
runA,cam0,1760,101.151,251.804,ok,
runA,cam0,1761,103.552,251.856,ok,
runA,cam0,1762,102.647,251.661,ok,
runA,cam0,1763,101.017,251.856,ok,
runA,cam0,1764,98.288,251.975,ok,
runA,cam0,1765,94.752,252.43,ok,
runA,cam0,1766,91.719,251.856,ok,
runA,cam0,1767,90.554,251.856,ok,
runA,cam0,1768,90.158,251.734,ok,
runA,cam0,1769,90.201,251.734,ok,
runA,cam0,1770,92.635,251.575,ok,
runA,cam0,1771,92.855,251.652,ok,
runA,cam0,1772,92.676,251.598,ok,
runA,cam0,1773,91.504,251.736,ok,
runA,cam0,1774,89.545,251.856,ok,
runA,cam0,1775,91.346,252.373,ok,
runA,cam0,1776,95.874,252.366,ok,
runA,cam0,1777,100.136,251.856,ok,
runA,cam0,1778,101.542,251.856,ok,
runA,cam0,1779,101.496,251.856,ok,
runA,cam0,1780,99.605,251.856,ok,
runA,cam0,1781,95.928,251.598,ok,
runA,cam0,1782,94.992,251.646,ok,
runA,cam0,1783,96.52,251.652,ok,
runA,cam0,1784,93.523,251.856,ok,
runA,cam0,1785,91.964,251.856,ok,
runA,cam0,1786,91.835,251.856,ok,
runA,cam0,1787,92.214,252.23,ok,
runA,cam0,1788,94.622,251.856,ok,
runA,cam0,1789,99.67,251.575,ok,
runA,cam0,1790,100.479,251.652,ok,
runA,cam0,1791,100.815,251.785,ok,
runA,cam0,1792,100.139,251.856,ok,
runA,cam0,1793,98.912,251.856,ok,
runA,cam0,1794,95.961,251.856,ok,
runA,cam0,1795,97.451,251.652,ok,
runA,cam0,1796,98.245,251.652,ok,
runA,cam0,1797,94.546,251.696,ok,
runA,cam0,1798,89.941,251.652,ok,
runA,cam0,1799,85.081,251.575,ok,
runA,cam0,1800,81.977,251.652,ok,
runA,cam0,1801,83.203,251.575,ok,
runA,cam0,1802,88.26,251.652,ok,
runA,cam0,1803,86.923,251.804,ok,
runA,cam0,1804,84.054,251.43,ok,
runA,cam0,1805,82.608,251.508,ok,
runA,cam0,1806,82.453,251.767,ok,
runA,cam0,1807,82.263,251.856,ok,
runA,cam0,1808,81.548,251.656,ok,
runA,cam0,1809,83.102,251.575,ok,
runA,cam0,1810,83.433,251.835,ok,
runA,cam0,1811,83.55,252.43,ok,
runA,cam0,1812,83.059,252.43,ok,
runA,cam0,1813,80.977,251.856,ok,
runA,cam0,1814,79.724,251.652,ok,
runA,cam0,1815,84.404,251.575,ok,
runA,cam0,1816,89.899,251.575,ok,
runA,cam0,1817,95.337,251.575,ok,
runA,cam0,1818,98.814,251.575,ok,
runA,cam0,1819,102.677,251.652,ok,
runA,cam0,1820,104.594,251.657,ok,
runA,cam0,1821,104.685,251.652,ok,
runA,cam0,1822,105.48,251.652,ok,
runA,cam0,1823,108.751,251.652,ok,
runA,cam0,1824,108.741,251.856,ok,
runA,cam0,1825,107.754,251.859,ok,
runA,cam0,1826,107.07,252.43,ok,
runA,cam0,1827,107.307,252.43,ok,
runA,cam0,1828,106.265,251.856,ok,
runA,cam0,1829,103.635,251.811,ok,
runA,cam0,1830,109.582,251.856,ok,
runA,cam0,1831,107.92,251.652,ok,
runA,cam0,1832,105.32,251.856,ok,
runA,cam0,1833,101.986,251.692,ok,
runA,cam0,1834,99.207,251.856,ok,
runA,cam0,1835,97.404,251.947,ok,
runA,cam0,1836,99.538,252.43,ok,
runA,cam0,1837,98.181,252.43,ok,
runA,cam0,1838,105.806,252.13,ok,
runA,cam0,1839,106.595,251.856,ok,
runA,cam0,1840,105.021,251.652,ok,
runA,cam0,1841,102.402,251.652,ok,
runA,cam0,1842,98.628,251.811,ok,
runA,cam0,1843,95.201,251.856,ok,
runA,cam0,1844,93.381,251.508,ok,
runA,cam0,1845,92.683,251.508,ok,
runA,cam0,1846,91.398,251.652,ok,
runA,cam0,1847,87.547,251.794,ok,
runA,cam0,1848,84.513,252.43,ok,
runA,cam0,1849,86.669,252.44,ok,
runA,cam0,1850,89.519,251.811,ok,
runA,cam0,1851,94.772,251.856,ok,
runA,cam0,1852,100.381,251.856,ok,
runA,cam0,1853,103.879,251.874,ok,
runA,cam0,1854,103.071,252.0,ok,
runA,cam0,1855,100.709,252.43,ok,
runA,cam0,1856,97.857,251.856,ok,
runA,cam0,1857,96.452,252.373,ok,
runA,cam0,1858,98.322,251.856,ok,
runA,cam0,1859,100.499,251.856,ok,
runA,cam0,1860,107.095,251.856,ok,
runA,cam0,1861,108.756,251.652,ok,
runA,cam0,1862,110.411,251.652,ok,
runA,cam0,1863,110.527,251.652,ok,
runA,cam0,1864,109.948,251.652,ok,
runA,cam0,1865,109.707,251.856,ok,
runA,cam0,1866,111.481,251.597,ok,
runA,cam0,1867,116.167,251.739,ok,
runA,cam0,1868,115.919,251.856,ok,
runA,cam0,1869,114.42,252.43,ok,
runA,cam0,1870,112.173,252.43,ok,
runA,cam0,1871,108.277,252.72,ok,
runA,cam0,1872,104.785,252.72,ok,
runA,cam0,1873,104.99,252.286,ok,
runA,cam0,1874,106.466,252.0,ok,
runA,cam0,1875,111.489,252.0,ok,
runA,cam0,1876,107.149,251.856,ok,
runA,cam0,1877,100.041,252.711,ok,
runA,cam0,1878,92.967,252.44,ok,
runA,cam0,1879,92.386,252.449,ok,
runA,cam0,1880,95.304,252.72,ok,
runA,cam0,1881,94.07,252.856,ok,
runA,cam0,1882,97.425,252.576,ok,
runA,cam0,1883,95.836,252.44,ok,
runA,cam0,1884,92.459,252.192,ok,
runA,cam0,1885,85.866,251.639,ok,
runA,cam0,1886,80.245,251.43,ok,
runA,cam0,1887,76.737,250.575,ok,
runA,cam0,1888,75.252,251.43,ok,
runA,cam0,1889,76.476,251.43,ok,
runA,cam0,1890,75.293,251.43,ok,
runA,cam0,1891,72.351,249.73,ok,
runA,cam0,1892,74.082,251.43,ok,
runA,cam0,1893,71.76,250.874,ok,
runA,cam0,1894,69.611,248.779,ok,
runA,cam0,1895,71.86,251.43,ok,
runA,cam0,1896,79.844,251.43,ok,
runA,cam0,1897,81.542,251.575,ok,
runA,cam0,1898,82.364,251.575,ok,
runA,cam0,1899,81.295,251.575,ok,
runA,cam0,1900,79.814,251.652,ok,
runA,cam0,1901,80.676,251.508,ok,
runA,cam0,1902,83.538,251.575,ok,
runA,cam0,1903,86.269,251.575,ok,
runA,cam0,1904,94.214,251.652,ok,
runA,cam0,1905,95.928,251.652,ok,
runA,cam0,1906,94.675,251.652,ok,
runA,cam0,1907,92.128,251.62,ok,
runA,cam0,1908,87.363,251.575,ok,
runA,cam0,1909,81.787,251.652,ok,
runA,cam0,1910,81.415,251.639,ok,
runA,cam0,1911,90.159,251.804,ok,
runA,cam0,1912,91.192,251.698,ok,
runA,cam0,1913,92.295,251.856,ok,
runA,cam0,1914,92.016,251.739,ok,
runA,cam0,1915,90.439,251.856,ok,
runA,cam0,1916,87.45,251.856,ok,
runA,cam0,1917,78.219,251.811,ok,
runA,cam0,1918,75.151,251.43,ok,
runA,cam0,1919,78.3,251.508,ok,
runA,cam0,1920,73.616,251.43,ok,
runA,cam0,1921,68.729,251.43,ok,
runA,cam0,1922,61.67,250.435,ok,
runA,cam0,1923,55.954,238.879,ok,
runA,cam0,1924,51.452,228.992,ok,
runA,cam0,1925,45.875,218.982,ok,
runA,cam0,1926,49.811,220.019,ok,
runA,cam0,1927,50.642,217.641,ok,
runA,cam0,1928,50.653,221.073,ok,
runA,cam0,1929,51.009,236.559,ok,
runA,cam0,1930,52.11,248.889,ok,
runA,cam0,1931,53.254,242.341,ok,
runA,cam0,1932,57.539,247.317,ok,
runA,cam0,1933,64.022,251.43,ok,
runA,cam0,1934,69.438,251.44,ok,
runA,cam0,1935,69.688,251.575,ok,
runA,cam0,1936,68.795,251.508,ok,near_kink
runA,cam0,1937,65.873,251.43,ok,near_kink
runA,cam0,1938,63.437,251.43,ok,near_kink
runA,cam0,1939,68.492,251.508,ok,near_kink
runA,cam0,1940,73.305,251.639,ok,near_kink
runA,cam0,1941,81.924,251.575,ok,near_kink
runA,cam0,1942,84.802,251.575,ok,near_kink
runA,cam0,1943,84.759,251.575,ok,near_kink
runA,cam0,1944,82.777,251.575,ok,near_kink
runA,cam0,1945,81.536,251.652,ok,near_kink
runA,cam0,1946,79.228,251.807,ok,near_kink
runA,cam0,1947,78.8,251.856,ok,near_kink
runA,cam0,1948,81.88,251.856,ok,near_kink
runA,cam0,1949,83.916,251.657,ok,near_kink
runA,cam0,1950,82.397,251.43,ok,near_kink
runA,cam0,1951,80.071,250.951,ok,near_kink
runA,cam0,1952,77.806,247.821,ok,near_kink
runA,cam0,1953,79.754,250.652,ok,near_kink
runA,cam0,1954,81.581,251.575,ok,near_kink
runA,cam0,1955,82.543,251.585,ok,near_kink
runA,cam0,1956,89.034,251.975,ok,near_kink
runA,cam0,1957,90.621,252.295,ok,
runA,cam0,1958,91.195,251.856,ok,
runA,cam0,1959,90.349,251.872,ok,
runA,cam0,1960,88.505,251.856,ok,
runA,cam0,1961,90.053,251.652,ok,
runA,cam0,1962,92.914,251.508,ok,
runA,cam0,1963,97.462,251.575,ok,
runA,cam0,1964,99.045,251.575,ok,
runA,cam0,1965,98.37,251.652,ok,
runA,cam0,1966,96.889,251.575,ok,
runA,cam0,1967,94.165,251.652,ok,
runA,cam0,1968,90.059,251.657,ok,
runA,cam0,1969,86.02,251.652,ok,
runA,cam0,1970,83.047,251.73,ok,
runA,cam0,1971,80.693,251.856,ok,
runA,cam0,1972,78.091,251.44,ok,
runA,cam0,1973,76.728,251.508,ok,
runA,cam0,1974,75.093,251.639,ok,
runA,cam0,1975,73.076,251.592,ok,
runA,cam0,1976,70.516,251.584,ok,
runA,cam0,1977,79.939,251.639,ok,
runA,cam0,1978,84.033,251.575,ok,
runA,cam0,1979,85.896,251.575,ok,
runA,cam0,1980,86.748,251.575,ok,
runA,cam0,1981,84.186,251.575,ok,
runA,cam0,1982,80.22,251.575,ok,
runA,cam0,1983,74.092,251.664,ok,
runA,cam0,1984,70.153,251.43,ok,
runA,cam0,1985,68.251,251.508,ok,
runA,cam0,1986,65.728,251.835,ok,
runA,cam0,1987,64.525,251.513,ok,
runA,cam0,1988,63.469,251.43,ok,
runA,cam0,1989,61.29,250.961,ok,
runA,cam0,1990,61.014,251.43,ok,
runA,cam0,1991,65.211,251.654,ok,
runA,cam0,1992,68.717,251.856,ok,
runA,cam0,1993,68.389,251.652,ok,
runA,cam0,1994,67.072,251.517,ok,
runA,cam0,1995,66.043,251.508,ok,
runA,cam0,1996,65.244,251.43,ok,
runA,cam0,1997,70.458,251.44,ok,
runA,cam0,1998,71.905,251.856,ok,
runA,cam0,1999,74.3,251.856,ok,
runA,cam0,2000,78.336,252.156,ok,
runA,cam0,2001,76.678,251.872,ok,
runA,cam0,2002,74.219,251.856,ok,
runA,cam0,2003,73.482,251.856,ok,
runA,cam0,2004,72.176,251.874,ok,
runA,cam0,2005,73.46,251.652,ok,
runA,cam0,2006,77.744,251.856,ok,
runA,cam0,2007,81.617,251.736,ok,
runA,cam0,2008,81.278,251.856,ok,
runA,cam0,2009,80.21,251.652,ok,
runA,cam0,2010,78.127,251.811,ok,
runA,cam0,2011,77.442,252.435,ok,
runA,cam0,2012,76.484,252.43,ok,
runA,cam0,2013,76.616,252.575,ok,
runA,cam0,2014,81.925,251.856,ok,
runA,cam0,2015,82.686,251.856,ok,
runA,cam0,2016,78.399,251.652,ok,
runA,cam0,2017,77.633,252.228,ok,
runA,cam0,2018,76.953,252.444,ok,
runA,cam0,2019,79.329,252.43,ok,
runA,cam0,2020,78.256,251.856,ok,
runA,cam0,2021,83.135,251.856,ok,
runA,cam0,2022,82.842,251.856,ok,
runA,cam0,2023,81.207,251.856,ok,
runA,cam0,2024,78.113,251.639,ok,
runA,cam0,2025,76.717,251.652,ok,
runA,cam0,2026,74.732,251.652,ok,
runA,cam0,2027,70.035,251.639,ok,
runA,cam0,2028,68.536,251.575,ok,
runA,cam0,2029,70.203,251.575,ok,
runA,cam0,2030,66.516,251.686,ok,
runA,cam0,2031,61.794,251.652,ok,
runA,cam0,2032,58.666,251.575,ok,
runA,cam0,2033,56.662,251.44,ok,
runA,cam0,2034,53.766,251.43,ok,
runA,cam0,2035,51.698,251.43,ok,
runA,cam0,2036,52.258,251.43,ok,
runA,cam0,2037,51.132,251.43,ok,
runA,cam0,2038,49.949,251.43,ok,
runA,cam0,2039,49.871,251.43,ok,
runA,cam0,2040,49.456,251.43,ok,
runA,cam0,2041,49.031,251.43,ok,
runA,cam0,2042,46.364,248.736,ok,
runA,cam0,2043,50.154,251.43,ok,
runA,cam0,2044,48.796,251.43,ok,
runA,cam0,2045,44.759,249.449,ok,
runA,cam0,2046,43.822,243.756,ok,
runA,cam0,2047,40.354,230.261,ok,
runA,cam0,2048,39.929,224.527,ok,
runA,cam0,2049,41.445,241.494,ok,
runA,cam0,2050,45.531,247.623,ok,
runA,cam0,2051,52.491,250.485,ok,
runA,cam0,2052,55.984,250.874,ok,
runA,cam0,2053,57.119,250.739,ok,
runA,cam0,2054,57.061,250.652,ok,
runA,cam0,2055,54.827,248.811,ok,
runA,cam0,2056,57.515,249.449,ok,
runA,cam0,2057,66.385,250.652,ok,
runA,cam0,2058,72.472,250.856,ok,
runA,cam0,2059,76.77,251.43,ok,
runA,cam0,2060,80.842,251.43,ok,
runA,cam0,2061,85.9,251.43,ok,
runA,cam0,2062,91.358,251.508,ok,
runA,cam0,2063,95.66,251.508,ok,
runA,cam0,2064,98.261,251.43,ok,
runA,cam0,2065,99.268,251.575,ok,
runA,cam0,2066,99.561,251.639,ok,
runA,cam0,2067,99.864,251.652,ok,
runA,cam0,2068,99.892,251.811,ok,
runA,cam0,2069,98.959,251.856,ok,
runA,cam0,2070,98.056,251.856,ok,
runA,cam0,2071,96.116,252.43,ok,
runA,cam0,2072,95.473,252.43,ok,
runA,cam0,2073,95.011,251.856,ok,
runA,cam0,2074,95.452,251.856,ok,
runA,cam0,2075,96.332,252.291,ok,
runA,cam0,2076,96.956,252.43,ok,
runA,cam0,2077,98.256,252.43,ok,
runA,cam0,2078,101.099,252.661,ok,
runA,cam0,2079,102.945,252.538,ok,
runA,cam0,2080,103.419,252.856,ok,
runA,cam0,2081,103.88,252.856,ok,
runA,cam0,2082,103.545,252.865,ok,
runA,cam0,2083,103.191,253.293,ok,
runA,cam0,2084,103.099,253.227,ok,
runA,cam0,2085,105.363,253.43,ok,
runA,cam0,2086,108.125,253.43,ok,
runA,cam0,2087,108.485,253.575,ok,
runA,cam0,2088,108.581,253.43,ok,
runA,cam0,2089,107.941,253.43,ok,
runA,cam0,2090,107.636,252.874,ok,
runA,cam0,2091,106.575,252.707,ok,
runA,cam0,2092,107.604,252.43,ok,
runA,cam0,2093,109.602,252.049,ok,
runA,cam0,2094,110.676,251.856,ok,
runA,cam0,2095,110.239,251.73,ok,
runA,cam0,2096,108.996,251.698,ok,
runA,cam0,2097,104.771,251.652,ok,
runA,cam0,2098,101.767,251.584,ok,
runA,cam0,2099,99.908,251.652,ok,
runA,cam0,2100,95.552,251.652,ok,
runA,cam0,2101,89.917,251.543,ok,
runA,cam0,2102,84.642,251.43,ok,
runA,cam0,2103,81.789,251.43,ok,
runA,cam0,2104,80.603,250.548,ok,
runA,cam0,2105,81.434,249.804,ok,
runA,cam0,2106,79.371,238.855,ok,
runA,cam0,2107,78.977,227.511,ok,
runA,cam0,2108,84.561,251.43,ok,
runA,cam0,2109,86.358,251.575,ok,
runA,cam0,2110,85.745,251.639,ok,
runA,cam0,2111,87.037,252.178,ok,
runA,cam0,2112,88.076,251.652,ok,
runA,cam0,2113,81.518,251.508,ok,
runA,cam0,2114,74.128,251.43,ok,
runA,cam0,2115,66.978,249.594,ok,
runA,cam0,2116,65.783,248.632,ok,
runA,cam0,2117,71.183,251.43,ok,
runA,cam0,2118,77.987,251.508,ok,
runA,cam0,2119,84.123,251.652,ok,
runA,cam0,2120,81.918,251.856,ok,
runA,cam0,2121,81.38,251.639,ok,
runA,cam0,2122,83.655,251.652,ok,
runA,cam0,2123,89.651,251.652,ok,
runA,cam0,2124,88.862,251.584,ok,
runA,cam0,2125,86.979,251.652,ok,
runA,cam0,2126,85.05,251.652,ok,
runA,cam0,2127,82.705,251.652,ok,
runA,cam0,2128,79.095,251.652,ok,
runA,cam0,2129,75.724,251.652,ok,
runA,cam0,2130,75.938,251.652,ok,
runA,cam0,2131,80.683,251.698,ok,
runA,cam0,2132,80.335,251.652,ok,
runA,cam0,2133,79.896,251.652,ok,
runA,cam0,2134,79.115,251.856,ok,
runA,cam0,2135,77.212,251.811,ok,
runA,cam0,2136,75.592,251.43,ok,
runA,cam0,2137,76.834,251.659,ok,
runA,cam0,2138,74.986,251.759,ok,
runA,cam0,2139,78.326,251.856,ok,
runA,cam0,2140,74.094,251.652,ok,
runA,cam0,2141,71.431,251.652,ok,
runA,cam0,2142,70.345,251.508,ok,
runA,cam0,2143,66.983,251.508,ok,
runA,cam0,2144,66.021,251.43,ok,
runA,cam0,2145,66.169,251.43,ok,
runA,cam0,2146,64.571,251.43,ok,
runA,cam0,2147,69.6,251.651,ok,
runA,cam0,2148,69.04,251.575,ok,
runA,cam0,2149,68.995,251.508,ok,
runA,cam0,2150,68.839,251.43,ok,
runA,cam0,2151,67.494,251.43,ok,
runA,cam0,2152,65.836,251.43,ok,
runA,cam0,2153,62.844,251.43,ok,
runA,cam0,2154,64.087,251.43,ok,
runA,cam0,2155,68.581,251.43,ok,
runA,cam0,2156,68.095,251.43,ok,
runA,cam0,2157,66.901,251.43,ok,
runA,cam0,2158,65.936,251.43,ok,
runA,cam0,2159,65.928,251.575,ok,
runA,cam0,2160,64.402,251.43,ok,
runA,cam0,2161,61.266,251.43,ok,
runA,cam0,2162,60.857,251.43,ok,
runA,cam0,2163,65.341,251.43,ok,
runA,cam0,2164,64.708,251.44,ok,
runA,cam0,2165,64.108,251.43,ok,
runA,cam0,2166,63.911,251.508,ok,
runA,cam0,2167,62.728,251.43,ok,
runA,cam0,2168,61.228,251.43,ok,
runA,cam0,2169,53.887,237.985,ok,
runA,cam0,2170,57.366,250.734,ok,
runA,cam0,2171,66.125,251.43,ok,
runA,cam0,2172,67.29,251.43,ok,
runA,cam0,2173,67.241,251.43,ok,
runA,cam0,2174,66.898,251.43,ok,
runA,cam0,2175,66.342,251.43,ok,
runA,cam0,2176,66.819,251.43,ok,
runA,cam0,2177,65.332,250.584,ok,
runA,cam0,2178,61.695,229.262,ok,
runA,cam0,2179,68.441,249.923,ok,
runA,cam0,2180,72.026,250.43,ok,
runA,cam0,2181,73.034,251.386,ok,
runA,cam0,2182,74.911,251.288,ok,
runA,cam0,2183,75.966,251.43,ok,
runA,cam0,2184,74.005,251.214,ok,
runA,cam0,2185,71.324,251.43,ok,
runA,cam0,2186,70.533,251.43,ok,
runA,cam0,2187,65.476,242.526,ok,
runA,cam0,2188,71.406,251.43,ok,
runA,cam0,2189,72.657,251.43,ok,
runA,cam0,2190,73.385,251.43,ok,
runA,cam0,2191,73.76,251.43,ok,
runA,cam0,2192,72.743,251.43,ok,
runA,cam0,2193,72.643,251.43,ok,
runA,cam0,2194,72.646,251.43,ok,
runA,cam0,2195,70.692,251.43,ok,
runA,cam0,2196,72.419,251.43,ok,
runA,cam0,2197,70.838,251.508,ok,
runA,cam0,2198,69.487,251.43,ok,
runA,cam0,2199,66.902,251.43,ok,
runA,cam0,2200,64.985,251.43,ok,
runA,cam0,2201,63.51,251.43,ok,
runA,cam0,2202,59.781,250.435,ok,
runA,cam0,2203,64.518,251.43,ok,
runA,cam0,2204,64.843,251.43,ok,
runA,cam0,2205,65.937,251.43,ok,
runA,cam0,2206,66.578,251.43,ok,
runA,cam0,2207,67.487,251.43,ok,
runA,cam0,2208,68.592,251.43,ok,
runA,cam0,2209,69.42,251.43,ok,
runA,cam0,2210,68.551,251.43,ok,
runA,cam0,2211,64.771,250.652,ok,
runA,cam0,2212,70.102,251.43,ok,
runA,cam0,2213,74.61,251.43,ok,
runA,cam0,2214,77.917,251.43,ok,
runA,cam0,2215,77.675,251.43,ok,
runA,cam0,2216,76.474,251.43,ok,
runA,cam0,2217,74.28,251.43,ok,
runA,cam0,2218,71.741,251.44,ok,
runA,cam0,2219,67.93,251.43,ok,
runA,cam0,2220,62.417,251.43,ok,
runA,cam0,2221,57.078,251.43,ok,
runA,cam0,2222,64.786,251.43,ok,
runA,cam0,2223,65.156,251.43,ok,
runA,cam0,2224,64.995,251.43,ok,
runA,cam0,2225,65.391,251.43,ok,
runA,cam0,2226,64.355,251.43,ok,
runA,cam0,2227,63.58,251.43,ok,
runA,cam0,2228,60.616,250.811,ok,
runA,cam0,2229,56.396,244.871,ok,
runA,cam0,2230,54.185,249.652,ok,
runA,cam0,2231,59.051,251.43,ok,
runA,cam0,2232,58.204,251.43,ok,
runA,cam0,2233,56.392,251.43,ok,
runA,cam0,2234,54.731,251.43,ok,
runA,cam0,2235,52.536,250.748,ok,
runA,cam0,2236,50.03,249.444,ok,
runA,cam0,2237,48.574,249.417,ok,
runA,cam0,2238,46.82,214.52,ok,
runA,cam0,2239,43.588,180.838,ok,
runA,cam0,2240,48.164,238.708,ok,
runA,cam0,2241,50.769,235.396,ok,
runA,cam0,2242,50.06,231.58,ok,
runA,cam0,2243,49.379,227.513,ok,
runA,cam0,2244,48.551,226.042,ok,
runA,cam0,2245,48.404,229.733,ok,
runA,cam0,2246,47.709,226.381,ok,
runA,cam0,2247,47.295,220.851,ok,
runA,cam0,2248,47.015,208.232,ok,
runA,cam0,2249,46.82,207.619,ok,
runA,cam0,2250,46.446,202.198,ok,
runA,cam0,2251,46.231,208.78,ok,
runA,cam0,2252,45.536,191.865,ok,
runA,cam0,2253,45.066,181.826,ok,
runA,cam0,2254,44.132,164.265,ok,
runA,cam0,2255,43.347,158.27,ok,
runA,cam0,2256,44.788,186.097,ok,
runA,cam0,2257,45.107,198.096,ok,
runA,cam0,2258,45.156,203.29,ok,
runA,cam0,2259,44.993,203.215,ok,
runA,cam0,2260,44.783,191.638,ok,
runA,cam0,2261,47.825,208.696,ok,
runA,cam0,2262,48.103,206.631,ok,
runA,cam0,2263,48.187,203.765,ok,
runA,cam0,2264,47.611,190.591,ok,
runA,cam0,2265,47.839,191.072,ok,
runA,cam0,2266,47.701,189.808,ok,
runA,cam0,2267,48.184,193.729,ok,
runA,cam0,2268,47.911,189.191,ok,
runA,cam0,2269,48.857,217.731,ok,
runA,cam0,2270,49.22,220.398,ok,
runA,cam0,2271,48.717,218.766,ok,
runA,cam0,2272,50.216,218.575,ok,
runA,cam0,2273,51.597,222.571,ok,
runA,cam0,2274,51.412,229.832,ok,
runA,cam0,2275,51.379,232.358,ok,
runA,cam0,2276,52.042,235.22,ok,
runA,cam0,2277,50.742,232.004,ok,
runA,cam0,2278,50.286,226.11,ok,
runA,cam0,2279,50.484,213.095,ok,
runA,cam0,2280,50.354,213.414,ok,
runA,cam0,2281,49.716,213.452,ok,
runA,cam0,2282,50.746,229.915,ok,
runA,cam0,2283,51.653,237.912,ok,
runA,cam0,2284,51.779,248.387,ok,
runA,cam0,2285,52.633,249.146,ok,
runA,cam0,2286,53.122,249.52,ok,
runA,cam0,2287,53.543,249.434,ok,
runA,cam0,2288,54.589,249.295,ok,
runA,cam0,2289,55.712,249.118,ok,
runA,cam0,2290,54.57,249.758,ok,
runA,cam0,2291,53.895,250.43,ok,
runA,cam0,2292,53.792,250.832,ok,
runA,cam0,2293,54.245,251.195,ok,
runA,cam0,2294,54.919,251.43,ok,
runA,cam0,2295,55.507,251.43,ok,
runA,cam0,2296,55.468,251.585,ok,
runA,cam0,2297,54.472,251.43,ok,
runA,cam0,2298,54.495,251.43,ok,
runA,cam0,2299,54.727,250.748,ok,
runA,cam0,2300,55.768,251.43,ok,
runA,cam0,2301,55.404,250.856,ok,
runA,cam0,2302,57.175,251.43,ok,
runA,cam0,2303,58.879,251.508,ok,
runA,cam0,2304,59.251,251.651,ok,
runA,cam0,2305,60.862,251.43,ok,
runA,cam0,2306,61.41,251.435,ok,
runA,cam0,2307,61.686,251.763,ok,
runA,cam0,2308,61.877,251.811,ok,
runA,cam0,2309,62.401,251.767,ok,
runA,cam0,2310,62.836,251.508,ok,
runA,cam0,2311,63.486,251.804,ok,
runA,cam0,2312,64.031,251.575,ok,
runA,cam0,2313,64.283,251.575,ok,
runA,cam0,2314,64.356,251.652,ok,
runA,cam0,2315,64.472,251.575,ok,
runA,cam0,2316,64.959,251.585,ok,
runA,cam0,2317,66.046,251.856,ok,
runA,cam0,2318,66.776,251.856,ok,
runA,cam0,2319,67.774,251.863,ok,
runA,cam0,2320,67.841,252.144,ok,
runA,cam0,2321,68.06,251.941,ok,
runA,cam0,2322,67.347,251.856,ok,
runA,cam0,2323,65.945,251.719,ok,
runA,cam0,2324,64.461,251.856,ok,
runA,cam0,2325,61.453,251.44,ok,
runA,cam0,2326,62.118,251.575,ok,
runA,cam0,2327,62.594,251.508,ok,
runA,cam0,2328,62.987,251.508,ok,
runA,cam0,2329,64.248,251.575,ok,
runA,cam0,2330,64.712,251.526,ok,
runA,cam0,2331,65.512,251.652,ok,
runA,cam0,2332,65.878,251.575,ok,
runA,cam0,2333,66.488,251.508,ok,
runA,cam0,2334,67.151,251.43,ok,
runA,cam0,2335,68.49,251.43,ok,
runA,cam0,2336,69.673,251.43,ok,
runA,cam0,2337,70.297,251.43,ok,
runA,cam0,2338,70.235,251.43,ok,
runA,cam0,2339,70.195,251.43,ok,
runA,cam0,2340,69.935,251.43,ok,
runA,cam0,2341,73.443,251.435,ok,
runA,cam0,2342,79.092,251.575,ok,
runA,cam0,2343,81.281,251.44,ok,
runA,cam0,2344,81.929,251.43,ok,
runA,cam0,2345,81.632,251.44,ok,
runA,cam0,2346,80.428,251.43,ok,
runA,cam0,2347,80.196,251.43,ok,
runA,cam0,2348,81.514,251.508,ok,
runA,cam0,2349,84.427,251.575,ok,
runA,cam0,2350,86.458,251.575,ok,
runA,cam0,2351,89.127,251.575,ok,
runA,cam0,2352,89.829,251.575,ok,
runA,cam0,2353,90.734,251.575,ok,
runA,cam0,2354,91.781,251.575,ok,
runA,cam0,2355,93.118,251.575,ok,
runA,cam0,2356,94.556,251.575,ok,
runA,cam0,2357,95.338,251.575,ok,
runA,cam0,2358,96.565,251.575,ok,
runA,cam0,2359,97.516,251.575,ok,
runA,cam0,2360,98.966,251.575,ok,
runA,cam0,2361,100.141,251.575,ok,
runA,cam0,2362,101.579,251.575,ok,
runA,cam0,2363,102.88,251.575,ok,
runA,cam0,2364,103.827,251.575,ok,
runA,cam0,2365,104.208,251.575,ok,
runA,cam0,2366,104.644,251.575,ok,
runA,cam0,2367,104.897,251.575,ok,
runA,cam0,2368,105.409,251.575,ok,
runA,cam0,2369,106.249,251.575,ok,
runA,cam0,2370,106.931,251.508,ok,
runA,cam0,2371,107.723,251.575,ok,
runA,cam0,2372,108.028,251.508,ok,
runA,cam0,2373,107.648,251.508,ok,
runA,cam0,2374,107.182,251.508,ok,
runA,cam0,2375,106.577,251.575,ok,
runA,cam0,2376,105.771,251.508,ok,
runA,cam0,2377,104.701,251.508,ok,
runA,cam0,2378,103.668,251.43,ok,
runA,cam0,2379,102.536,251.575,ok,
runA,cam0,2380,101.207,251.508,ok,
runA,cam0,2381,99.896,251.508,ok,
runA,cam0,2382,98.33,251.508,ok,
runA,cam0,2383,96.641,251.43,ok,
runA,cam0,2384,94.685,251.43,ok,
runA,cam0,2385,92.549,251.43,ok,
runA,cam0,2386,90.355,251.43,ok,
runA,cam0,2387,88.238,251.43,ok,
runA,cam0,2388,86.292,251.43,ok,
runA,cam0,2389,84.347,251.334,ok,
runA,cam0,2390,82.448,249.341,ok,near_kink
runA,cam0,2391,80.904,242.657,ok,near_kink
runA,cam0,2392,79.429,234.81,ok,near_kink
runA,cam0,2393,78.11,228.261,ok,near_kink
runA,cam0,2394,77.141,226.064,ok,near_kink
runA,cam0,2395,76.436,226.871,ok,near_kink
runA,cam0,2396,75.76,227.663,ok,near_kink
runA,cam0,2397,75.051,227.519,ok,near_kink
runA,cam0,2398,74.182,227.782,ok,near_kink
runA,cam0,2399,73.13,228.561,ok,near_kink
runA,cam0,2400,72.117,227.6,ok,near_kink
runA,cam0,2401,70.583,226.751,ok,near_kink
runA,cam0,2402,68.92,225.813,ok,near_kink
runA,cam0,2403,67.867,226.226,ok,near_kink
runA,cam0,2404,66.72,225.639,ok,near_kink
runA,cam0,2405,65.6,228.881,ok,near_kink
runA,cam0,2406,65.303,230.883,ok,near_kink
runA,cam0,2407,64.719,232.73,ok,near_kink
runA,cam0,2408,64.193,232.674,ok,near_kink
runA,cam0,2409,63.087,231.874,ok,near_kink
runA,cam0,2410,62.421,230.029,ok,near_kink
runA,cam0,2411,61.622,227.204,ok,near_kink
runA,cam0,2412,61.386,225.1,ok,near_kink
runA,cam0,2413,61.308,224.886,ok,near_kink
runA,cam0,2414,61.587,224.859,ok,near_kink
runA,cam0,2415,62.349,226.696,ok,near_kink
runA,cam0,2416,62.605,228.771,ok,near_kink
runA,cam0,2417,62.992,228.079,ok,near_kink
runA,cam0,2418,62.948,222.2,ok,near_kink
runA,cam0,2419,63.251,219.581,ok,near_kink
runA,cam0,2420,62.938,225.832,ok,near_kink
runA,cam0,2421,62.194,231.982,ok,near_kink
runA,cam0,2422,61.971,235.892,ok,near_kink
runA,cam0,2423,61.336,238.907,ok,near_kink
runA,cam0,2424,61.556,239.342,ok,near_kink
runA,cam0,2425,62.216,238.34,ok,near_kink
runA,cam0,2426,62.461,237.15,ok,near_kink
runA,cam0,2427,62.536,235.528,ok,near_kink
runA,cam0,2428,62.174,234.605,ok,near_kink
runA,cam0,2429,61.421,234.144,ok,near_kink
runA,cam0,2430,61.641,235.777,ok,near_kink
runA,cam0,2431,62.877,237.03,ok,near_kink
runA,cam0,2432,64.965,234.484,ok,near_kink
runA,cam0,2433,66.54,232.245,ok,near_kink
runA,cam0,2434,66.491,230.34,ok,near_kink
runA,cam0,2435,66.056,226.106,ok,near_kink
runA,cam0,2436,65.114,225.204,ok,near_kink
runA,cam0,2437,64.755,225.633,ok,near_kink
runA,cam0,2438,64.41,222.81,ok,near_kink
runA,cam0,2439,63.963,211.365,ok,near_kink
runA,cam0,2440,63.565,206.98,ok,
runA,cam0,2441,64.229,203.814,ok,
runA,cam0,2442,64.869,204.071,ok,
runA,cam0,2443,65.433,203.557,ok,
runA,cam0,2444,66.883,203.847,ok,
runA,cam0,2445,69.192,204.604,ok,
runA,cam0,2446,70.752,205.716,ok,
runA,cam0,2447,71.299,208.039,ok,
runA,cam0,2448,70.654,209.859,ok,
runA,cam0,2449,70.314,215.219,ok,
runA,cam0,2450,70.556,216.231,ok,
runA,cam0,2451,71.629,214.928,ok,
runA,cam0,2452,73.114,217.365,ok,
runA,cam0,2453,74.748,216.716,ok,
runA,cam0,2454,75.819,213.811,ok,
runA,cam0,2455,78.133,212.2,ok,
runA,cam0,2456,79.936,209.882,ok,
runA,cam0,2457,81.139,206.251,ok,
runA,cam0,2458,82.685,199.072,ok,
runA,cam0,2459,85.048,201.071,ok,
runA,cam0,2460,86.334,199.356,ok,
runA,cam0,2461,87.167,199.284,ok,
runA,cam0,2462,87.893,198.992,ok,
runA,cam0,2463,87.881,198.785,ok,
runA,cam0,2464,88.725,201.071,ok,
runA,cam0,2465,88.61,205.108,ok,
runA,cam0,2466,88.575,203.844,ok,
runA,cam0,2467,87.83,211.519,ok,
runA,cam0,2468,87.421,207.266,ok,
runA,cam0,2469,87.138,210.493,ok,
runA,cam0,2470,86.33,209.464,ok,
runA,cam0,2471,85.309,214.186,ok,
runA,cam0,2472,84.819,214.816,ok,
runA,cam0,2473,83.874,216.519,ok,
runA,cam0,2474,84.449,222.375,ok,
runA,cam0,2475,85.483,223.402,ok,
runA,cam0,2476,86.629,223.477,ok,
runA,cam0,2477,87.844,226.227,ok,
runA,cam0,2478,88.656,225.364,ok,
runA,cam0,2479,88.502,218.094,ok,
runA,cam0,2480,88.26,218.912,ok,
runA,cam0,2481,87.993,218.061,ok,
runA,cam0,2482,87.973,219.526,ok,
runA,cam0,2483,86.799,217.83,ok,
runA,cam0,2484,87.179,221.423,ok,
runA,cam0,2485,86.078,223.551,ok,
runA,cam0,2486,86.905,218.027,ok,
runA,cam0,2487,85.566,218.912,ok,
runA,cam0,2488,83.624,214.773,ok,
runA,cam0,2489,82.095,212.943,ok,
runA,cam0,2490,81.491,210.081,ok,
runA,cam0,2491,80.279,210.341,ok,
runA,cam0,2492,81.034,210.432,ok,
runA,cam0,2493,80.505,205.076,ok,
runA,cam0,2494,81.336,207.797,ok,
runA,cam0,2495,80.443,204.509,ok,
runA,cam0,2496,78.889,203.522,ok,
runA,cam0,2497,76.277,198.451,ok,
runA,cam0,2498,74.434,200.123,ok,
runA,cam0,2499,72.256,198.305,ok,
runA,cam0,2500,68.85,193.623,ok,
runA,cam0,2501,65.635,191.598,ok,
runA,cam0,2502,63.454,195.569,ok,
runA,cam0,2503,61.372,195.697,ok,
runA,cam0,2504,60.802,196.874,ok,
runA,cam0,2505,61.212,196.915,ok,
runA,cam0,2506,61.701,196.663,ok,
runA,cam0,2507,63.136,198.053,ok,
runA,cam0,2508,64.19,197.772,ok,
runA,cam0,2509,64.656,197.735,ok,
runA,cam0,2510,64.807,197.065,ok,
runA,cam0,2511,64.709,197.313,ok,
runA,cam0,2512,64.352,198.066,ok,
runA,cam0,2513,63.931,195.401,ok,
runA,cam0,2514,63.468,195.169,ok,
runA,cam0,2515,62.247,196.097,ok,
runA,cam0,2516,61.808,197.444,ok,
runA,cam0,2517,60.455,198.484,ok,
runA,cam0,2518,59.243,199.915,ok,
runA,cam0,2519,57.503,200.247,ok,
runA,cam0,2520,56.559,200.984,ok,
runA,cam0,2521,55.525,200.56,ok,
runA,cam0,2522,55.182,201.489,ok,
runA,cam0,2523,55.685,203.695,ok,
runA,cam0,2524,56.212,204.316,ok,
runA,cam0,2525,56.807,205.31,ok,
runA,cam0,2526,57.389,205.56,ok,
runA,cam0,2527,57.519,206.579,ok,
runA,cam0,2528,57.122,208.153,ok,
runA,cam0,2529,57.47,207.575,ok,
runA,cam0,2530,57.495,207.901,ok,
runA,cam0,2531,57.753,208.479,ok,
runA,cam0,2532,57.219,208.758,ok,
runA,cam0,2533,57.217,208.504,ok,
runA,cam0,2534,57.932,209.52,ok,
runA,cam0,2535,57.767,209.719,ok,
runA,cam0,2536,57.54,211.818,ok,
runA,cam0,2537,57.141,210.279,ok,
runA,cam0,2538,56.981,208.069,ok,
runA,cam0,2539,57.002,209.139,ok,
runA,cam0,2540,57.267,207.414,ok,
runA,cam0,2541,57.179,206.137,ok,
runA,cam0,2542,56.336,204.49,ok,
runA,cam0,2543,56.648,204.239,ok,
runA,cam0,2544,57.856,204.243,ok,
runA,cam0,2545,57.983,202.993,ok,
runA,cam0,2546,58.102,201.984,ok,
runA,cam0,2547,58.392,202.2,ok,
runA,cam0,2548,58.007,200.993,ok,
runA,cam0,2549,58.282,201.554,ok,near_kink
runA,cam0,2550,60.088,201.805,ok,near_kink
runA,cam0,2551,61.87,202.281,ok,near_kink
runA,cam0,2552,63.137,202.349,ok,near_kink
runA,cam0,2553,63.635,201.982,ok,near_kink
runA,cam0,2554,63.796,201.882,ok,near_kink
runA,cam0,2555,64.087,201.742,ok,near_kink
runA,cam0,2556,64.122,200.984,ok,near_kink
runA,cam0,2557,64.319,201.205,ok,near_kink
runA,cam0,2558,64.334,201.205,ok,near_kink
runA,cam0,2559,64.296,200.984,ok,near_kink
runA,cam0,2560,64.323,200.879,ok,near_kink
runA,cam0,2561,63.925,200.984,ok,near_kink
runA,cam0,2562,63.938,201.128,ok,near_kink
runA,cam0,2563,63.806,200.984,ok,near_kink
runA,cam0,2564,64.238,201.214,ok,near_kink
runA,cam0,2565,64.382,201.645,ok,near_kink
runA,cam0,2566,63.815,200.99,ok,near_kink
runA,cam0,2567,63.154,200.342,ok,near_kink
runA,cam0,2568,63.917,200.528,ok,near_kink
runA,cam0,2569,62.622,200.451,ok,near_kink
runA,cam0,2570,62.942,200.883,ok,near_kink
runA,cam0,2571,62.148,200.453,ok,near_kink
runA,cam0,2572,60.859,200.453,ok,near_kink
runA,cam0,2573,61.006,200.311,ok,near_kink
runA,cam0,2574,60.751,200.949,ok,near_kink
runA,cam0,2575,60.134,200.28,ok,near_kink
runA,cam0,2576,59.298,200.205,ok,near_kink
runA,cam0,2577,58.711,199.765,ok,near_kink
runA,cam0,2578,58.175,200.132,ok,near_kink
runA,cam0,2579,57.431,200.025,ok,near_kink
runA,cam0,2580,56.71,199.915,ok,near_kink
runA,cam0,2581,56.167,199.419,ok,near_kink
runA,cam0,2582,55.731,199.632,ok,near_kink
runA,cam0,2583,54.767,199.774,ok,near_kink
runA,cam0,2584,54.14,199.915,ok,near_kink
runA,cam0,2585,53.658,200.422,ok,near_kink
runA,cam0,2586,52.838,201.094,ok,near_kink
runA,cam0,2587,51.547,200.644,ok,near_kink
runA,cam0,2588,50.264,199.956,ok,near_kink
runA,cam0,2589,49.519,199.915,ok,near_kink
runA,cam0,2590,48.62,198.528,ok,
runA,cam0,2591,48.145,197.203,ok,
runA,cam0,2592,48.185,195.819,ok,
runA,cam0,2593,47.544,195.622,ok,
runA,cam0,2594,47.491,198.93,ok,
runA,cam0,2595,46.875,200.098,ok,
runA,cam0,2596,48.336,201.019,ok,
runA,cam0,2597,50.12,202.345,ok,
runA,cam0,2598,51.216,203.139,ok,
runA,cam0,2599,52.491,203.069,ok,
runA,cam0,2600,53.115,204.001,ok,
runA,cam0,2601,53.307,203.033,ok,
runA,cam0,2602,53.578,203.137,ok,
runA,cam0,2603,53.872,203.667,ok,
runA,cam0,2604,53.975,203.595,ok,
runA,cam0,2605,54.0,203.984,ok,
runA,cam0,2606,53.981,204.341,ok,
runA,cam0,2607,53.887,204.781,ok,
runA,cam0,2608,53.7,204.365,ok,
runA,cam0,2609,53.558,204.137,ok,
runA,cam0,2610,53.395,204.583,ok,
runA,cam0,2611,53.403,204.413,ok,
runA,cam0,2612,53.432,204.075,ok,
runA,cam0,2613,53.355,204.201,ok,
runA,cam0,2614,53.264,204.097,ok,
runA,cam0,2615,53.267,204.355,ok,
runA,cam0,2616,53.224,204.607,ok,
runA,cam0,2617,53.235,203.752,ok,
runA,cam0,2618,53.2,203.6,ok,
runA,cam0,2619,53.304,203.818,ok,
runA,cam0,2620,53.212,203.508,ok,
runA,cam0,2621,53.228,203.659,ok,
runA,cam0,2622,53.23,203.697,ok,
runA,cam0,2623,53.301,204.065,ok,
runA,cam0,2624,53.23,204.346,ok,
runA,cam0,2625,53.321,204.461,ok,
runA,cam0,2626,53.266,203.797,ok,
runA,cam0,2627,53.314,204.214,ok,
runA,cam0,2628,53.226,204.214,ok,
runA,cam0,2629,53.318,204.214,ok,
runA,cam0,2630,53.314,204.595,ok,
runA,cam0,2631,53.308,204.461,ok,
runA,cam0,2632,53.221,203.961,ok,
runA,cam0,2633,53.338,204.231,ok,
runA,cam0,2634,53.321,203.876,ok,
runA,cam0,2635,53.341,203.838,ok,
runA,cam0,2636,53.224,203.659,ok,
runA,cam0,2637,53.338,203.921,ok,
runA,cam0,2638,53.315,203.884,ok,
runA,cam0,2639,53.32,203.765,ok,
runA,cam0,2640,53.203,203.58,ok,
runA,cam0,2641,53.295,203.736,ok,
runA,cam0,2642,53.288,203.711,ok,
runA,cam0,2643,53.281,203.852,ok,
runA,cam0,2644,53.207,203.742,ok,
runA,cam0,2645,53.301,203.954,ok,
runA,cam0,2646,53.284,203.699,ok,
runA,cam0,2647,53.285,203.752,ok,
runA,cam0,2648,53.209,203.68,ok,
runA,cam0,2649,53.312,203.857,ok,
runA,cam0,2650,53.288,203.68,ok,
runA,cam0,2651,53.291,203.68,ok,
runA,cam0,2652,53.222,203.68,ok,
runA,cam0,2653,53.303,203.92,ok,
runA,cam0,2654,53.287,203.928,ok,
runA,cam0,2655,53.298,203.92,ok,
runA,cam0,2656,53.231,203.714,ok,
runA,cam0,2657,53.322,203.68,ok,
runA,cam0,2658,53.298,203.611,ok,
runA,cam0,2659,53.302,203.755,ok,
runA,cam0,2660,53.234,203.68,ok,
runA,cam0,2661,53.313,203.711,ok,
runA,cam0,2662,53.288,203.458,ok,
runA,cam0,2663,53.299,203.611,ok,
runA,cam0,2664,53.228,203.458,ok,
runA,cam0,2665,53.316,203.752,ok,
runA,cam0,2666,53.292,203.752,ok,
runA,cam0,2667,53.303,203.724,ok,
runA,cam0,2668,53.229,203.461,ok,
runA,cam0,2669,53.301,203.68,ok,
runA,cam0,2670,53.284,203.556,ok,
runA,cam0,2671,53.295,203.68,ok,
runA,cam0,2672,53.227,203.68,ok,
runA,cam0,2673,53.229,203.244,ok,
runA,cam5,0,85.071,248.598,ok,
runA,cam5,1,85.243,248.598,ok,
runA,cam5,2,85.241,248.598,ok,
runA,cam5,3,85.255,248.598,ok,
runA,cam5,4,85.199,248.545,ok,
runA,cam5,5,85.407,248.598,ok,
runA,cam5,6,85.406,248.598,ok,
runA,cam5,7,85.434,248.598,ok,
runA,cam5,8,85.39,248.598,ok,
runA,cam5,9,85.531,248.598,ok,
runA,cam5,10,85.529,248.598,ok,
runA,cam5,11,85.562,248.598,ok,
runA,cam5,12,85.487,248.598,ok,
runA,cam5,13,85.657,248.598,ok,
runA,cam5,14,85.662,248.598,ok,
runA,cam5,15,85.686,248.598,ok,
runA,cam5,16,85.618,248.576,ok,
runA,cam5,17,85.793,248.598,ok,
runA,cam5,18,85.804,248.598,ok,
runA,cam5,19,85.821,248.576,ok,
runA,cam5,20,85.765,248.564,ok,
runA,cam5,21,85.945,248.598,ok,
runA,cam5,22,85.946,248.598,ok,
runA,cam5,23,85.964,248.598,ok,
runA,cam5,24,85.915,248.564,ok,
runA,cam5,25,86.09,248.564,ok,
runA,cam5,26,86.094,248.526,ok,
runA,cam5,27,86.115,248.564,ok,
runA,cam5,28,86.056,248.598,ok,
runA,cam5,29,86.232,248.598,ok,
runA,cam5,30,86.234,248.598,ok,
runA,cam5,31,86.259,248.598,ok,
runA,cam5,32,86.2,248.598,ok,
runA,cam5,33,86.369,248.598,ok,
runA,cam5,34,86.364,248.568,ok,
runA,cam5,35,86.387,248.598,ok,
runA,cam5,36,86.336,248.526,ok,
runA,cam5,37,86.51,248.598,ok,
runA,cam5,38,86.502,248.574,ok,
runA,cam5,39,86.524,248.598,ok,
runA,cam5,40,86.457,248.53,ok,
runA,cam5,41,86.62,248.592,ok,
runA,cam5,42,86.621,248.526,ok,
runA,cam5,43,86.644,248.564,ok,
runA,cam5,44,86.577,248.524,ok,
runA,cam5,45,86.74,248.524,ok,
runA,cam5,46,86.725,248.526,ok,
runA,cam5,47,86.749,248.526,ok,
runA,cam5,48,86.701,248.519,ok,
runA,cam5,49,86.868,248.526,ok,
runA,cam5,50,86.869,248.519,ok,
runA,cam5,51,86.895,248.512,ok,
runA,cam5,52,86.842,248.519,ok,
runA,cam5,53,87.007,248.526,ok,
runA,cam5,54,86.997,248.514,ok,
runA,cam5,55,87.019,248.524,ok,
runA,cam5,56,86.965,248.512,ok,
runA,cam5,57,87.14,248.526,ok,
runA,cam5,58,87.139,248.526,ok,
runA,cam5,59,87.162,248.534,ok,
runA,cam5,60,87.099,248.526,ok,
runA,cam5,61,87.256,248.526,ok,
runA,cam5,62,87.254,248.526,ok,
runA,cam5,63,87.279,248.526,ok,
runA,cam5,64,87.217,248.524,ok,
runA,cam5,65,87.377,248.571,ok,
runA,cam5,66,87.369,248.526,ok,
runA,cam5,67,87.384,248.592,ok,
runA,cam5,68,87.329,248.526,ok,
runA,cam5,69,87.471,248.521,ok,
runA,cam5,70,87.471,248.524,ok,
runA,cam5,71,87.492,248.521,ok,
runA,cam5,72,87.436,248.521,ok,
runA,cam5,73,87.577,248.521,ok,
runA,cam5,74,87.572,248.521,ok,
runA,cam5,75,87.603,248.521,ok,
runA,cam5,76,87.542,248.519,ok,
runA,cam5,77,87.684,248.526,ok,
runA,cam5,78,87.677,248.526,ok,
runA,cam5,79,87.7,248.526,ok,
runA,cam5,80,87.629,248.517,ok,
runA,cam5,81,87.777,248.526,ok,
runA,cam5,82,87.771,248.521,ok,
runA,cam5,83,87.793,248.526,ok,
runA,cam5,84,87.73,248.517,ok,
runA,cam5,85,87.869,248.526,ok,
runA,cam5,86,87.855,248.524,ok,
runA,cam5,87,87.877,248.524,ok,
runA,cam5,88,87.823,248.489,ok,
runA,cam5,89,87.955,248.524,ok,
runA,cam5,90,87.94,248.519,ok,
runA,cam5,91,87.953,248.519,ok,
runA,cam5,92,87.893,248.466,ok,
runA,cam5,93,88.019,248.521,ok,
runA,cam5,94,88.011,248.519,ok,
runA,cam5,95,88.029,248.519,ok,
runA,cam5,96,87.973,248.519,ok,
runA,cam5,97,88.096,248.524,ok,
runA,cam5,98,88.089,248.449,ok,
runA,cam5,99,88.108,248.494,ok,
runA,cam5,100,88.05,248.494,ok,
runA,cam5,101,88.179,248.456,ok,
runA,cam5,102,88.172,248.449,ok,
runA,cam5,103,88.193,248.449,ok,
runA,cam5,104,88.132,248.449,ok,
runA,cam5,105,88.262,248.456,ok,
runA,cam5,106,88.25,248.456,ok,
runA,cam5,107,88.268,248.456,ok,
runA,cam5,108,88.212,248.449,ok,
runA,cam5,109,88.335,248.519,ok,
runA,cam5,110,88.32,248.456,ok,
runA,cam5,111,88.336,248.456,ok,
runA,cam5,112,88.283,248.456,ok,
runA,cam5,113,88.394,248.449,ok,
runA,cam5,114,88.381,248.449,ok,
runA,cam5,115,88.399,248.449,ok,
runA,cam5,116,88.342,248.449,ok,
runA,cam5,117,88.449,248.449,ok,
runA,cam5,118,88.423,248.449,ok,
runA,cam5,119,88.442,248.449,ok,
runA,cam5,120,88.374,248.449,ok,
runA,cam5,121,88.472,248.449,ok,
runA,cam5,122,88.454,248.449,ok,
runA,cam5,123,88.466,248.449,ok,
runA,cam5,124,88.4,248.449,ok,
runA,cam5,125,88.487,248.449,ok,
runA,cam5,126,88.472,248.449,ok,
runA,cam5,127,88.481,248.449,ok,
runA,cam5,128,88.422,248.449,ok,
runA,cam5,129,88.507,248.449,ok,
runA,cam5,130,88.487,248.449,ok,
runA,cam5,131,88.506,248.449,ok,
runA,cam5,132,88.45,248.449,ok,
runA,cam5,133,88.539,248.449,ok,
runA,cam5,134,88.514,248.449,ok,
runA,cam5,135,88.522,248.449,ok,
runA,cam5,136,88.463,248.449,ok,
runA,cam5,137,88.539,248.456,ok,
runA,cam5,138,88.519,248.526,ok,
runA,cam5,139,88.537,248.449,ok,
runA,cam5,140,88.477,248.449,ok,
runA,cam5,141,88.554,248.449,ok,
runA,cam5,142,88.532,248.449,ok,
runA,cam5,143,88.557,248.449,ok,
runA,cam5,144,88.482,248.449,ok,
runA,cam5,145,88.563,248.449,ok,
runA,cam5,146,88.527,248.449,ok,
runA,cam5,147,88.546,248.449,ok,
runA,cam5,148,88.491,248.449,ok,
runA,cam5,149,88.561,248.521,ok,
runA,cam5,150,88.528,248.521,ok,
runA,cam5,151,88.55,248.526,ok,
runA,cam5,152,88.488,248.449,ok,
runA,cam5,153,88.581,248.524,ok,
runA,cam5,154,88.541,248.521,ok,
runA,cam5,155,88.571,248.524,ok,
runA,cam5,156,88.504,248.449,ok,
runA,cam5,157,88.575,248.598,ok,
runA,cam5,158,88.523,248.519,ok,
runA,cam5,159,88.571,248.463,ok,
runA,cam5,160,88.497,248.517,ok,
runA,cam5,161,88.677,248.573,ok,
runA,cam5,162,88.64,248.598,ok,
runA,cam5,163,88.597,248.598,ok,
runA,cam5,164,88.507,248.485,ok,
runA,cam5,165,88.568,248.57,ok,
runA,cam5,166,88.529,248.522,ok,
runA,cam5,167,88.53,248.598,ok,
runA,cam5,168,88.494,248.598,ok,
runA,cam5,169,88.563,248.536,ok,
runA,cam5,170,88.487,248.499,ok,
runA,cam5,171,88.612,248.524,ok,
runA,cam5,172,88.48,248.485,ok,
runA,cam5,173,88.489,248.494,ok,
runA,cam5,174,88.42,248.462,ok,
runA,cam5,175,88.343,248.598,ok,
runA,cam5,176,88.239,248.333,ok,
runA,cam5,177,88.125,248.524,ok,
runA,cam5,178,87.887,247.897,ok,
runA,cam5,179,87.436,247.82,ok,
runA,cam5,180,86.503,247.743,ok,
runA,cam5,181,85.207,247.676,ok,
runA,cam5,182,83.82,247.598,ok,
runA,cam5,183,82.596,247.125,ok,
runA,cam5,184,81.323,246.585,ok,
runA,cam5,185,80.258,246.386,ok,
runA,cam5,186,79.881,246.038,ok,
runA,cam5,187,79.809,245.55,ok,
runA,cam5,188,79.623,245.472,ok,
runA,cam5,189,79.764,245.047,ok,
runA,cam5,190,80.257,244.55,ok,
runA,cam5,191,81.0,243.979,ok,
runA,cam5,192,81.643,243.979,ok,
runA,cam5,193,82.369,243.519,ok,
runA,cam5,194,82.945,243.304,ok,
runA,cam5,195,83.253,242.739,ok,
runA,cam5,196,83.505,242.631,ok,
runA,cam5,197,83.72,242.631,ok,
runA,cam5,198,83.961,242.341,ok,
runA,cam5,199,84.134,242.341,ok,
runA,cam5,200,84.261,241.64,ok,
runA,cam5,201,84.222,241.35,ok,
runA,cam5,202,83.472,241.206,ok,
runA,cam5,203,82.44,240.785,ok,
runA,cam5,204,81.188,240.428,ok,
runA,cam5,205,79.87,239.722,ok,
runA,cam5,206,78.628,239.65,ok,
runA,cam5,207,78.941,239.713,ok,
runA,cam5,208,80.059,239.635,ok,
runA,cam5,209,81.212,239.635,ok,
runA,cam5,210,82.311,239.635,ok,
runA,cam5,211,83.378,239.65,ok,
runA,cam5,212,84.616,240.428,ok,
runA,cam5,213,85.88,240.785,ok,
runA,cam5,214,87.128,241.631,ok,
runA,cam5,215,88.363,242.341,ok,
runA,cam5,216,89.683,242.631,ok,
runA,cam5,217,90.883,243.341,ok,
runA,cam5,218,92.296,243.979,ok,
runA,cam5,219,93.566,244.476,ok,
runA,cam5,220,94.738,244.902,ok,
runA,cam5,221,95.806,244.979,ok,
runA,cam5,222,96.886,245.472,ok,
runA,cam5,223,98.037,246.182,ok,
runA,cam5,224,99.232,246.182,ok,
runA,cam5,225,100.031,246.463,ok,
runA,cam5,226,100.869,246.608,ok,
runA,cam5,227,101.676,247.182,ok,
runA,cam5,228,102.84,247.598,ok,
runA,cam5,229,103.011,247.676,ok,
runA,cam5,230,100.477,247.676,ok,
runA,cam5,231,93.891,247.82,ok,
runA,cam5,232,90.917,248.449,ok,
runA,cam5,233,95.857,248.598,ok,
runA,cam5,234,101.545,248.598,ok,
runA,cam5,235,105.293,248.598,ok,
runA,cam5,236,107.599,248.598,ok,
runA,cam5,237,108.447,248.568,ok,
runA,cam5,238,108.352,247.676,ok,
runA,cam5,239,108.031,247.608,ok,
runA,cam5,240,107.173,246.608,ok,
runA,cam5,241,106.053,246.182,ok,
runA,cam5,242,104.977,246.024,ok,
runA,cam5,243,103.333,245.472,ok,
runA,cam5,244,100.997,244.476,ok,
runA,cam5,245,98.794,243.979,ok,
runA,cam5,246,96.252,243.341,ok,
runA,cam5,247,93.263,241.84,ok,
runA,cam5,248,90.461,240.91,ok,
runA,cam5,249,88.671,244.047,ok,
runA,cam5,250,87.189,245.476,ok,
runA,cam5,251,85.61,247.598,ok,
runA,cam5,252,84.093,248.521,ok,
runA,cam5,253,82.221,248.598,ok,
runA,cam5,254,79.944,248.547,ok,
runA,cam5,255,77.732,247.608,ok,
runA,cam5,256,75.437,246.463,ok,
runA,cam5,257,73.508,245.612,ok,
runA,cam5,258,72.304,244.979,ok,
runA,cam5,259,71.788,244.476,ok,
runA,cam5,260,71.836,244.563,ok,
runA,cam5,261,71.589,247.182,ok,
runA,cam5,262,71.54,247.816,ok,
runA,cam5,263,70.823,247.82,ok,
runA,cam5,264,69.431,247.608,ok,
runA,cam5,265,68.24,246.676,ok,
runA,cam5,266,67.012,246.463,ok,
runA,cam5,267,65.423,245.472,ok,
runA,cam5,268,63.518,244.55,ok,
runA,cam5,269,61.523,243.476,ok,
runA,cam5,270,59.913,242.341,ok,
runA,cam5,271,58.981,240.917,ok,
runA,cam5,272,58.705,239.029,ok,
runA,cam5,273,58.049,238.925,ok,
runA,cam5,274,58.033,238.713,ok,
runA,cam5,275,57.927,240.529,ok,
runA,cam5,276,58.121,241.206,ok,
runA,cam5,277,59.208,243.274,ok,
runA,cam5,278,61.275,245.047,ok,
runA,cam5,279,63.255,246.013,ok,
runA,cam5,280,65.139,246.463,ok,
runA,cam5,281,66.827,246.047,ok,
runA,cam5,282,69.051,245.55,ok,
runA,cam5,283,71.269,245.472,ok,
runA,cam5,284,73.143,245.165,ok,
runA,cam5,285,74.692,244.902,ok,
runA,cam5,286,75.737,244.129,ok,
runA,cam5,287,77.084,243.979,ok,
runA,cam5,288,78.447,243.341,ok,
runA,cam5,289,79.542,242.912,ok,
runA,cam5,290,80.691,242.763,ok,
runA,cam5,291,81.862,242.631,ok,
runA,cam5,292,82.714,242.776,ok,
runA,cam5,293,83.628,244.259,ok,
runA,cam5,294,84.366,245.047,ok,
runA,cam5,295,85.225,246.468,ok,
runA,cam5,296,86.201,247.521,ok,
runA,cam5,297,87.702,248.449,ok,
runA,cam5,298,89.181,248.811,ok,
runA,cam5,299,90.873,249.521,ok,
runA,cam5,300,90.077,249.693,ok,
runA,cam5,301,82.01,249.874,ok,
runA,cam5,302,74.777,249.874,ok,
runA,cam5,303,85.753,249.874,ok,
runA,cam5,304,94.188,250.44,ok,
runA,cam5,305,98.754,250.44,ok,
runA,cam5,306,101.564,250.44,ok,
runA,cam5,307,103.384,250.44,ok,
runA,cam5,308,104.674,250.44,ok,
runA,cam5,309,106.245,250.44,ok,
runA,cam5,310,105.917,250.44,ok,
runA,cam5,311,98.096,250.584,ok,
runA,cam5,312,94.85,250.584,ok,
runA,cam5,313,105.228,250.575,ok,
runA,cam5,314,111.214,250.584,ok,
runA,cam5,315,114.815,250.584,ok,
runA,cam5,316,117.018,250.584,ok,
runA,cam5,317,118.0,250.652,ok,
runA,cam5,318,118.104,250.575,ok,near_kink
runA,cam5,319,117.652,250.584,ok,near_kink
runA,cam5,320,115.813,250.575,ok,near_kink
runA,cam5,321,113.259,250.44,ok,near_kink
runA,cam5,322,110.177,249.874,ok,near_kink
runA,cam5,323,107.202,249.874,ok,near_kink
runA,cam5,324,104.181,249.449,ok,near_kink
runA,cam5,325,101.436,248.811,ok,near_kink
runA,cam5,326,98.475,248.463,ok,near_kink
runA,cam5,327,95.263,248.576,ok,near_kink
runA,cam5,328,92.649,247.676,ok,near_kink
runA,cam5,329,91.431,247.598,ok,near_kink
runA,cam5,330,90.632,246.608,ok,near_kink
runA,cam5,331,90.432,246.463,ok,near_kink
runA,cam5,332,89.743,246.182,ok,near_kink
runA,cam5,333,89.052,245.472,ok,near_kink
runA,cam5,334,88.275,243.979,ok,near_kink
runA,cam5,335,87.826,242.848,ok,near_kink
runA,cam5,336,87.3,241.705,ok,near_kink
runA,cam5,337,86.928,239.202,ok,near_kink
runA,cam5,338,86.079,236.988,ok,near_kink
runA,cam5,339,85.755,234.528,ok,
runA,cam5,340,86.346,233.855,ok,
runA,cam5,341,87.519,236.927,ok,
runA,cam5,342,88.469,240.64,ok,
runA,cam5,343,88.979,243.449,ok,
runA,cam5,344,89.471,246.585,ok,
runA,cam5,345,88.895,246.693,ok,
runA,cam5,346,86.408,246.55,ok,
runA,cam5,347,83.029,246.472,ok,
runA,cam5,348,78.921,246.043,ok,
runA,cam5,349,73.768,242.289,ok,
runA,cam5,350,69.338,232.374,ok,
runA,cam5,351,65.929,226.58,ok,
runA,cam5,352,64.136,224.652,ok,
runA,cam5,353,64.873,231.912,ok,
runA,cam5,354,67.615,244.018,ok,
runA,cam5,355,72.287,248.779,ok,
runA,cam5,356,77.877,250.654,ok,
runA,cam5,357,84.128,251.43,ok,
runA,cam5,358,89.865,251.43,ok,
runA,cam5,359,94.573,251.43,ok,
runA,cam5,360,98.635,251.43,ok,
runA,cam5,361,101.649,251.43,ok,
runA,cam5,362,103.487,251.43,ok,
runA,cam5,363,104.811,251.43,ok,
runA,cam5,364,105.257,251.43,ok,
runA,cam5,365,105.296,251.43,ok,
runA,cam5,366,105.174,251.43,ok,
runA,cam5,367,104.648,251.43,ok,
runA,cam5,368,104.087,251.43,ok,
runA,cam5,369,103.368,251.43,ok,
runA,cam5,370,102.616,251.43,ok,
runA,cam5,371,100.428,251.43,ok,
runA,cam5,372,97.314,250.73,ok,
runA,cam5,373,94.124,249.874,ok,
runA,cam5,374,90.485,249.449,ok,
runA,cam5,375,87.037,248.494,ok,
runA,cam5,376,83.383,246.693,ok,
runA,cam5,377,80.26,246.182,ok,
runA,cam5,378,77.201,245.472,ok,
runA,cam5,379,74.543,244.344,ok,
runA,cam5,380,72.567,243.447,ok,
runA,cam5,381,70.8,244.478,ok,
runA,cam5,382,69.591,244.904,ok,
runA,cam5,383,70.096,248.516,ok,
runA,cam5,384,72.038,250.584,ok,
runA,cam5,385,75.141,251.43,ok,
runA,cam5,386,79.331,251.43,ok,
runA,cam5,387,83.205,251.43,ok,
runA,cam5,388,86.229,251.43,ok,
runA,cam5,389,89.005,251.43,ok,
runA,cam5,390,91.314,251.43,ok,
runA,cam5,391,93.779,251.43,ok,
runA,cam5,392,96.06,251.43,ok,
runA,cam5,393,97.417,251.43,ok,
runA,cam5,394,98.759,251.43,ok,
runA,cam5,395,99.865,251.43,ok,
runA,cam5,396,100.687,251.43,ok,
runA,cam5,397,101.949,251.43,ok,
runA,cam5,398,101.364,251.43,ok,
runA,cam5,399,96.147,251.43,ok,
runA,cam5,400,93.205,251.43,ok,
runA,cam5,401,97.941,251.43,ok,
runA,cam5,402,102.181,251.43,ok,
runA,cam5,403,104.335,251.43,ok,
runA,cam5,404,105.767,251.43,ok,
runA,cam5,405,106.651,251.43,ok,
runA,cam5,406,106.493,251.43,ok,
runA,cam5,407,106.145,251.43,ok,
runA,cam5,408,105.839,251.43,ok,
runA,cam5,409,104.282,251.43,ok,
runA,cam5,410,102.579,251.43,ok,
runA,cam5,411,100.788,251.43,ok,
runA,cam5,412,97.593,251.43,ok,
runA,cam5,413,93.152,250.652,ok,
runA,cam5,414,88.572,249.449,ok,
runA,cam5,415,84.558,247.676,ok,
runA,cam5,416,80.608,246.472,ok,
runA,cam5,417,77.166,246.038,ok,
runA,cam5,418,74.455,244.047,ok,
runA,cam5,419,70.493,241.67,ok,
runA,cam5,420,65.436,238.635,ok,
runA,cam5,421,59.071,235.64,ok,
runA,cam5,422,53.675,232.144,ok,
runA,cam5,423,48.952,228.929,ok,
runA,cam5,424,45.269,225.635,ok,
runA,cam5,425,42.041,223.797,ok,
runA,cam5,426,37.444,222.652,ok,
runA,cam5,427,34.628,221.58,ok,
runA,cam5,428,32.267,220.29,ok,
runA,cam5,429,30.414,219.941,ok,
runA,cam5,430,27.807,218.086,ok,
runA,cam5,431,26.132,217.719,ok,
runA,cam5,432,24.486,216.719,ok,
runA,cam5,433,22.951,215.013,ok,
runA,cam5,434,21.769,213.859,ok,
runA,cam5,435,20.475,209.761,ok,
runA,cam5,436,18.892,176.171,ok,
runA,cam5,437,17.773,102.583,ok,
runA,cam5,438,16.842,80.284,ok,
runA,cam5,439,16.201,73.359,ok,
runA,cam5,440,15.913,65.576,ok,
runA,cam5,441,15.704,62.522,ok,
runA,cam5,442,15.849,63.415,ok,
runA,cam5,443,15.923,64.097,ok,
runA,cam5,444,16.242,60.842,ok,
runA,cam5,445,16.707,62.069,ok,
runA,cam5,446,17.193,65.449,ok,
runA,cam5,447,16.926,62.739,ok,
runA,cam5,448,16.658,57.485,ok,
runA,cam5,449,16.474,53.202,ok,
runA,cam5,450,16.168,50.401,ok,
runA,cam5,451,16.001,48.621,ok,near_kink
runA,cam5,452,15.778,47.338,ok,near_kink
runA,cam5,453,15.766,47.256,ok,near_kink
runA,cam5,454,15.834,47.13,ok,near_kink
runA,cam5,455,15.933,47.926,ok,near_kink
runA,cam5,456,15.976,48.552,ok,near_kink
runA,cam5,457,15.946,50.053,ok,near_kink
runA,cam5,458,15.956,50.611,ok,near_kink
runA,cam5,459,15.853,50.901,ok,near_kink
runA,cam5,460,15.865,52.258,ok,near_kink
runA,cam5,461,16.098,59.092,ok,near_kink
runA,cam5,462,16.072,60.754,ok,near_kink
runA,cam5,463,15.842,61.595,ok,near_kink
runA,cam5,464,15.55,61.767,ok,near_kink
runA,cam5,465,15.244,59.053,ok,near_kink
runA,cam5,466,15.005,57.82,ok,near_kink
runA,cam5,467,14.781,54.072,ok,near_kink
runA,cam5,468,14.523,52.281,ok,near_kink
runA,cam5,469,14.142,48.154,ok,near_kink
runA,cam5,470,13.858,46.138,ok,near_kink
runA,cam5,471,13.701,46.336,ok,near_kink
runA,cam5,472,13.612,45.351,ok,
runA,cam5,473,13.537,45.105,ok,
runA,cam5,474,13.502,44.872,ok,
runA,cam5,475,13.387,44.106,ok,
runA,cam5,476,13.42,44.751,ok,
runA,cam5,477,13.563,45.444,ok,
runA,cam5,478,13.755,48.703,ok,
runA,cam5,479,13.975,50.652,ok,
runA,cam5,480,14.176,52.471,ok,
runA,cam5,481,14.425,55.25,ok,
runA,cam5,482,14.663,56.099,ok,
runA,cam5,483,14.757,58.737,ok,
runA,cam5,484,14.841,58.337,ok,
runA,cam5,485,14.83,57.486,ok,
runA,cam5,486,14.906,54.369,ok,
runA,cam5,487,15.021,54.069,ok,
runA,cam5,488,15.102,54.888,ok,
runA,cam5,489,15.241,55.526,ok,
runA,cam5,490,15.367,56.162,ok,
runA,cam5,491,15.487,56.808,ok,
runA,cam5,492,15.765,58.777,ok,
runA,cam5,493,16.152,60.112,ok,
runA,cam5,494,16.452,61.12,ok,
runA,cam5,495,16.299,61.605,ok,
runA,cam5,496,16.262,61.7,ok,
runA,cam5,497,16.183,62.342,ok,
runA,cam5,498,16.142,62.342,ok,
runA,cam5,499,16.299,62.342,ok,
runA,cam5,500,16.871,63.515,ok,
runA,cam5,501,16.926,62.037,ok,
runA,cam5,502,17.085,61.274,ok,
runA,cam5,503,17.439,62.406,ok,
runA,cam5,504,17.582,63.873,ok,
runA,cam5,505,17.67,62.037,ok,
runA,cam5,506,17.618,59.921,ok,
runA,cam5,507,17.636,60.046,ok,
runA,cam5,508,17.5,60.002,ok,
runA,cam5,509,17.059,58.626,ok,
runA,cam5,510,16.823,56.264,ok,
runA,cam5,511,16.648,53.003,ok,
runA,cam5,512,16.627,50.921,ok,
runA,cam5,513,16.628,49.781,ok,
runA,cam5,514,16.54,49.722,ok,
runA,cam5,515,16.609,48.338,ok,
runA,cam5,516,16.533,46.841,ok,near_kink
runA,cam5,517,16.634,45.905,ok,near_kink
runA,cam5,518,16.642,45.64,ok,near_kink
runA,cam5,519,17.095,53.545,ok,near_kink
runA,cam5,520,18.478,66.931,ok,near_kink
runA,cam5,521,18.851,69.453,ok,near_kink
runA,cam5,522,19.395,72.053,ok,near_kink
runA,cam5,523,19.727,72.942,ok,near_kink
runA,cam5,524,19.377,72.632,ok,near_kink
runA,cam5,525,18.717,70.805,ok,near_kink
runA,cam5,526,18.061,68.13,ok,near_kink
runA,cam5,527,17.52,65.632,ok,near_kink
runA,cam5,528,17.209,61.777,ok,near_kink
runA,cam5,529,16.953,58.72,ok,near_kink
runA,cam5,530,16.669,54.674,ok,near_kink
runA,cam5,531,16.337,51.993,ok,near_kink
runA,cam5,532,16.129,49.297,ok,near_kink
runA,cam5,533,16.055,47.223,ok,near_kink
runA,cam5,534,16.049,46.767,ok,near_kink
runA,cam5,535,16.272,47.551,ok,near_kink
runA,cam5,536,16.519,51.286,ok,near_kink
runA,cam5,537,17.087,61.287,ok,near_kink
runA,cam5,538,18.196,69.53,ok,near_kink
runA,cam5,539,19.108,64.304,ok,near_kink
runA,cam5,540,19.554,65.723,ok,near_kink
runA,cam5,541,20.263,67.568,ok,near_kink
runA,cam5,542,22.154,70.544,ok,near_kink
runA,cam5,543,24.582,74.718,ok,near_kink
runA,cam5,544,25.92,79.139,ok,near_kink
runA,cam5,545,26.73,81.207,ok,near_kink
runA,cam5,546,26.789,81.207,ok,near_kink
runA,cam5,547,24.876,79.641,ok,near_kink
runA,cam5,548,23.79,79.139,ok,near_kink
runA,cam5,549,22.838,78.139,ok,near_kink
runA,cam5,550,21.807,75.351,ok,near_kink
runA,cam5,551,20.79,65.893,ok,near_kink
runA,cam5,552,20.401,60.323,ok,near_kink
runA,cam5,553,19.88,57.89,ok,near_kink
runA,cam5,554,19.209,55.031,ok,near_kink
runA,cam5,555,18.896,54.325,ok,near_kink
runA,cam5,556,18.579,52.291,ok,near_kink
runA,cam5,557,18.303,53.998,ok,near_kink
runA,cam5,558,19.708,66.585,ok,near_kink
runA,cam5,559,21.378,64.602,ok,near_kink
runA,cam5,560,19.841,65.304,ok,near_kink
runA,cam5,561,18.879,58.382,ok,near_kink
runA,cam5,562,19.052,56.355,ok,near_kink
runA,cam5,563,19.633,66.957,ok,near_kink
runA,cam5,564,22.066,81.432,ok,near_kink
runA,cam5,565,21.262,104.803,ok,near_kink
runA,cam5,566,21.981,109.845,ok,near_kink
runA,cam5,567,21.448,110.031,ok,near_kink
runA,cam5,568,21.282,108.363,ok,near_kink
runA,cam5,569,21.574,109.494,ok,near_kink
runA,cam5,570,22.037,116.058,ok,near_kink
runA,cam5,571,22.108,108.182,ok,near_kink
runA,cam5,572,22.211,97.995,ok,near_kink
runA,cam5,573,22.244,89.678,ok,near_kink
runA,cam5,574,22.426,84.503,ok,near_kink
runA,cam5,575,22.839,90.503,ok,
runA,cam5,576,23.321,97.791,ok,
runA,cam5,577,23.578,99.317,ok,
runA,cam5,578,23.813,106.726,ok,
runA,cam5,579,24.48,108.422,ok,
runA,cam5,580,25.264,121.906,ok,
runA,cam5,581,26.57,140.63,ok,
runA,cam5,582,28.442,169.73,ok,
runA,cam5,583,30.074,189.924,ok,
runA,cam5,584,31.565,199.705,ok,
runA,cam5,585,33.371,201.267,ok,
runA,cam5,586,34.92,191.717,ok,
runA,cam5,587,36.0,187.331,ok,
runA,cam5,588,37.359,188.582,ok,
runA,cam5,589,39.815,205.79,ok,
runA,cam5,590,42.702,217.78,ok,
runA,cam5,591,44.878,226.833,ok,
runA,cam5,592,47.666,232.451,ok,
runA,cam5,593,50.385,238.175,ok,
runA,cam5,594,52.882,241.35,ok,
runA,cam5,595,57.398,242.78,ok,
runA,cam5,596,61.719,244.975,ok,
runA,cam5,597,66.55,247.681,ok,
runA,cam5,598,70.691,248.603,ok,
runA,cam5,599,73.995,249.584,ok,
runA,cam5,600,75.577,249.652,ok,
runA,cam5,601,76.365,250.44,ok,
runA,cam5,602,76.624,250.38,ok,
runA,cam5,603,76.027,250.44,ok,
runA,cam5,604,74.466,250.506,ok,
runA,cam5,605,71.78,250.575,ok,
runA,cam5,606,68.038,250.652,ok,
runA,cam5,607,64.069,250.652,ok,
runA,cam5,608,61.004,251.384,ok,
runA,cam5,609,59.465,250.543,ok,
runA,cam5,610,58.711,248.519,ok,
runA,cam5,611,58.612,246.445,ok,
runA,cam5,612,59.809,241.496,ok,
runA,cam5,613,61.912,235.343,ok,
runA,cam5,614,64.867,229.024,ok,
runA,cam5,615,68.03,227.952,ok,
runA,cam5,616,70.816,234.457,ok,
runA,cam5,617,73.483,235.871,ok,
runA,cam5,618,75.317,241.045,ok,
runA,cam5,619,76.251,243.74,ok,
runA,cam5,620,76.609,244.621,ok,
runA,cam5,621,77.028,246.221,ok,
runA,cam5,622,77.008,248.463,ok,
runA,cam5,623,76.868,248.013,ok,
runA,cam5,624,77.848,247.164,ok,
runA,cam5,625,78.95,246.038,ok,
runA,cam5,626,80.32,247.39,ok,
runA,cam5,627,82.497,246.698,ok,
runA,cam5,628,85.187,245.807,ok,
runA,cam5,629,88.398,246.777,ok,
runA,cam5,630,91.217,247.975,ok,
runA,cam5,631,94.728,249.592,ok,
runA,cam5,632,98.025,250.313,ok,
runA,cam5,633,101.684,250.659,ok,
runA,cam5,634,104.443,251.43,ok,
runA,cam5,635,107.156,251.43,ok,
runA,cam5,636,109.736,251.517,ok,
runA,cam5,637,111.716,251.652,ok,
runA,cam5,638,113.396,251.639,ok,
runA,cam5,639,114.919,251.584,ok,
runA,cam5,640,115.931,251.575,ok,
runA,cam5,641,117.116,251.575,ok,
runA,cam5,642,118.224,251.575,ok,
runA,cam5,643,119.031,251.575,ok,
runA,cam5,644,119.173,251.575,ok,
runA,cam5,645,118.771,251.575,ok,
runA,cam5,646,117.677,251.575,ok,
runA,cam5,647,116.094,251.575,ok,
runA,cam5,648,113.88,251.44,ok,
runA,cam5,649,111.074,251.508,ok,
runA,cam5,650,108.071,251.44,ok,
runA,cam5,651,104.622,251.575,ok,
runA,cam5,652,100.544,251.508,ok,
runA,cam5,653,96.382,251.44,ok,
runA,cam5,654,91.274,251.43,ok,
runA,cam5,655,85.0,251.43,ok,
runA,cam5,656,80.024,251.43,ok,
runA,cam5,657,75.39,250.44,ok,
runA,cam5,658,71.485,248.598,ok,
runA,cam5,659,68.67,246.676,ok,
runA,cam5,660,66.3,245.472,ok,
runA,cam5,661,64.67,243.341,ok,
runA,cam5,662,63.21,241.35,ok,
runA,cam5,663,62.241,238.857,ok,
runA,cam5,664,62.467,236.151,ok,
runA,cam5,665,62.447,244.222,ok,
runA,cam5,666,61.746,246.447,ok,
runA,cam5,667,60.647,245.344,ok,
runA,cam5,668,60.453,245.213,ok,
runA,cam5,669,60.171,244.419,ok,
runA,cam5,670,59.491,245.797,ok,
runA,cam5,671,58.178,240.482,ok,
runA,cam5,672,56.572,230.758,ok,
runA,cam5,673,55.506,215.672,ok,
runA,cam5,674,54.269,210.795,ok,
runA,cam5,675,51.733,210.885,ok,
runA,cam5,676,48.69,209.737,ok,
runA,cam5,677,45.789,208.029,ok,
runA,cam5,678,43.707,207.885,ok,
runA,cam5,679,42.681,208.341,ok,
runA,cam5,680,42.547,210.741,ok,
runA,cam5,681,43.669,210.098,ok,
runA,cam5,682,44.851,214.555,ok,
runA,cam5,683,46.264,215.456,ok,
runA,cam5,684,47.072,213.06,ok,
runA,cam5,685,48.546,216.916,ok,
runA,cam5,686,50.149,219.141,ok,
runA,cam5,687,51.444,220.58,ok,
runA,cam5,688,53.14,226.124,ok,
runA,cam5,689,57.183,240.572,ok,
runA,cam5,690,60.508,244.979,ok,
runA,cam5,691,64.094,246.043,ok,
runA,cam5,692,67.058,245.572,ok,
runA,cam5,693,69.156,245.894,ok,
runA,cam5,694,70.844,246.739,ok,
runA,cam5,695,71.382,248.449,ok,
runA,cam5,696,70.617,249.652,ok,
runA,cam5,697,69.398,249.415,ok,
runA,cam5,698,68.252,248.517,ok,
runA,cam5,699,67.808,248.936,ok,
runA,cam5,700,68.305,248.018,ok,
runA,cam5,701,69.163,247.999,ok,
runA,cam5,702,70.328,247.933,ok,
runA,cam5,703,71.19,246.456,ok,
runA,cam5,704,71.673,245.015,ok,
runA,cam5,705,72.065,244.97,ok,
runA,cam5,706,72.471,244.563,ok,
runA,cam5,707,73.367,245.088,ok,
runA,cam5,708,74.688,247.676,ok,
runA,cam5,709,74.294,249.41,ok,
runA,cam5,710,71.724,248.676,ok,
runA,cam5,711,67.276,250.43,ok,
runA,cam5,712,62.749,250.575,ok,
runA,cam5,713,58.226,249.73,ok,
runA,cam5,714,54.008,245.515,ok,
runA,cam5,715,49.716,244.088,ok,
runA,cam5,716,47.429,242.245,ok,
runA,cam5,717,45.84,238.713,ok,
runA,cam5,718,43.727,235.007,ok,
runA,cam5,719,41.324,228.58,ok,
runA,cam5,720,38.906,215.83,ok,
runA,cam5,721,36.658,198.807,ok,
runA,cam5,722,34.916,186.01,ok,
runA,cam5,723,33.473,168.651,ok,
runA,cam5,724,32.806,165.223,ok,
runA,cam5,725,32.945,162.25,ok,
runA,cam5,726,32.917,155.681,ok,
runA,cam5,727,33.327,159.587,ok,
runA,cam5,728,34.295,164.386,ok,
runA,cam5,729,35.235,169.859,ok,
runA,cam5,730,36.741,184.16,ok,
runA,cam5,731,37.734,178.702,ok,
runA,cam5,732,38.664,165.29,ok,
runA,cam5,733,38.987,156.78,ok,
runA,cam5,734,38.763,151.977,ok,
runA,cam5,735,38.684,134.246,ok,
runA,cam5,736,39.017,141.398,ok,
runA,cam5,737,39.389,147.219,ok,
runA,cam5,738,38.851,148.939,ok,
runA,cam5,739,39.501,148.269,ok,
runA,cam5,740,39.943,152.616,ok,
runA,cam5,741,41.368,172.626,ok,
runA,cam5,742,43.194,195.548,ok,
runA,cam5,743,44.94,209.473,ok,
runA,cam5,744,46.312,213.164,ok,
runA,cam5,745,48.223,229.563,ok,
runA,cam5,746,50.135,246.038,ok,
runA,cam5,747,52.03,248.449,ok,
runA,cam5,748,52.332,247.16,ok,
runA,cam5,749,51.722,244.03,ok,
runA,cam5,750,50.329,236.273,ok,
runA,cam5,751,50.734,215.854,ok,
runA,cam5,752,52.787,229.994,ok,
runA,cam5,753,56.892,242.131,ok,
runA,cam5,754,60.995,244.472,ok,
runA,cam5,755,65.161,244.979,ok,
runA,cam5,756,70.135,246.676,ok,
runA,cam5,757,72.658,247.714,ok,
runA,cam5,758,74.359,247.463,ok,
runA,cam5,759,76.055,248.494,ok,
runA,cam5,760,77.522,249.739,ok,
runA,cam5,761,79.127,250.874,ok,
runA,cam5,762,80.96,251.43,ok,
runA,cam5,763,82.583,251.43,ok,
runA,cam5,764,83.656,251.43,ok,
runA,cam5,765,84.496,251.43,ok,
runA,cam5,766,84.864,251.43,ok,
runA,cam5,767,83.637,251.43,ok,
runA,cam5,768,81.004,251.43,ok,
runA,cam5,769,77.962,251.43,ok,
runA,cam5,770,75.013,251.43,ok,
runA,cam5,771,72.273,251.43,ok,
runA,cam5,772,69.665,250.698,ok,
runA,cam5,773,68.723,249.652,ok,
runA,cam5,774,67.35,249.449,ok,
runA,cam5,775,65.868,247.716,ok,
runA,cam5,776,63.132,248.425,ok,
runA,cam5,777,60.165,247.42,ok,
runA,cam5,778,57.67,246.55,ok,
runA,cam5,779,56.286,246.182,ok,
runA,cam5,780,55.75,244.825,ok,
runA,cam5,781,56.338,243.877,ok,
runA,cam5,782,56.277,241.631,ok,
runA,cam5,783,55.463,239.108,ok,
runA,cam5,784,55.576,238.07,ok,
runA,cam5,785,53.655,235.324,ok,
runA,cam5,786,51.859,234.64,ok,
runA,cam5,787,50.483,234.604,ok,
runA,cam5,788,49.354,234.251,ok,
runA,cam5,789,48.122,229.061,ok,
runA,cam5,790,46.859,220.503,ok,
runA,cam5,791,46.668,223.117,ok,
runA,cam5,792,46.87,234.306,ok,
runA,cam5,793,44.87,218.985,ok,
runA,cam5,794,43.661,194.304,ok,
runA,cam5,795,42.409,183.804,ok,
runA,cam5,796,42.476,184.834,ok,
runA,cam5,797,43.432,179.114,ok,
runA,cam5,798,44.982,185.026,ok,
runA,cam5,799,46.991,197.752,ok,
runA,cam5,800,48.549,215.916,ok,
runA,cam5,801,48.472,233.696,ok,
runA,cam5,802,47.835,242.16,ok,
runA,cam5,803,46.581,243.382,ok,
runA,cam5,804,45.377,243.481,ok,
runA,cam5,805,44.969,240.65,ok,
runA,cam5,806,44.731,242.984,ok,
runA,cam5,807,45.951,243.563,ok,
runA,cam5,808,47.453,246.038,ok,
runA,cam5,809,47.919,248.597,ok,
runA,cam5,810,48.423,246.352,ok,
runA,cam5,811,49.102,245.652,ok,
runA,cam5,812,51.552,248.304,ok,
runA,cam5,813,52.368,248.643,ok,
runA,cam5,814,53.748,247.598,ok,
runA,cam5,815,56.793,246.328,ok,
runA,cam5,816,58.576,245.328,ok,
runA,cam5,817,60.406,246.709,ok,
runA,cam5,818,62.735,248.597,ok,
runA,cam5,819,65.471,250.575,ok,
runA,cam5,820,68.605,251.013,ok,
runA,cam5,821,70.768,251.43,ok,
runA,cam5,822,72.913,251.43,ok,
runA,cam5,823,75.296,251.43,ok,
runA,cam5,824,77.083,251.43,ok,
runA,cam5,825,78.614,251.43,ok,
runA,cam5,826,80.416,251.43,ok,
runA,cam5,827,82.138,251.43,ok,
runA,cam5,828,83.855,251.43,ok,
runA,cam5,829,85.062,251.43,ok,
runA,cam5,830,85.87,251.43,ok,
runA,cam5,831,86.008,251.43,ok,
runA,cam5,832,86.152,251.43,ok,
runA,cam5,833,86.634,251.43,ok,
runA,cam5,834,87.34,251.43,ok,
runA,cam5,835,87.971,251.43,ok,
runA,cam5,836,88.556,251.43,ok,
runA,cam5,837,89.17,251.43,ok,
runA,cam5,838,89.672,251.43,ok,
runA,cam5,839,89.859,251.43,ok,
runA,cam5,840,89.996,251.43,ok,
runA,cam5,841,90.079,251.156,ok,
runA,cam5,842,89.968,250.652,ok,
runA,cam5,843,89.694,250.44,ok,
runA,cam5,844,89.525,250.43,ok,
runA,cam5,845,89.298,249.739,ok,
runA,cam5,846,88.91,249.73,ok,
runA,cam5,847,88.171,249.486,ok,
runA,cam5,848,87.28,249.739,ok,
runA,cam5,849,86.015,249.739,ok,
runA,cam5,850,84.626,249.79,ok,
runA,cam5,851,82.871,249.751,ok,
runA,cam5,852,81.059,249.449,ok,
runA,cam5,853,78.881,248.651,ok,
runA,cam5,854,76.897,248.736,ok,
runA,cam5,855,74.717,249.283,ok,
runA,cam5,856,72.473,249.412,ok,
runA,cam5,857,70.225,249.491,ok,
runA,cam5,858,67.284,248.622,ok,
runA,cam5,859,64.569,247.323,ok,
runA,cam5,860,62.172,246.043,ok,
runA,cam5,861,59.728,245.047,ok,
runA,cam5,862,57.233,243.87,ok,
runA,cam5,863,55.28,242.563,ok,
runA,cam5,864,53.549,239.018,ok,
runA,cam5,865,51.633,235.856,ok,
runA,cam5,866,49.625,232.589,ok,
runA,cam5,867,47.797,230.311,ok,
runA,cam5,868,46.092,227.875,ok,
runA,cam5,869,44.425,225.108,ok,
runA,cam5,870,43.037,221.524,ok,
runA,cam5,871,41.545,216.804,ok,
runA,cam5,872,39.819,210.611,ok,
runA,cam5,873,38.331,198.186,ok,
runA,cam5,874,37.405,183.795,ok,
runA,cam5,875,36.64,172.527,ok,
runA,cam5,876,35.698,163.5,ok,
runA,cam5,877,34.588,152.759,ok,
runA,cam5,878,33.852,143.455,ok,
runA,cam5,879,33.499,141.682,ok,
runA,cam5,880,33.368,146.277,ok,
runA,cam5,881,33.435,156.556,ok,
runA,cam5,882,33.535,157.544,ok,
runA,cam5,883,33.846,156.26,ok,
runA,cam5,884,34.576,156.732,ok,
runA,cam5,885,35.133,160.667,ok,
runA,cam5,886,35.691,154.173,ok,
runA,cam5,887,36.04,157.428,ok,
runA,cam5,888,36.502,156.925,ok,
runA,cam5,889,37.181,165.596,ok,
runA,cam5,890,37.648,161.415,ok,
runA,cam5,891,36.125,156.528,ok,
runA,cam5,892,36.905,148.512,ok,
runA,cam5,893,36.661,149.072,ok,
runA,cam5,894,36.859,148.601,ok,
runA,cam5,895,37.942,152.705,ok,
runA,cam5,896,39.337,161.014,ok,
runA,cam5,897,41.711,185.042,ok,
runA,cam5,898,44.959,219.187,ok,
runA,cam5,899,49.222,231.987,ok,
runA,cam5,900,54.157,239.262,ok,
runA,cam5,901,58.836,243.975,ok,
runA,cam5,902,63.097,244.979,ok,
runA,cam5,903,66.412,245.552,ok,
runA,cam5,904,69.414,247.526,ok,
runA,cam5,905,71.592,247.811,ok,
runA,cam5,906,73.367,248.594,ok,
runA,cam5,907,74.417,249.463,ok,
runA,cam5,908,74.656,249.685,ok,
runA,cam5,909,72.942,249.874,ok,
runA,cam5,910,69.88,249.352,ok,
runA,cam5,911,65.203,248.534,ok,
runA,cam5,912,61.668,247.777,ok,
runA,cam5,913,57.804,245.58,ok,
runA,cam5,914,54.267,242.627,ok,
runA,cam5,915,50.922,240.626,ok,
runA,cam5,916,49.148,233.368,ok,
runA,cam5,917,47.972,218.972,ok,
runA,cam5,918,47.554,205.531,ok,
runA,cam5,919,47.898,204.971,ok,
runA,cam5,920,47.472,218.423,ok,
runA,cam5,921,46.916,222.958,ok,
runA,cam5,922,46.376,224.058,ok,
runA,cam5,923,45.108,222.853,ok,
runA,cam5,924,44.254,220.304,ok,
runA,cam5,925,42.76,217.826,ok,
runA,cam5,926,41.084,212.918,ok,
runA,cam5,927,39.459,204.223,ok,
runA,cam5,928,37.924,195.119,ok,
runA,cam5,929,36.616,184.099,ok,
runA,cam5,930,36.256,186.821,ok,
runA,cam5,931,35.9,181.235,ok,
runA,cam5,932,35.869,175.445,ok,
runA,cam5,933,36.6,169.224,ok,
runA,cam5,934,37.715,166.284,ok,
runA,cam5,935,39.145,175.199,ok,
runA,cam5,936,42.065,184.936,ok,
runA,cam5,937,45.82,200.964,ok,
runA,cam5,938,50.258,220.406,ok,
runA,cam5,939,54.822,233.377,ok,
runA,cam5,940,58.815,240.865,ok,
runA,cam5,941,60.394,243.725,ok,
runA,cam5,942,60.87,243.543,ok,
runA,cam5,943,60.83,245.612,ok,
runA,cam5,944,61.813,246.182,ok,
runA,cam5,945,62.179,246.386,ok,
runA,cam5,946,62.612,247.534,ok,
runA,cam5,947,61.889,247.608,ok,
runA,cam5,948,58.359,247.447,ok,
runA,cam5,949,56.011,247.603,ok,
runA,cam5,950,54.268,246.475,ok,
runA,cam5,951,51.676,245.463,ok,
runA,cam5,952,48.783,242.428,ok,
runA,cam5,953,46.257,238.279,ok,
runA,cam5,954,44.162,229.788,ok,
runA,cam5,955,43.003,224.405,ok,
runA,cam5,956,42.404,215.272,ok,
runA,cam5,957,43.837,214.262,ok,
runA,cam5,958,45.25,208.714,ok,
runA,cam5,959,47.016,202.309,ok,
runA,cam5,960,47.065,169.163,ok,
runA,cam5,961,46.947,168.051,ok,
runA,cam5,962,45.464,163.592,ok,
runA,cam5,963,42.217,164.532,ok,
runA,cam5,964,40.345,152.294,ok,
runA,cam5,965,39.148,146.685,ok,
runA,cam5,966,38.932,156.513,ok,
runA,cam5,967,39.112,164.844,ok,
runA,cam5,968,38.793,165.71,ok,
runA,cam5,969,38.205,157.771,ok,
runA,cam5,970,37.908,160.037,ok,
runA,cam5,971,37.62,156.122,ok,
runA,cam5,972,37.014,156.205,ok,
runA,cam5,973,35.845,146.143,ok,
runA,cam5,974,34.364,135.39,ok,
runA,cam5,975,33.023,121.817,ok,
runA,cam5,976,32.227,110.305,ok,
runA,cam5,977,32.344,112.003,ok,
runA,cam5,978,34.456,150.422,ok,
runA,cam5,979,39.368,212.638,ok,
runA,cam5,980,45.117,234.659,ok,
runA,cam5,981,51.126,239.727,ok,
runA,cam5,982,56.945,243.708,ok,
runA,cam5,983,61.431,245.549,ok,
runA,cam5,984,64.898,246.182,ok,
runA,cam5,985,68.18,248.923,ok,
runA,cam5,986,70.344,250.24,ok,
runA,cam5,987,71.218,250.435,ok,
runA,cam5,988,71.518,250.73,ok,
runA,cam5,989,70.815,250.508,ok,
runA,cam5,990,69.506,250.744,ok,
runA,cam5,991,67.036,250.44,ok,
runA,cam5,992,63.949,249.449,ok,
runA,cam5,993,60.519,246.676,ok,
runA,cam5,994,57.008,244.557,ok,
runA,cam5,995,53.704,242.776,ok,
runA,cam5,996,50.007,240.572,ok,
runA,cam5,997,47.49,237.644,ok,
runA,cam5,998,45.23,232.938,ok,
runA,cam5,999,42.965,228.64,ok,
runA,cam5,1000,40.834,219.668,ok,
runA,cam5,1001,39.217,208.029,ok,
runA,cam5,1002,38.424,174.127,ok,
runA,cam5,1003,37.456,152.32,ok,
runA,cam5,1004,36.988,138.341,ok,
runA,cam5,1005,36.854,118.445,ok,
runA,cam5,1006,38.679,118.844,ok,
runA,cam5,1007,38.996,113.57,ok,
runA,cam5,1008,38.996,107.867,ok,
runA,cam5,1009,40.273,116.821,ok,
runA,cam5,1010,41.82,138.244,ok,
runA,cam5,1011,43.554,152.047,ok,
runA,cam5,1012,45.597,161.395,ok,
runA,cam5,1013,47.694,168.466,ok,
runA,cam5,1014,49.303,182.034,ok,
runA,cam5,1015,50.758,193.121,ok,
runA,cam5,1016,48.866,207.023,ok,
runA,cam5,1017,42.452,208.765,ok,
runA,cam5,1018,48.765,206.606,ok,
runA,cam5,1019,50.574,199.965,ok,
runA,cam5,1020,49.958,200.666,ok,
runA,cam5,1021,48.795,207.439,ok,
runA,cam5,1022,47.753,209.841,ok,
runA,cam5,1023,46.78,206.921,ok,
runA,cam5,1024,45.305,194.124,ok,
runA,cam5,1025,45.583,183.137,ok,
runA,cam5,1026,44.667,185.393,ok,
runA,cam5,1027,43.925,185.101,ok,
runA,cam5,1028,43.734,178.756,ok,
runA,cam5,1029,43.375,167.435,ok,
runA,cam5,1030,43.465,161.944,ok,
runA,cam5,1031,44.516,169.137,ok,
runA,cam5,1032,44.469,169.222,ok,
runA,cam5,1033,44.842,170.33,ok,
runA,cam5,1034,45.701,175.435,ok,
runA,cam5,1035,47.373,173.292,ok,
runA,cam5,1036,48.871,166.369,ok,
runA,cam5,1037,50.974,167.622,ok,
runA,cam5,1038,53.646,173.756,ok,
runA,cam5,1039,55.096,173.444,ok,
runA,cam5,1040,55.972,172.6,ok,
runA,cam5,1041,56.371,167.453,ok,
runA,cam5,1042,56.485,179.77,ok,
runA,cam5,1043,57.051,196.674,ok,
runA,cam5,1044,58.457,202.236,ok,
runA,cam5,1045,61.306,219.456,ok,
runA,cam5,1046,64.335,227.297,ok,
runA,cam5,1047,66.896,239.245,ok,
runA,cam5,1048,69.536,242.78,ok,
runA,cam5,1049,73.273,242.705,ok,
runA,cam5,1050,77.788,244.047,ok,
runA,cam5,1051,81.863,246.182,ok,
runA,cam5,1052,84.711,246.472,ok,
runA,cam5,1053,87.244,247.676,ok,
runA,cam5,1054,89.028,249.811,ok,
runA,cam5,1055,90.339,251.43,ok,
runA,cam5,1056,91.515,251.43,ok,
runA,cam5,1057,92.728,251.508,ok,
runA,cam5,1058,93.231,251.43,ok,
runA,cam5,1059,93.693,251.43,ok,
runA,cam5,1060,94.429,251.43,ok,
runA,cam5,1061,95.065,251.43,ok,
runA,cam5,1062,95.592,251.43,ok,
runA,cam5,1063,96.137,251.43,ok,
runA,cam5,1064,96.541,251.43,ok,
runA,cam5,1065,96.367,251.43,ok,
runA,cam5,1066,95.833,251.43,ok,
runA,cam5,1067,95.388,251.43,ok,
runA,cam5,1068,95.393,251.43,ok,
runA,cam5,1069,95.686,251.43,ok,
runA,cam5,1070,95.842,251.43,ok,
runA,cam5,1071,95.641,251.43,ok,
runA,cam5,1072,95.846,251.43,ok,
runA,cam5,1073,96.174,251.43,ok,
runA,cam5,1074,96.903,251.43,ok,
runA,cam5,1075,96.418,251.43,ok,
runA,cam5,1076,95.068,251.43,ok,
runA,cam5,1077,95.095,251.43,ok,
runA,cam5,1078,96.24,251.43,ok,
runA,cam5,1079,97.31,251.43,ok,
runA,cam5,1080,98.428,251.43,ok,
runA,cam5,1081,99.087,251.43,ok,
runA,cam5,1082,99.448,251.43,ok,
runA,cam5,1083,99.585,251.508,ok,
runA,cam5,1084,99.651,251.44,ok,
runA,cam5,1085,99.696,251.575,ok,
runA,cam5,1086,99.353,251.508,ok,
runA,cam5,1087,98.922,251.44,ok,
runA,cam5,1088,98.403,251.44,ok,
runA,cam5,1089,97.791,251.517,ok,
runA,cam5,1090,97.133,251.43,ok,
runA,cam5,1091,96.302,251.43,ok,
runA,cam5,1092,95.182,251.43,ok,
runA,cam5,1093,93.948,251.43,ok,
runA,cam5,1094,92.984,251.43,ok,
runA,cam5,1095,92.068,251.43,ok,
runA,cam5,1096,91.154,251.43,ok,
runA,cam5,1097,90.207,251.43,ok,
runA,cam5,1098,89.29,251.43,ok,
runA,cam5,1099,88.386,251.43,ok,
runA,cam5,1100,87.695,251.43,ok,
runA,cam5,1101,87.752,251.43,ok,
runA,cam5,1102,87.476,251.221,ok,
runA,cam5,1103,87.216,251.295,ok,
runA,cam5,1104,86.965,251.43,ok,
runA,cam5,1105,86.94,251.43,ok,
runA,cam5,1106,86.947,250.652,ok,
runA,cam5,1107,86.814,250.58,ok,
runA,cam5,1108,87.102,250.508,ok,
runA,cam5,1109,87.307,250.44,ok,
runA,cam5,1110,87.385,250.435,ok,
runA,cam5,1111,87.661,250.44,ok,
runA,cam5,1112,88.03,250.584,ok,
runA,cam5,1113,88.45,250.661,ok,
runA,cam5,1114,88.835,250.961,ok,
runA,cam5,1115,89.346,250.657,ok,
runA,cam5,1116,89.79,250.874,ok,
runA,cam5,1117,90.059,250.874,ok,
runA,cam5,1118,90.281,250.739,ok,
runA,cam5,1119,90.582,250.874,ok,
runA,cam5,1120,90.398,250.856,ok,
runA,cam5,1121,90.031,250.73,ok,
runA,cam5,1122,89.853,250.739,ok,
runA,cam5,1123,89.513,250.874,ok,
runA,cam5,1124,89.239,251.43,ok,
runA,cam5,1125,89.002,251.43,ok,
runA,cam5,1126,89.204,251.43,ok,
runA,cam5,1127,89.5,251.43,ok,
runA,cam5,1128,89.83,251.43,ok,
runA,cam5,1129,89.542,251.43,ok,
runA,cam5,1130,89.164,251.43,ok,
runA,cam5,1131,88.905,251.43,ok,
runA,cam5,1132,88.642,251.43,ok,
runA,cam5,1133,88.362,250.874,ok,
runA,cam5,1134,88.878,251.326,ok,
runA,cam5,1135,89.109,251.43,ok,
runA,cam5,1136,89.081,251.43,ok,
runA,cam5,1137,88.784,251.43,ok,
runA,cam5,1138,88.28,251.43,ok,
runA,cam5,1139,87.741,251.43,ok,
runA,cam5,1140,87.287,251.156,ok,
runA,cam5,1141,86.827,250.676,ok,
runA,cam5,1142,86.574,250.856,ok,
runA,cam5,1143,86.422,250.739,ok,
runA,cam5,1144,86.212,250.652,ok,
runA,cam5,1145,86.063,250.661,ok,
runA,cam5,1146,86.195,250.575,ok,
runA,cam5,1147,86.459,250.598,ok,
runA,cam5,1148,87.061,250.598,ok,
runA,cam5,1149,87.178,250.652,ok,
runA,cam5,1150,87.485,250.652,ok,
runA,cam5,1151,87.839,250.575,ok,
runA,cam5,1152,88.037,250.584,ok,
runA,cam5,1153,88.262,250.652,ok,
runA,cam5,1154,88.396,250.652,ok,
runA,cam5,1155,88.466,250.652,ok,
runA,cam5,1156,88.965,250.657,ok,
runA,cam5,1157,89.246,250.874,ok,
runA,cam5,1158,89.939,250.874,ok,
runA,cam5,1159,91.244,251.43,ok,
runA,cam5,1160,93.248,251.43,ok,
runA,cam5,1161,95.229,251.43,ok,
runA,cam5,1162,97.533,251.43,ok,
runA,cam5,1163,100.319,251.43,ok,
runA,cam5,1164,102.056,251.43,ok,
runA,cam5,1165,103.783,251.43,ok,
runA,cam5,1166,104.942,251.43,ok,
runA,cam5,1167,105.656,251.173,ok,
runA,cam5,1168,106.128,250.739,ok,
runA,cam5,1169,107.031,250.73,ok,
runA,cam5,1170,108.093,250.739,ok,
runA,cam5,1171,109.11,250.73,ok,
runA,cam5,1172,110.207,250.661,ok,
runA,cam5,1173,111.258,250.661,ok,
runA,cam5,1174,112.443,250.652,ok,
runA,cam5,1175,113.937,250.669,ok,
runA,cam5,1176,115.337,250.652,ok,
runA,cam5,1177,116.659,250.657,ok,
runA,cam5,1178,118.199,250.856,ok,
runA,cam5,1179,119.913,251.43,ok,
runA,cam5,1180,121.529,251.43,ok,
runA,cam5,1181,122.929,251.43,ok,
runA,cam5,1182,124.053,251.43,ok,
runA,cam5,1183,125.123,251.476,ok,
runA,cam5,1184,126.389,251.477,ok,
runA,cam5,1185,127.226,251.508,ok,
runA,cam5,1186,128.029,251.508,ok,
runA,cam5,1187,128.678,251.575,ok,
runA,cam5,1188,129.43,251.575,ok,
runA,cam5,1189,129.675,251.575,ok,
runA,cam5,1190,130.132,251.575,ok,
runA,cam5,1191,130.206,251.639,ok,
runA,cam5,1192,130.015,251.575,ok,
runA,cam5,1193,130.089,251.652,ok,
runA,cam5,1194,130.176,251.652,ok,
runA,cam5,1195,130.32,251.652,ok,
runA,cam5,1196,130.504,251.575,ok,
runA,cam5,1197,130.859,251.652,ok,
runA,cam5,1198,131.199,251.594,ok,
runA,cam5,1199,131.653,251.639,ok,
runA,cam5,1200,131.688,251.575,ok,
runA,cam5,1201,132.238,251.584,ok,
runA,cam5,1202,133.002,251.513,ok,
runA,cam5,1203,134.14,251.575,ok,
runA,cam5,1204,134.978,251.575,ok,
runA,cam5,1205,135.58,251.575,ok,
runA,cam5,1206,136.032,251.575,ok,
runA,cam5,1207,136.418,251.652,ok,
runA,cam5,1208,136.858,251.575,ok,
runA,cam5,1209,137.201,251.584,ok,
runA,cam5,1210,137.691,251.575,ok,
runA,cam5,1211,138.43,251.575,ok,
runA,cam5,1212,139.696,251.508,ok,
runA,cam5,1213,140.671,251.575,ok,
runA,cam5,1214,141.12,251.575,ok,
runA,cam5,1215,142.201,251.575,ok,
runA,cam5,1216,142.926,251.575,ok,
runA,cam5,1217,142.878,251.575,ok,
runA,cam5,1218,143.304,251.575,ok,
runA,cam5,1219,143.899,251.575,ok,
runA,cam5,1220,144.131,251.508,ok,
runA,cam5,1221,144.348,251.575,ok,
runA,cam5,1222,144.699,251.575,ok,
runA,cam5,1223,145.52,251.575,ok,
runA,cam5,1224,146.331,251.575,ok,
runA,cam5,1225,146.345,251.575,ok,
runA,cam5,1226,146.214,251.575,ok,
runA,cam5,1227,146.45,251.575,ok,
runA,cam5,1228,146.801,251.575,ok,
runA,cam5,1229,147.06,251.639,ok,
runA,cam5,1230,147.205,251.575,ok,
runA,cam5,1231,147.196,251.59,ok,
runA,cam5,1232,147.164,251.58,ok,
runA,cam5,1233,147.006,251.652,ok,
runA,cam5,1234,146.73,251.575,ok,
runA,cam5,1235,146.452,251.575,ok,
runA,cam5,1236,146.202,251.575,ok,
runA,cam5,1237,145.858,251.575,ok,
runA,cam5,1238,145.479,251.508,ok,near_kink
runA,cam5,1239,145.231,251.575,ok,near_kink
runA,cam5,1240,145.01,251.508,ok,near_kink
runA,cam5,1241,144.35,251.575,ok,near_kink
runA,cam5,1242,143.762,251.508,ok,near_kink
runA,cam5,1243,143.325,251.508,ok,near_kink
runA,cam5,1244,142.986,251.43,ok,near_kink
runA,cam5,1245,142.952,251.508,ok,near_kink
runA,cam5,1246,143.313,251.43,ok,near_kink
runA,cam5,1247,144.151,251.508,ok,near_kink
runA,cam5,1248,145.224,251.508,ok,near_kink
runA,cam5,1249,146.205,251.508,ok,near_kink
runA,cam5,1250,146.917,251.508,ok,near_kink
runA,cam5,1251,147.609,251.575,ok,near_kink
runA,cam5,1252,147.963,251.575,ok,near_kink
runA,cam5,1253,147.885,251.575,ok,near_kink
runA,cam5,1254,147.165,251.575,ok,near_kink
runA,cam5,1255,146.256,251.508,ok,near_kink
runA,cam5,1256,145.394,251.44,ok,near_kink
runA,cam5,1257,144.869,251.508,ok,near_kink
runA,cam5,1258,144.598,251.508,ok,near_kink
runA,cam5,1259,144.297,251.508,ok,
runA,cam5,1260,144.149,251.44,ok,
runA,cam5,1261,143.932,251.575,ok,
runA,cam5,1262,143.804,251.435,ok,
runA,cam5,1263,143.735,251.44,ok,
runA,cam5,1264,143.877,251.43,ok,
runA,cam5,1265,144.105,251.575,ok,
runA,cam5,1266,144.231,251.508,ok,
runA,cam5,1267,144.435,251.575,ok,
runA,cam5,1268,144.673,251.44,ok,
runA,cam5,1269,144.825,251.508,ok,
runA,cam5,1270,144.864,251.508,ok,
runA,cam5,1271,144.787,251.575,ok,
runA,cam5,1272,144.683,251.508,ok,
runA,cam5,1273,144.785,251.575,ok,
runA,cam5,1274,144.723,251.44,ok,
runA,cam5,1275,144.61,251.575,ok,
runA,cam5,1276,144.426,251.575,ok,
runA,cam5,1277,144.196,251.575,ok,
runA,cam5,1278,143.967,251.44,ok,
runA,cam5,1279,143.859,251.562,ok,
runA,cam5,1280,143.87,251.575,ok,
runA,cam5,1281,143.889,251.575,ok,
runA,cam5,1282,143.857,251.575,ok,
runA,cam5,1283,143.706,251.575,ok,
runA,cam5,1284,143.573,251.575,ok,
runA,cam5,1285,143.433,251.575,ok,
runA,cam5,1286,143.085,251.575,ok,
runA,cam5,1287,142.569,251.575,ok,
runA,cam5,1288,142.019,251.575,ok,
runA,cam5,1289,141.672,251.575,ok,
runA,cam5,1290,141.272,251.508,ok,
runA,cam5,1291,141.005,251.575,ok,
runA,cam5,1292,140.771,251.508,ok,
runA,cam5,1293,140.739,251.575,ok,
runA,cam5,1294,140.85,251.575,ok,
runA,cam5,1295,140.495,251.575,ok,
runA,cam5,1296,139.989,251.575,ok,
runA,cam5,1297,139.347,251.575,ok,
runA,cam5,1298,138.62,251.575,ok,
runA,cam5,1299,137.849,251.575,ok,
runA,cam5,1300,136.911,251.575,ok,
runA,cam5,1301,136.181,251.575,ok,
runA,cam5,1302,135.166,251.575,ok,
runA,cam5,1303,134.202,251.575,ok,
runA,cam5,1304,133.266,251.575,ok,
runA,cam5,1305,132.294,251.575,ok,
runA,cam5,1306,131.487,251.575,ok,
runA,cam5,1307,130.859,251.58,ok,
runA,cam5,1308,130.309,251.575,ok,
runA,cam5,1309,129.644,251.575,ok,
runA,cam5,1310,129.088,251.508,ok,
runA,cam5,1311,128.674,251.575,ok,
runA,cam5,1312,128.264,251.517,ok,
runA,cam5,1313,127.999,251.548,ok,
runA,cam5,1314,127.813,251.508,ok,
runA,cam5,1315,127.855,251.575,ok,
runA,cam5,1316,127.663,251.575,ok,
runA,cam5,1317,127.637,251.575,ok,
runA,cam5,1318,127.51,251.508,ok,
runA,cam5,1319,127.562,251.508,ok,
runA,cam5,1320,127.602,251.508,ok,
runA,cam5,1321,127.6,251.575,ok,
runA,cam5,1322,127.755,251.508,ok,
runA,cam5,1323,128.118,251.575,ok,
runA,cam5,1324,128.568,251.575,ok,
runA,cam5,1325,129.053,251.575,ok,
runA,cam5,1326,129.7,251.508,ok,
runA,cam5,1327,130.403,251.575,ok,
runA,cam5,1328,130.942,251.575,ok,
runA,cam5,1329,131.399,251.575,ok,
runA,cam5,1330,132.121,251.575,ok,
runA,cam5,1331,132.889,251.575,ok,
runA,cam5,1332,133.496,251.575,ok,
runA,cam5,1333,134.216,251.575,ok,
runA,cam5,1334,134.658,251.575,ok,
runA,cam5,1335,134.774,251.575,ok,
runA,cam5,1336,134.953,251.575,ok,
runA,cam5,1337,135.192,251.639,ok,
runA,cam5,1338,135.232,251.575,ok,
runA,cam5,1339,135.629,251.639,ok,
runA,cam5,1340,136.06,251.575,ok,
runA,cam5,1341,136.405,251.652,ok,
runA,cam5,1342,136.341,251.575,ok,
runA,cam5,1343,136.306,251.584,ok,
runA,cam5,1344,136.088,251.575,ok,
runA,cam5,1345,135.795,251.639,ok,
runA,cam5,1346,135.626,251.575,ok,
runA,cam5,1347,135.73,251.639,ok,
runA,cam5,1348,135.689,251.639,ok,
runA,cam5,1349,135.88,251.592,ok,
runA,cam5,1350,135.982,251.575,ok,
runA,cam5,1351,136.111,251.584,ok,
runA,cam5,1352,136.567,251.639,ok,
runA,cam5,1353,136.927,251.575,ok,
runA,cam5,1354,137.207,251.575,ok,
runA,cam5,1355,137.511,251.652,ok,
runA,cam5,1356,138.744,251.639,ok,
runA,cam5,1357,139.786,251.652,ok,
runA,cam5,1358,139.736,251.575,ok,
runA,cam5,1359,139.201,251.652,ok,
runA,cam5,1360,138.857,251.639,ok,
runA,cam5,1361,138.561,251.652,ok,
runA,cam5,1362,138.35,251.575,ok,
runA,cam5,1363,138.324,251.652,ok,
runA,cam5,1364,138.319,251.575,ok,
runA,cam5,1365,138.525,251.575,ok,
runA,cam5,1366,138.868,251.575,ok,
runA,cam5,1367,139.266,251.575,ok,
runA,cam5,1368,139.54,251.575,ok,
runA,cam5,1369,139.734,251.646,ok,
runA,cam5,1370,139.754,251.575,ok,
runA,cam5,1371,139.69,251.575,ok,
runA,cam5,1372,139.396,251.575,ok,
runA,cam5,1373,139.457,251.575,ok,
runA,cam5,1374,139.454,251.526,ok,
runA,cam5,1375,139.577,251.652,ok,
runA,cam5,1376,139.682,251.575,ok,
runA,cam5,1377,139.709,251.584,ok,
runA,cam5,1378,139.8,251.575,ok,
runA,cam5,1379,139.973,251.575,ok,
runA,cam5,1380,139.921,251.575,ok,
runA,cam5,1381,139.695,251.58,ok,
runA,cam5,1382,139.316,251.575,ok,
runA,cam5,1383,138.853,251.575,ok,
runA,cam5,1384,138.535,251.575,ok,
runA,cam5,1385,138.017,251.575,ok,
runA,cam5,1386,137.09,251.575,ok,
runA,cam5,1387,135.986,251.575,ok,
runA,cam5,1388,134.787,251.508,ok,
runA,cam5,1389,133.735,251.575,ok,
runA,cam5,1390,132.511,251.508,ok,
runA,cam5,1391,131.49,251.508,ok,
runA,cam5,1392,130.842,251.508,ok,
runA,cam5,1393,130.118,251.508,ok,
runA,cam5,1394,129.447,251.508,ok,
runA,cam5,1395,128.888,251.44,ok,
runA,cam5,1396,128.219,251.43,ok,
runA,cam5,1397,127.67,251.44,ok,
runA,cam5,1398,127.601,251.44,ok,
runA,cam5,1399,127.515,251.508,ok,
runA,cam5,1400,127.497,251.435,ok,
runA,cam5,1401,127.651,251.43,ok,
runA,cam5,1402,127.935,251.43,ok,
runA,cam5,1403,128.975,251.43,ok,
runA,cam5,1404,129.479,251.43,ok,
runA,cam5,1405,129.357,251.43,ok,
runA,cam5,1406,128.51,251.43,ok,
runA,cam5,1407,127.571,251.43,ok,
runA,cam5,1408,126.625,251.43,ok,
runA,cam5,1409,125.997,251.43,ok,
runA,cam5,1410,124.844,251.43,ok,
runA,cam5,1411,123.314,251.43,ok,
runA,cam5,1412,121.734,251.43,ok,
runA,cam5,1413,120.599,251.43,ok,
runA,cam5,1414,119.735,251.43,ok,
runA,cam5,1415,117.979,250.961,ok,
runA,cam5,1416,115.618,250.652,ok,
runA,cam5,1417,113.899,250.652,ok,
runA,cam5,1418,111.686,250.43,ok,
runA,cam5,1419,110.291,249.73,ok,
runA,cam5,1420,109.052,249.44,ok,
runA,cam5,1421,107.946,248.804,ok,
runA,cam5,1422,107.019,248.449,ok,
runA,cam5,1423,106.323,247.636,ok,
runA,cam5,1424,105.495,246.931,ok,
runA,cam5,1425,104.616,246.121,ok,
runA,cam5,1426,103.234,244.557,ok,
runA,cam5,1427,101.825,243.631,ok,
runA,cam5,1428,100.586,241.643,ok,
runA,cam5,1429,99.003,239.522,ok,
runA,cam5,1430,97.341,237.007,ok,
runA,cam5,1431,96.056,233.938,ok,
runA,cam5,1432,94.745,231.261,ok,
runA,cam5,1433,93.9,229.623,ok,
runA,cam5,1434,93.444,228.823,ok,
runA,cam5,1435,93.382,227.225,ok,
runA,cam5,1436,93.876,225.691,ok,
runA,cam5,1437,95.208,224.147,ok,
runA,cam5,1438,96.861,223.631,ok,
runA,cam5,1439,98.653,223.151,ok,
runA,cam5,1440,100.131,222.631,ok,
runA,cam5,1441,101.363,221.985,ok,
runA,cam5,1442,102.491,220.959,ok,
runA,cam5,1443,103.443,220.419,ok,
runA,cam5,1444,104.186,218.595,ok,
runA,cam5,1445,104.622,217.85,ok,
runA,cam5,1446,104.775,216.701,ok,
runA,cam5,1447,104.619,215.778,ok,
runA,cam5,1448,104.013,214.78,ok,
runA,cam5,1449,103.121,214.074,ok,
runA,cam5,1450,102.355,212.654,ok,
runA,cam5,1451,101.617,211.142,ok,
runA,cam5,1452,100.535,210.063,ok,
runA,cam5,1453,99.031,208.583,ok,
runA,cam5,1454,97.467,207.723,ok,
runA,cam5,1455,95.787,206.074,ok,
runA,cam5,1456,94.122,203.932,ok,
runA,cam5,1457,92.411,202.286,ok,
runA,cam5,1458,91.135,200.796,ok,
runA,cam5,1459,90.162,199.868,ok,
runA,cam5,1460,89.545,198.153,ok,
runA,cam5,1461,88.745,196.756,ok,
runA,cam5,1462,87.819,195.756,ok,
runA,cam5,1463,86.698,194.868,ok,
runA,cam5,1464,85.649,192.607,ok,
runA,cam5,1465,84.976,191.204,ok,
runA,cam5,1466,84.49,191.861,ok,
runA,cam5,1467,83.995,192.097,ok,
runA,cam5,1468,83.779,192.067,ok,
runA,cam5,1469,83.33,192.291,ok,
runA,cam5,1470,82.961,192.573,ok,
runA,cam5,1471,82.455,191.77,ok,
runA,cam5,1472,81.933,190.987,ok,
runA,cam5,1473,81.238,190.851,ok,
runA,cam5,1474,80.081,190.676,ok,
runA,cam5,1475,78.506,190.746,ok,
runA,cam5,1476,76.158,190.178,ok,
runA,cam5,1477,73.482,190.746,ok,
runA,cam5,1478,70.467,189.987,ok,
runA,cam5,1479,68.325,189.936,ok,
runA,cam5,1480,66.267,189.99,ok,
runA,cam5,1481,64.53,189.008,ok,
runA,cam5,1482,62.494,188.937,ok,
runA,cam5,1483,60.901,189.064,ok,
runA,cam5,1484,59.812,188.003,ok,
runA,cam5,1485,58.705,188.718,ok,
runA,cam5,1486,57.945,188.961,ok,
runA,cam5,1487,57.219,189.532,ok,
runA,cam5,1488,57.094,188.992,ok,
runA,cam5,1489,56.99,185.013,ok,
runA,cam5,1490,56.924,179.822,ok,
runA,cam5,1491,57.23,178.749,ok,
runA,cam5,1492,57.175,178.719,ok,
runA,cam5,1493,57.312,178.9,ok,
runA,cam5,1494,57.316,179.467,ok,
runA,cam5,1495,57.286,178.859,ok,
runA,cam5,1496,57.702,178.675,ok,
runA,cam5,1497,58.189,178.642,ok,
runA,cam5,1498,59.028,178.642,ok,
runA,cam5,1499,59.663,178.642,ok,
runA,cam5,1500,60.283,177.721,ok,
runA,cam5,1501,60.748,177.059,ok,
runA,cam5,1502,60.904,177.864,ok,
runA,cam5,1503,60.236,178.642,ok,
runA,cam5,1504,59.211,179.78,ok,near_kink
runA,cam5,1505,57.97,181.061,ok,near_kink
runA,cam5,1506,56.652,182.659,ok,near_kink
runA,cam5,1507,55.39,183.153,ok,near_kink
runA,cam5,1508,54.5,183.831,ok,near_kink
runA,cam5,1509,53.541,184.868,ok,near_kink
runA,cam5,1510,52.777,185.158,ok,near_kink
runA,cam5,1511,52.325,185.158,ok,near_kink
runA,cam5,1512,51.865,184.693,ok,near_kink
runA,cam5,1513,51.293,183.927,ok,near_kink
runA,cam5,1514,51.112,182.934,ok,near_kink
runA,cam5,1515,51.537,182.221,ok,near_kink
runA,cam5,1516,51.749,183.097,ok,near_kink
runA,cam5,1517,51.535,182.408,ok,near_kink
runA,cam5,1518,51.668,183.284,ok,near_kink
runA,cam5,1519,51.989,182.739,ok,near_kink
runA,cam5,1520,52.828,183.859,ok,near_kink
runA,cam5,1521,53.394,183.991,ok,near_kink
runA,cam5,1522,53.772,182.076,ok,near_kink
runA,cam5,1523,54.995,181.149,ok,near_kink
runA,cam5,1524,56.233,179.711,ok,near_kink
runA,cam5,1525,57.403,179.655,ok,
runA,cam5,1526,58.244,181.653,ok,
runA,cam5,1527,58.27,183.111,ok,
runA,cam5,1528,58.16,182.931,ok,
runA,cam5,1529,58.636,183.221,ok,
runA,cam5,1530,59.019,185.786,ok,
runA,cam5,1531,59.196,186.786,ok,
runA,cam5,1532,59.36,187.451,ok,
runA,cam5,1533,59.703,187.786,ok,
runA,cam5,1534,60.19,187.786,ok,
runA,cam5,1535,60.429,187.678,ok,
runA,cam5,1536,60.395,186.864,ok,
runA,cam5,1537,60.665,187.341,ok,
runA,cam5,1538,61.584,187.852,ok,
runA,cam5,1539,62.828,187.786,ok,
runA,cam5,1540,64.254,187.632,ok,
runA,cam5,1541,65.411,187.786,ok,
runA,cam5,1542,66.041,187.34,ok,
runA,cam5,1543,66.454,187.642,ok,
runA,cam5,1544,66.993,188.076,ok,near_kink
runA,cam5,1545,67.372,186.991,ok,near_kink
runA,cam5,1546,68.452,187.642,ok,near_kink
runA,cam5,1547,69.558,187.808,ok,near_kink
runA,cam5,1548,70.865,188.601,ok,near_kink
runA,cam5,1549,72.24,188.77,ok,near_kink
runA,cam5,1550,73.643,189.106,ok,near_kink
runA,cam5,1551,74.789,188.996,ok,near_kink
runA,cam5,1552,75.532,188.923,ok,near_kink
runA,cam5,1553,76.152,188.992,ok,near_kink
runA,cam5,1554,76.352,189.021,ok,near_kink
runA,cam5,1555,76.31,189.882,ok,near_kink
runA,cam5,1556,76.026,189.99,ok,near_kink
runA,cam5,1557,75.686,190.194,ok,near_kink
runA,cam5,1558,74.943,190.047,ok,near_kink
runA,cam5,1559,72.859,189.155,ok,near_kink
runA,cam5,1560,71.057,189.064,ok,near_kink
runA,cam5,1561,69.643,190.245,ok,near_kink
runA,cam5,1562,68.515,190.859,ok,near_kink
runA,cam5,1563,67.341,191.243,ok,near_kink
runA,cam5,1564,66.132,191.277,ok,near_kink
runA,cam5,1565,64.939,191.737,ok,
runA,cam5,1566,63.965,191.635,ok,
runA,cam5,1567,62.626,190.498,ok,
runA,cam5,1568,61.53,189.964,ok,
runA,cam5,1569,60.877,191.047,ok,
runA,cam5,1570,59.837,191.663,ok,
runA,cam5,1571,59.123,191.697,ok,
runA,cam5,1572,58.62,190.915,ok,
runA,cam5,1573,58.557,190.909,ok,
runA,cam5,1574,58.89,190.669,ok,
runA,cam5,1575,58.768,189.489,ok,
runA,cam5,1576,58.846,189.375,ok,
runA,cam5,1577,58.741,189.915,ok,
runA,cam5,1578,58.462,190.638,ok,
runA,cam5,1579,58.246,190.459,ok,
runA,cam5,1580,58.354,191.204,ok,
runA,cam5,1581,58.047,191.051,ok,
runA,cam5,1582,57.62,191.592,ok,
runA,cam5,1583,56.913,192.115,ok,
runA,cam5,1584,56.303,190.281,ok,
runA,cam5,1585,55.535,189.067,ok,
runA,cam5,1586,54.861,188.642,ok,
runA,cam5,1587,54.409,188.927,ok,
runA,cam5,1588,53.962,189.957,ok,
runA,cam5,1589,53.688,189.882,ok,
runA,cam5,1590,52.955,188.098,ok,
runA,cam5,1591,51.987,188.554,ok,
runA,cam5,1592,51.008,188.931,ok,
runA,cam5,1593,50.288,190.845,ok,
runA,cam5,1594,50.21,188.027,ok,
runA,cam5,1595,49.639,186.807,ok,
runA,cam5,1596,49.138,186.701,ok,
runA,cam5,1597,48.582,185.445,ok,
runA,cam5,1598,49.069,187.786,ok,
runA,cam5,1599,49.64,186.481,ok,
runA,cam5,1600,50.005,185.786,ok,
runA,cam5,1601,50.254,184.928,ok,
runA,cam5,1602,50.122,183.187,ok,
runA,cam5,1603,50.644,184.678,ok,
runA,cam5,1604,51.17,184.936,ok,
runA,cam5,1605,51.757,185.425,ok,
runA,cam5,1606,52.398,186.786,ok,
runA,cam5,1607,53.13,189.039,ok,
runA,cam5,1608,53.601,190.506,ok,
runA,cam5,1609,53.715,191.983,ok,
runA,cam5,1610,53.593,193.758,ok,
runA,cam5,1611,52.91,192.128,ok,
runA,cam5,1612,52.204,191.168,ok,
runA,cam5,1613,51.545,188.032,ok,
runA,cam5,1614,51.196,186.783,ok,
runA,cam5,1615,51.668,185.78,ok,
runA,cam5,1616,51.416,183.86,ok,
runA,cam5,1617,50.727,179.893,ok,
runA,cam5,1618,50.618,180.932,ok,
runA,cam5,1619,50.408,181.444,ok,
runA,cam5,1620,49.982,180.966,ok,
runA,cam5,1621,50.169,180.78,ok,near_kink
runA,cam5,1622,51.316,184.172,ok,near_kink
runA,cam5,1623,52.455,183.881,ok,near_kink
runA,cam5,1624,53.929,186.707,ok,near_kink
runA,cam5,1625,55.168,185.457,ok,near_kink
runA,cam5,1626,55.721,186.855,ok,near_kink
runA,cam5,1627,55.458,184.861,ok,near_kink
runA,cam5,1628,55.737,185.093,ok,near_kink
runA,cam5,1629,55.944,183.654,ok,near_kink
runA,cam5,1630,56.651,182.859,ok,near_kink
runA,cam5,1631,57.277,183.634,ok,near_kink
runA,cam5,1632,57.845,185.577,ok,near_kink
runA,cam5,1633,58.377,186.022,ok,near_kink
runA,cam5,1634,57.959,186.637,ok,near_kink
runA,cam5,1635,57.2,188.851,ok,near_kink
runA,cam5,1636,56.866,191.923,ok,near_kink
runA,cam5,1637,56.856,193.174,ok,near_kink
runA,cam5,1638,57.135,193.568,ok,near_kink
runA,cam5,1639,58.05,191.71,ok,near_kink
runA,cam5,1640,59.118,192.719,ok,near_kink
runA,cam5,1641,58.908,191.05,ok,near_kink
runA,cam5,1642,57.82,191.853,ok,near_kink
runA,cam5,1643,56.264,187.835,ok,near_kink
runA,cam5,1644,55.105,183.395,ok,near_kink
runA,cam5,1645,54.609,180.611,ok,near_kink
runA,cam5,1646,54.83,179.603,ok,near_kink
runA,cam5,1647,54.956,180.209,ok,near_kink
runA,cam5,1648,54.835,179.613,ok,near_kink
runA,cam5,1649,54.646,175.642,ok,near_kink
runA,cam5,1650,54.899,173.786,ok,near_kink
runA,cam5,1651,55.265,168.376,ok,near_kink
runA,cam5,1652,55.93,151.612,ok,near_kink
runA,cam5,1653,56.776,149.655,ok,near_kink
runA,cam5,1654,57.78,155.37,ok,near_kink
runA,cam5,1655,56.374,156.068,ok,near_kink
runA,cam5,1656,52.974,149.237,ok,near_kink
runA,cam5,1657,50.644,150.246,ok,near_kink
runA,cam5,1658,49.703,153.232,ok,near_kink
runA,cam5,1659,49.777,161.712,ok,near_kink
runA,cam5,1660,50.414,169.645,ok,near_kink
runA,cam5,1661,50.708,171.861,ok,near_kink
runA,cam5,1662,51.049,171.596,ok,
runA,cam5,1663,52.205,171.891,ok,
runA,cam5,1664,53.721,173.206,ok,
runA,cam5,1665,54.751,173.859,ok,
runA,cam5,1666,53.785,174.04,ok,
runA,cam5,1667,51.842,173.368,ok,
runA,cam5,1668,51.299,172.864,ok,near_kink
runA,cam5,1669,51.031,174.286,ok,near_kink
runA,cam5,1670,51.956,176.642,ok,near_kink
runA,cam5,1671,52.556,180.587,ok,near_kink
runA,cam5,1672,52.829,184.778,ok,near_kink
runA,cam5,1673,53.746,187.71,ok,near_kink
runA,cam5,1674,54.83,193.831,ok,near_kink
runA,cam5,1675,56.952,195.626,ok,near_kink
runA,cam5,1676,58.48,196.441,ok,near_kink
runA,cam5,1677,59.199,197.281,ok,near_kink
runA,cam5,1678,60.683,197.55,ok,near_kink
runA,cam5,1679,62.658,198.55,ok,near_kink
runA,cam5,1680,65.197,200.996,ok,near_kink
runA,cam5,1681,67.374,203.605,ok,near_kink
runA,cam5,1682,69.957,204.575,ok,near_kink
runA,cam5,1683,71.85,205.007,ok,near_kink
runA,cam5,1684,73.452,204.663,ok,near_kink
runA,cam5,1685,74.27,205.55,ok,near_kink
runA,cam5,1686,74.97,207.024,ok,near_kink
runA,cam5,1687,75.859,205.42,ok,near_kink
runA,cam5,1688,75.757,205.382,ok,near_kink
runA,cam5,1689,74.947,205.339,ok,near_kink
runA,cam5,1690,73.206,204.503,ok,near_kink
runA,cam5,1691,71.581,203.802,ok,near_kink
runA,cam5,1692,69.096,204.043,ok,near_kink
runA,cam5,1693,66.485,201.452,ok,near_kink
runA,cam5,1694,64.137,201.481,ok,near_kink
runA,cam5,1695,61.878,202.55,ok,near_kink
runA,cam5,1696,59.793,196.959,ok,near_kink
runA,cam5,1697,57.969,194.992,ok,near_kink
runA,cam5,1698,55.898,187.512,ok,near_kink
runA,cam5,1699,54.049,185.809,ok,near_kink
runA,cam5,1700,54.446,182.411,ok,near_kink
runA,cam5,1701,54.979,180.82,ok,near_kink
runA,cam5,1702,55.028,180.958,ok,near_kink
runA,cam5,1703,53.6,178.29,ok,
runA,cam5,1704,54.526,179.983,ok,
runA,cam5,1705,54.937,179.713,ok,
runA,cam5,1706,55.541,180.744,ok,
runA,cam5,1707,55.596,178.468,ok,
runA,cam5,1708,55.179,176.023,ok,
runA,cam5,1709,55.381,175.783,ok,
runA,cam5,1710,57.504,179.522,ok,
runA,cam5,1711,59.1,180.113,ok,
runA,cam5,1712,60.61,181.159,ok,
runA,cam5,1713,62.641,180.599,ok,
runA,cam5,1714,62.601,180.558,ok,
runA,cam5,1715,61.533,182.953,ok,
runA,cam5,1716,59.656,181.986,ok,
runA,cam5,1717,58.93,185.677,ok,
runA,cam5,1718,58.793,189.966,ok,
runA,cam5,1719,58.936,188.197,ok,
runA,cam5,1720,59.583,186.425,ok,
runA,cam5,1721,59.303,185.381,ok,
runA,cam5,1722,59.226,183.064,ok,
runA,cam5,1723,59.012,182.015,ok,
runA,cam5,1724,58.067,183.378,ok,
runA,cam5,1725,56.232,180.996,ok,
runA,cam5,1726,53.992,181.498,ok,
runA,cam5,1727,52.221,180.216,ok,
runA,cam5,1728,51.874,180.677,ok,
runA,cam5,1729,52.25,178.606,ok,
runA,cam5,1730,53.639,177.494,ok,
runA,cam5,1731,55.838,176.669,ok,
runA,cam5,1732,56.895,175.855,ok,
runA,cam5,1733,56.882,176.893,ok,
runA,cam5,1734,56.937,180.064,ok,
runA,cam5,1735,57.626,183.049,ok,
runA,cam5,1736,59.45,185.409,ok,
runA,cam5,1737,62.301,185.911,ok,
runA,cam5,1738,64.781,183.665,ok,
runA,cam5,1739,66.791,177.712,ok,
runA,cam5,1740,68.386,176.649,ok,
runA,cam5,1741,68.468,174.221,ok,
runA,cam5,1742,68.652,173.005,ok,
runA,cam5,1743,68.346,172.22,ok,
runA,cam5,1744,66.961,173.72,ok,
runA,cam5,1745,62.685,172.144,ok,
runA,cam5,1746,57.472,169.908,ok,
runA,cam5,1747,53.878,168.895,ok,
runA,cam5,1748,52.287,171.117,ok,
runA,cam5,1749,49.966,166.652,ok,
runA,cam5,1750,48.868,167.713,ok,
runA,cam5,1751,48.077,164.01,ok,
runA,cam5,1752,47.767,160.68,ok,
runA,cam5,1753,49.655,166.901,ok,
runA,cam5,1754,51.348,166.505,ok,
runA,cam5,1755,52.217,166.789,ok,
runA,cam5,1756,54.073,169.797,ok,
runA,cam5,1757,56.288,171.726,ok,
runA,cam5,1758,60.054,170.488,ok,
runA,cam5,1759,65.357,170.722,ok,
runA,cam5,1760,70.695,173.153,ok,
runA,cam5,1761,75.817,184.202,ok,
runA,cam5,1762,78.804,189.601,ok,
runA,cam5,1763,80.273,189.97,ok,
runA,cam5,1764,81.251,193.277,ok,
runA,cam5,1765,81.551,190.96,ok,
runA,cam5,1766,81.538,194.48,ok,
runA,cam5,1767,78.637,194.883,ok,
runA,cam5,1768,75.557,194.032,ok,
runA,cam5,1769,74.347,192.067,ok,
runA,cam5,1770,74.236,189.433,ok,
runA,cam5,1771,73.961,190.028,ok,
runA,cam5,1772,73.218,190.674,ok,
runA,cam5,1773,71.577,189.78,ok,
runA,cam5,1774,70.096,189.979,ok,
runA,cam5,1775,68.733,195.275,ok,
runA,cam5,1776,67.89,194.883,ok,
runA,cam5,1777,67.931,193.979,ok,
runA,cam5,1778,68.067,189.949,ok,
runA,cam5,1779,69.023,184.051,ok,
runA,cam5,1780,70.421,177.541,ok,
runA,cam5,1781,71.625,174.787,ok,
runA,cam5,1782,72.813,181.678,ok,
runA,cam5,1783,72.667,186.114,ok,
runA,cam5,1784,71.049,187.282,ok,
runA,cam5,1785,69.643,185.838,ok,
runA,cam5,1786,67.185,181.124,ok,
runA,cam5,1787,64.963,175.418,ok,
runA,cam5,1788,64.07,173.522,ok,
runA,cam5,1789,64.399,173.126,ok,
runA,cam5,1790,65.903,177.546,ok,
runA,cam5,1791,68.56,179.556,ok,
runA,cam5,1792,70.094,176.178,ok,
runA,cam5,1793,71.178,177.234,ok,
runA,cam5,1794,71.1,176.007,ok,
runA,cam5,1795,70.986,171.924,ok,
runA,cam5,1796,72.081,170.613,ok,
runA,cam5,1797,74.317,167.23,ok,
runA,cam5,1798,76.82,169.087,ok,
runA,cam5,1799,77.403,166.941,ok,
runA,cam5,1800,76.646,167.826,ok,
runA,cam5,1801,75.974,167.945,ok,
runA,cam5,1802,75.694,169.339,ok,
runA,cam5,1803,76.813,172.903,ok,
runA,cam5,1804,79.044,174.542,ok,
runA,cam5,1805,81.041,174.668,ok,
runA,cam5,1806,81.226,175.065,ok,
runA,cam5,1807,81.385,176.028,ok,
runA,cam5,1808,81.53,179.029,ok,
runA,cam5,1809,82.008,175.189,ok,
runA,cam5,1810,82.523,173.664,ok,
runA,cam5,1811,81.367,171.626,ok,
runA,cam5,1812,79.143,171.128,ok,
runA,cam5,1813,76.738,170.888,ok,
runA,cam5,1814,75.325,169.153,ok,
runA,cam5,1815,74.27,169.153,ok,
runA,cam5,1816,74.642,170.157,ok,
runA,cam5,1817,75.427,170.29,ok,
runA,cam5,1818,76.986,170.723,ok,
runA,cam5,1819,77.837,169.579,ok,
runA,cam5,1820,78.78,169.195,ok,
runA,cam5,1821,79.18,169.297,ok,
runA,cam5,1822,80.559,172.938,ok,
runA,cam5,1823,82.984,176.465,ok,
runA,cam5,1824,85.759,183.095,ok,
runA,cam5,1825,87.828,181.855,ok,
runA,cam5,1826,89.822,187.486,ok,
runA,cam5,1827,90.08,188.583,ok,
runA,cam5,1828,89.657,190.451,ok,
runA,cam5,1829,88.056,191.964,ok,
runA,cam5,1830,87.316,193.99,ok,
runA,cam5,1831,87.431,189.85,ok,
runA,cam5,1832,88.278,184.378,ok,
runA,cam5,1833,89.522,184.049,ok,
runA,cam5,1834,89.867,187.105,ok,
runA,cam5,1835,89.412,182.9,ok,
runA,cam5,1836,88.472,181.034,ok,
runA,cam5,1837,86.899,187.957,ok,
runA,cam5,1838,85.644,192.117,ok,
runA,cam5,1839,85.809,194.169,ok,
runA,cam5,1840,87.857,190.794,ok,
runA,cam5,1841,89.995,189.774,ok,
runA,cam5,1842,91.758,188.983,ok,
runA,cam5,1843,90.913,188.607,ok,
runA,cam5,1844,89.881,192.672,ok,
runA,cam5,1845,90.495,189.451,ok,
runA,cam5,1846,91.91,185.817,ok,
runA,cam5,1847,93.14,184.466,ok,
runA,cam5,1848,92.721,183.16,ok,
runA,cam5,1849,91.79,186.537,ok,
runA,cam5,1850,90.093,189.638,ok,
runA,cam5,1851,89.418,192.884,ok,
runA,cam5,1852,89.631,193.582,ok,
runA,cam5,1853,89.834,196.129,ok,
runA,cam5,1854,90.045,193.979,ok,
runA,cam5,1855,89.786,189.949,ok,
runA,cam5,1856,88.296,182.991,ok,
runA,cam5,1857,85.155,180.106,ok,
runA,cam5,1858,81.673,178.64,ok,
runA,cam5,1859,79.195,178.842,ok,
runA,cam5,1860,77.035,176.996,ok,
runA,cam5,1861,75.951,175.076,ok,
runA,cam5,1862,75.8,175.008,ok,
runA,cam5,1863,76.642,174.864,ok,
runA,cam5,1864,77.742,174.149,ok,
runA,cam5,1865,79.572,174.333,ok,
runA,cam5,1866,80.411,173.795,ok,
runA,cam5,1867,81.481,175.221,ok,
runA,cam5,1868,83.37,174.489,ok,
runA,cam5,1869,85.888,175.221,ok,
runA,cam5,1870,88.153,177.185,ok,
runA,cam5,1871,89.143,179.518,ok,
runA,cam5,1872,88.064,181.385,ok,
runA,cam5,1873,86.265,183.45,ok,
runA,cam5,1874,85.187,187.34,ok,
runA,cam5,1875,84.908,187.692,ok,
runA,cam5,1876,86.654,190.196,ok,
runA,cam5,1877,89.263,192.199,ok,
runA,cam5,1878,90.735,195.841,ok,
runA,cam5,1879,92.102,195.322,ok,
runA,cam5,1880,92.973,200.559,ok,
runA,cam5,1881,93.528,201.235,ok,
runA,cam5,1882,93.95,201.064,ok,
runA,cam5,1883,93.923,201.062,ok,
runA,cam5,1884,92.876,201.096,ok,
runA,cam5,1885,91.469,201.587,ok,
runA,cam5,1886,90.898,201.883,ok,
runA,cam5,1887,90.488,202.883,ok,
runA,cam5,1888,90.035,202.811,ok,
runA,cam5,1889,89.687,202.915,ok,
runA,cam5,1890,90.474,202.915,ok,
runA,cam5,1891,91.341,203.184,ok,
runA,cam5,1892,93.241,203.257,ok,
runA,cam5,1893,93.321,202.873,ok,
runA,cam5,1894,92.689,202.064,ok,
runA,cam5,1895,92.935,200.702,ok,
runA,cam5,1896,92.929,200.486,ok,
runA,cam5,1897,92.897,200.608,ok,
runA,cam5,1898,93.395,200.979,ok,
runA,cam5,1899,93.333,200.616,ok,
runA,cam5,1900,93.101,201.775,ok,
runA,cam5,1901,91.76,200.702,ok,
runA,cam5,1902,90.469,200.6,ok,
runA,cam5,1903,88.587,199.196,ok,
runA,cam5,1904,86.635,200.702,ok,
runA,cam5,1905,83.716,198.77,ok,
runA,cam5,1906,80.317,200.702,ok,
runA,cam5,1907,76.417,201.278,ok,
runA,cam5,1908,72.646,197.942,ok,
runA,cam5,1909,69.4,193.919,ok,
runA,cam5,1910,67.38,189.623,ok,
runA,cam5,1911,65.76,187.123,ok,
runA,cam5,1912,65.232,183.568,ok,
runA,cam5,1913,65.208,181.999,ok,
runA,cam5,1914,65.013,180.123,ok,
runA,cam5,1915,65.181,178.781,ok,
runA,cam5,1916,64.95,179.664,ok,
runA,cam5,1917,63.967,181.189,ok,
runA,cam5,1918,63.047,180.044,ok,
runA,cam5,1919,63.397,185.574,ok,
runA,cam5,1920,63.687,187.731,ok,
runA,cam5,1921,63.72,187.702,ok,
runA,cam5,1922,62.035,188.78,ok,
runA,cam5,1923,59.131,183.888,ok,
runA,cam5,1924,56.453,180.881,ok,
runA,cam5,1925,54.53,175.439,ok,
runA,cam5,1926,53.693,174.078,ok,
runA,cam5,1927,52.598,172.714,ok,
runA,cam5,1928,52.294,171.121,ok,
runA,cam5,1929,53.294,169.151,ok,
runA,cam5,1930,55.067,166.94,ok,
runA,cam5,1931,55.338,167.736,ok,
runA,cam5,1932,54.096,163.738,ok,
runA,cam5,1933,52.296,160.974,ok,
runA,cam5,1934,50.96,163.784,ok,
runA,cam5,1935,49.652,162.623,ok,
runA,cam5,1936,48.599,161.19,ok,
runA,cam5,1937,47.756,160.013,ok,
runA,cam5,1938,46.951,160.878,ok,
runA,cam5,1939,46.471,153.369,ok,
runA,cam5,1940,46.412,143.747,ok,
runA,cam5,1941,46.708,146.137,ok,
runA,cam5,1942,46.773,144.426,ok,near_kink
runA,cam5,1943,46.67,142.388,ok,near_kink
runA,cam5,1944,46.468,140.691,ok,near_kink
runA,cam5,1945,45.734,137.846,ok,near_kink
runA,cam5,1946,45.443,131.625,ok,near_kink
runA,cam5,1947,45.684,139.76,ok,near_kink
runA,cam5,1948,45.772,145.905,ok,near_kink
runA,cam5,1949,45.359,140.46,ok,near_kink
runA,cam5,1950,46.039,150.844,ok,near_kink
runA,cam5,1951,48.239,158.523,ok,near_kink
runA,cam5,1952,50.638,158.153,ok,near_kink
runA,cam5,1953,51.154,157.148,ok,near_kink
runA,cam5,1954,51.828,157.217,ok,near_kink
runA,cam5,1955,51.822,157.806,ok,near_kink
runA,cam5,1956,52.087,156.455,ok,near_kink
runA,cam5,1957,53.626,152.796,ok,near_kink
runA,cam5,1958,56.492,156.659,ok,near_kink
runA,cam5,1959,58.79,161.154,ok,near_kink
runA,cam5,1960,60.604,164.893,ok,near_kink
runA,cam5,1961,62.209,164.864,ok,near_kink
runA,cam5,1962,64.306,165.637,ok,near_kink
runA,cam5,1963,65.649,165.864,ok,
runA,cam5,1964,65.378,166.678,ok,
runA,cam5,1965,65.34,167.498,ok,
runA,cam5,1966,66.479,169.068,ok,
runA,cam5,1967,69.268,171.96,ok,
runA,cam5,1968,71.329,179.889,ok,
runA,cam5,1969,70.913,191.915,ok,
runA,cam5,1970,67.593,190.467,ok,
runA,cam5,1971,64.744,190.467,ok,
runA,cam5,1972,62.035,190.067,ok,
runA,cam5,1973,60.115,189.209,ok,
runA,cam5,1974,59.271,188.996,ok,
runA,cam5,1975,59.19,188.475,ok,
runA,cam5,1976,58.603,187.996,ok,
runA,cam5,1977,58.425,186.638,ok,
runA,cam5,1978,58.324,185.791,ok,
runA,cam5,1979,59.368,185.048,ok,
runA,cam5,1980,62.18,187.498,ok,
runA,cam5,1981,66.255,187.133,ok,
runA,cam5,1982,69.72,187.71,ok,
runA,cam5,1983,70.226,188.076,ok,
runA,cam5,1984,69.602,189.209,ok,
runA,cam5,1985,67.406,188.209,ok,
runA,cam5,1986,65.272,189.746,ok,
runA,cam5,1987,62.971,191.567,ok,
runA,cam5,1988,61.769,195.667,ok,
runA,cam5,1989,61.076,196.34,ok,
runA,cam5,1990,60.619,195.77,ok,
runA,cam5,1991,59.674,195.742,ok,
runA,cam5,1992,59.095,193.563,ok,
runA,cam5,1993,58.888,194.446,ok,
runA,cam5,1994,60.273,197.312,ok,
runA,cam5,1995,60.966,198.243,ok,
runA,cam5,1996,62.118,196.236,ok,
runA,cam5,1997,62.698,196.209,ok,
runA,cam5,1998,63.714,197.148,ok,
runA,cam5,1999,64.488,203.696,ok,
runA,cam5,2000,65.21,206.942,ok,
runA,cam5,2001,65.675,208.261,ok,
runA,cam5,2002,66.537,208.261,ok,
runA,cam5,2003,66.073,209.053,ok,
runA,cam5,2004,65.637,211.734,ok,
runA,cam5,2005,66.052,210.77,ok,
runA,cam5,2006,66.476,208.612,ok,
runA,cam5,2007,66.452,205.239,ok,
runA,cam5,2008,66.816,199.377,ok,
runA,cam5,2009,67.749,196.99,ok,
runA,cam5,2010,68.454,198.831,ok,
runA,cam5,2011,68.101,199.339,ok,
runA,cam5,2012,67.734,199.463,ok,
runA,cam5,2013,67.729,199.769,ok,
runA,cam5,2014,67.871,202.611,ok,
runA,cam5,2015,69.454,199.194,ok,
runA,cam5,2016,71.649,195.699,ok,
runA,cam5,2017,73.763,197.096,ok,
runA,cam5,2018,75.711,200.121,ok,
runA,cam5,2019,75.937,204.337,ok,
runA,cam5,2020,74.491,195.77,ok,
runA,cam5,2021,72.431,190.909,ok,
runA,cam5,2022,71.447,191.77,ok,
runA,cam5,2023,70.908,190.987,ok,
runA,cam5,2024,74.112,188.949,ok,
runA,cam5,2025,76.169,188.751,ok,
runA,cam5,2026,76.197,189.209,ok,
runA,cam5,2027,73.329,185.218,ok,
runA,cam5,2028,71.931,188.903,ok,
runA,cam5,2029,71.484,195.064,ok,
runA,cam5,2030,72.218,203.378,ok,
runA,cam5,2031,71.95,204.904,ok,
runA,cam5,2032,72.518,202.655,ok,
runA,cam5,2033,72.259,200.058,ok,
runA,cam5,2034,72.403,200.614,ok,
runA,cam5,2035,72.857,204.646,ok,
runA,cam5,2036,74.364,207.451,ok,
runA,cam5,2037,75.207,204.915,ok,
runA,cam5,2038,76.453,206.906,ok,
runA,cam5,2039,75.931,201.702,ok,
runA,cam5,2040,75.475,197.281,ok,
runA,cam5,2041,74.972,197.915,ok,
runA,cam5,2042,74.23,199.276,ok,
runA,cam5,2043,74.382,201.992,ok,
runA,cam5,2044,73.939,210.204,ok,
runA,cam5,2045,73.948,215.366,ok,
runA,cam5,2046,74.678,214.882,ok,
runA,cam5,2047,75.357,207.958,ok,
runA,cam5,2048,74.858,203.113,ok,
runA,cam5,2049,73.184,201.373,ok,
runA,cam5,2050,71.659,203.165,ok,
runA,cam5,2051,71.642,204.463,ok,
runA,cam5,2052,72.465,208.641,ok,
runA,cam5,2053,73.253,210.669,ok,
runA,cam5,2054,73.957,210.421,ok,
runA,cam5,2055,74.464,207.187,ok,
runA,cam5,2056,75.294,206.299,ok,
runA,cam5,2057,76.893,204.371,ok,
runA,cam5,2058,78.564,202.224,ok,
runA,cam5,2059,80.409,203.272,ok,
runA,cam5,2060,82.778,210.584,ok,
runA,cam5,2061,85.245,204.177,ok,
runA,cam5,2062,86.414,198.537,ok,
runA,cam5,2063,89.035,200.774,ok,
runA,cam5,2064,91.995,206.14,ok,
runA,cam5,2065,95.705,209.107,ok,
runA,cam5,2066,98.753,208.574,ok,
runA,cam5,2067,101.393,207.09,ok,
runA,cam5,2068,103.902,208.727,ok,
runA,cam5,2069,105.766,205.749,ok,
runA,cam5,2070,107.776,206.852,ok,
runA,cam5,2071,109.337,205.907,ok,
runA,cam5,2072,110.576,204.78,ok,
runA,cam5,2073,111.769,208.486,ok,
runA,cam5,2074,113.004,210.038,ok,
runA,cam5,2075,113.897,212.065,ok,
runA,cam5,2076,114.126,211.77,ok,
runA,cam5,2077,114.476,213.997,ok,
runA,cam5,2078,114.81,213.734,ok,
runA,cam5,2079,115.072,217.18,ok,
runA,cam5,2080,114.901,215.895,ok,
runA,cam5,2081,115.305,218.47,ok,
runA,cam5,2082,115.187,216.512,ok,
runA,cam5,2083,115.458,218.738,ok,
runA,cam5,2084,115.136,216.996,ok,
runA,cam5,2085,114.969,218.373,ok,
runA,cam5,2086,114.582,215.67,ok,
runA,cam5,2087,114.274,214.74,ok,near_kink
runA,cam5,2088,113.735,212.205,ok,near_kink
runA,cam5,2089,113.454,212.243,ok,near_kink
runA,cam5,2090,112.84,212.178,ok,near_kink
runA,cam5,2091,112.643,211.539,ok,near_kink
runA,cam5,2092,112.471,212.276,ok,near_kink
runA,cam5,2093,112.423,213.776,ok,near_kink
runA,cam5,2094,111.856,213.225,ok,near_kink
runA,cam5,2095,111.399,217.901,ok,near_kink
runA,cam5,2096,111.513,225.251,ok,near_kink
runA,cam5,2097,111.406,223.341,ok,near_kink
runA,cam5,2098,110.913,223.755,ok,near_kink
runA,cam5,2099,108.588,223.351,ok,near_kink
runA,cam5,2100,105.869,224.699,ok,near_kink
runA,cam5,2101,100.412,226.755,ok,near_kink
runA,cam5,2102,98.499,230.992,ok,near_kink
runA,cam5,2103,102.857,245.3,ok,near_kink
runA,cam5,2104,107.073,248.324,ok,near_kink
runA,cam5,2105,111.318,248.215,ok,near_kink
runA,cam5,2106,113.539,249.639,ok,near_kink
runA,cam5,2107,114.299,248.608,ok,near_kink
runA,cam5,2108,114.727,246.219,ok,
runA,cam5,2109,115.66,244.907,ok,
runA,cam5,2110,115.998,243.785,ok,
runA,cam5,2111,116.3,242.655,ok,
runA,cam5,2112,116.83,244.011,ok,
runA,cam5,2113,117.792,243.785,ok,
runA,cam5,2114,118.876,245.159,ok,
runA,cam5,2115,116.315,243.833,ok,
runA,cam5,2116,112.892,236.528,ok,
runA,cam5,2117,109.89,223.627,ok,
runA,cam5,2118,108.059,219.06,ok,
runA,cam5,2119,106.828,217.811,ok,
runA,cam5,2120,106.465,218.414,ok,
runA,cam5,2121,106.179,219.022,ok,
runA,cam5,2122,105.927,218.24,ok,
runA,cam5,2123,105.075,218.909,ok,
runA,cam5,2124,103.792,216.992,ok,
runA,cam5,2125,101.724,216.631,ok,
runA,cam5,2126,99.826,213.291,ok,
runA,cam5,2127,98.33,211.593,ok,
runA,cam5,2128,96.874,208.992,ok,
runA,cam5,2129,95.171,208.992,ok,
runA,cam5,2130,93.913,206.315,ok,
runA,cam5,2131,92.853,205.136,ok,
runA,cam5,2132,92.156,204.116,ok,
runA,cam5,2133,91.337,205.026,ok,
runA,cam5,2134,90.626,203.915,ok,
runA,cam5,2135,89.556,201.994,ok,
runA,cam5,2136,89.233,203.231,ok,
runA,cam5,2137,89.149,205.411,ok,
runA,cam5,2138,88.915,203.833,ok,
runA,cam5,2139,88.477,206.22,ok,
runA,cam5,2140,87.438,208.992,ok,
runA,cam5,2141,86.127,210.515,ok,
runA,cam5,2142,84.27,205.205,ok,
runA,cam5,2143,83.099,202.528,ok,
runA,cam5,2144,81.896,200.082,ok,
runA,cam5,2145,81.214,205.358,ok,
runA,cam5,2146,81.207,203.747,ok,
runA,cam5,2147,80.943,205.442,ok,
runA,cam5,2148,80.002,206.582,ok,
runA,cam5,2149,78.573,198.437,ok,
runA,cam5,2150,77.503,197.064,ok,
runA,cam5,2151,76.365,203.597,ok,
runA,cam5,2152,74.343,203.853,ok,
runA,cam5,2153,71.882,201.148,ok,
runA,cam5,2154,69.774,195.779,ok,
runA,cam5,2155,68.509,193.852,ok,
runA,cam5,2156,67.672,192.996,ok,
runA,cam5,2157,66.602,192.794,ok,
runA,cam5,2158,66.368,193.889,ok,
runA,cam5,2159,66.961,192.813,ok,
runA,cam5,2160,66.963,193.209,ok,
runA,cam5,2161,66.208,193.064,ok,
runA,cam5,2162,65.492,192.866,ok,
runA,cam5,2163,65.411,192.055,ok,
runA,cam5,2164,65.523,191.923,ok,
runA,cam5,2165,66.215,193.209,ok,
runA,cam5,2166,67.471,194.816,ok,
runA,cam5,2167,68.434,196.131,ok,
runA,cam5,2168,69.35,198.705,ok,
runA,cam5,2169,70.816,201.774,ok,
runA,cam5,2170,71.597,198.033,ok,
runA,cam5,2171,73.168,197.333,ok,
runA,cam5,2172,75.493,194.996,ok,
runA,cam5,2173,77.086,193.209,ok,
runA,cam5,2174,77.803,195.992,ok,
runA,cam5,2175,77.765,194.926,ok,
runA,cam5,2176,76.749,191.923,ok,
runA,cam5,2177,76.363,190.068,ok,
runA,cam5,2178,75.819,190.033,ok,
runA,cam5,2179,76.489,191.284,ok,
runA,cam5,2180,76.923,191.71,ok,
runA,cam5,2181,76.764,191.072,ok,
runA,cam5,2182,76.737,192.809,ok,
runA,cam5,2183,76.642,194.592,ok,
runA,cam5,2184,76.628,193.67,ok,
runA,cam5,2185,75.597,192.517,ok,
runA,cam5,2186,75.141,190.791,ok,
runA,cam5,2187,74.321,189.71,ok,
runA,cam5,2188,74.944,187.71,ok,
runA,cam5,2189,75.862,187.71,ok,
runA,cam5,2190,76.427,186.529,ok,
runA,cam5,2191,77.467,191.068,ok,
runA,cam5,2192,78.045,187.989,ok,
runA,cam5,2193,79.468,188.856,ok,
runA,cam5,2194,79.604,188.678,ok,
runA,cam5,2195,78.114,186.74,ok,
runA,cam5,2196,76.206,186.638,ok,
runA,cam5,2197,73.725,186.67,ok,
runA,cam5,2198,72.634,189.642,ok,
runA,cam5,2199,71.335,193.976,ok,
runA,cam5,2200,70.894,194.744,ok,
runA,cam5,2201,71.169,195.842,ok,
runA,cam5,2202,72.237,195.12,ok,
runA,cam5,2203,73.87,195.77,ok,
runA,cam5,2204,75.194,196.817,ok,
runA,cam5,2205,75.786,197.027,ok,
runA,cam5,2206,75.769,197.35,ok,
runA,cam5,2207,75.467,201.916,ok,
runA,cam5,2208,75.833,204.32,ok,near_kink
runA,cam5,2209,77.643,205.147,ok,near_kink
runA,cam5,2210,79.16,210.046,ok,near_kink
runA,cam5,2211,81.415,212.23,ok,near_kink
runA,cam5,2212,84.224,211.877,ok,near_kink
runA,cam5,2213,85.777,211.822,ok,near_kink
runA,cam5,2214,86.433,210.906,ok,near_kink
runA,cam5,2215,86.756,209.76,ok,near_kink
runA,cam5,2216,87.537,211.461,ok,near_kink
runA,cam5,2217,89.681,211.749,ok,near_kink
runA,cam5,2218,91.036,211.47,ok,near_kink
runA,cam5,2219,91.712,210.47,ok,near_kink
runA,cam5,2220,92.675,210.614,ok,near_kink
runA,cam5,2221,92.669,211.386,ok,near_kink
runA,cam5,2222,93.538,215.162,ok,near_kink
runA,cam5,2223,93.644,216.44,ok,near_kink
runA,cam5,2224,94.192,217.162,ok,near_kink
runA,cam5,2225,95.021,216.746,ok,near_kink
runA,cam5,2226,95.847,216.259,ok,near_kink
runA,cam5,2227,96.278,217.635,ok,near_kink
runA,cam5,2228,96.529,218.08,ok,near_kink
runA,cam5,2229,95.663,219.163,ok,
runA,cam5,2230,95.033,218.09,ok,
runA,cam5,2231,93.392,217.848,ok,
runA,cam5,2232,91.704,215.768,ok,
runA,cam5,2233,91.598,216.765,ok,
runA,cam5,2234,92.493,215.801,ok,
runA,cam5,2235,93.289,213.776,ok,
runA,cam5,2236,94.125,210.682,ok,
runA,cam5,2237,93.629,207.973,ok,
runA,cam5,2238,92.926,204.825,ok,
runA,cam5,2239,93.314,203.605,ok,
runA,cam5,2240,93.552,204.105,ok,
runA,cam5,2241,93.991,204.915,ok,
runA,cam5,2242,94.569,203.122,ok,
runA,cam5,2243,93.658,203.924,ok,
runA,cam5,2244,91.748,203.669,ok,
runA,cam5,2245,89.408,203.266,ok,
runA,cam5,2246,86.53,204.34,ok,
runA,cam5,2247,84.306,205.447,ok,
runA,cam5,2248,82.945,206.108,ok,
runA,cam5,2249,82.058,208.03,ok,
runA,cam5,2250,80.363,208.768,ok,
runA,cam5,2251,78.448,209.1,ok,
runA,cam5,2252,76.54,206.531,ok,
runA,cam5,2253,75.094,203.012,ok,
runA,cam5,2254,73.763,204.064,ok,
runA,cam5,2255,72.845,206.155,ok,
runA,cam5,2256,72.142,207.248,ok,
runA,cam5,2257,71.581,204.423,ok,
runA,cam5,2258,71.064,201.373,ok,
runA,cam5,2259,71.416,199.838,ok,
runA,cam5,2260,71.136,201.343,ok,
runA,cam5,2261,71.173,199.493,ok,
runA,cam5,2262,71.654,201.775,ok,
runA,cam5,2263,71.897,200.157,ok,
runA,cam5,2264,72.561,197.082,ok,
runA,cam5,2265,73.788,196.969,ok,
runA,cam5,2266,74.604,198.378,ok,
runA,cam5,2267,75.318,199.459,ok,
runA,cam5,2268,76.467,198.952,ok,
runA,cam5,2269,77.443,199.665,ok,
runA,cam5,2270,77.829,201.12,ok,
runA,cam5,2271,77.939,200.732,ok,
runA,cam5,2272,78.488,200.805,ok,
runA,cam5,2273,78.545,200.488,ok,
runA,cam5,2274,78.666,201.449,ok,
runA,cam5,2275,78.97,200.946,ok,
runA,cam5,2276,79.362,200.094,ok,
runA,cam5,2277,79.924,199.193,ok,
runA,cam5,2278,80.15,199.59,ok,
runA,cam5,2279,80.158,199.079,ok,near_kink
runA,cam5,2280,80.725,199.115,ok,near_kink
runA,cam5,2281,81.705,199.843,ok,near_kink
runA,cam5,2282,82.248,198.372,ok,near_kink
runA,cam5,2283,83.107,199.214,ok,near_kink
runA,cam5,2284,83.994,200.888,ok,near_kink
runA,cam5,2285,84.737,203.033,ok,near_kink
runA,cam5,2286,85.089,203.436,ok,near_kink
runA,cam5,2287,85.177,202.656,ok,near_kink
runA,cam5,2288,86.158,203.026,ok,near_kink
runA,cam5,2289,87.674,204.048,ok,near_kink
runA,cam5,2290,89.106,205.795,ok,near_kink
runA,cam5,2291,90.931,207.291,ok,near_kink
runA,cam5,2292,91.147,207.803,ok,near_kink
runA,cam5,2293,91.061,206.48,ok,near_kink
runA,cam5,2294,92.034,207.533,ok,near_kink
runA,cam5,2295,92.116,207.819,ok,near_kink
runA,cam5,2296,91.454,208.673,ok,near_kink
runA,cam5,2297,90.538,208.686,ok,near_kink
runA,cam5,2298,89.642,207.776,ok,near_kink
runA,cam5,2299,88.249,209.153,ok,near_kink
runA,cam5,2300,86.557,210.305,ok,near_kink
runA,cam5,2301,85.712,211.466,ok,near_kink
runA,cam5,2302,85.235,212.096,ok,
runA,cam5,2303,84.727,212.455,ok,
runA,cam5,2304,85.057,213.853,ok,
runA,cam5,2305,85.341,215.325,ok,
runA,cam5,2306,85.586,215.867,ok,
runA,cam5,2307,86.079,215.135,ok,
runA,cam5,2308,86.271,213.409,ok,
runA,cam5,2309,86.59,211.765,ok,
runA,cam5,2310,86.797,210.189,ok,
runA,cam5,2311,87.028,210.079,ok,
runA,cam5,2312,87.472,209.641,ok,
runA,cam5,2313,87.799,209.856,ok,
runA,cam5,2314,88.459,209.858,ok,
runA,cam5,2315,88.852,209.905,ok,
runA,cam5,2316,89.526,210.154,ok,
runA,cam5,2317,90.284,210.88,ok,
runA,cam5,2318,91.262,211.148,ok,
runA,cam5,2319,91.962,210.402,ok,
runA,cam5,2320,92.745,209.383,ok,
runA,cam5,2321,93.515,210.366,ok,
runA,cam5,2322,94.022,209.935,ok,
runA,cam5,2323,93.539,209.59,ok,
runA,cam5,2324,92.889,209.59,ok,
runA,cam5,2325,91.394,209.641,ok,
runA,cam5,2326,90.424,210.798,ok,
runA,cam5,2327,89.748,210.424,ok,
runA,cam5,2328,89.296,210.072,ok,
runA,cam5,2329,88.632,211.713,ok,
runA,cam5,2330,88.54,211.858,ok,
runA,cam5,2331,88.739,212.09,ok,
runA,cam5,2332,88.643,212.273,ok,
runA,cam5,2333,89.733,212.858,ok,
runA,cam5,2334,90.952,213.657,ok,
runA,cam5,2335,92.054,213.424,ok,
runA,cam5,2336,92.232,213.404,ok,
runA,cam5,2337,92.18,215.218,ok,
runA,cam5,2338,91.355,215.28,ok,
runA,cam5,2339,90.655,216.235,ok,
runA,cam5,2340,90.343,217.075,ok,
runA,cam5,2341,90.857,218.667,ok,
runA,cam5,2342,91.575,218.93,ok,
runA,cam5,2343,92.924,220.314,ok,
runA,cam5,2344,94.757,220.729,ok,
runA,cam5,2345,96.115,220.81,ok,
runA,cam5,2346,96.831,220.541,ok,
runA,cam5,2347,97.862,219.424,ok,
runA,cam5,2348,98.549,219.502,ok,
runA,cam5,2349,99.372,219.634,ok,
runA,cam5,2350,100.416,219.713,ok,
runA,cam5,2351,101.826,219.823,ok,
runA,cam5,2352,103.333,220.213,ok,
runA,cam5,2353,104.779,220.37,ok,
runA,cam5,2354,105.953,218.966,ok,
runA,cam5,2355,107.206,219.033,ok,
runA,cam5,2356,108.523,221.564,ok,
runA,cam5,2357,109.343,223.146,ok,
runA,cam5,2358,109.779,221.036,ok,
runA,cam5,2359,110.57,224.531,ok,
runA,cam5,2360,110.717,222.5,ok,
runA,cam5,2361,110.889,219.35,ok,
runA,cam5,2362,111.412,222.67,ok,
runA,cam5,2363,111.904,220.012,ok,
runA,cam5,2364,112.331,218.424,ok,
runA,cam5,2365,112.882,217.404,ok,
runA,cam5,2366,113.654,218.352,ok,
runA,cam5,2367,114.565,217.622,ok,
runA,cam5,2368,115.282,217.985,ok,
runA,cam5,2369,116.35,217.949,ok,
runA,cam5,2370,117.268,217.266,ok,
runA,cam5,2371,118.142,217.224,ok,
runA,cam5,2372,119.231,216.733,ok,
runA,cam5,2373,120.087,215.44,ok,
runA,cam5,2374,121.197,213.98,ok,
runA,cam5,2375,122.304,215.015,ok,
runA,cam5,2376,122.736,212.713,ok,
runA,cam5,2377,123.374,216.523,ok,
runA,cam5,2378,124.288,232.84,ok,
runA,cam5,2379,124.815,241.219,ok,
runA,cam5,2380,124.743,238.659,ok,
runA,cam5,2381,124.185,230.517,ok,
runA,cam5,2382,122.378,226.071,ok,
runA,cam5,2383,121.064,221.678,ok,
runA,cam5,2384,119.318,219.208,ok,
runA,cam5,2385,118.005,218.351,ok,
runA,cam5,2386,116.477,218.976,ok,
runA,cam5,2387,115.755,218.635,ok,
runA,cam5,2388,115.335,220.01,ok,
runA,cam5,2389,114.318,220.929,ok,
runA,cam5,2390,113.507,222.115,ok,
runA,cam5,2391,112.755,224.997,ok,
runA,cam5,2392,112.349,227.717,ok,
runA,cam5,2393,111.795,229.479,ok,
runA,cam5,2394,111.372,230.717,ok,
runA,cam5,2395,111.471,232.938,ok,
runA,cam5,2396,112.15,234.861,ok,
runA,cam5,2397,113.011,235.717,ok,
runA,cam5,2398,113.829,236.644,ok,
runA,cam5,2399,114.599,236.717,ok,
runA,cam5,2400,115.366,237.644,ok,
runA,cam5,2401,116.309,238.07,ok,
runA,cam5,2402,117.913,238.857,ok,
runA,cam5,2403,119.283,239.07,ok,
runA,cam5,2404,120.998,240.54,ok,
runA,cam5,2405,122.129,240.64,ok,
runA,cam5,2406,122.656,240.785,ok,
runA,cam5,2407,122.877,241.35,ok,
runA,cam5,2408,122.959,241.64,ok,
runA,cam5,2409,123.106,241.64,ok,
runA,cam5,2410,123.074,241.678,ok,
runA,cam5,2411,123.177,241.776,ok,
runA,cam5,2412,123.143,242.341,ok,
runA,cam5,2413,122.904,242.631,ok,
runA,cam5,2414,122.669,242.563,ok,
runA,cam5,2415,122.318,242.661,ok,
runA,cam5,2416,121.777,242.776,ok,
runA,cam5,2417,121.043,242.776,ok,
runA,cam5,2418,120.162,242.805,ok,
runA,cam5,2419,118.899,243.475,ok,
runA,cam5,2420,117.559,243.476,ok,
runA,cam5,2421,116.431,243.979,ok,
runA,cam5,2422,115.75,243.979,ok,
runA,cam5,2423,115.679,243.979,ok,near_kink
runA,cam5,2424,115.677,244.476,ok,near_kink
runA,cam5,2425,115.728,244.55,ok,near_kink
runA,cam5,2426,115.783,244.902,ok,near_kink
runA,cam5,2427,115.649,244.902,ok,near_kink
runA,cam5,2428,115.532,245.047,ok,near_kink
runA,cam5,2429,115.19,245.472,ok,near_kink
runA,cam5,2430,114.444,245.472,ok,near_kink
runA,cam5,2431,113.538,245.612,ok,near_kink
runA,cam5,2432,112.594,246.182,ok,near_kink
runA,cam5,2433,112.183,246.463,ok,near_kink
runA,cam5,2434,111.995,246.396,ok,near_kink
runA,cam5,2435,112.286,246.463,ok,near_kink
runA,cam5,2436,112.77,246.485,ok,near_kink
runA,cam5,2437,112.954,246.608,ok,near_kink
runA,cam5,2438,113.224,246.608,ok,near_kink
runA,cam5,2439,113.419,246.676,ok,near_kink
runA,cam5,2440,113.237,247.001,ok,near_kink
runA,cam5,2441,112.851,246.82,ok,near_kink
runA,cam5,2442,112.269,247.449,ok,near_kink
runA,cam5,2443,112.054,247.598,ok,near_kink
runA,cam5,2444,111.852,247.463,ok,near_kink
runA,cam5,2445,112.034,247.598,ok,near_kink
runA,cam5,2446,112.373,247.598,ok,near_kink
runA,cam5,2447,112.995,247.676,ok,
runA,cam5,2448,114.036,247.676,ok,near_kink
runA,cam5,2449,114.916,247.676,ok,near_kink
runA,cam5,2450,116.054,247.676,ok,near_kink
runA,cam5,2451,116.903,247.676,ok,near_kink
runA,cam5,2452,117.779,247.676,ok,near_kink
runA,cam5,2453,118.354,247.676,ok,near_kink
runA,cam5,2454,118.646,247.676,ok,near_kink
runA,cam5,2455,119.146,247.676,ok,near_kink
runA,cam5,2456,119.53,247.676,ok,near_kink
runA,cam5,2457,118.092,247.82,ok,near_kink
runA,cam5,2458,114.147,247.772,ok,near_kink
runA,cam5,2459,109.457,247.82,ok,near_kink
runA,cam5,2460,106.403,247.82,ok,near_kink
runA,cam5,2461,109.888,248.138,ok,near_kink
runA,cam5,2462,114.793,248.449,ok,near_kink
runA,cam5,2463,118.031,248.449,ok,near_kink
runA,cam5,2464,119.495,248.449,ok,near_kink
runA,cam5,2465,120.143,248.174,ok,near_kink
runA,cam5,2466,120.851,247.82,ok,near_kink
runA,cam5,2467,121.566,247.811,ok,near_kink
runA,cam5,2468,121.564,247.739,ok,near_kink
runA,cam5,2469,121.622,247.676,ok,
runA,cam5,2470,121.96,247.676,ok,
runA,cam5,2471,122.558,247.82,ok,
runA,cam5,2472,122.869,247.792,ok,
runA,cam5,2473,123.326,248.449,ok,
runA,cam5,2474,123.782,248.43,ok,
runA,cam5,2475,124.402,248.449,ok,
runA,cam5,2476,125.103,248.449,ok,
runA,cam5,2477,125.961,248.598,ok,
runA,cam5,2478,126.595,248.449,ok,
runA,cam5,2479,127.286,248.598,ok,
runA,cam5,2480,127.624,248.598,ok,
runA,cam5,2481,128.016,248.598,ok,
runA,cam5,2482,128.597,248.598,ok,
runA,cam5,2483,129.39,248.598,ok,
runA,cam5,2484,130.061,248.598,ok,
runA,cam5,2485,130.685,248.598,ok,
runA,cam5,2486,131.309,248.598,ok,
runA,cam5,2487,131.922,248.598,ok,
runA,cam5,2488,132.546,248.598,ok,
runA,cam5,2489,133.142,248.661,ok,
runA,cam5,2490,133.483,248.598,ok,
runA,cam5,2491,133.928,248.604,ok,
runA,cam5,2492,134.238,248.676,ok,
runA,cam5,2493,134.418,248.676,ok,
runA,cam5,2494,134.434,248.661,ok,
runA,cam5,2495,134.563,248.604,ok,
runA,cam5,2496,134.699,248.598,ok,near_kink
runA,cam5,2497,134.72,248.598,ok,near_kink
runA,cam5,2498,134.564,248.598,ok,near_kink
runA,cam5,2499,134.48,248.676,ok,near_kink
runA,cam5,2500,134.509,248.681,ok,near_kink
runA,cam5,2501,134.464,248.739,ok,near_kink
runA,cam5,2502,134.505,248.739,ok,near_kink
runA,cam5,2503,134.526,248.739,ok,near_kink
runA,cam5,2504,134.537,248.676,ok,near_kink
runA,cam5,2505,134.527,248.739,ok,near_kink
runA,cam5,2506,134.226,248.739,ok,near_kink
runA,cam5,2507,134.004,248.739,ok,near_kink
runA,cam5,2508,133.721,248.739,ok,near_kink
runA,cam5,2509,133.497,248.739,ok,near_kink
runA,cam5,2510,133.367,248.739,ok,near_kink
runA,cam5,2511,133.016,248.739,ok,near_kink
runA,cam5,2512,132.323,248.739,ok,near_kink
runA,cam5,2513,131.247,248.739,ok,near_kink
runA,cam5,2514,129.689,248.598,ok,near_kink
runA,cam5,2515,127.134,248.456,ok,near_kink
runA,cam5,2516,124.001,247.608,ok,near_kink
runA,cam5,2517,120.419,246.608,ok,
runA,cam5,2518,116.551,246.442,ok,
runA,cam5,2519,112.547,245.472,ok,
runA,cam5,2520,108.275,244.825,ok,
runA,cam5,2521,104.042,243.341,ok,
runA,cam5,2522,99.867,242.13,ok,
runA,cam5,2523,95.711,238.989,ok,
runA,cam5,2524,91.735,236.202,ok,
runA,cam5,2525,88.084,233.917,ok,
runA,cam5,2526,85.113,231.906,ok,
runA,cam5,2527,82.762,230.117,ok,
runA,cam5,2528,80.186,227.874,ok,
runA,cam5,2529,77.18,225.058,ok,
runA,cam5,2530,73.899,221.853,ok,
runA,cam5,2531,70.719,217.908,ok,
runA,cam5,2532,67.337,212.117,ok,
runA,cam5,2533,64.355,210.098,ok,
runA,cam5,2534,61.907,209.117,ok,
runA,cam5,2535,59.671,207.912,ok,
runA,cam5,2536,56.931,204.435,ok,
runA,cam5,2537,53.797,201.831,ok,
runA,cam5,2538,50.926,199.055,ok,
runA,cam5,2539,48.385,196.831,ok,
runA,cam5,2540,46.814,194.758,ok,
runA,cam5,2541,45.703,194.758,ok,
runA,cam5,2542,44.991,196.435,ok,
runA,cam5,2543,44.296,198.364,ok,
runA,cam5,2544,43.876,207.832,ok,
runA,cam5,2545,43.543,217.117,ok,
runA,cam5,2546,43.23,230.628,ok,
runA,cam5,2547,43.311,237.644,ok,
runA,cam5,2548,43.544,241.201,ok,
runA,cam5,2549,43.715,242.341,ok,
runA,cam5,2550,44.14,242.92,ok,
runA,cam5,2551,44.612,243.907,ok,
runA,cam5,2552,45.229,245.047,ok,
runA,cam5,2553,46.057,245.56,ok,near_kink
runA,cam5,2554,47.131,246.038,ok,near_kink
runA,cam5,2555,48.171,246.463,ok,near_kink
runA,cam5,2556,49.383,246.472,ok,near_kink
runA,cam5,2557,50.523,246.487,ok,near_kink
runA,cam5,2558,51.861,246.472,ok,near_kink
runA,cam5,2559,53.278,246.182,ok,near_kink
runA,cam5,2560,54.981,246.182,ok,near_kink
runA,cam5,2561,56.432,246.463,ok,near_kink
runA,cam5,2562,58.277,248.364,ok,near_kink
runA,cam5,2563,59.895,249.44,ok,near_kink
runA,cam5,2564,62.121,249.777,ok,near_kink
runA,cam5,2565,63.635,250.43,ok,near_kink
runA,cam5,2566,66.153,250.44,ok,near_kink
runA,cam5,2567,68.204,250.575,ok,near_kink
runA,cam5,2568,70.121,250.661,ok,near_kink
runA,cam5,2569,72.376,250.865,ok,near_kink
runA,cam5,2570,74.802,250.874,ok,near_kink
runA,cam5,2571,77.199,251.43,ok,near_kink
runA,cam5,2572,79.083,251.43,ok,near_kink
runA,cam5,2573,80.356,251.43,ok,near_kink
runA,cam5,2574,81.548,251.43,ok,
runA,cam5,2575,82.824,251.43,ok,
runA,cam5,2576,83.937,251.43,ok,
runA,cam5,2577,85.187,251.054,ok,
runA,cam5,2578,85.65,250.661,ok,
runA,cam5,2579,86.128,250.652,ok,
runA,cam5,2580,86.544,250.652,ok,
runA,cam5,2581,86.862,250.584,ok,
runA,cam5,2582,87.243,250.44,ok,
runA,cam5,2583,87.692,250.44,ok,
runA,cam5,2584,88.163,250.44,ok,
runA,cam5,2585,88.431,250.44,ok,
runA,cam5,2586,88.579,249.73,ok,
runA,cam5,2587,88.959,249.449,ok,
runA,cam5,2588,89.394,249.449,ok,
runA,cam5,2589,89.537,248.811,ok,
runA,cam5,2590,89.676,248.739,ok,
runA,cam5,2591,89.759,248.669,ok,
runA,cam5,2592,90.084,248.517,ok,
runA,cam5,2593,90.142,248.449,ok,
runA,cam5,2594,90.574,248.449,ok,
runA,cam5,2595,91.114,248.519,ok,
runA,cam5,2596,91.665,248.444,ok,
runA,cam5,2597,92.044,248.36,ok,
runA,cam5,2598,92.434,248.211,ok,
runA,cam5,2599,92.814,248.449,ok,
runA,cam5,2600,93.085,248.36,ok,
runA,cam5,2601,93.434,248.521,ok,
runA,cam5,2602,93.691,248.449,ok,
runA,cam5,2603,93.952,248.449,ok,
runA,cam5,2604,94.251,248.449,ok,
runA,cam5,2605,94.501,248.521,ok,
runA,cam5,2606,94.733,248.526,ok,
runA,cam5,2607,95.007,248.526,ok,
runA,cam5,2608,95.219,248.526,ok,
runA,cam5,2609,95.442,248.598,ok,
runA,cam5,2610,95.63,248.598,ok,
runA,cam5,2611,95.847,248.598,ok,
runA,cam5,2612,96.015,248.598,ok,
runA,cam5,2613,96.134,248.601,ok,
runA,cam5,2614,96.185,248.598,ok,
runA,cam5,2615,96.272,248.598,ok,
runA,cam5,2616,96.325,248.526,ok,
runA,cam5,2617,96.399,248.615,ok,
runA,cam5,2618,96.414,248.598,ok,
runA,cam5,2619,96.461,248.598,ok,
runA,cam5,2620,96.433,248.598,ok,
runA,cam5,2621,96.487,248.598,ok,
runA,cam5,2622,96.468,248.598,ok,
runA,cam5,2623,96.441,248.592,ok,
runA,cam5,2624,96.426,248.557,ok,
runA,cam5,2625,96.483,248.598,ok,
runA,cam5,2626,96.434,248.526,ok,
runA,cam5,2627,96.48,248.598,ok,
runA,cam5,2628,96.413,248.526,ok,
runA,cam5,2629,96.489,248.598,ok,
runA,cam5,2630,96.525,248.598,ok,
runA,cam5,2631,96.526,248.597,ok,
runA,cam5,2632,96.411,248.519,ok,
runA,cam5,2633,96.499,248.526,ok,
runA,cam5,2634,96.534,248.521,ok,
runA,cam5,2635,96.527,248.521,ok,
runA,cam5,2636,96.421,248.524,ok,
runA,cam5,2637,96.534,248.592,ok,
runA,cam5,2638,96.504,248.598,ok,
runA,cam5,2639,96.513,248.526,ok,
runA,cam5,2640,96.409,248.521,ok,
runA,cam5,2641,96.507,248.524,ok,
runA,cam5,2642,96.486,248.519,ok,
runA,cam5,2643,96.469,248.519,ok,
runA,cam5,2644,96.397,248.524,ok,
runA,cam5,2645,96.487,248.598,ok,
runA,cam5,2646,96.469,248.526,ok,
runA,cam5,2647,96.452,248.526,ok,
runA,cam5,2648,96.388,248.526,ok,
runA,cam5,2649,96.454,248.521,ok,
runA,cam5,2650,96.429,248.517,ok,
runA,cam5,2651,96.432,248.517,ok,
runA,cam5,2652,96.369,248.519,ok,
runA,cam5,2653,96.439,248.519,ok,
runA,cam5,2654,96.421,248.519,ok,
runA,cam5,2655,96.416,248.517,ok,
runA,cam5,2656,96.343,248.517,ok,
runA,cam5,2657,96.423,248.519,ok,
runA,cam5,2658,96.4,248.524,ok,
runA,cam5,2659,96.398,248.519,ok,
runA,cam5,2660,96.335,248.498,ok,
runA,cam5,2661,96.409,248.498,ok,
runA,cam5,2662,96.394,248.517,ok,
runA,cam5,2663,96.394,248.498,ok,
runA,cam5,2664,96.327,248.449,ok,
runA,cam5,2665,96.399,248.449,ok,
runA,cam5,2666,96.383,248.449,ok,
runA,cam5,2667,96.38,248.449,ok,
runA,cam5,2668,96.31,248.449,ok,
runA,cam5,2669,96.383,248.449,ok,
runA,cam5,2670,96.365,248.449,ok,
runA,cam5,2671,96.365,248.449,ok,
runA,cam5,2672,96.302,248.449,ok,
runA,cam5,2673,96.298,248.44,ok,
runB,cam0,0,21.818,81.718,ok,
runB,cam0,1,21.869,81.718,ok,
runB,cam0,2,21.829,81.718,ok,
runB,cam0,3,21.656,81.718,ok,
runB,cam0,4,21.782,81.718,ok,
runB,cam0,5,21.373,81.718,ok,
runB,cam0,6,21.313,81.718,ok,
runB,cam0,7,21.331,81.718,ok,
runB,cam0,8,21.273,81.718,ok,
runB,cam0,9,21.373,81.718,ok,
runB,cam0,10,21.364,81.718,ok,
runB,cam0,11,21.386,81.718,ok,
runB,cam0,12,21.329,81.718,ok,
runB,cam0,13,21.407,81.718,ok,
runB,cam0,14,21.376,81.718,ok,
runB,cam0,15,21.397,81.718,ok,
runB,cam0,16,21.327,81.718,ok,
runB,cam0,17,21.412,81.718,ok,
runB,cam0,18,21.387,81.718,ok,
runB,cam0,19,21.398,81.718,ok,
runB,cam0,20,21.339,81.718,ok,
runB,cam0,21,21.428,81.718,ok,
runB,cam0,22,21.424,81.718,ok,
runB,cam0,23,21.411,81.718,ok,
runB,cam0,24,21.34,81.718,ok,
runB,cam0,25,21.411,81.718,ok,
runB,cam0,26,21.39,81.718,ok,
runB,cam0,27,21.399,81.718,ok,
runB,cam0,28,21.349,81.718,ok,
runB,cam0,29,21.42,81.718,ok,
runB,cam0,30,21.427,81.718,ok,
runB,cam0,31,21.442,81.718,ok,
runB,cam0,32,21.381,81.718,ok,
runB,cam0,33,21.434,81.718,ok,
runB,cam0,34,21.417,81.718,ok,
runB,cam0,35,21.438,81.718,ok,
runB,cam0,36,21.388,81.718,ok,
runB,cam0,37,21.452,81.785,ok,
runB,cam0,38,21.434,81.785,ok,
runB,cam0,39,21.518,81.862,ok,
runB,cam0,40,21.395,81.718,ok,
runB,cam0,41,21.459,81.718,ok,
runB,cam0,42,21.411,81.718,ok,
runB,cam0,43,21.438,81.718,ok,
runB,cam0,44,21.353,81.718,ok,
runB,cam0,45,21.41,81.718,ok,
runB,cam0,46,21.336,81.718,ok,
runB,cam0,47,21.361,81.785,ok,
runB,cam0,48,21.321,81.718,ok,
runB,cam0,49,21.37,81.826,ok,
runB,cam0,50,21.323,81.932,ok,
runB,cam0,51,21.353,82.568,ok,
runB,cam0,52,21.291,82.077,ok,
runB,cam0,53,21.304,82.568,ok,
runB,cam0,54,21.244,82.568,ok,
runB,cam0,55,21.247,82.568,ok,
runB,cam0,56,21.19,81.785,ok,
runB,cam0,57,21.171,81.862,ok,
runB,cam0,58,21.125,81.781,ok,
runB,cam0,59,21.104,81.718,ok,
runB,cam0,60,21.052,81.862,ok,
runB,cam0,61,21.065,81.862,ok,
runB,cam0,62,21.004,82.046,ok,
runB,cam0,63,20.974,81.718,ok,
runB,cam0,64,20.901,81.718,ok,
runB,cam0,65,20.913,81.718,ok,
runB,cam0,66,20.858,81.718,ok,
runB,cam0,67,20.844,81.868,ok,
runB,cam0,68,20.811,82.568,ok,
runB,cam0,69,20.83,82.98,ok,
runB,cam0,70,20.842,83.573,ok,
runB,cam0,71,20.875,84.539,ok,
runB,cam0,72,20.822,84.814,ok,
runB,cam0,73,20.776,86.573,ok,
runB,cam0,74,20.612,87.727,ok,
runB,cam0,75,20.569,89.991,ok,
runB,cam0,76,20.498,91.555,ok,
runB,cam0,77,20.489,92.217,ok,
runB,cam0,78,20.441,90.862,ok,
runB,cam0,79,20.419,93.043,ok,
runB,cam0,80,20.402,93.769,ok,
runB,cam0,81,20.38,95.518,ok,
runB,cam0,82,20.296,97.2,ok,
runB,cam0,83,20.175,98.317,ok,
runB,cam0,84,20.049,99.129,ok,
runB,cam0,85,19.975,100.912,ok,
runB,cam0,86,19.73,102.091,ok,
runB,cam0,87,19.785,101.611,ok,
runB,cam0,88,19.769,103.489,ok,
runB,cam0,89,19.862,103.454,ok,
runB,cam0,90,19.781,103.488,ok,
runB,cam0,91,19.806,105.278,ok,
runB,cam0,92,19.777,105.335,ok,
runB,cam0,93,19.939,106.702,ok,
runB,cam0,94,20.295,108.556,ok,
runB,cam0,95,20.61,107.524,ok,
runB,cam0,96,20.947,108.145,ok,
runB,cam0,97,21.489,108.517,ok,
runB,cam0,98,21.766,109.315,ok,
runB,cam0,99,22.061,108.527,ok,
runB,cam0,100,22.416,110.585,ok,
runB,cam0,101,22.759,112.662,ok,
runB,cam0,102,22.942,112.519,ok,
runB,cam0,103,22.967,111.66,ok,
runB,cam0,104,22.926,112.449,ok,
runB,cam0,105,22.962,110.137,ok,
runB,cam0,106,22.958,109.592,ok,
runB,cam0,107,22.981,106.98,ok,
runB,cam0,108,23.151,107.02,ok,
runB,cam0,109,23.2,106.633,ok,
runB,cam0,110,23.059,106.883,ok,
runB,cam0,111,23.05,104.522,ok,
runB,cam0,112,23.062,107.663,ok,
runB,cam0,113,23.217,110.711,ok,
runB,cam0,114,23.362,114.844,ok,
runB,cam0,115,23.433,119.242,ok,
runB,cam0,116,23.417,119.522,ok,
runB,cam0,117,23.678,121.378,ok,
runB,cam0,118,23.692,121.594,ok,
runB,cam0,119,23.862,121.594,ok,
runB,cam0,120,24.249,122.062,ok,
runB,cam0,121,24.671,122.378,ok,
runB,cam0,122,24.913,122.526,ok,
runB,cam0,123,25.091,122.526,ok,
runB,cam0,124,25.19,122.526,ok,
runB,cam0,125,24.996,122.526,ok,
runB,cam0,126,25.231,122.526,ok,
runB,cam0,127,25.471,122.526,ok,
runB,cam0,128,25.66,122.637,ok,
runB,cam0,129,26.09,122.739,ok,
runB,cam0,130,26.352,122.888,ok,
runB,cam0,131,26.483,122.888,ok,
runB,cam0,132,26.377,123.526,ok,
runB,cam0,133,26.535,123.598,ok,
runB,cam0,134,26.62,125.174,ok,
runB,cam0,135,26.649,125.386,ok,
runB,cam0,136,26.322,125.277,ok,
runB,cam0,137,25.882,123.598,ok,
runB,cam0,138,25.509,122.738,ok,
runB,cam0,139,25.643,122.598,ok,
runB,cam0,140,25.565,123.598,ok,
runB,cam0,141,25.975,126.892,ok,
runB,cam0,142,25.09,127.564,ok,
runB,cam0,143,25.311,126.676,ok,
runB,cam0,144,25.035,126.642,ok,
runB,cam0,145,24.843,127.598,ok,
runB,cam0,146,24.907,127.524,ok,
runB,cam0,147,25.064,126.676,ok,
runB,cam0,148,25.386,127.423,ok,
runB,cam0,149,25.445,127.747,ok,
runB,cam0,150,25.482,128.676,ok,
runB,cam0,151,25.121,128.285,ok,
runB,cam0,152,24.538,126.082,ok,
runB,cam0,153,23.8,126.466,ok,
runB,cam0,154,23.337,126.386,ok,
runB,cam0,155,22.993,125.82,ok,
runB,cam0,156,22.665,127.238,ok,
runB,cam0,157,22.764,127.598,ok,
runB,cam0,158,22.707,124.182,ok,
runB,cam0,159,22.401,122.815,ok,
runB,cam0,160,21.809,122.033,ok,
runB,cam0,161,21.447,121.288,ok,
runB,cam0,162,21.41,118.667,ok,
runB,cam0,163,21.524,108.493,ok,
runB,cam0,164,21.427,94.552,ok,
runB,cam0,165,21.204,90.728,ok,
runB,cam0,166,20.917,93.308,ok,
runB,cam0,167,20.94,93.982,ok,
runB,cam0,168,20.981,94.513,ok,
runB,cam0,169,21.043,92.599,ok,
runB,cam0,170,21.952,105.579,ok,
runB,cam0,171,22.946,109.698,ok,
runB,cam0,172,24.218,118.241,ok,
runB,cam0,173,25.278,121.388,ok,
runB,cam0,174,26.088,122.534,ok,
runB,cam0,175,27.091,125.483,ok,
runB,cam0,176,27.529,126.719,ok,
runB,cam0,177,28.408,127.697,ok,
runB,cam0,178,29.525,131.604,ok,
runB,cam0,179,30.57,133.676,ok,
runB,cam0,180,31.912,133.676,ok,
runB,cam0,181,33.612,133.676,ok,
runB,cam0,182,35.627,134.644,ok,
runB,cam0,183,37.009,137.105,ok,
runB,cam0,184,38.626,139.427,ok,
runB,cam0,185,39.367,139.608,ok,
runB,cam0,186,40.277,139.608,ok,
runB,cam0,187,40.473,139.463,ok,
runB,cam0,188,41.144,139.608,ok,
runB,cam0,189,41.786,139.676,ok,
runB,cam0,190,42.002,139.45,ok,
runB,cam0,191,42.299,138.888,ok,
runB,cam0,192,42.705,138.604,ok,
runB,cam0,193,42.951,137.597,ok,
runB,cam0,194,42.86,137.322,ok,
runB,cam0,195,42.548,137.322,ok,
runB,cam0,196,41.767,137.322,ok,
runB,cam0,197,41.364,137.322,ok,
runB,cam0,198,40.687,136.68,ok,
runB,cam0,199,40.118,136.109,ok,
runB,cam0,200,39.478,135.608,ok,
runB,cam0,201,39.223,134.676,ok,
runB,cam0,202,39.56,134.314,ok,
runB,cam0,203,40.189,134.283,ok,
runB,cam0,204,40.759,134.215,ok,
runB,cam0,205,41.38,134.608,ok,
runB,cam0,206,41.318,134.564,ok,
runB,cam0,207,40.949,134.828,ok,
runB,cam0,208,39.637,134.82,ok,
runB,cam0,209,38.593,134.676,ok,
runB,cam0,210,37.018,134.451,ok,
runB,cam0,211,35.719,134.378,ok,
runB,cam0,212,33.87,133.676,ok,
runB,cam0,213,33.017,133.655,ok,
runB,cam0,214,32.42,134.016,ok,
runB,cam0,215,30.754,133.676,ok,
runB,cam0,216,29.094,132.531,ok,
runB,cam0,217,28.394,133.156,ok,
runB,cam0,218,28.027,132.31,ok,
runB,cam0,219,27.31,129.598,ok,
runB,cam0,220,24.405,126.676,ok,
runB,cam0,221,21.333,119.685,ok,
runB,cam0,222,18.891,113.564,ok,
runB,cam0,223,18.127,116.119,ok,
runB,cam0,224,18.096,114.598,ok,
runB,cam0,225,18.207,119.149,ok,
runB,cam0,226,18.433,119.676,ok,
runB,cam0,227,18.492,121.888,ok,
runB,cam0,228,18.464,126.037,ok,
runB,cam0,229,19.407,127.109,ok,
runB,cam0,230,19.485,127.109,ok,
runB,cam0,231,18.943,125.253,ok,
runB,cam0,232,17.948,123.225,ok,
runB,cam0,233,16.235,119.171,ok,
runB,cam0,234,14.636,119.024,ok,
runB,cam0,235,12.629,113.045,ok,
runB,cam0,236,10.66,82.351,too_dark,
runB,cam0,237,9.111,45.016,too_dark,
runB,cam0,238,7.861,31.612,too_dark,
runB,cam0,239,7.213,30.469,too_dark,
runB,cam0,240,6.589,26.21,too_dark,
runB,cam0,241,6.586,26.64,too_dark,
runB,cam0,242,6.942,28.355,too_dark,
runB,cam0,243,7.309,29.001,too_dark,
runB,cam0,244,8.053,32.21,too_dark,
runB,cam0,245,9.107,33.785,too_dark,
runB,cam0,246,10.918,37.042,too_dark,
runB,cam0,247,13.215,39.065,too_dark,
runB,cam0,248,17.036,39.785,too_dark,
runB,cam0,249,19.116,40.64,ok,
runB,cam0,250,19.976,44.217,ok,
runB,cam0,251,20.16,46.785,ok,
runB,cam0,252,18.819,48.065,ok,
runB,cam0,253,14.784,46.652,ok,
runB,cam0,254,10.963,44.578,too_dark,
runB,cam0,255,8.444,40.72,too_dark,
runB,cam0,256,7.564,37.146,too_dark,
runB,cam0,257,7.779,38.58,too_dark,
runB,cam0,258,7.921,39.408,too_dark,
runB,cam0,259,8.175,42.473,too_dark,
runB,cam0,260,8.556,45.369,too_dark,
runB,cam0,261,8.959,48.3,too_dark,
runB,cam0,262,9.484,52.693,too_dark,
runB,cam0,263,10.017,58.436,too_dark,
runB,cam0,264,11.115,63.291,too_dark,
runB,cam0,265,12.238,66.979,ok,
runB,cam0,266,13.055,70.445,ok,
runB,cam0,267,12.426,66.73,ok,
runB,cam0,268,11.343,60.73,too_dark,
runB,cam0,269,10.422,53.652,too_dark,
runB,cam0,270,10.011,51.514,too_dark,
runB,cam0,271,10.111,53.733,too_dark,
runB,cam0,272,10.323,55.621,too_dark,
runB,cam0,273,10.508,56.232,too_dark,
runB,cam0,274,10.966,59.138,too_dark,
runB,cam0,275,11.464,62.2,too_dark,
runB,cam0,276,12.179,68.655,ok,
runB,cam0,277,12.949,76.841,ok,
runB,cam0,278,13.682,82.91,ok,
runB,cam0,279,14.573,94.0,ok,
runB,cam0,280,15.362,106.888,ok,
runB,cam0,281,16.36,115.888,ok,
runB,cam0,282,17.371,122.033,ok,
runB,cam0,283,18.387,125.82,ok,
runB,cam0,284,19.115,126.307,ok,
runB,cam0,285,19.874,127.109,ok,
runB,cam0,286,20.114,127.109,ok,
runB,cam0,287,20.46,126.82,ok,
runB,cam0,288,20.472,126.252,ok,
runB,cam0,289,20.462,126.037,ok,
runB,cam0,290,20.493,126.037,ok,
runB,cam0,291,20.387,125.82,ok,
runB,cam0,292,20.161,125.037,ok,
runB,cam0,293,20.133,115.525,ok,
runB,cam0,294,20.358,110.983,ok,
runB,cam0,295,20.68,111.896,ok,
runB,cam0,296,21.64,122.816,ok,
runB,cam0,297,22.217,124.604,ok,
runB,cam0,298,23.337,123.989,ok,
runB,cam0,299,24.614,129.109,ok,
runB,cam0,300,25.032,131.604,ok,
runB,cam0,301,25.235,129.319,ok,
runB,cam0,302,25.304,126.037,ok,
runB,cam0,303,25.383,121.526,ok,
runB,cam0,304,25.398,117.898,ok,
runB,cam0,305,25.42,111.427,ok,
runB,cam0,306,25.257,107.398,ok,
runB,cam0,307,25.023,99.973,ok,
runB,cam0,308,24.806,95.386,ok,
runB,cam0,309,24.49,91.319,ok,
runB,cam0,310,24.103,88.343,ok,
runB,cam0,311,24.026,93.42,ok,
runB,cam0,312,24.089,101.381,ok,
runB,cam0,313,24.097,106.711,ok,
runB,cam0,314,23.926,109.045,ok,
runB,cam0,315,23.14,106.36,ok,
runB,cam0,316,22.067,84.522,ok,
runB,cam0,317,21.077,74.516,ok,
runB,cam0,318,20.687,71.303,ok,
runB,cam0,319,20.29,68.592,ok,
runB,cam0,320,20.146,69.407,ok,
runB,cam0,321,19.897,69.62,ok,
runB,cam0,322,19.688,75.702,ok,
runB,cam0,323,19.252,74.336,ok,
runB,cam0,324,18.755,75.325,ok,
runB,cam0,325,18.509,75.873,ok,
runB,cam0,326,18.028,76.232,ok,
runB,cam0,327,17.634,72.874,ok,
runB,cam0,328,17.551,77.81,ok,
runB,cam0,329,17.559,86.638,ok,
runB,cam0,330,17.362,89.174,ok,
runB,cam0,331,17.385,95.668,ok,
runB,cam0,332,17.289,100.816,ok,
runB,cam0,333,17.07,98.606,ok,
runB,cam0,334,16.907,102.371,ok,
runB,cam0,335,16.488,98.026,ok,
runB,cam0,336,16.019,92.384,ok,
runB,cam0,337,15.732,90.49,ok,
runB,cam0,338,15.516,92.427,ok,
runB,cam0,339,14.905,81.765,ok,
runB,cam0,340,14.607,79.622,ok,
runB,cam0,341,14.201,75.584,ok,
runB,cam0,342,13.766,72.598,ok,
runB,cam0,343,13.288,70.915,ok,
runB,cam0,344,12.932,68.91,ok,
runB,cam0,345,12.694,65.263,ok,
runB,cam0,346,12.554,64.449,ok,
runB,cam0,347,12.449,63.913,ok,
runB,cam0,348,12.251,63.228,ok,
runB,cam0,349,12.047,62.445,ok,
runB,cam0,350,12.086,64.444,ok,
runB,cam0,351,12.051,65.415,ok,
runB,cam0,352,12.189,67.589,ok,
runB,cam0,353,12.215,67.778,ok,
runB,cam0,354,12.285,67.44,ok,
runB,cam0,355,12.45,70.268,ok,
runB,cam0,356,12.43,71.303,ok,
runB,cam0,357,12.642,70.799,ok,
runB,cam0,358,12.858,73.594,ok,
runB,cam0,359,13.077,76.654,ok,
runB,cam0,360,13.227,78.772,ok,
runB,cam0,361,13.439,79.992,ok,
runB,cam0,362,13.615,83.084,ok,
runB,cam0,363,13.833,87.483,ok,
runB,cam0,364,13.715,88.95,ok,
runB,cam0,365,14.189,92.888,ok,
runB,cam0,366,14.611,97.749,ok,
runB,cam0,367,14.517,95.566,ok,
runB,cam0,368,14.955,97.504,ok,
runB,cam0,369,14.882,97.816,ok,
runB,cam0,370,14.662,98.456,ok,
runB,cam0,371,14.776,98.36,ok,
runB,cam0,372,15.008,100.526,ok,
runB,cam0,373,15.204,100.526,ok,
runB,cam0,374,15.429,100.888,ok,
runB,cam0,375,15.299,100.535,ok,
runB,cam0,376,15.323,99.351,ok,
runB,cam0,377,15.0,99.316,ok,
runB,cam0,378,15.096,99.813,ok,
runB,cam0,379,15.543,104.428,ok,
runB,cam0,380,15.959,105.773,ok,
runB,cam0,381,16.386,107.917,ok,
runB,cam0,382,16.776,109.97,ok,
runB,cam0,383,17.267,112.743,ok,
runB,cam0,384,17.647,115.592,ok,
runB,cam0,385,17.874,117.608,ok,
runB,cam0,386,17.824,117.924,ok,
runB,cam0,387,17.679,118.61,ok,
runB,cam0,388,17.407,117.498,ok,
runB,cam0,389,17.288,114.534,ok,
runB,cam0,390,17.35,113.109,ok,
runB,cam0,391,17.611,116.228,ok,
runB,cam0,392,18.107,120.82,ok,
runB,cam0,393,18.792,124.604,ok,
runB,cam0,394,19.059,125.676,ok,
runB,cam0,395,19.114,126.608,ok,
runB,cam0,396,19.086,126.608,ok,
runB,cam0,397,19.192,126.82,ok,
runB,cam0,398,19.421,127.109,ok,
runB,cam0,399,19.466,127.109,ok,
runB,cam0,400,19.605,127.466,ok,
runB,cam0,401,19.824,127.297,ok,
runB,cam0,402,19.657,126.82,ok,
runB,cam0,403,19.865,126.427,ok,
runB,cam0,404,20.123,126.037,ok,
runB,cam0,405,20.153,126.037,ok,
runB,cam0,406,20.081,126.037,ok,
runB,cam0,407,20.063,125.037,ok,
runB,cam0,408,19.828,120.603,ok,
runB,cam0,409,19.563,113.462,ok,
runB,cam0,410,19.221,101.736,ok,
runB,cam0,411,19.049,97.276,ok,
runB,cam0,412,19.099,95.107,ok,
runB,cam0,413,19.149,92.102,ok,
runB,cam0,414,19.162,89.17,ok,
runB,cam0,415,19.292,90.238,ok,
runB,cam0,416,19.492,90.892,ok,
runB,cam0,417,19.887,92.747,ok,
runB,cam0,418,20.402,96.052,ok,
runB,cam0,419,20.888,97.771,ok,
runB,cam0,420,21.322,98.601,ok,
runB,cam0,421,21.857,99.134,ok,
runB,cam0,422,22.383,102.283,ok,
runB,cam0,423,22.907,103.386,ok,
runB,cam0,424,23.108,105.349,ok,
runB,cam0,425,22.966,105.494,ok,
runB,cam0,426,23.075,108.25,ok,
runB,cam0,427,23.112,108.35,ok,
runB,cam0,428,23.246,109.526,ok,
runB,cam0,429,23.184,111.671,ok,
runB,cam0,430,23.133,113.603,ok,
runB,cam0,431,23.455,114.679,ok,
runB,cam0,432,23.879,115.676,ok,
runB,cam0,433,24.515,118.241,ok,
runB,cam0,434,25.075,119.526,ok,
runB,cam0,435,25.65,121.245,ok,
runB,cam0,436,26.472,122.816,ok,
runB,cam0,437,27.326,125.501,ok,
runB,cam0,438,28.422,127.478,ok,
runB,cam0,439,29.342,128.673,ok,
runB,cam0,440,29.942,129.109,ok,
runB,cam0,441,30.722,131.603,ok,
runB,cam0,442,31.289,131.608,ok,
runB,cam0,443,32.12,130.643,ok,
runB,cam0,444,32.578,130.322,ok,
runB,cam0,445,33.512,131.243,ok,
runB,cam0,446,34.113,130.322,ok,
runB,cam0,447,34.843,132.037,ok,
runB,cam0,448,35.441,133.037,ok,
runB,cam0,449,36.045,133.285,ok,
runB,cam0,450,36.771,134.526,ok,
runB,cam0,451,37.352,135.109,ok,
runB,cam0,452,37.779,135.648,ok,
runB,cam0,453,37.988,136.109,ok,
runB,cam0,454,37.573,135.608,ok,
runB,cam0,455,37.141,135.322,ok,
runB,cam0,456,36.395,135.425,ok,
runB,cam0,457,35.732,135.109,ok,
runB,cam0,458,34.402,135.109,ok,
runB,cam0,459,32.934,135.109,ok,
runB,cam0,460,31.156,134.957,ok,
runB,cam0,461,28.924,134.608,ok,
runB,cam0,462,26.989,134.493,ok,
runB,cam0,463,25.121,133.034,ok,
runB,cam0,464,23.107,120.574,ok,
runB,cam0,465,21.656,111.427,ok,
runB,cam0,466,20.86,109.105,ok,
runB,cam0,467,20.565,111.82,ok,
runB,cam0,468,20.426,115.795,ok,
runB,cam0,469,20.731,119.526,ok,
runB,cam0,470,21.74,120.82,ok,
runB,cam0,471,23.064,122.057,ok,
runB,cam0,472,24.332,124.82,ok,
runB,cam0,473,26.202,127.598,ok,
runB,cam0,474,27.809,129.526,ok,
runB,cam0,475,28.882,128.601,ok,
runB,cam0,476,29.331,127.322,ok,
runB,cam0,477,29.857,127.109,ok,
runB,cam0,478,30.041,126.608,ok,
runB,cam0,479,30.319,126.037,ok,
runB,cam0,480,30.633,126.037,ok,
runB,cam0,481,31.065,126.037,ok,
runB,cam0,482,31.437,125.608,ok,
runB,cam0,483,31.489,125.037,ok,
runB,cam0,484,31.378,125.037,ok,
runB,cam0,485,31.115,123.322,ok,
runB,cam0,486,30.934,122.322,ok,
runB,cam0,487,30.727,119.638,ok,
runB,cam0,488,30.635,116.322,ok,
runB,cam0,489,30.522,112.108,ok,
runB,cam0,490,30.168,109.569,ok,
runB,cam0,491,29.859,108.892,ok,
runB,cam0,492,29.654,108.749,ok,
runB,cam0,493,29.666,109.322,ok,
runB,cam0,494,29.472,109.819,ok,
runB,cam0,495,29.641,112.037,ok,
runB,cam0,496,29.676,113.65,ok,
runB,cam0,497,30.155,115.369,ok,
runB,cam0,498,30.243,117.574,ok,
runB,cam0,499,29.822,119.218,ok,
runB,cam0,500,29.703,120.109,ok,
runB,cam0,501,29.382,120.109,ok,
runB,cam0,502,29.345,121.156,ok,
runB,cam0,503,29.346,122.322,ok,
runB,cam0,504,29.734,122.892,ok,
runB,cam0,505,29.818,122.668,ok,
runB,cam0,506,30.117,122.347,ok,
runB,cam0,507,29.964,121.727,ok,
runB,cam0,508,29.799,122.845,ok,
runB,cam0,509,29.917,121.088,ok,
runB,cam0,510,29.333,118.82,ok,
runB,cam0,511,28.645,117.597,ok,
runB,cam0,512,28.087,117.608,ok,
runB,cam0,513,27.189,114.568,ok,
runB,cam0,514,27.884,118.82,ok,
runB,cam0,515,27.036,119.608,ok,
runB,cam0,516,25.915,119.684,ok,
runB,cam0,517,24.335,119.037,ok,
runB,cam0,518,22.589,119.828,ok,
runB,cam0,519,20.345,118.828,ok,
runB,cam0,520,17.818,105.82,ok,
runB,cam0,521,15.419,95.336,ok,
runB,cam0,522,12.65,67.619,ok,
runB,cam0,523,10.84,47.004,too_dark,
runB,cam0,524,9.814,39.58,too_dark,
runB,cam0,525,9.372,39.652,too_dark,
runB,cam0,526,9.984,59.51,too_dark,
runB,cam0,527,10.037,65.301,too_dark,
runB,cam0,528,9.465,39.185,too_dark,
runB,cam0,529,9.622,39.299,too_dark,
runB,cam0,530,10.194,44.551,too_dark,
runB,cam0,531,10.635,47.295,too_dark,
runB,cam0,532,11.143,51.912,too_dark,
runB,cam0,533,12.314,61.062,ok,
runB,cam0,534,13.392,68.015,ok,
runB,cam0,535,15.263,85.862,ok,
runB,cam0,536,16.782,95.163,ok,
runB,cam0,537,18.268,103.373,ok,
runB,cam0,538,19.881,108.598,ok,
runB,cam0,539,22.242,110.531,ok,
runB,cam0,540,24.441,111.676,ok,
runB,cam0,541,27.946,112.82,ok,
runB,cam0,542,32.206,107.603,ok,
runB,cam0,543,34.054,66.369,ok,
runB,cam0,544,32.887,67.862,ok,
runB,cam0,545,30.01,74.231,ok,
runB,cam0,546,24.473,84.522,ok,
runB,cam0,547,19.203,86.598,ok,
runB,cam0,548,15.868,66.733,ok,
runB,cam0,549,15.41,64.015,ok,
runB,cam0,550,15.665,86.316,ok,
runB,cam0,551,15.823,97.742,ok,
runB,cam0,552,14.933,71.524,ok,
runB,cam0,553,14.431,56.793,ok,
runB,cam0,554,14.061,58.345,ok,
runB,cam0,555,14.259,59.518,ok,
runB,cam0,556,14.525,71.264,ok,
runB,cam0,557,15.204,104.159,ok,
runB,cam0,558,14.907,106.409,ok,
runB,cam0,559,14.741,89.44,ok,
runB,cam0,560,14.47,65.152,ok,
runB,cam0,561,14.796,60.785,ok,
runB,cam0,562,16.547,76.776,ok,
runB,cam0,563,18.13,84.414,ok,
runB,cam0,564,20.286,87.769,ok,
runB,cam0,565,23.068,106.264,ok,
runB,cam0,566,25.588,113.41,ok,
runB,cam0,567,26.68,119.82,ok,
runB,cam0,568,26.245,117.672,ok,
runB,cam0,569,25.179,119.82,ok,
runB,cam0,570,24.613,121.526,ok,
runB,cam0,571,26.166,120.943,ok,
runB,cam0,572,29.2,123.322,ok,
runB,cam0,573,33.011,127.715,ok,
runB,cam0,574,35.214,132.35,ok,
runB,cam0,575,35.822,136.939,ok,
runB,cam0,576,35.344,137.322,ok,
runB,cam0,577,33.67,135.943,ok,
runB,cam0,578,31.99,135.134,ok,
runB,cam0,579,32.926,135.594,ok,
runB,cam0,580,34.726,135.727,ok,
runB,cam0,581,36.98,136.369,ok,
runB,cam0,582,38.754,139.037,ok,
runB,cam0,583,38.981,137.322,ok,
runB,cam0,584,38.073,136.109,ok,
runB,cam0,585,36.308,135.608,ok,
runB,cam0,586,33.222,136.109,ok,
runB,cam0,587,28.825,135.828,ok,
runB,cam0,588,25.533,123.493,ok,
runB,cam0,589,25.168,124.606,ok,
runB,cam0,590,26.796,123.566,ok,
runB,cam0,591,29.388,132.386,ok,
runB,cam0,592,30.05,133.522,ok,
runB,cam0,593,32.689,133.943,ok,
runB,cam0,594,35.243,132.386,ok,
runB,cam0,595,38.413,130.389,ok,
runB,cam0,596,39.888,132.037,ok,
runB,cam0,597,40.398,137.322,ok,
runB,cam0,598,38.56,138.391,ok,
runB,cam0,599,36.283,138.463,ok,
runB,cam0,600,34.482,138.391,ok,
runB,cam0,601,32.524,136.109,ok,
runB,cam0,602,29.651,132.885,ok,
runB,cam0,603,28.247,132.35,ok,
runB,cam0,604,28.791,133.655,ok,
runB,cam0,605,29.536,133.378,ok,
runB,cam0,606,30.755,134.196,ok,
runB,cam0,607,32.574,136.109,ok,
runB,cam0,608,34.136,137.939,ok,
runB,cam0,609,35.609,139.386,ok,
runB,cam0,610,36.608,139.484,ok,
runB,cam0,611,38.342,139.948,ok,
runB,cam0,612,41.528,140.037,ok,
runB,cam0,613,44.464,140.676,ok,
runB,cam0,614,44.71,140.606,ok,
runB,cam0,615,43.616,139.824,ok,
runB,cam0,616,43.448,139.655,ok,
runB,cam0,617,43.2,138.576,ok,
runB,cam0,618,43.753,138.399,ok,
runB,cam0,619,43.894,137.445,ok,
runB,cam0,620,43.55,137.322,ok,
runB,cam0,621,43.705,137.382,ok,
runB,cam0,622,43.133,132.253,ok,
runB,cam0,623,41.61,129.53,ok,
runB,cam0,624,41.082,133.064,ok,
runB,cam0,625,40.594,135.519,ok,
runB,cam0,626,38.487,131.741,ok,
runB,cam0,627,37.069,127.109,ok,
runB,cam0,628,37.404,127.109,ok,
runB,cam0,629,38.245,132.037,ok,
runB,cam0,630,38.446,135.109,ok,
runB,cam0,631,39.606,136.684,ok,
runB,cam0,632,40.484,136.939,ok,
runB,cam0,633,39.557,135.156,ok,
runB,cam0,634,38.595,134.378,ok,
runB,cam0,635,37.23,133.241,ok,
runB,cam0,636,36.341,129.562,ok,
runB,cam0,637,35.854,128.109,ok,
runB,cam0,638,36.436,134.253,ok,
runB,cam0,639,36.242,135.676,ok,
runB,cam0,640,35.267,132.31,ok,
runB,cam0,641,35.748,135.341,ok,
runB,cam0,642,34.496,135.684,ok,
runB,cam0,643,30.14,135.727,ok,
runB,cam0,644,29.613,133.037,ok,
runB,cam0,645,34.707,135.727,ok,
runB,cam0,646,35.274,137.939,ok,
runB,cam0,647,33.227,134.31,ok,
runB,cam0,648,34.483,134.301,ok,
runB,cam0,649,39.401,135.727,ok,
runB,cam0,650,43.955,137.97,ok,
runB,cam0,651,45.846,140.655,ok,
runB,cam0,652,44.845,140.442,ok,
runB,cam0,653,43.53,139.676,ok,
runB,cam0,654,42.763,139.442,ok,
runB,cam0,655,42.345,139.037,ok,
runB,cam0,656,41.837,138.399,ok,
runB,cam0,657,41.213,137.727,ok,
runB,cam0,658,40.772,138.399,ok,
runB,cam0,659,40.24,138.399,ok,
runB,cam0,660,40.255,137.322,ok,
runB,cam0,661,40.718,136.253,ok,
runB,cam0,662,40.83,136.684,ok,
runB,cam0,663,41.82,136.099,ok,
runB,cam0,664,42.941,136.68,ok,
runB,cam0,665,44.625,137.412,ok,
runB,cam0,666,45.099,136.109,ok,
runB,cam0,667,46.085,134.684,ok,
runB,cam0,668,47.608,136.684,ok,
runB,cam0,669,47.182,136.68,ok,
runB,cam0,670,46.207,136.684,ok,
runB,cam0,671,44.568,136.684,ok,
runB,cam0,672,42.127,136.684,ok,
runB,cam0,673,39.177,136.265,ok,
runB,cam0,674,35.6,136.253,ok,
runB,cam0,675,30.81,136.004,ok,
runB,cam0,676,23.929,133.506,ok,
runB,cam0,677,17.08,90.024,ok,
runB,cam0,678,15.622,88.824,ok,
runB,cam0,679,16.883,106.304,ok,
runB,cam0,680,18.306,129.338,ok,
runB,cam0,681,20.316,128.08,ok,
runB,cam0,682,23.612,122.421,ok,
runB,cam0,683,27.215,121.996,ok,
runB,cam0,684,30.585,122.598,ok,
runB,cam0,685,32.505,124.82,ok,
runB,cam0,686,33.552,126.739,ok,
runB,cam0,687,34.353,128.943,ok,
runB,cam0,688,35.611,132.993,ok,
runB,cam0,689,36.268,134.943,ok,
runB,cam0,690,36.617,134.943,ok,
runB,cam0,691,36.546,133.655,ok,
runB,cam0,692,36.626,133.522,ok,
runB,cam0,693,38.674,134.088,ok,
runB,cam0,694,42.866,135.943,ok,
runB,cam0,695,43.858,136.109,ok,
runB,cam0,696,44.678,137.105,ok,
runB,cam0,697,45.791,137.939,ok,
runB,cam0,698,46.496,137.727,ok,
runB,cam0,699,47.323,137.322,ok,
runB,cam0,700,47.984,137.322,ok,
runB,cam0,701,48.688,138.606,ok,
runB,cam0,702,48.983,139.037,ok,
runB,cam0,703,49.103,138.82,ok,
runB,cam0,704,49.359,138.82,ok,
runB,cam0,705,49.409,138.608,ok,
runB,cam0,706,49.378,138.82,ok,
runB,cam0,707,48.684,139.037,ok,
runB,cam0,708,47.414,139.005,ok,
runB,cam0,709,46.208,137.322,ok,
runB,cam0,710,44.318,135.997,ok,
runB,cam0,711,43.091,135.088,ok,
runB,cam0,712,43.917,134.655,ok,
runB,cam0,713,45.175,135.943,ok,
runB,cam0,714,46.748,137.322,ok,
runB,cam0,715,47.798,136.939,ok,
runB,cam0,716,49.238,137.322,ok,
runB,cam0,717,50.844,138.907,ok,
runB,cam0,718,52.118,139.278,ok,
runB,cam0,719,53.102,140.037,ok,
runB,cam0,720,53.769,140.037,ok,
runB,cam0,721,54.134,140.037,ok,
runB,cam0,722,54.451,140.037,ok,
runB,cam0,723,54.817,140.037,ok,
runB,cam0,724,55.002,140.037,ok,
runB,cam0,725,55.637,140.037,ok,
runB,cam0,726,56.113,140.382,ok,
runB,cam0,727,56.178,140.522,ok,
runB,cam0,728,56.253,140.421,ok,
runB,cam0,729,56.519,140.684,ok,
runB,cam0,730,57.041,140.684,ok,
runB,cam0,731,57.267,141.104,ok,
runB,cam0,732,57.551,141.109,ok,
runB,cam0,733,57.661,141.109,ok,
runB,cam0,734,57.446,141.109,ok,
runB,cam0,735,58.045,141.383,ok,
runB,cam0,736,58.065,141.215,ok,
runB,cam0,737,58.48,141.109,ok,
runB,cam0,738,58.735,141.109,ok,
runB,cam0,739,59.666,141.522,ok,
runB,cam0,740,60.811,141.416,ok,
runB,cam0,741,61.702,141.977,ok,
runB,cam0,742,62.118,141.608,ok,
runB,cam0,743,62.171,140.955,ok,
runB,cam0,744,61.632,140.037,ok,
runB,cam0,745,61.252,140.348,ok,
runB,cam0,746,61.281,139.894,ok,
runB,cam0,747,61.572,139.82,ok,
runB,cam0,748,62.623,140.037,ok,
runB,cam0,749,63.636,140.179,ok,
runB,cam0,750,64.448,140.416,ok,
runB,cam0,751,65.049,140.633,ok,
runB,cam0,752,65.368,140.517,ok,
runB,cam0,753,65.408,140.376,ok,
runB,cam0,754,65.504,140.179,ok,
runB,cam0,755,65.787,140.277,ok,
runB,cam0,756,65.805,140.314,ok,
runB,cam0,757,65.482,140.22,ok,
runB,cam0,758,65.326,140.606,ok,
runB,cam0,759,65.003,140.275,ok,
runB,cam0,760,64.838,139.82,ok,
runB,cam0,761,65.19,139.943,ok,
runB,cam0,762,65.607,139.676,ok,
runB,cam0,763,65.947,140.037,ok,
runB,cam0,764,65.913,139.993,ok,
runB,cam0,765,65.828,139.752,ok,
runB,cam0,766,65.725,139.531,ok,
runB,cam0,767,65.645,139.612,ok,
runB,cam0,768,65.597,139.608,ok,
runB,cam0,769,65.592,139.531,ok,
runB,cam0,770,65.646,139.484,ok,
runB,cam0,771,65.453,139.31,ok,
runB,cam0,772,65.188,139.281,ok,
runB,cam0,773,64.948,139.281,ok,
runB,cam0,774,64.663,139.31,ok,
runB,cam0,775,64.284,139.501,ok,
runB,cam0,776,63.847,139.38,ok,
runB,cam0,777,63.564,139.608,ok,
runB,cam0,778,63.451,139.608,ok,
runB,cam0,779,63.079,139.633,ok,
runB,cam0,780,62.63,139.531,ok,
runB,cam0,781,62.356,139.676,ok,
runB,cam0,782,62.406,139.608,ok,
runB,cam0,783,62.453,139.387,ok,
runB,cam0,784,62.193,138.399,ok,
runB,cam0,785,61.995,137.498,ok,
runB,cam0,786,61.671,136.939,ok,
runB,cam0,787,61.527,137.322,ok,
runB,cam0,788,61.646,137.594,ok,
runB,cam0,789,61.697,138.095,ok,
runB,cam0,790,61.841,138.608,ok,
runB,cam0,791,62.014,138.967,ok,
runB,cam0,792,61.759,139.037,ok,
runB,cam0,793,60.938,139.037,ok,
runB,cam0,794,59.889,138.967,ok,
runB,cam0,795,58.85,139.037,ok,
runB,cam0,796,57.501,139.037,ok,
runB,cam0,797,56.267,138.82,ok,
runB,cam0,798,55.015,137.665,ok,
runB,cam0,799,54.012,138.606,ok,
runB,cam0,800,53.009,137.963,ok,
runB,cam0,801,51.545,137.534,ok,
runB,cam0,802,50.544,139.165,ok,
runB,cam0,803,49.266,139.253,ok,
runB,cam0,804,47.115,137.466,ok,
runB,cam0,805,46.837,139.61,ok,
runB,cam0,806,45.643,139.82,ok,
runB,cam0,807,43.913,140.037,ok,
runB,cam0,808,41.991,139.634,ok,
runB,cam0,809,40.414,139.634,ok,
runB,cam0,810,38.816,139.037,ok,
runB,cam0,811,36.775,135.109,ok,
runB,cam0,812,34.454,132.612,ok,
runB,cam0,813,33.113,133.392,ok,
runB,cam0,814,32.193,131.399,ok,
runB,cam0,815,31.744,126.533,ok,
runB,cam0,816,31.002,126.522,ok,
runB,cam0,817,30.383,122.598,ok,
runB,cam0,818,32.333,120.68,ok,
runB,cam0,819,35.132,125.253,ok,
runB,cam0,820,36.369,132.939,ok,
runB,cam0,821,35.927,133.684,ok,
runB,cam0,822,34.646,127.828,ok,
runB,cam0,823,34.656,128.598,ok,
runB,cam0,824,35.066,132.542,ok,
runB,cam0,825,32.787,131.608,ok,
runB,cam0,826,30.159,125.82,ok,
runB,cam0,827,28.397,125.783,ok,
runB,cam0,828,26.929,130.28,ok,
runB,cam0,829,25.048,128.73,ok,
runB,cam0,830,23.459,122.777,ok,
runB,cam0,831,22.974,123.769,ok,
runB,cam0,832,23.234,123.526,ok,
runB,cam0,833,23.722,122.598,ok,
runB,cam0,834,25.047,122.526,ok,
runB,cam0,835,25.589,122.888,ok,
runB,cam0,836,25.358,122.888,ok,
runB,cam0,837,25.186,121.113,ok,
runB,cam0,838,24.328,121.186,ok,
runB,cam0,839,22.776,121.684,ok,
runB,cam0,840,21.745,123.197,ok,
runB,cam0,841,22.198,126.386,ok,
runB,cam0,842,24.002,130.594,ok,
runB,cam0,843,27.542,131.604,ok,
runB,cam0,844,30.514,130.382,ok,
runB,cam0,845,32.825,130.956,ok,
runB,cam0,846,34.987,132.634,ok,
runB,cam0,847,35.478,133.037,ok,
runB,cam0,848,36.309,134.71,ok,
runB,cam0,849,36.769,136.822,ok,
runB,cam0,850,36.706,136.943,ok,
runB,cam0,851,36.352,136.109,ok,
runB,cam0,852,35.893,136.109,ok,
runB,cam0,853,35.065,135.608,ok,
runB,cam0,854,33.761,134.449,ok,
runB,cam0,855,32.164,134.109,ok,
runB,cam0,856,29.728,130.132,ok,
runB,cam0,857,28.851,129.777,ok,
runB,cam0,858,28.588,130.594,ok,
runB,cam0,859,29.086,129.526,ok,
runB,cam0,860,30.035,126.676,ok,
runB,cam0,861,31.162,126.463,ok,
runB,cam0,862,31.987,127.248,ok,
runB,cam0,863,34.916,129.828,ok,
runB,cam0,864,37.275,134.249,ok,
runB,cam0,865,37.714,134.144,ok,
runB,cam0,866,37.189,135.253,ok,
runB,cam0,867,35.717,136.109,ok,
runB,cam0,868,33.35,134.684,ok,
runB,cam0,869,31.102,130.466,ok,
runB,cam0,870,28.969,121.608,ok,
runB,cam0,871,29.162,123.322,ok,
runB,cam0,872,30.931,127.82,ok,
runB,cam0,873,33.765,132.271,ok,
runB,cam0,874,37.434,132.655,ok,
runB,cam0,875,42.064,132.484,ok,
runB,cam0,876,46.143,133.037,ok,
runB,cam0,877,49.407,134.109,ok,
runB,cam0,878,51.513,135.109,ok,
runB,cam0,879,53.686,137.322,ok,
runB,cam0,880,55.254,139.612,ok,
runB,cam0,881,55.617,139.655,ok,
runB,cam0,882,55.258,139.634,ok,
runB,cam0,883,54.152,139.634,ok,
runB,cam0,884,53.307,139.037,ok,
runB,cam0,885,52.889,139.032,ok,
runB,cam0,886,51.655,137.594,ok,
runB,cam0,887,49.772,139.009,ok,
runB,cam0,888,47.341,139.531,ok,
runB,cam0,889,45.151,139.037,ok,
runB,cam0,890,43.97,139.037,ok,
runB,cam0,891,42.887,139.13,ok,
runB,cam0,892,40.388,136.739,ok,
runB,cam0,893,37.827,133.31,ok,
runB,cam0,894,36.661,136.095,ok,
runB,cam0,895,35.045,138.535,ok,
runB,cam0,896,33.223,139.655,ok,
runB,cam0,897,32.326,136.109,ok,
runB,cam0,898,32.248,131.399,ok,
runB,cam0,899,33.109,132.828,ok,
runB,cam0,900,34.471,135.109,ok,
runB,cam0,901,34.953,135.936,ok,
runB,cam0,902,34.647,136.109,ok,
runB,cam0,903,34.755,138.082,ok,
runB,cam0,904,34.416,137.466,ok,
runB,cam0,905,34.061,136.534,ok,
runB,cam0,906,33.175,135.253,ok,
runB,cam0,907,32.291,134.29,ok,
runB,cam0,908,30.758,129.68,ok,
runB,cam0,909,28.894,121.718,ok,
runB,cam0,910,27.88,113.139,ok,
runB,cam0,911,27.235,113.316,ok,
runB,cam0,912,26.261,111.676,ok,
runB,cam0,913,25.092,111.82,ok,
runB,cam0,914,24.844,115.568,ok,
runB,cam0,915,25.345,117.608,ok,
runB,cam0,916,24.633,119.037,ok,
runB,cam0,917,24.606,121.109,ok,
runB,cam0,918,24.229,121.506,ok,
runB,cam0,919,24.38,108.033,ok,
runB,cam0,920,24.976,109.68,ok,
runB,cam0,921,25.971,113.676,ok,
runB,cam0,922,27.295,116.534,ok,
runB,cam0,923,28.657,119.676,ok,
runB,cam0,924,28.999,122.322,ok,
runB,cam0,925,29.105,126.253,ok,
runB,cam0,926,29.368,129.109,ok,
runB,cam0,927,29.092,131.426,ok,
runB,cam0,928,28.279,127.109,ok,
runB,cam0,929,27.026,120.82,ok,
runB,cam0,930,26.546,114.888,ok,
runB,cam0,931,26.549,115.598,ok,
runB,cam0,932,27.57,121.109,ok,
runB,cam0,933,30.12,123.377,ok,
runB,cam0,934,34.83,127.522,ok,
runB,cam0,935,38.978,127.82,ok,
runB,cam0,936,42.55,128.297,ok,
runB,cam0,937,45.169,129.682,ok,
runB,cam0,938,47.082,133.037,ok,
runB,cam0,939,48.472,136.68,ok,
runB,cam0,940,49.685,143.109,ok,
runB,cam0,941,50.332,146.608,ok,
runB,cam0,942,50.562,147.396,ok,
runB,cam0,943,49.61,147.608,ok,
runB,cam0,944,49.7,147.608,ok,
runB,cam0,945,49.005,147.608,ok,
runB,cam0,946,47.852,147.253,ok,
runB,cam0,947,47.308,146.608,ok,
runB,cam0,948,46.656,145.608,ok,
runB,cam0,949,45.728,145.608,ok,
runB,cam0,950,45.061,145.608,ok,
runB,cam0,951,44.176,146.037,ok,
runB,cam0,952,43.574,146.54,ok,
runB,cam0,953,43.128,146.44,ok,
runB,cam0,954,42.778,144.322,ok,
runB,cam0,955,42.466,143.68,ok,
runB,cam0,956,42.552,142.608,ok,
runB,cam0,957,42.537,137.138,ok,
runB,cam0,958,42.522,134.709,ok,
runB,cam0,959,42.541,135.322,ok,
runB,cam0,960,42.672,137.382,ok,
runB,cam0,961,42.516,135.68,ok,
runB,cam0,962,42.538,139.608,ok,
runB,cam0,963,42.354,141.316,ok,
runB,cam0,964,42.227,145.902,ok,
runB,cam0,965,42.018,145.608,ok,
runB,cam0,966,42.102,146.608,ok,
runB,cam0,967,42.114,147.791,ok,
runB,cam0,968,42.333,147.463,ok,
runB,cam0,969,42.422,146.608,ok,
runB,cam0,970,41.511,141.606,ok,
runB,cam0,971,41.245,136.808,ok,
runB,cam0,972,41.131,139.608,ok,
runB,cam0,973,40.896,141.67,ok,
runB,cam0,974,41.0,146.034,ok,
runB,cam0,975,41.122,148.608,ok,
runB,cam0,976,40.784,148.608,ok,
runB,cam0,977,40.618,149.182,ok,
runB,cam0,978,40.245,146.608,ok,
runB,cam0,979,40.184,139.683,ok,
runB,cam0,980,39.881,139.608,ok,
runB,cam0,981,40.003,146.34,ok,
runB,cam0,982,40.167,147.608,ok,
runB,cam0,983,40.076,150.079,ok,
runB,cam0,984,40.12,152.604,ok,
runB,cam0,985,39.562,152.612,ok,
runB,cam0,986,39.292,153.608,ok,
runB,cam0,987,38.764,152.391,ok,
runB,cam0,988,38.079,152.608,ok,
runB,cam0,989,37.53,151.868,ok,
runB,cam0,990,37.379,147.179,ok,
runB,cam0,991,36.93,139.608,ok,
runB,cam0,992,36.36,139.608,ok,
runB,cam0,993,36.528,146.608,ok,
runB,cam0,994,36.933,150.109,ok,
runB,cam0,995,36.799,143.392,ok,
runB,cam0,996,36.873,139.295,ok,
runB,cam0,997,36.928,134.608,ok,
runB,cam0,998,36.775,133.174,ok,
runB,cam0,999,37.114,139.608,ok,
runB,cam0,1000,37.308,141.608,ok,
runB,cam0,1001,37.886,153.463,ok,
runB,cam0,1002,38.11,153.859,ok,
runB,cam0,1003,38.145,155.463,ok,
runB,cam0,1004,38.275,150.68,ok,
runB,cam0,1005,37.748,149.608,ok,
runB,cam0,1006,37.306,143.68,ok,
runB,cam0,1007,36.962,142.886,ok,
runB,cam0,1008,36.288,139.354,ok,
runB,cam0,1009,36.016,146.752,ok,
runB,cam0,1010,35.87,149.426,ok,
runB,cam0,1011,35.271,148.603,ok,
runB,cam0,1012,34.914,143.68,ok,
runB,cam0,1013,33.97,136.207,ok,
runB,cam0,1014,33.091,128.741,ok,
runB,cam0,1015,33.75,135.608,ok,
runB,cam0,1016,33.758,134.608,ok,
runB,cam0,1017,34.13,136.854,ok,
runB,cam0,1018,33.723,131.604,ok,
runB,cam0,1019,34.195,139.234,ok,
runB,cam0,1020,34.33,141.676,ok,
runB,cam0,1021,34.342,148.564,ok,
runB,cam0,1022,34.282,146.72,ok,
runB,cam0,1023,33.7,132.82,ok,
runB,cam0,1024,33.645,136.601,ok,
runB,cam0,1025,33.626,128.68,ok,
runB,cam0,1026,33.892,132.386,ok,
runB,cam0,1027,33.467,130.439,ok,
runB,cam0,1028,33.339,132.037,ok,
runB,cam0,1029,33.367,133.037,ok,
runB,cam0,1030,33.409,132.82,ok,
runB,cam0,1031,33.372,133.314,ok,
runB,cam0,1032,33.559,134.711,ok,
runB,cam0,1033,34.181,140.428,ok,
runB,cam0,1034,34.18,142.463,ok,
runB,cam0,1035,33.955,142.54,ok,
runB,cam0,1036,34.058,145.391,ok,
runB,cam0,1037,34.13,147.604,ok,
runB,cam0,1038,33.967,150.034,ok,
runB,cam0,1039,33.881,150.463,ok,
runB,cam0,1040,33.024,146.915,ok,
runB,cam0,1041,32.678,150.463,ok,
runB,cam0,1042,31.962,150.68,ok,
runB,cam0,1043,31.672,146.246,ok,
runB,cam0,1044,30.757,139.531,ok,
runB,cam0,1045,30.736,142.817,ok,
runB,cam0,1046,29.582,140.901,ok,
runB,cam0,1047,29.226,142.789,ok,
runB,cam0,1048,28.912,134.598,ok,
runB,cam0,1049,28.395,136.535,ok,
runB,cam0,1050,27.599,126.386,ok,
runB,cam0,1051,27.385,126.253,ok,
runB,cam0,1052,26.408,126.253,ok,
runB,cam0,1053,26.093,126.928,ok,
runB,cam0,1054,25.27,124.828,ok,
runB,cam0,1055,24.346,119.828,ok,
runB,cam0,1056,23.592,118.824,ok,
runB,cam0,1057,22.529,105.081,ok,
runB,cam0,1058,22.061,105.717,ok,
runB,cam0,1059,21.724,89.675,ok,
runB,cam0,1060,21.505,79.188,ok,
runB,cam0,1061,21.536,76.946,ok,
runB,cam0,1062,21.696,75.351,ok,
runB,cam0,1063,21.306,70.505,ok,
runB,cam0,1064,21.325,70.214,ok,
runB,cam0,1065,21.108,66.469,ok,
runB,cam0,1066,21.07,62.62,ok,
runB,cam0,1067,21.524,65.433,ok,
runB,cam0,1068,21.647,66.264,ok,
runB,cam0,1069,20.92,76.626,ok,
runB,cam0,1070,21.295,78.429,ok,
runB,cam0,1071,22.346,97.448,ok,
runB,cam0,1072,22.87,107.247,ok,
runB,cam0,1073,23.037,113.473,ok,
runB,cam0,1074,23.157,116.296,ok,
runB,cam0,1075,22.931,111.944,ok,
runB,cam0,1076,22.636,115.565,ok,
runB,cam0,1077,21.843,96.539,ok,
runB,cam0,1078,20.72,78.637,ok,
runB,cam0,1079,19.862,74.568,ok,
runB,cam0,1080,19.279,73.66,ok,
runB,cam0,1081,19.053,81.216,ok,
runB,cam0,1082,18.815,91.432,ok,
runB,cam0,1083,18.556,111.728,ok,
runB,cam0,1084,18.301,107.269,ok,
runB,cam0,1085,18.324,116.293,ok,
runB,cam0,1086,18.29,117.61,ok,
runB,cam0,1087,18.406,117.828,ok,
runB,cam0,1088,18.496,118.19,ok,
runB,cam0,1089,18.802,118.463,ok,
runB,cam0,1090,18.922,118.828,ok,
runB,cam0,1091,19.001,118.463,ok,
runB,cam0,1092,19.106,118.828,ok,
runB,cam0,1093,19.31,118.787,ok,
runB,cam0,1094,19.481,118.828,ok,
runB,cam0,1095,19.435,118.824,ok,
runB,cam0,1096,19.305,118.828,ok,
runB,cam0,1097,19.448,118.612,ok,
runB,cam0,1098,19.61,118.253,ok,
runB,cam0,1099,19.825,118.084,ok,
runB,cam0,1100,19.996,118.042,ok,
runB,cam0,1101,20.22,117.726,ok,
runB,cam0,1102,20.252,115.754,ok,
runB,cam0,1103,20.319,114.038,ok,
runB,cam0,1104,20.261,112.501,ok,
runB,cam0,1105,20.424,107.823,ok,
runB,cam0,1106,20.565,101.279,ok,
runB,cam0,1107,20.483,92.243,ok,
runB,cam0,1108,20.429,84.59,ok,
runB,cam0,1109,20.639,82.487,ok,
runB,cam0,1110,20.589,81.19,ok,
runB,cam0,1111,20.657,80.537,ok,
runB,cam0,1112,20.818,80.681,ok,
runB,cam0,1113,20.647,81.328,ok,
runB,cam0,1114,20.554,80.429,ok,
runB,cam0,1115,20.513,78.283,ok,
runB,cam0,1116,20.488,76.611,ok,
runB,cam0,1117,20.42,74.64,ok,
runB,cam0,1118,20.167,72.641,ok,
runB,cam0,1119,20.045,70.837,ok,
runB,cam0,1120,20.038,71.492,ok,
runB,cam0,1121,20.121,70.441,ok,
runB,cam0,1122,20.184,69.575,ok,
runB,cam0,1123,20.192,68.163,ok,
runB,cam0,1124,20.165,67.735,ok,
runB,cam0,1125,20.35,67.282,ok,
runB,cam0,1126,20.536,65.958,ok,
runB,cam0,1127,20.641,63.59,ok,
runB,cam0,1128,20.735,64.399,ok,
runB,cam0,1129,20.873,62.983,ok,
runB,cam0,1130,20.994,60.73,ok,
runB,cam0,1131,20.981,60.39,ok,
runB,cam0,1132,21.031,58.931,ok,
runB,cam0,1133,20.917,57.514,ok,
runB,cam0,1134,20.748,56.75,ok,
runB,cam0,1135,20.657,56.228,ok,
runB,cam0,1136,20.518,56.21,ok,
runB,cam0,1137,20.279,55.165,ok,
runB,cam0,1138,19.955,52.64,ok,
runB,cam0,1139,19.615,48.524,ok,
runB,cam0,1140,19.43,46.656,ok,
runB,cam0,1141,19.342,47.588,ok,
runB,cam0,1142,19.175,49.327,ok,
runB,cam0,1143,19.128,50.398,ok,
runB,cam0,1144,19.081,52.12,ok,
runB,cam0,1145,19.109,53.874,ok,
runB,cam0,1146,19.032,56.893,ok,
runB,cam0,1147,19.037,56.407,ok,
runB,cam0,1148,18.979,55.299,ok,
runB,cam0,1149,18.964,51.475,ok,
runB,cam0,1150,18.919,52.835,ok,
runB,cam0,1151,18.929,52.874,ok,
runB,cam0,1152,18.985,55.227,ok,
runB,cam0,1153,19.026,57.387,ok,
runB,cam0,1154,19.011,57.769,ok,
runB,cam0,1155,18.991,58.49,ok,
runB,cam0,1156,18.971,59.772,ok,
runB,cam0,1157,19.035,62.719,ok,
runB,cam0,1158,19.017,60.591,ok,
runB,cam0,1159,19.036,62.592,ok,
runB,cam0,1160,19.029,63.232,ok,
runB,cam0,1161,19.032,63.885,ok,
runB,cam0,1162,19.083,65.872,ok,
runB,cam0,1163,18.95,66.574,ok,
runB,cam0,1164,18.936,67.553,ok,
runB,cam0,1165,18.971,69.446,ok,
runB,cam0,1166,19.087,71.573,ok,
runB,cam0,1167,19.153,74.645,ok,
runB,cam0,1168,19.287,76.611,ok,
runB,cam0,1169,19.527,78.397,ok,
runB,cam0,1170,19.78,77.573,ok,
runB,cam0,1171,19.868,77.573,ok,
runB,cam0,1172,19.908,78.19,ok,
runB,cam0,1173,19.767,77.645,ok,
runB,cam0,1174,19.37,77.431,ok,
runB,cam0,1175,19.343,78.573,ok,
runB,cam0,1176,19.186,82.155,ok,
runB,cam0,1177,19.111,88.258,ok,
runB,cam0,1178,19.166,99.305,ok,
runB,cam0,1179,19.072,106.094,ok,
runB,cam0,1180,18.995,109.191,ok,
runB,cam0,1181,18.978,112.752,ok,
runB,cam0,1182,18.954,111.155,ok,
runB,cam0,1183,18.92,114.76,ok,
runB,cam0,1184,19.01,114.826,ok,
runB,cam0,1185,19.116,114.453,ok,
runB,cam0,1186,19.126,112.304,ok,
runB,cam0,1187,19.163,109.439,ok,
runB,cam0,1188,19.145,106.366,ok,
runB,cam0,1189,19.198,102.6,ok,
runB,cam0,1190,19.347,103.568,ok,
runB,cam0,1191,19.384,102.002,ok,
runB,cam0,1192,19.301,95.016,ok,
runB,cam0,1193,19.228,78.835,ok,
runB,cam0,1194,19.217,72.573,ok,
runB,cam0,1195,19.179,69.407,ok,
runB,cam0,1196,19.011,63.55,ok,
runB,cam0,1197,18.878,59.326,ok,
runB,cam0,1198,18.684,55.447,ok,
runB,cam0,1199,18.576,53.645,ok,
runB,cam0,1200,18.476,52.401,ok,
runB,cam0,1201,18.76,52.55,ok,
runB,cam0,1202,18.951,55.273,ok,
runB,cam0,1203,18.925,57.321,ok,
runB,cam0,1204,18.932,59.748,ok,
runB,cam0,1205,18.805,61.55,ok,
runB,cam0,1206,18.769,62.373,ok,
runB,cam0,1207,18.86,67.392,ok,
runB,cam0,1208,18.915,67.645,ok,
runB,cam0,1209,19.0,68.304,ok,
runB,cam0,1210,18.976,70.573,ok,
runB,cam0,1211,19.014,73.298,ok,
runB,cam0,1212,19.038,78.118,ok,
runB,cam0,1213,19.068,80.597,ok,
runB,cam0,1214,19.171,82.219,ok,
runB,cam0,1215,19.116,79.511,ok,
runB,cam0,1216,18.977,81.459,ok,
runB,cam0,1217,18.914,84.289,ok,
runB,cam0,1218,18.733,85.568,ok,
runB,cam0,1219,18.592,79.537,ok,
runB,cam0,1220,18.422,77.274,ok,
runB,cam0,1221,18.322,71.481,ok,
runB,cam0,1222,18.154,73.892,ok,
runB,cam0,1223,18.106,74.662,ok,
runB,cam0,1224,18.278,70.573,ok,
runB,cam0,1225,18.442,72.312,ok,
runB,cam0,1226,18.468,74.009,ok,
runB,cam0,1227,18.429,83.355,ok,
runB,cam0,1228,18.806,86.435,ok,
runB,cam0,1229,19.068,92.457,ok,
runB,cam0,1230,19.234,93.985,ok,
runB,cam0,1231,19.393,93.491,ok,
runB,cam0,1232,19.576,85.719,ok,
runB,cam0,1233,19.808,82.495,ok,
runB,cam0,1234,19.784,83.398,ok,
runB,cam0,1235,19.797,81.834,ok,
runB,cam0,1236,19.732,76.611,ok,
runB,cam0,1237,19.694,74.643,ok,
runB,cam0,1238,19.598,74.32,ok,
runB,cam0,1239,19.513,72.361,ok,
runB,cam0,1240,19.412,70.417,ok,
runB,cam0,1241,19.261,66.366,ok,
runB,cam0,1242,19.011,64.718,ok,
runB,cam0,1243,18.665,60.68,ok,
runB,cam0,1244,18.318,58.337,ok,
runB,cam0,1245,18.029,58.414,ok,
runB,cam0,1246,17.689,59.173,ok,
runB,cam0,1247,17.522,60.648,ok,
runB,cam0,1248,17.534,61.467,ok,
runB,cam0,1249,17.726,63.679,ok,
runB,cam0,1250,18.185,65.738,ok,
runB,cam0,1251,18.85,68.747,ok,
runB,cam0,1252,19.326,70.399,ok,
runB,cam0,1253,19.868,69.374,ok,
runB,cam0,1254,20.256,69.828,ok,
runB,cam0,1255,20.507,68.538,ok,
runB,cam0,1256,20.672,69.22,ok,
runB,cam0,1257,20.727,69.336,ok,
runB,cam0,1258,20.74,68.294,ok,
runB,cam0,1259,20.768,67.382,ok,
runB,cam0,1260,20.759,68.739,ok,
runB,cam0,1261,20.775,71.491,ok,
runB,cam0,1262,20.667,73.464,ok,
runB,cam0,1263,20.562,74.433,ok,
runB,cam0,1264,20.484,75.172,ok,
runB,cam0,1265,20.434,75.351,ok,
runB,cam0,1266,20.279,75.532,ok,
runB,cam0,1267,20.292,76.329,ok,
runB,cam0,1268,20.299,78.495,ok,
runB,cam0,1269,20.291,78.706,ok,
runB,cam0,1270,20.366,74.654,ok,
runB,cam0,1271,20.072,74.005,ok,
runB,cam0,1272,20.262,72.247,ok,
runB,cam0,1273,20.132,70.361,ok,
runB,cam0,1274,19.919,66.089,ok,
runB,cam0,1275,18.737,63.588,ok,
runB,cam0,1276,18.348,63.586,ok,
runB,cam0,1277,18.343,63.834,ok,
runB,cam0,1278,18.389,63.708,ok,
runB,cam0,1279,18.339,64.283,ok,
runB,cam0,1280,18.322,63.589,ok,
runB,cam0,1281,18.438,65.424,ok,
runB,cam0,1282,18.369,67.198,ok,
runB,cam0,1283,18.091,64.8,ok,
runB,cam0,1284,18.044,65.797,ok,
runB,cam0,1285,18.009,65.507,ok,
runB,cam0,1286,18.064,65.648,ok,
runB,cam0,1287,18.201,71.034,ok,
runB,cam0,1288,18.508,83.352,ok,
runB,cam0,1289,19.103,101.278,ok,
runB,cam0,1290,19.582,108.598,ok,
runB,cam0,1291,20.217,111.037,ok,
runB,cam0,1292,20.664,113.109,ok,
runB,cam0,1293,21.182,114.109,ok,
runB,cam0,1294,21.842,114.828,ok,
runB,cam0,1295,22.527,114.828,ok,
runB,cam0,1296,23.182,115.322,ok,
runB,cam0,1297,23.841,115.828,ok,
runB,cam0,1298,24.448,117.037,ok,
runB,cam0,1299,25.041,118.82,ok,
runB,cam0,1300,25.488,119.82,ok,
runB,cam0,1301,26.015,120.824,ok,
runB,cam0,1302,26.519,121.828,ok,
runB,cam0,1303,27.135,122.678,ok,
runB,cam0,1304,27.742,124.608,ok,
runB,cam0,1305,28.412,126.252,ok,
runB,cam0,1306,29.068,128.109,ok,
runB,cam0,1307,29.557,129.68,ok,
runB,cam0,1308,29.816,132.398,ok,
runB,cam0,1309,30.114,135.541,ok,
runB,cam0,1310,30.399,140.608,ok,
runB,cam0,1311,30.753,146.608,ok,
runB,cam0,1312,31.077,151.583,ok,
runB,cam0,1313,31.34,153.676,ok,
runB,cam0,1314,31.497,155.608,ok,
runB,cam0,1315,31.664,156.463,ok,
runB,cam0,1316,31.902,156.676,ok,
runB,cam0,1317,32.095,157.346,ok,
runB,cam0,1318,32.107,157.327,ok,
runB,cam0,1319,32.131,157.529,ok,
runB,cam0,1320,32.045,157.463,ok,
runB,cam0,1321,32.006,157.463,ok,
runB,cam0,1322,31.896,157.463,ok,
runB,cam0,1323,31.687,157.68,ok,
runB,cam0,1324,31.461,157.463,ok,
runB,cam0,1325,31.337,157.463,ok,
runB,cam0,1326,31.243,157.463,ok,
runB,cam0,1327,31.125,157.68,ok,
runB,cam0,1328,30.91,159.181,ok,
runB,cam0,1329,30.744,158.97,ok,
runB,cam0,1330,30.511,159.395,ok,
runB,cam0,1331,30.284,157.684,ok,
runB,cam0,1332,29.883,157.68,ok,
runB,cam0,1333,29.393,156.676,ok,
runB,cam0,1334,28.899,156.182,ok,
runB,cam0,1335,28.455,155.182,ok,
runB,cam0,1336,27.998,154.684,ok,
runB,cam0,1337,27.628,154.037,ok,
runB,cam0,1338,27.088,153.035,ok,
runB,cam0,1339,26.437,150.684,ok,
runB,cam0,1340,25.781,149.684,ok,
runB,cam0,1341,25.019,147.9,ok,
runB,cam0,1342,24.245,144.322,ok,
runB,cam0,1343,23.541,135.109,ok,
runB,cam0,1344,22.737,113.706,ok,
runB,cam0,1345,22.061,107.11,ok,
runB,cam0,1346,21.318,101.003,ok,
runB,cam0,1347,20.639,98.664,ok,
runB,cam0,1348,19.915,96.177,ok,
runB,cam0,1349,19.275,94.629,ok,
runB,cam0,1350,18.6,92.784,ok,
runB,cam0,1351,18.099,86.883,ok,
runB,cam0,1352,17.497,79.521,ok,
runB,cam0,1353,16.854,78.381,ok,
runB,cam0,1354,16.064,71.555,ok,
runB,cam0,1355,15.507,65.477,ok,
runB,cam0,1356,15.09,55.3,ok,
runB,cam0,1357,14.594,51.656,ok,
runB,cam0,1358,14.098,46.368,ok,
runB,cam0,1359,13.565,43.545,ok,
runB,cam0,1360,13.138,41.205,ok,
runB,cam0,1361,12.714,39.652,too_dark,
runB,cam0,1362,12.466,37.835,too_dark,
runB,cam0,1363,12.228,37.222,too_dark,
runB,cam0,1364,11.911,36.572,too_dark,
runB,cam0,1365,11.666,36.905,too_dark,
runB,cam0,1366,11.471,37.114,too_dark,
runB,cam0,1367,11.328,36.862,too_dark,
runB,cam0,1368,11.209,36.225,too_dark,
runB,cam0,1369,11.195,35.569,too_dark,
runB,cam0,1370,11.088,36.572,too_dark,
runB,cam0,1371,11.009,36.572,too_dark,
runB,cam0,1372,10.944,37.21,too_dark,
runB,cam0,1373,10.751,38.21,too_dark,
runB,cam0,1374,10.564,37.544,too_dark,
runB,cam0,1375,10.38,37.8,too_dark,
runB,cam0,1376,10.201,37.572,too_dark,
runB,cam0,1377,10.243,40.076,too_dark,
runB,cam0,1378,10.515,47.628,too_dark,
runB,cam0,1379,10.551,46.481,too_dark,
runB,cam0,1380,10.815,50.475,too_dark,
runB,cam0,1381,11.019,50.551,too_dark,
runB,cam0,1382,11.423,49.373,too_dark,
runB,cam0,1383,11.274,46.007,too_dark,
runB,cam0,1384,10.401,44.21,too_dark,
runB,cam0,1385,10.379,42.865,too_dark,
runB,cam0,1386,10.496,42.925,too_dark,
runB,cam0,1387,10.723,43.156,too_dark,
runB,cam0,1388,11.039,43.97,too_dark,
runB,cam0,1389,11.445,45.64,too_dark,
runB,cam0,1390,11.774,46.065,too_dark,
runB,cam0,1391,12.041,46.21,ok,
runB,cam0,1392,12.257,45.774,ok,
runB,cam0,1393,12.646,52.358,ok,
runB,cam0,1394,12.422,47.328,ok,
runB,cam0,1395,12.322,49.22,ok,
runB,cam0,1396,12.576,62.394,ok,
runB,cam0,1397,12.927,77.491,ok,
runB,cam0,1398,12.947,77.02,ok,
runB,cam0,1399,12.835,62.09,ok,
runB,cam0,1400,12.73,60.688,ok,
runB,cam0,1401,12.422,55.813,ok,
runB,cam0,1402,11.963,52.917,too_dark,
runB,cam0,1403,11.66,56.605,too_dark,
runB,cam0,1404,11.039,46.545,too_dark,
runB,cam0,1405,10.552,39.809,too_dark,
runB,cam0,1406,9.989,35.584,too_dark,
runB,cam0,1407,9.139,28.835,too_dark,
runB,cam0,1408,8.643,27.702,too_dark,
runB,cam0,1409,9.117,32.19,too_dark,
runB,cam0,1410,9.154,40.54,too_dark,
runB,cam0,1411,8.998,36.128,too_dark,
runB,cam0,1412,8.914,34.556,too_dark,
runB,cam0,1413,8.086,30.505,too_dark,
runB,cam0,1414,7.018,28.824,too_dark,
runB,cam0,1415,6.84,26.25,too_dark,
runB,cam0,1416,6.9,25.182,too_dark,
runB,cam0,1417,6.913,24.21,too_dark,
runB,cam0,1418,7.05,24.604,too_dark,
runB,cam0,1419,7.311,25.393,too_dark,
runB,cam0,1420,7.665,25.64,too_dark,
runB,cam0,1421,7.961,25.065,too_dark,
runB,cam0,1422,8.092,24.862,too_dark,
runB,cam0,1423,7.762,25.22,too_dark,
runB,cam0,1424,7.431,26.065,too_dark,
runB,cam0,1425,7.619,25.72,too_dark,
runB,cam0,1426,7.608,25.21,too_dark,
runB,cam0,1427,7.62,24.862,too_dark,
runB,cam0,1428,7.644,26.146,too_dark,
runB,cam0,1429,7.686,25.21,too_dark,
runB,cam0,1430,7.831,25.648,too_dark,
runB,cam0,1431,8.112,24.753,too_dark,
runB,cam0,1432,8.277,24.157,too_dark,
runB,cam0,1433,8.14,22.905,too_dark,
runB,cam0,1434,7.64,22.57,too_dark,
runB,cam0,1435,7.98,22.905,too_dark,
runB,cam0,1436,8.088,22.535,too_dark,
runB,cam0,1437,7.864,22.067,too_dark,
runB,cam0,1438,7.911,21.671,too_dark,
runB,cam0,1439,8.266,23.266,too_dark,
runB,cam0,1440,8.558,25.785,too_dark,
runB,cam0,1441,8.903,29.797,too_dark,
runB,cam0,1442,9.156,29.467,too_dark,
runB,cam0,1443,9.782,30.02,too_dark,
runB,cam0,1444,10.157,31.543,too_dark,
runB,cam0,1445,10.222,31.785,too_dark,
runB,cam0,1446,10.275,30.258,too_dark,
runB,cam0,1447,10.207,30.115,too_dark,
runB,cam0,1448,10.268,30.173,too_dark,
runB,cam0,1449,10.191,29.436,too_dark,
runB,cam0,1450,10.223,28.139,too_dark,
runB,cam0,1451,10.423,28.887,too_dark,
runB,cam0,1452,10.954,31.21,too_dark,
runB,cam0,1453,11.741,32.622,too_dark,
runB,cam0,1454,11.883,35.532,too_dark,
runB,cam0,1455,11.505,37.807,too_dark,
runB,cam0,1456,12.22,39.156,too_dark,
runB,cam0,1457,12.906,41.085,ok,
runB,cam0,1458,13.449,42.088,ok,
runB,cam0,1459,13.028,40.31,ok,
runB,cam0,1460,12.211,39.517,too_dark,
runB,cam0,1461,11.485,37.73,too_dark,
runB,cam0,1462,10.426,31.736,too_dark,
runB,cam0,1463,9.503,22.572,too_dark,
runB,cam0,1464,9.289,21.687,too_dark,
runB,cam0,1465,8.887,21.887,too_dark,
runB,cam0,1466,8.745,21.862,too_dark,
runB,cam0,1467,8.765,21.355,too_dark,
runB,cam0,1468,8.511,21.687,too_dark,
runB,cam0,1469,8.253,19.406,too_dark,
runB,cam0,1470,8.035,19.116,too_dark,
runB,cam0,1471,8.002,18.57,too_dark,
runB,cam0,1472,7.874,19.202,too_dark,
runB,cam0,1473,7.73,18.21,too_dark,
runB,cam0,1474,7.505,18.21,too_dark,
runB,cam0,1475,6.982,17.551,too_dark,
runB,cam0,1476,6.909,18.031,too_dark,
runB,cam0,1477,6.841,17.566,too_dark,
runB,cam0,1478,6.753,18.151,too_dark,
runB,cam0,1479,6.676,17.531,too_dark,
runB,cam0,1480,6.646,17.642,too_dark,
runB,cam0,1481,6.725,19.156,too_dark,
runB,cam0,1482,6.737,19.406,too_dark,
runB,cam0,1483,6.806,19.116,too_dark,
runB,cam0,1484,6.536,18.031,too_dark,
runB,cam0,1485,6.346,17.491,too_dark,
runB,cam0,1486,6.492,17.862,too_dark,
runB,cam0,1487,6.672,18.065,too_dark,
runB,cam0,1488,6.784,18.091,too_dark,
runB,cam0,1489,6.686,17.214,too_dark,
runB,cam0,1490,6.754,18.031,too_dark,
runB,cam0,1491,6.868,18.43,too_dark,
runB,cam0,1492,7.054,19.406,too_dark,
runB,cam0,1493,7.15,19.338,too_dark,
runB,cam0,1494,7.079,20.016,too_dark,
runB,cam0,1495,7.054,18.25,too_dark,
runB,cam0,1496,7.095,17.912,too_dark,
runB,cam0,1497,6.988,17.785,too_dark,
runB,cam0,1498,6.939,18.399,too_dark,
runB,cam0,1499,6.795,18.274,too_dark,
runB,cam0,1500,6.853,19.121,too_dark,
runB,cam0,1501,6.965,19.052,too_dark,
runB,cam0,1502,6.726,18.286,too_dark,
runB,cam0,1503,6.294,16.391,too_dark,
runB,cam0,1504,6.18,16.785,too_dark,
runB,cam0,1505,6.052,16.13,too_dark,
runB,cam0,1506,5.852,16.212,too_dark,
runB,cam0,1507,5.566,16.255,too_dark,
runB,cam0,1508,5.364,17.079,too_dark,
runB,cam0,1509,5.304,17.563,too_dark,
runB,cam0,1510,5.165,17.585,too_dark,
runB,cam0,1511,4.744,16.785,too_dark,
runB,cam0,1512,4.201,15.291,too_dark,
runB,cam0,1513,4.167,14.572,too_dark,
runB,cam0,1514,4.17,15.21,too_dark,
runB,cam0,1515,4.147,15.21,too_dark,
runB,cam0,1516,4.214,15.491,too_dark,
runB,cam0,1517,4.342,16.563,too_dark,
runB,cam0,1518,4.576,17.148,too_dark,
runB,cam0,1519,4.79,17.785,too_dark,
runB,cam0,1520,4.664,18.563,too_dark,
runB,cam0,1521,4.44,18.21,too_dark,
runB,cam0,1522,4.626,18.24,too_dark,
runB,cam0,1523,4.758,18.933,too_dark,
runB,cam0,1524,4.791,18.43,too_dark,
runB,cam0,1525,4.886,20.965,too_dark,
runB,cam0,1526,5.083,22.428,too_dark,
runB,cam0,1527,5.294,23.508,too_dark,
runB,cam0,1528,5.267,20.781,too_dark,
runB,cam0,1529,4.67,17.365,too_dark,
runB,cam0,1530,4.376,14.993,too_dark,
runB,cam0,1531,4.329,14.572,too_dark,
runB,cam0,1532,4.211,14.355,too_dark,
runB,cam0,1533,4.041,13.5,too_dark,
runB,cam0,1534,3.914,12.645,too_dark,
runB,cam0,1535,3.811,13.781,too_dark,
runB,cam0,1536,3.866,15.21,too_dark,
runB,cam0,1537,4.067,15.21,too_dark,
runB,cam0,1538,3.882,13.925,too_dark,
runB,cam0,1539,3.538,13.615,too_dark,
runB,cam0,1540,3.6,14.639,too_dark,
runB,cam0,1541,3.646,14.572,too_dark,
runB,cam0,1542,3.77,15.572,too_dark,
runB,cam0,1543,3.847,16.652,too_dark,
runB,cam0,1544,4.069,17.21,too_dark,
runB,cam0,1545,4.154,16.718,too_dark,
runB,cam0,1546,3.859,15.639,too_dark,
runB,cam0,1547,3.962,15.572,too_dark,
runB,cam0,1548,4.148,16.214,too_dark,
runB,cam0,1549,4.335,17.609,too_dark,
runB,cam0,1550,4.568,18.21,too_dark,
runB,cam0,1551,4.802,18.785,too_dark,
runB,cam0,1552,5.033,19.185,too_dark,
runB,cam0,1553,5.221,19.507,too_dark,
runB,cam0,1554,4.858,19.775,too_dark,
runB,cam0,1555,4.972,19.21,too_dark,
runB,cam0,1556,5.114,18.785,too_dark,
runB,cam0,1557,5.275,20.291,too_dark,
runB,cam0,1558,5.393,20.355,too_dark,
runB,cam0,1559,5.538,20.223,too_dark,
runB,cam0,1560,5.808,21.572,too_dark,
runB,cam0,1561,6.02,22.681,too_dark,
runB,cam0,1562,6.429,23.108,too_dark,
runB,cam0,1563,6.453,23.471,too_dark,
runB,cam0,1564,6.446,24.563,too_dark,
runB,cam0,1565,6.596,25.569,too_dark,
runB,cam0,1566,6.697,25.255,too_dark,
runB,cam0,1567,6.737,25.21,too_dark,
runB,cam0,1568,6.708,24.365,too_dark,
runB,cam0,1569,6.91,26.174,too_dark,
runB,cam0,1570,7.237,27.775,too_dark,
runB,cam0,1571,7.344,27.775,too_dark,
runB,cam0,1572,7.21,27.775,too_dark,
runB,cam0,1573,7.264,28.18,too_dark,
runB,cam0,1574,7.246,27.775,too_dark,
runB,cam0,1575,7.142,27.775,too_dark,
runB,cam0,1576,7.074,26.286,too_dark,
runB,cam0,1577,6.872,24.7,too_dark,
runB,cam0,1578,7.019,25.222,too_dark,
runB,cam0,1579,6.895,24.791,too_dark,
runB,cam0,1580,6.521,23.79,too_dark,
runB,cam0,1581,6.296,23.291,too_dark,
runB,cam0,1582,6.115,23.508,too_dark,
runB,cam0,1583,5.944,23.43,too_dark,
runB,cam0,1584,5.779,23.418,too_dark,
runB,cam0,1585,5.627,22.436,too_dark,
runB,cam0,1586,5.661,22.491,too_dark,
runB,cam0,1587,5.529,21.677,too_dark,
runB,cam0,1588,5.335,21.735,too_dark,
runB,cam0,1589,5.056,22.21,too_dark,
runB,cam0,1590,4.999,21.491,too_dark,
runB,cam0,1591,4.876,21.491,too_dark,
runB,cam0,1592,4.812,20.686,too_dark,
runB,cam0,1593,4.722,19.92,too_dark,
runB,cam0,1594,4.799,19.775,too_dark,
runB,cam0,1595,4.866,19.065,too_dark,
runB,cam0,1596,5.03,19.286,too_dark,
runB,cam0,1597,4.888,19.775,too_dark,
runB,cam0,1598,4.953,19.775,too_dark,
runB,cam0,1599,4.904,20.291,too_dark,
runB,cam0,1600,4.972,21.259,too_dark,
runB,cam0,1601,5.092,22.146,too_dark,
runB,cam0,1602,5.295,22.499,too_dark,
runB,cam0,1603,5.473,23.291,too_dark,
runB,cam0,1604,5.728,23.64,too_dark,
runB,cam0,1605,5.962,22.707,too_dark,
runB,cam0,1606,5.78,22.355,too_dark,
runB,cam0,1607,5.841,24.065,too_dark,
runB,cam0,1608,6.022,25.21,too_dark,
runB,cam0,1609,6.096,26.21,too_dark,
runB,cam0,1610,6.324,26.681,too_dark,
runB,cam0,1611,6.606,26.72,too_dark,
runB,cam0,1612,6.973,26.21,too_dark,
runB,cam0,1613,7.196,27.79,too_dark,
runB,cam0,1614,6.498,29.404,too_dark,
runB,cam0,1615,6.446,26.709,too_dark,
runB,cam0,1616,6.5,28.436,too_dark,
runB,cam0,1617,6.732,35.341,too_dark,
runB,cam0,1618,6.865,37.366,too_dark,
runB,cam0,1619,6.92,41.374,too_dark,
runB,cam0,1620,7.044,44.155,too_dark,
runB,cam0,1621,7.119,45.337,too_dark,
runB,cam0,1622,6.529,42.004,too_dark,
runB,cam0,1623,6.574,40.511,too_dark,
runB,cam0,1624,6.835,45.543,too_dark,
runB,cam0,1625,7.012,49.014,too_dark,
runB,cam0,1626,7.214,50.44,too_dark,
runB,cam0,1627,7.867,57.481,too_dark,
runB,cam0,1628,8.504,62.659,too_dark,
runB,cam0,1629,9.076,71.999,too_dark,
runB,cam0,1630,9.377,78.702,too_dark,
runB,cam0,1631,9.692,86.561,too_dark,
runB,cam0,1632,9.933,84.772,too_dark,
runB,cam0,1633,10.281,96.351,too_dark,
runB,cam0,1634,10.627,100.806,too_dark,
runB,cam0,1635,10.558,86.845,too_dark,
runB,cam0,1636,11.448,94.486,too_dark,
runB,cam0,1637,12.788,109.526,ok,
runB,cam0,1638,13.745,111.667,ok,
runB,cam0,1639,13.617,108.141,ok,
runB,cam0,1640,14.011,106.343,ok,
runB,cam0,1641,14.847,118.459,ok,
runB,cam0,1642,15.635,120.665,ok,
runB,cam0,1643,16.095,125.386,ok,
runB,cam0,1644,16.544,127.526,ok,
runB,cam0,1645,17.325,125.676,ok,
runB,cam0,1646,17.807,125.608,ok,
runB,cam0,1647,18.421,124.82,ok,
runB,cam0,1648,18.598,122.888,ok,
runB,cam0,1649,19.483,127.706,ok,
runB,cam0,1650,20.249,129.888,ok,
runB,cam0,1651,21.739,128.606,ok,
runB,cam0,1652,22.718,133.463,ok,
runB,cam0,1653,23.68,139.531,ok,
runB,cam0,1654,25.231,140.82,ok,
runB,cam0,1655,26.129,141.82,ok,
runB,cam0,1656,26.471,142.681,ok,
runB,cam0,1657,26.785,142.676,ok,
runB,cam0,1658,26.737,141.82,ok,
runB,cam0,1659,27.268,142.286,ok,
runB,cam0,1660,26.567,139.676,ok,
runB,cam0,1661,27.722,142.82,ok,
runB,cam0,1662,27.95,142.538,ok,
runB,cam0,1663,29.002,139.82,ok,
runB,cam0,1664,28.41,139.925,ok,
runB,cam0,1665,27.743,139.82,ok,
runB,cam0,1666,26.857,138.494,ok,
runB,cam0,1667,25.609,136.68,ok,
runB,cam0,1668,24.49,122.815,ok,
runB,cam0,1669,23.739,123.706,ok,
runB,cam0,1670,23.972,125.095,ok,
runB,cam0,1671,25.045,126.376,ok,
runB,cam0,1672,25.84,128.354,ok,
runB,cam0,1673,26.159,128.706,ok,
runB,cam0,1674,26.69,137.096,ok,
runB,cam0,1675,27.053,138.604,ok,
runB,cam0,1676,28.338,138.935,ok,
runB,cam0,1677,30.215,138.604,ok,
runB,cam0,1678,31.881,137.534,ok,
runB,cam0,1679,32.825,135.747,ok,
runB,cam0,1680,33.736,135.18,ok,
runB,cam0,1681,34.312,134.109,ok,
runB,cam0,1682,34.71,134.322,ok,
runB,cam0,1683,34.676,135.463,ok,
runB,cam0,1684,34.159,136.109,ok,
runB,cam0,1685,33.162,135.714,ok,
runB,cam0,1686,32.442,132.241,ok,
runB,cam0,1687,32.126,127.598,ok,
runB,cam0,1688,31.212,126.82,ok,
runB,cam0,1689,31.286,128.598,ok,
runB,cam0,1690,31.179,128.253,ok,
runB,cam0,1691,32.08,134.602,ok,
runB,cam0,1692,34.774,134.82,ok,
runB,cam0,1693,36.93,137.568,ok,
runB,cam0,1694,37.933,144.255,ok,
runB,cam0,1695,39.604,154.037,ok,
runB,cam0,1696,40.563,156.054,ok,
runB,cam0,1697,42.35,154.365,ok,
runB,cam0,1698,44.332,149.378,ok,
runB,cam0,1699,45.251,150.816,ok,
runB,cam0,1700,45.798,150.888,ok,
runB,cam0,1701,46.712,150.81,ok,
runB,cam0,1702,47.234,149.676,ok,
runB,cam0,1703,47.256,156.088,ok,
runB,cam0,1704,47.007,154.169,ok,
runB,cam0,1705,46.914,155.943,ok,
runB,cam0,1706,46.379,156.423,ok,
runB,cam0,1707,45.99,155.645,ok,
runB,cam0,1708,45.558,155.638,ok,
runB,cam0,1709,45.057,149.454,ok,
runB,cam0,1710,44.645,145.046,ok,
runB,cam0,1711,43.987,143.68,ok,
runB,cam0,1712,43.818,147.385,ok,
runB,cam0,1713,44.993,156.134,ok,
runB,cam0,1714,44.761,158.526,ok,
runB,cam0,1715,44.498,153.241,ok,
runB,cam0,1716,43.809,150.816,ok,
runB,cam0,1717,42.226,154.387,ok,
runB,cam0,1718,41.121,154.984,ok,
runB,cam0,1719,40.585,136.598,ok,
runB,cam0,1720,43.082,138.566,ok,
runB,cam0,1721,44.316,137.526,ok,
runB,cam0,1722,44.855,139.608,ok,
runB,cam0,1723,45.401,146.489,ok,
runB,cam0,1724,45.532,157.165,ok,
runB,cam0,1725,44.899,156.465,ok,
runB,cam0,1726,43.001,141.82,ok,
runB,cam0,1727,45.313,155.779,ok,
runB,cam0,1728,45.312,156.885,ok,
runB,cam0,1729,44.225,152.953,ok,
runB,cam0,1730,44.147,154.713,ok,
runB,cam0,1731,44.498,155.644,ok,
runB,cam0,1732,43.87,158.526,ok,
runB,cam0,1733,44.451,156.676,ok,
runB,cam0,1734,46.566,158.236,ok,
runB,cam0,1735,47.237,154.429,ok,
runB,cam0,1736,48.156,157.82,ok,
runB,cam0,1737,48.357,161.442,ok,
runB,cam0,1738,47.954,160.029,ok,
runB,cam0,1739,47.196,161.386,ok,
runB,cam0,1740,45.732,146.608,ok,
runB,cam0,1741,48.065,153.165,ok,
runB,cam0,1742,47.379,155.02,ok,
runB,cam0,1743,46.466,156.943,ok,
runB,cam0,1744,44.705,155.828,ok,
runB,cam0,1745,42.89,148.526,ok,
runB,cam0,1746,40.698,150.378,ok,
runB,cam0,1747,41.003,141.378,ok,
runB,cam0,1748,43.394,154.454,ok,
runB,cam0,1749,43.23,154.647,ok,
runB,cam0,1750,42.841,154.943,ok,
runB,cam0,1751,42.147,143.815,ok,
runB,cam0,1752,41.535,138.608,ok,
runB,cam0,1753,41.374,140.037,ok,
runB,cam0,1754,40.453,144.961,ok,
runB,cam0,1755,39.75,149.237,ok,
runB,cam0,1756,40.355,143.52,ok,
runB,cam0,1757,39.617,137.105,ok,
runB,cam0,1758,39.545,135.608,ok,
runB,cam0,1759,39.994,146.25,ok,
runB,cam0,1760,40.479,149.061,ok,
runB,cam0,1761,40.394,145.599,ok,
runB,cam0,1762,41.949,145.608,ok,
runB,cam0,1763,44.027,144.567,ok,
runB,cam0,1764,46.605,147.676,ok,
runB,cam0,1765,48.236,153.726,ok,
runB,cam0,1766,49.777,156.608,ok,
runB,cam0,1767,50.985,162.139,ok,
runB,cam0,1768,50.734,164.888,ok,
runB,cam0,1769,49.949,155.455,ok,
runB,cam0,1770,51.359,161.128,ok,
runB,cam0,1771,51.46,158.305,ok,
runB,cam0,1772,51.338,158.522,ok,
runB,cam0,1773,51.171,158.156,ok,
runB,cam0,1774,51.588,155.608,ok,
runB,cam0,1775,51.342,157.684,ok,
runB,cam0,1776,49.979,149.847,ok,
runB,cam0,1777,49.974,152.096,ok,
runB,cam0,1778,51.482,159.531,ok,
runB,cam0,1779,50.826,157.129,ok,
runB,cam0,1780,49.836,156.382,ok,
runB,cam0,1781,49.318,157.635,ok,
runB,cam0,1782,49.349,159.271,ok,
runB,cam0,1783,49.283,159.608,ok,
runB,cam0,1784,48.904,157.888,ok,
runB,cam0,1785,49.261,155.603,ok,
runB,cam0,1786,50.991,153.242,ok,
runB,cam0,1787,50.886,158.97,ok,
runB,cam0,1788,49.0,157.129,ok,
runB,cam0,1789,47.008,156.562,ok,
runB,cam0,1790,45.5,160.499,ok,
runB,cam0,1791,43.917,158.271,ok,
runB,cam0,1792,43.072,149.594,ok,
runB,cam0,1793,42.902,153.531,ok,
runB,cam0,1794,41.75,156.676,ok,
runB,cam0,1795,40.242,156.599,ok,
runB,cam0,1796,37.911,134.242,ok,
runB,cam0,1797,39.991,135.526,ok,
runB,cam0,1798,42.006,140.378,ok,
runB,cam0,1799,44.895,140.382,ok,
runB,cam0,1800,47.731,143.463,ok,
runB,cam0,1801,49.316,155.93,ok,
runB,cam0,1802,49.706,158.156,ok,
runB,cam0,1803,48.754,158.382,ok,
runB,cam0,1804,47.355,144.739,ok,
runB,cam0,1805,46.913,141.488,ok,
runB,cam0,1806,48.005,139.82,ok,
runB,cam0,1807,47.909,140.522,ok,
runB,cam0,1808,51.253,147.1,ok,
runB,cam0,1809,52.109,155.494,ok,
runB,cam0,1810,53.147,158.307,ok,
runB,cam0,1811,53.506,164.597,ok,
runB,cam0,1812,53.104,163.606,ok,
runB,cam0,1813,52.926,162.161,ok,
runB,cam0,1814,52.331,155.232,ok,
runB,cam0,1815,54.702,161.522,ok,
runB,cam0,1816,54.395,161.372,ok,
runB,cam0,1817,53.633,160.953,ok,
runB,cam0,1818,52.813,163.248,ok,
runB,cam0,1819,51.426,163.608,ok,
runB,cam0,1820,49.466,150.888,ok,
runB,cam0,1821,49.976,157.816,ok,
runB,cam0,1822,48.957,153.676,ok,
runB,cam0,1823,51.571,155.811,ok,
runB,cam0,1824,49.814,154.152,ok,
runB,cam0,1825,47.15,155.31,ok,
runB,cam0,1826,43.833,155.308,ok,
runB,cam0,1827,42.478,139.318,ok,
runB,cam0,1828,44.393,145.426,ok,
runB,cam0,1829,44.605,135.82,ok,
runB,cam0,1830,45.976,142.463,ok,
runB,cam0,1831,45.971,147.627,ok,
runB,cam0,1832,46.044,153.666,ok,
runB,cam0,1833,43.494,153.521,ok,
runB,cam0,1834,40.29,141.317,ok,
runB,cam0,1835,38.092,136.959,ok,
runB,cam0,1836,37.715,148.097,ok,
runB,cam0,1837,38.45,136.568,ok,
runB,cam0,1838,36.703,139.452,ok,
runB,cam0,1839,34.012,122.343,ok,
runB,cam0,1840,34.334,132.241,ok,
runB,cam0,1841,32.011,106.739,ok,
runB,cam0,1842,31.272,105.598,ok,
runB,cam0,1843,31.397,110.67,ok,
runB,cam0,1844,35.537,116.534,ok,
runB,cam0,1845,36.99,120.598,ok,
runB,cam0,1846,38.069,127.526,ok,
runB,cam0,1847,39.086,135.994,ok,
runB,cam0,1848,38.912,135.608,ok,
runB,cam0,1849,39.078,140.037,ok,
runB,cam0,1850,39.894,142.594,ok,
runB,cam0,1851,41.204,142.598,ok,
runB,cam0,1852,44.691,149.497,ok,
runB,cam0,1853,46.059,161.025,ok,
runB,cam0,1854,46.057,161.454,ok,
runB,cam0,1855,45.212,162.412,ok,
runB,cam0,1856,43.503,162.233,ok,
runB,cam0,1857,41.137,160.948,ok,
runB,cam0,1858,39.05,160.06,ok,
runB,cam0,1859,41.88,160.948,ok,
runB,cam0,1860,42.74,161.162,ok,
runB,cam0,1861,42.226,160.351,ok,
runB,cam0,1862,41.464,161.378,ok,
runB,cam0,1863,40.769,163.31,ok,
runB,cam0,1864,39.686,160.454,ok,
runB,cam0,1865,35.673,143.915,ok,
runB,cam0,1866,33.68,137.999,ok,
runB,cam0,1867,35.693,142.109,ok,
runB,cam0,1868,34.466,151.418,ok,
runB,cam0,1869,32.982,156.72,ok,
runB,cam0,1870,30.008,145.47,ok,
runB,cam0,1871,27.369,127.642,ok,
runB,cam0,1872,24.763,106.816,ok,
runB,cam0,1873,23.272,105.381,ok,
runB,cam0,1874,22.415,101.766,ok,
runB,cam0,1875,23.447,105.631,ok,
runB,cam0,1876,23.385,108.904,ok,
runB,cam0,1877,24.033,115.676,ok,
runB,cam0,1878,24.567,119.82,ok,
runB,cam0,1879,24.498,120.28,ok,
runB,cam0,1880,26.187,127.086,ok,
runB,cam0,1881,27.886,125.241,ok,
runB,cam0,1882,32.71,136.59,ok,
runB,cam0,1883,32.558,137.522,ok,
runB,cam0,1884,31.411,140.467,ok,
runB,cam0,1885,29.816,133.101,ok,
runB,cam0,1886,26.604,121.598,ok,
runB,cam0,1887,27.431,125.386,ok,
runB,cam0,1888,30.745,133.82,ok,
runB,cam0,1889,33.492,134.82,ok,
runB,cam0,1890,36.194,139.82,ok,
runB,cam0,1891,38.31,150.183,ok,
runB,cam0,1892,38.904,162.636,ok,
runB,cam0,1893,38.438,165.156,ok,
runB,cam0,1894,37.595,164.597,ok,
runB,cam0,1895,34.811,164.521,ok,
runB,cam0,1896,32.903,142.382,ok,
runB,cam0,1897,35.527,162.412,ok,
runB,cam0,1898,34.98,163.551,ok,
runB,cam0,1899,32.608,151.417,ok,
runB,cam0,1900,30.086,129.598,ok,
runB,cam0,1901,28.811,115.598,ok,
runB,cam0,1902,29.3,116.889,ok,
runB,cam0,1903,30.123,122.229,ok,
runB,cam0,1904,30.068,122.598,ok,
runB,cam0,1905,32.777,124.864,ok,
runB,cam0,1906,33.798,130.814,ok,
runB,cam0,1907,35.188,136.598,ok,
runB,cam0,1908,35.437,131.355,ok,
runB,cam0,1909,35.77,128.779,ok,
runB,cam0,1910,35.912,132.676,ok,
runB,cam0,1911,37.961,139.386,ok,
runB,cam0,1912,40.808,147.565,ok,
runB,cam0,1913,43.636,163.31,ok,
runB,cam0,1914,44.171,165.001,ok,
runB,cam0,1915,44.505,164.557,ok,
runB,cam0,1916,43.973,164.804,ok,
runB,cam0,1917,43.431,166.054,ok,
runB,cam0,1918,42.715,167.298,ok,
runB,cam0,1919,41.597,166.949,ok,
runB,cam0,1920,39.797,163.74,ok,
runB,cam0,1921,38.299,159.595,ok,
runB,cam0,1922,36.617,149.599,ok,
runB,cam0,1923,35.705,137.53,ok,
runB,cam0,1924,34.758,138.82,ok,
runB,cam0,1925,33.721,150.816,ok,
runB,cam0,1926,32.442,141.239,ok,
runB,cam0,1927,37.379,162.844,ok,
runB,cam0,1928,40.024,154.269,ok,
runB,cam0,1929,40.353,153.531,ok,
runB,cam0,1930,40.592,165.727,ok,
runB,cam0,1931,40.263,166.373,ok,
runB,cam0,1932,38.715,167.029,ok,
runB,cam0,1933,37.014,157.378,ok,
runB,cam0,1934,34.891,141.82,ok,
runB,cam0,1935,33.149,139.462,ok,
runB,cam0,1936,31.703,127.779,ok,
runB,cam0,1937,30.345,124.82,ok,
runB,cam0,1938,29.392,126.608,ok,
runB,cam0,1939,28.554,128.676,ok,
runB,cam0,1940,26.983,125.925,ok,
runB,cam0,1941,27.589,124.82,ok,
runB,cam0,1942,30.18,142.493,ok,
runB,cam0,1943,30.788,147.101,ok,
runB,cam0,1944,30.973,149.492,ok,
runB,cam0,1945,30.542,147.517,ok,
runB,cam0,1946,29.86,138.376,ok,
runB,cam0,1947,29.142,141.676,ok,
runB,cam0,1948,30.464,150.816,ok,
runB,cam0,1949,28.494,134.95,ok,
runB,cam0,1950,28.947,157.165,ok,
runB,cam0,1951,31.3,159.272,ok,
runB,cam0,1952,30.357,147.602,ok,
runB,cam0,1953,29.196,139.386,ok,
runB,cam0,1954,28.853,131.391,ok,
runB,cam0,1955,29.016,126.465,ok,
runB,cam0,1956,28.57,126.412,ok,
runB,cam0,1957,30.299,131.313,ok,
runB,cam0,1958,33.052,141.977,ok,
runB,cam0,1959,34.511,149.452,ok,
runB,cam0,1960,35.186,153.029,ok,
runB,cam0,1961,35.553,151.526,ok,
runB,cam0,1962,36.222,148.885,ok,
runB,cam0,1963,36.404,152.531,ok,
runB,cam0,1964,36.412,161.169,ok,
runB,cam0,1965,35.651,140.386,ok,
runB,cam0,1966,39.512,166.953,ok,
runB,cam0,1967,40.741,170.278,ok,
runB,cam0,1968,39.719,170.156,ok,
runB,cam0,1969,39.154,170.378,ok,
runB,cam0,1970,39.204,164.38,ok,
runB,cam0,1971,38.632,163.487,ok,
runB,cam0,1972,38.733,146.953,ok,
runB,cam0,1973,40.851,169.351,ok,
runB,cam0,1974,41.572,168.341,ok,
runB,cam0,1975,41.021,170.45,ok,
runB,cam0,1976,39.398,169.448,ok,
runB,cam0,1977,38.087,170.378,ok,
runB,cam0,1978,37.662,170.835,ok,
runB,cam0,1979,36.247,171.233,ok,
runB,cam0,1980,33.701,156.378,ok,
runB,cam0,1981,33.657,171.449,ok,
runB,cam0,1982,33.733,171.598,ok,
runB,cam0,1983,32.91,171.449,ok,
runB,cam0,1984,31.065,170.41,ok,
runB,cam0,1985,29.54,168.592,ok,
runB,cam0,1986,27.949,162.528,ok,
runB,cam0,1987,26.007,157.996,ok,
runB,cam0,1988,23.846,129.376,ok,
runB,cam0,1989,23.665,131.82,ok,
runB,cam0,1990,23.531,125.531,ok,
runB,cam0,1991,23.353,126.386,ok,
runB,cam0,1992,23.002,128.676,ok,
runB,cam0,1993,23.276,133.82,ok,
runB,cam0,1994,23.874,146.455,ok,
runB,cam0,1995,24.289,162.343,ok,
runB,cam0,1996,21.46,143.201,ok,
runB,cam0,1997,24.48,162.943,ok,
runB,cam0,1998,24.817,158.156,ok,
runB,cam0,1999,23.194,146.567,ok,
runB,cam0,2000,21.694,135.608,ok,
runB,cam0,2001,21.03,126.608,ok,
runB,cam0,2002,19.798,119.064,ok,
runB,cam0,2003,19.964,119.429,ok,
runB,cam0,2004,19.26,108.056,ok,
runB,cam0,2005,19.937,111.961,ok,
runB,cam0,2006,23.14,121.99,ok,
runB,cam0,2007,25.083,124.82,ok,
runB,cam0,2008,26.734,127.109,ok,
runB,cam0,2009,27.374,130.105,ok,
runB,cam0,2010,27.621,133.169,ok,
runB,cam0,2011,26.361,133.037,ok,
runB,cam0,2012,26.526,130.024,ok,
runB,cam0,2013,31.447,146.997,ok,
runB,cam0,2014,34.154,146.722,ok,
runB,cam0,2015,35.238,145.636,ok,
runB,cam0,2016,36.38,143.139,ok,
runB,cam0,2017,36.257,143.075,ok,
runB,cam0,2018,36.719,141.109,ok,
runB,cam0,2019,37.964,142.109,ok,
runB,cam0,2020,39.434,148.109,ok,
runB,cam0,2021,41.011,166.597,ok,
runB,cam0,2022,41.754,161.587,ok,
runB,cam0,2023,42.44,153.948,ok,
runB,cam0,2024,43.228,149.68,ok,
runB,cam0,2025,43.874,148.604,ok,
runB,cam0,2026,43.645,147.069,ok,
runB,cam0,2027,43.232,144.398,ok,
runB,cam0,2028,43.118,140.892,ok,
runB,cam0,2029,42.699,141.604,ok,
runB,cam0,2030,42.893,142.109,ok,
runB,cam0,2031,42.728,144.526,ok,
runB,cam0,2032,42.601,142.421,ok,
runB,cam0,2033,42.019,141.608,ok,
runB,cam0,2034,42.242,141.526,ok,
runB,cam0,2035,42.436,142.564,ok,
runB,cam0,2036,42.589,143.521,ok,
runB,cam0,2037,43.188,143.682,ok,
runB,cam0,2038,43.588,142.82,ok,
runB,cam0,2039,43.833,142.676,ok,
runB,cam0,2040,44.147,143.109,ok,
runB,cam0,2041,44.482,143.109,ok,
runB,cam0,2042,44.803,143.526,ok,
runB,cam0,2043,44.721,143.68,ok,
runB,cam0,2044,45.064,144.322,ok,
runB,cam0,2045,45.823,146.069,ok,
runB,cam0,2046,46.731,147.314,ok,
runB,cam0,2047,47.26,148.608,ok,
runB,cam0,2048,47.549,150.076,ok,
runB,cam0,2049,47.68,150.888,ok,
runB,cam0,2050,47.747,152.136,ok,
runB,cam0,2051,47.942,152.604,ok,
runB,cam0,2052,48.176,155.526,ok,
runB,cam0,2053,48.927,156.526,ok,
runB,cam0,2054,49.493,160.608,ok,
runB,cam0,2055,49.9,164.597,ok,
runB,cam0,2056,49.94,169.097,ok,
runB,cam0,2057,50.019,174.476,ok,
runB,cam0,2058,49.332,175.152,ok,
runB,cam0,2059,47.894,161.894,ok,
runB,cam0,2060,48.937,175.233,ok,
runB,cam0,2061,48.41,176.156,ok,
runB,cam0,2062,48.021,169.375,ok,
runB,cam0,2063,46.453,161.412,ok,
runB,cam0,2064,45.075,132.427,ok,
runB,cam0,2065,43.404,122.816,ok,
runB,cam0,2066,41.77,113.201,ok,
runB,cam0,2067,41.807,150.535,ok,
runB,cam0,2068,38.318,96.64,ok,
runB,cam0,2069,36.724,87.73,ok,
runB,cam0,2070,38.243,113.935,ok,
runB,cam0,2071,38.619,120.82,ok,
runB,cam0,2072,38.884,134.82,ok,
runB,cam0,2073,39.593,170.376,ok,
runB,cam0,2074,40.848,141.676,ok,
runB,cam0,2075,41.571,174.093,ok,
runB,cam0,2076,40.496,173.862,ok,
runB,cam0,2077,35.822,173.624,ok,
runB,cam0,2078,31.026,119.927,ok,
runB,cam0,2079,30.295,111.241,ok,
runB,cam0,2080,31.181,124.604,ok,
runB,cam0,2081,33.313,128.601,ok,
runB,cam0,2082,37.102,156.755,ok,
runB,cam0,2083,37.355,150.165,ok,
runB,cam0,2084,36.935,145.718,ok,
runB,cam0,2085,38.516,161.029,ok,
runB,cam0,2086,41.641,173.12,ok,
runB,cam0,2087,42.09,176.056,ok,
runB,cam0,2088,42.211,177.088,ok,
runB,cam0,2089,41.886,177.442,ok,
runB,cam0,2090,41.47,176.808,ok,
runB,cam0,2091,40.555,175.766,ok,
runB,cam0,2092,38.951,176.186,ok,
runB,cam0,2093,36.435,150.526,ok,
runB,cam0,2094,38.968,176.404,ok,
runB,cam0,2095,39.649,172.405,ok,
runB,cam0,2096,39.47,165.197,ok,
runB,cam0,2097,39.112,166.308,ok,
runB,cam0,2098,38.573,175.197,ok,
runB,cam0,2099,36.939,171.403,ok,
runB,cam0,2100,35.348,162.244,ok,
runB,cam0,2101,33.927,143.467,ok,
runB,cam0,2102,35.029,144.095,ok,
runB,cam0,2103,37.24,142.53,ok,
runB,cam0,2104,36.797,148.459,ok,
runB,cam0,2105,36.502,162.479,ok,
runB,cam0,2106,35.863,176.056,ok,
runB,cam0,2107,34.536,176.943,ok,
runB,cam0,2108,34.773,169.551,ok,
runB,cam0,2109,33.465,146.097,ok,
runB,cam0,2110,33.313,150.051,ok,
runB,cam0,2111,35.532,149.382,ok,
runB,cam0,2112,35.528,155.274,ok,
runB,cam0,2113,35.499,160.708,ok,
runB,cam0,2114,35.214,162.299,ok,
runB,cam0,2115,34.76,157.267,ok,
runB,cam0,2116,33.76,161.522,ok,
runB,cam0,2117,33.793,156.382,ok,
runB,cam0,2118,34.788,177.742,ok,
runB,cam0,2119,36.173,176.808,ok,
runB,cam0,2120,35.674,171.361,ok,
runB,cam0,2121,35.261,164.662,ok,
runB,cam0,2122,35.235,164.723,ok,
runB,cam0,2123,35.253,170.37,ok,
runB,cam0,2124,34.872,175.004,ok,
runB,cam0,2125,31.059,148.274,ok,
runB,cam0,2126,32.459,168.22,ok,
runB,cam0,2127,34.335,163.372,ok,
runB,cam0,2128,34.402,160.442,ok,
runB,cam0,2129,34.187,160.416,ok,
runB,cam0,2130,34.039,165.896,ok,
runB,cam0,2131,33.834,170.414,ok,
runB,cam0,2132,30.996,150.378,ok,
runB,cam0,2133,27.384,123.779,ok,
runB,cam0,2134,31.268,159.304,ok,
runB,cam0,2135,34.757,158.197,ok,
runB,cam0,2136,35.336,161.442,ok,
runB,cam0,2137,35.484,163.231,ok,
runB,cam0,2138,35.612,162.943,ok,
runB,cam0,2139,35.009,158.633,ok,
runB,cam0,2140,34.906,153.354,ok,
runB,cam0,2141,33.33,142.676,ok,
runB,cam0,2142,31.023,128.622,ok,
runB,cam0,2143,33.444,144.418,ok,
runB,cam0,2144,34.696,147.035,ok,
runB,cam0,2145,34.555,143.378,ok,
runB,cam0,2146,34.298,141.524,ok,
runB,cam0,2147,34.29,142.265,ok,
runB,cam0,2148,34.396,140.82,ok,
runB,cam0,2149,34.674,138.82,ok,
runB,cam0,2150,34.518,136.068,ok,
runB,cam0,2151,32.424,129.594,ok,
runB,cam0,2152,32.884,133.248,ok,
runB,cam0,2153,34.516,132.82,ok,
runB,cam0,2154,34.324,132.386,ok,
runB,cam0,2155,33.931,130.811,ok,
runB,cam0,2156,33.068,130.105,ok,
runB,cam0,2157,32.788,130.105,ok,
runB,cam0,2158,32.704,130.105,ok,
runB,cam0,2159,31.881,130.105,ok,
runB,cam0,2160,30.771,130.105,ok,
runB,cam0,2161,31.592,130.564,ok,
runB,cam0,2162,31.365,129.888,ok,
runB,cam0,2163,31.271,130.247,ok,
runB,cam0,2164,30.787,131.458,ok,
runB,cam0,2165,30.193,133.351,ok,
runB,cam0,2166,29.184,134.676,ok,
runB,cam0,2167,29.282,133.082,ok,
runB,cam0,2168,30.527,140.604,ok,
runB,cam0,2169,30.647,143.081,ok,
runB,cam0,2170,31.318,150.526,ok,
runB,cam0,2171,31.654,156.382,ok,
runB,cam0,2172,31.802,169.986,ok,
runB,cam0,2173,32.029,175.564,ok,
runB,cam0,2174,31.741,165.73,ok,
runB,cam0,2175,30.53,162.267,ok,
runB,cam0,2176,27.794,137.236,ok,
runB,cam0,2177,32.114,177.257,ok,
runB,cam0,2178,33.328,177.78,ok,
runB,cam0,2179,34.437,176.297,ok,
runB,cam0,2180,34.707,174.44,ok,
runB,cam0,2181,34.656,168.338,ok,
runB,cam0,2182,34.168,168.264,ok,
runB,cam0,2183,33.832,167.31,ok,
runB,cam0,2184,32.91,170.664,ok,
runB,cam0,2185,29.96,141.784,ok,
runB,cam0,2186,30.429,163.124,ok,
runB,cam0,2187,34.06,159.755,ok,
runB,cam0,2188,33.997,158.795,ok,
runB,cam0,2189,33.794,158.49,ok,
runB,cam0,2190,33.705,158.418,ok,
runB,cam0,2191,32.795,157.603,ok,
runB,cam0,2192,32.193,152.342,ok,
runB,cam0,2193,30.856,141.82,ok,
runB,cam0,2194,28.947,132.454,ok,
runB,cam0,2195,28.929,141.0,ok,
runB,cam0,2196,31.648,141.551,ok,
runB,cam0,2197,31.744,144.713,ok,
runB,cam0,2198,30.808,142.608,ok,
runB,cam0,2199,29.852,141.671,ok,
runB,cam0,2200,28.451,137.571,ok,
runB,cam0,2201,26.568,135.608,ok,
runB,cam0,2202,25.494,130.727,ok,
runB,cam0,2203,24.274,114.38,ok,
runB,cam0,2204,22.528,86.328,ok,
runB,cam0,2205,24.908,106.408,ok,
runB,cam0,2206,26.545,116.105,ok,
runB,cam0,2207,26.033,111.266,ok,
runB,cam0,2208,25.454,108.856,ok,
runB,cam0,2209,24.771,101.226,ok,
runB,cam0,2210,24.443,98.169,ok,
runB,cam0,2211,24.438,101.991,ok,
runB,cam0,2212,24.364,98.174,ok,
runB,cam0,2213,24.15,91.659,ok,
runB,cam0,2214,23.973,92.101,ok,
runB,cam0,2215,23.649,85.334,ok,
runB,cam0,2216,23.497,86.171,ok,
runB,cam0,2217,23.062,84.573,ok,
runB,cam0,2218,22.568,86.283,ok,
runB,cam0,2219,22.102,81.568,ok,
runB,cam0,2220,21.743,79.283,ok,
runB,cam0,2221,22.093,80.579,ok,
runB,cam0,2222,22.401,86.345,ok,
runB,cam0,2223,22.431,86.168,ok,
runB,cam0,2224,21.652,85.579,ok,
runB,cam0,2225,21.879,84.664,ok,
runB,cam0,2226,22.927,90.811,ok,
runB,cam0,2227,23.887,92.635,ok,
runB,cam0,2228,23.847,91.593,ok,
runB,cam0,2229,23.682,88.057,ok,
runB,cam0,2230,23.402,84.645,ok,
runB,cam0,2231,23.4,84.207,ok,
runB,cam0,2232,23.275,83.573,ok,
runB,cam0,2233,23.309,83.645,ok,
runB,cam0,2234,22.841,83.573,ok,
runB,cam0,2235,23.671,91.345,ok,
runB,cam0,2236,23.538,91.347,ok,
runB,cam0,2237,23.479,91.17,ok,
runB,cam0,2238,24.324,93.844,ok,
runB,cam0,2239,25.215,94.698,ok,
runB,cam0,2240,25.478,97.664,ok,
runB,cam0,2241,25.471,98.659,ok,
runB,cam0,2242,25.327,99.801,ok,
runB,cam0,2243,25.038,96.133,ok,
runB,cam0,2244,24.863,92.316,ok,
runB,cam0,2245,24.856,92.525,ok,
runB,cam0,2246,24.49,88.373,ok,
runB,cam0,2247,24.352,87.496,ok,
runB,cam0,2248,24.601,94.486,ok,
runB,cam0,2249,24.803,99.492,ok,
runB,cam0,2250,24.698,106.777,ok,
runB,cam0,2251,25.041,107.637,ok,
runB,cam0,2252,25.035,108.598,ok,
runB,cam0,2253,25.207,110.787,ok,
runB,cam0,2254,25.503,111.608,ok,
runB,cam0,2255,25.916,111.069,ok,
runB,cam0,2256,25.965,109.41,ok,
runB,cam0,2257,25.823,110.82,ok,
runB,cam0,2258,25.703,111.531,ok,
runB,cam0,2259,25.833,113.351,ok,
runB,cam0,2260,26.146,113.709,ok,
runB,cam0,2261,26.406,115.6,ok,
runB,cam0,2262,26.559,117.245,ok,
runB,cam0,2263,26.732,120.598,ok,
runB,cam0,2264,26.926,124.397,ok,
runB,cam0,2265,26.916,124.488,ok,
runB,cam0,2266,26.645,124.672,ok,
runB,cam0,2267,26.589,124.82,ok,
runB,cam0,2268,26.72,125.633,ok,
runB,cam0,2269,26.475,123.637,ok,
runB,cam0,2270,26.606,126.073,ok,
runB,cam0,2271,26.5,121.965,ok,
runB,cam0,2272,26.197,115.854,ok,
runB,cam0,2273,26.993,126.676,ok,
runB,cam0,2274,27.26,125.784,ok,
runB,cam0,2275,27.445,126.676,ok,
runB,cam0,2276,28.172,125.711,ok,
runB,cam0,2277,28.481,125.246,ok,
runB,cam0,2278,28.613,126.107,ok,
runB,cam0,2279,28.797,126.676,ok,
runB,cam0,2280,29.193,128.215,ok,
runB,cam0,2281,29.721,129.815,ok,
runB,cam0,2282,29.8,129.888,ok,
runB,cam0,2283,30.362,132.676,ok,
runB,cam0,2284,30.28,133.24,ok,
runB,cam0,2285,30.309,133.604,ok,
runB,cam0,2286,30.448,136.592,ok,
runB,cam0,2287,30.555,139.522,ok,
runB,cam0,2288,30.812,141.026,ok,
runB,cam0,2289,31.279,145.618,ok,
runB,cam0,2290,31.581,149.409,ok,
runB,cam0,2291,31.777,151.526,ok,
runB,cam0,2292,31.93,153.097,ok,
runB,cam0,2293,32.229,158.418,ok,
runB,cam0,2294,32.478,159.953,ok,
runB,cam0,2295,32.419,166.938,ok,
runB,cam0,2296,32.25,170.878,ok,
runB,cam0,2297,31.018,170.899,ok,
runB,cam0,2298,31.181,162.604,ok,
runB,cam0,2299,30.001,141.527,ok,
runB,cam0,2300,31.407,160.07,ok,
runB,cam0,2301,31.492,156.644,ok,
runB,cam0,2302,31.484,157.71,ok,
runB,cam0,2303,31.725,163.269,ok,
runB,cam0,2304,31.901,164.233,ok,
runB,cam0,2305,32.34,171.45,ok,
runB,cam0,2306,32.694,172.45,ok,
runB,cam0,2307,32.743,172.66,ok,
runB,cam0,2308,32.569,169.412,ok,
runB,cam0,2309,32.209,161.265,ok,
runB,cam0,2310,31.558,154.604,ok,
runB,cam0,2311,29.937,141.253,ok,
runB,cam0,2312,29.072,136.109,ok,
runB,cam0,2313,30.53,143.816,ok,
runB,cam0,2314,32.896,142.109,ok,
runB,cam0,2315,33.693,141.828,ok,
runB,cam0,2316,34.02,141.828,ok,
runB,cam0,2317,34.357,141.961,ok,
runB,cam0,2318,34.85,141.253,ok,
runB,cam0,2319,35.52,140.709,ok,
runB,cam0,2320,36.352,140.569,ok,
runB,cam0,2321,37.263,140.676,ok,
runB,cam0,2322,38.393,140.782,ok,
runB,cam0,2323,39.251,141.253,ok,
runB,cam0,2324,39.666,141.253,ok,
runB,cam0,2325,39.574,141.322,ok,
runB,cam0,2326,39.773,141.253,ok,
runB,cam0,2327,39.919,140.82,ok,
runB,cam0,2328,40.251,141.598,ok,
runB,cam0,2329,40.543,142.713,ok,
runB,cam0,2330,40.855,143.68,ok,
runB,cam0,2331,41.119,144.105,ok,
runB,cam0,2332,41.188,144.513,ok,
runB,cam0,2333,41.351,144.272,ok,
runB,cam0,2334,41.512,143.888,ok,
runB,cam0,2335,41.725,144.105,ok,
runB,cam0,2336,42.008,143.598,ok,
runB,cam0,2337,42.281,143.598,ok,
runB,cam0,2338,42.426,143.598,ok,
runB,cam0,2339,42.465,142.635,ok,
runB,cam0,2340,42.717,142.562,ok,
runB,cam0,2341,43.027,142.322,ok,
runB,cam0,2342,43.431,142.134,ok,
runB,cam0,2343,43.973,141.671,ok,
runB,cam0,2344,44.381,141.598,ok,
runB,cam0,2345,44.626,141.387,ok,
runB,cam0,2346,44.884,140.82,ok,
runB,cam0,2347,44.992,140.82,ok,
runB,cam0,2348,45.025,140.608,ok,
runB,cam0,2349,44.985,140.608,ok,
runB,cam0,2350,44.756,140.238,ok,
runB,cam0,2351,44.369,139.634,ok,
runB,cam0,2352,43.812,139.253,ok,
runB,cam0,2353,43.266,138.608,ok,
runB,cam0,2354,42.743,138.608,ok,
runB,cam0,2355,42.313,138.531,ok,
runB,cam0,2356,41.778,137.322,ok,
runB,cam0,2357,41.419,137.322,ok,
runB,cam0,2358,41.037,137.872,ok,
runB,cam0,2359,40.668,137.466,ok,
runB,cam0,2360,40.249,137.466,ok,
runB,cam0,2361,39.555,136.666,ok,
runB,cam0,2362,38.767,135.253,ok,
runB,cam0,2363,37.872,134.322,ok,
runB,cam0,2364,37.099,134.253,ok,
runB,cam0,2365,36.484,133.253,ok,
runB,cam0,2366,35.794,133.037,ok,
runB,cam0,2367,35.15,132.491,ok,
runB,cam0,2368,34.517,132.104,ok,
runB,cam0,2369,33.842,130.443,ok,
runB,cam0,2370,33.276,128.727,ok,
runB,cam0,2371,32.837,128.526,ok,
runB,cam0,2372,32.408,128.598,ok,
runB,cam0,2373,31.923,128.526,ok,
runB,cam0,2374,31.519,128.45,ok,
runB,cam0,2375,31.137,128.344,ok,
runB,cam0,2376,30.793,127.525,ok,
runB,cam0,2377,30.51,126.885,ok,
runB,cam0,2378,30.277,126.416,ok,
runB,cam0,2379,30.153,126.169,ok,
runB,cam0,2380,30.056,124.57,ok,
runB,cam0,2381,30.098,125.704,ok,
runB,cam0,2382,30.107,125.667,ok,
runB,cam0,2383,30.12,126.314,ok,
runB,cam0,2384,30.246,126.739,ok,
runB,cam0,2385,30.392,127.463,ok,
runB,cam0,2386,30.433,127.676,ok,
runB,cam0,2387,30.465,128.594,ok,
runB,cam0,2388,30.433,129.594,ok,
runB,cam0,2389,30.498,130.237,ok,
runB,cam0,2390,30.516,129.888,ok,
runB,cam0,2391,30.507,129.888,ok,
runB,cam0,2392,30.486,129.594,ok,
runB,cam0,2393,30.468,129.598,ok,
runB,cam0,2394,30.32,129.526,ok,
runB,cam0,2395,30.146,128.82,ok,
runB,cam0,2396,29.923,129.382,ok,
runB,cam0,2397,29.761,129.49,ok,
runB,cam0,2398,29.705,129.526,ok,
runB,cam0,2399,29.674,129.598,ok,
runB,cam0,2400,29.536,129.813,ok,
runB,cam0,2401,29.415,130.369,ok,
runB,cam0,2402,29.377,130.412,ok,
runB,cam0,2403,29.543,130.598,ok,
runB,cam0,2404,29.554,130.526,ok,
runB,cam0,2405,29.395,130.598,ok,
runB,cam0,2406,29.418,132.206,ok,
runB,cam0,2407,29.53,132.386,ok,
runB,cam0,2408,29.634,132.467,ok,
runB,cam0,2409,29.69,132.676,ok,
runB,cam0,2410,29.639,132.82,ok,
runB,cam0,2411,29.592,133.272,ok,
runB,cam0,2412,29.439,133.169,ok,
runB,cam0,2413,29.26,132.82,ok,
runB,cam0,2414,28.93,132.386,ok,
runB,cam0,2415,28.398,132.386,ok,
runB,cam0,2416,27.792,132.241,ok,
runB,cam0,2417,27.077,130.598,ok,
runB,cam0,2418,26.379,130.349,ok,
runB,cam0,2419,25.778,130.105,ok,
runB,cam0,2420,25.112,129.32,ok,
runB,cam0,2421,24.723,130.598,ok,
runB,cam0,2422,24.515,132.386,ok,
runB,cam0,2423,25.364,133.676,ok,
runB,cam0,2424,25.884,134.526,ok,
runB,cam0,2425,26.544,134.676,ok,
runB,cam0,2426,26.508,134.676,ok,
runB,cam0,2427,26.571,134.777,ok,
runB,cam0,2428,27.032,134.598,ok,
runB,cam0,2429,28.234,134.598,ok,
runB,cam0,2430,29.015,134.389,ok,
runB,cam0,2431,29.244,134.178,ok,
runB,cam0,2432,29.158,133.82,ok,
runB,cam0,2433,29.136,134.526,ok,
runB,cam0,2434,28.713,133.739,ok,
runB,cam0,2435,28.251,133.386,ok,
runB,cam0,2436,27.531,132.454,ok,
runB,cam0,2437,26.705,132.097,ok,
runB,cam0,2438,26.167,129.888,ok,
runB,cam0,2439,25.525,129.598,ok,
runB,cam0,2440,24.853,129.888,ok,
runB,cam0,2441,25.004,129.598,ok,
runB,cam0,2442,25.49,129.598,ok,
runB,cam0,2443,26.27,129.779,ok,
runB,cam0,2444,27.165,129.888,ok,
runB,cam0,2445,27.887,130.598,ok,
runB,cam0,2446,28.625,131.89,ok,
runB,cam0,2447,29.293,132.386,ok,
runB,cam0,2448,29.522,132.241,ok,
runB,cam0,2449,29.849,132.454,ok,
runB,cam0,2450,30.239,132.603,ok,
runB,cam0,2451,30.805,133.314,ok,
runB,cam0,2452,31.036,133.037,ok,
runB,cam0,2453,30.79,133.253,ok,
runB,cam0,2454,30.006,132.82,ok,
runB,cam0,2455,29.626,132.459,ok,
runB,cam0,2456,29.431,131.82,ok,
runB,cam0,2457,29.489,131.604,ok,
runB,cam0,2458,29.937,131.465,ok,
runB,cam0,2459,30.053,128.82,ok,
runB,cam0,2460,29.983,128.676,ok,
runB,cam0,2461,30.372,128.82,ok,
runB,cam0,2462,30.676,126.348,ok,
runB,cam0,2463,31.189,122.64,ok,
runB,cam0,2464,31.501,123.322,ok,
runB,cam0,2465,31.614,122.598,ok,
runB,cam0,2466,31.701,123.598,ok,
runB,cam0,2467,31.837,124.604,ok,
runB,cam0,2468,31.886,125.241,ok,
runB,cam0,2469,32.061,124.182,ok,
runB,cam0,2470,32.184,123.598,ok,
runB,cam0,2471,32.656,126.314,ok,
runB,cam0,2472,32.448,126.386,ok,
runB,cam0,2473,33.04,126.386,ok,
runB,cam0,2474,33.281,126.676,ok,
runB,cam0,2475,33.181,126.82,ok,
runB,cam0,2476,32.894,127.461,ok,
runB,cam0,2477,32.23,126.82,ok,
runB,cam0,2478,31.649,127.598,ok,
runB,cam0,2479,31.877,127.676,ok,
runB,cam0,2480,31.92,127.676,ok,
runB,cam0,2481,32.016,126.526,ok,
runB,cam0,2482,32.115,125.097,ok,
runB,cam0,2483,32.586,126.82,ok,
runB,cam0,2484,32.519,126.747,ok,
runB,cam0,2485,32.844,125.676,ok,
runB,cam0,2486,32.785,124.604,ok,
runB,cam0,2487,33.592,124.82,ok,
runB,cam0,2488,33.263,124.604,ok,
runB,cam0,2489,32.865,124.347,ok,
runB,cam0,2490,32.649,125.531,ok,
runB,cam0,2491,32.096,127.445,ok,
runB,cam0,2492,32.158,128.524,ok,
runB,cam0,2493,31.571,128.427,ok,
runB,cam0,2494,30.689,128.317,ok,
runB,cam0,2495,29.794,123.641,ok,
runB,cam0,2496,29.452,114.806,ok,
runB,cam0,2497,28.997,113.326,ok,
runB,cam0,2498,29.084,114.638,ok,
runB,cam0,2499,28.785,114.526,ok,
runB,cam0,2500,28.851,116.803,ok,
runB,cam0,2501,28.471,116.357,ok,
runB,cam0,2502,27.872,113.775,ok,
runB,cam0,2503,27.264,110.92,ok,
runB,cam0,2504,26.266,102.604,ok,
runB,cam0,2505,25.954,94.594,ok,
runB,cam0,2506,25.627,93.171,ok,
runB,cam0,2507,25.006,92.957,ok,
runB,cam0,2508,24.263,91.786,ok,
runB,cam0,2509,23.972,89.058,ok,
runB,cam0,2510,23.447,91.174,ok,
runB,cam0,2511,23.23,98.565,ok,
runB,cam0,2512,23.07,97.824,ok,
runB,cam0,2513,22.617,87.558,ok,
runB,cam0,2514,22.276,82.568,ok,
runB,cam0,2515,22.319,82.568,ok,
runB,cam0,2516,22.058,81.645,ok,
runB,cam0,2517,21.948,81.568,ok,
runB,cam0,2518,21.967,81.363,ok,
runB,cam0,2519,21.936,80.649,ok,
runB,cam0,2520,21.82,80.718,ok,
runB,cam0,2521,21.785,80.585,ok,
runB,cam0,2522,21.649,81.406,ok,
runB,cam0,2523,21.757,81.645,ok,
runB,cam0,2524,22.194,81.718,ok,
runB,cam0,2525,22.471,81.727,ok,
runB,cam0,2526,22.622,83.357,ok,
runB,cam0,2527,22.661,83.573,ok,
runB,cam0,2528,22.847,83.645,ok,
runB,cam0,2529,22.495,83.573,ok,
runB,cam0,2530,22.688,84.573,ok,
runB,cam0,2531,23.191,88.882,ok,
runB,cam0,2532,23.404,96.873,ok,
runB,cam0,2533,23.619,101.986,ok,
runB,cam0,2534,24.023,107.382,ok,
runB,cam0,2535,24.391,112.209,ok,
runB,cam0,2536,24.479,114.171,ok,
runB,cam0,2537,24.299,114.39,ok,
runB,cam0,2538,24.253,115.382,ok,
runB,cam0,2539,24.462,116.597,ok,
runB,cam0,2540,24.419,116.72,ok,
runB,cam0,2541,24.455,115.595,ok,
runB,cam0,2542,24.327,115.828,ok,
runB,cam0,2543,24.398,117.002,ok,
runB,cam0,2544,24.675,118.138,ok,
runB,cam0,2545,24.718,118.828,ok,
runB,cam0,2546,24.701,118.896,ok,
runB,cam0,2547,24.604,119.253,ok,
runB,cam0,2548,24.409,117.828,ok,
runB,cam0,2549,24.43,118.828,ok,
runB,cam0,2550,24.317,118.828,ok,
runB,cam0,2551,24.313,118.828,ok,
runB,cam0,2552,24.486,118.828,ok,
runB,cam0,2553,24.352,118.072,ok,
runB,cam0,2554,24.326,117.828,ok,
runB,cam0,2555,24.337,116.431,ok,
runB,cam0,2556,24.406,114.828,ok,
runB,cam0,2557,24.225,111.973,ok,
runB,cam0,2558,24.438,110.828,ok,
runB,cam0,2559,23.989,105.581,ok,
runB,cam0,2560,23.527,97.548,ok,
runB,cam0,2561,23.71,104.472,ok,
runB,cam0,2562,23.952,108.572,ok,
runB,cam0,2563,24.345,113.828,ok,
runB,cam0,2564,24.754,113.973,ok,
runB,cam0,2565,25.05,114.143,ok,
runB,cam0,2566,25.108,115.045,ok,
runB,cam0,2567,25.1,115.045,ok,
runB,cam0,2568,24.894,114.598,ok,
runB,cam0,2569,24.722,113.973,ok,
runB,cam0,2570,24.524,113.973,ok,
runB,cam0,2571,24.337,113.973,ok,
runB,cam0,2572,24.19,113.828,ok,
runB,cam0,2573,23.965,113.642,ok,
runB,cam0,2574,23.561,112.828,ok,
runB,cam0,2575,23.612,112.828,ok,
runB,cam0,2576,23.574,111.973,ok,
runB,cam0,2577,23.238,111.973,ok,
runB,cam0,2578,23.151,111.148,ok,
runB,cam0,2579,22.822,110.973,ok,
runB,cam0,2580,22.377,109.045,ok,
runB,cam0,2581,22.732,108.389,ok,
runB,cam0,2582,22.511,107.319,ok,
runB,cam0,2583,22.84,101.083,ok,
runB,cam0,2584,22.827,84.645,ok,
runB,cam0,2585,23.167,85.62,ok,
runB,cam0,2586,23.241,85.645,ok,
runB,cam0,2587,23.074,84.645,ok,
runB,cam0,2588,22.936,83.645,ok,
runB,cam0,2589,22.8,83.573,ok,
runB,cam0,2590,22.485,82.64,ok,
runB,cam0,2591,22.3,82.568,ok,
runB,cam0,2592,22.156,81.718,ok,
runB,cam0,2593,22.103,81.645,ok,
runB,cam0,2594,21.932,81.645,ok,
runB,cam0,2595,21.68,81.64,ok,
runB,cam0,2596,21.477,81.606,ok,
runB,cam0,2597,21.299,81.429,ok,
runB,cam0,2598,21.176,81.568,ok,
runB,cam0,2599,21.146,81.568,ok,
runB,cam0,2600,21.076,81.64,ok,
runB,cam0,2601,20.902,81.645,ok,
runB,cam0,2602,20.728,81.64,ok,
runB,cam0,2603,20.639,81.568,ok,
runB,cam0,2604,20.546,81.568,ok,
runB,cam0,2605,20.504,81.645,ok,
runB,cam0,2606,20.444,81.645,ok,
runB,cam0,2607,20.456,81.718,ok,
runB,cam0,2608,20.401,82.058,ok,
runB,cam0,2609,20.432,83.288,ok,
runB,cam0,2610,20.411,83.699,ok,
runB,cam0,2611,20.393,84.573,ok,
runB,cam0,2612,20.314,84.975,ok,
runB,cam0,2613,20.272,85.355,ok,
runB,cam0,2614,20.213,85.573,ok,
runB,cam0,2615,20.242,86.203,ok,
runB,cam0,2616,20.179,86.436,ok,
runB,cam0,2617,20.231,85.951,ok,
runB,cam0,2618,20.204,86.167,ok,
runB,cam0,2619,20.267,85.617,ok,
runB,cam0,2620,20.208,85.658,ok,
runB,cam0,2621,20.184,85.649,ok,
runB,cam5,0,28.468,117.726,ok,
runB,cam5,1,28.529,117.824,ok,
runB,cam5,2,28.498,117.828,ok,
runB,cam5,3,28.484,117.722,ok,
runB,cam5,4,28.44,117.612,ok,
runB,cam5,5,28.499,117.612,ok,
runB,cam5,6,28.437,117.828,ok,
runB,cam5,7,28.422,117.824,ok,
runB,cam5,8,28.36,117.612,ok,
runB,cam5,9,28.416,117.82,ok,
runB,cam5,10,28.391,117.787,ok,
runB,cam5,11,28.383,117.824,ok,
runB,cam5,12,28.302,117.612,ok,
runB,cam5,13,28.343,117.612,ok,
runB,cam5,14,28.303,117.612,ok,
runB,cam5,15,28.282,117.685,ok,
runB,cam5,16,28.214,117.612,ok,
runB,cam5,17,28.263,117.722,ok,
runB,cam5,18,28.234,117.722,ok,
runB,cam5,19,28.222,117.722,ok,
runB,cam5,20,28.161,117.612,ok,
runB,cam5,21,28.205,117.612,ok,
runB,cam5,22,28.174,117.612,ok,
runB,cam5,23,28.159,117.612,ok,
runB,cam5,24,28.105,117.612,ok,
runB,cam5,25,28.149,117.612,ok,
runB,cam5,26,28.132,117.824,ok,
runB,cam5,27,28.083,117.824,ok,
runB,cam5,28,27.936,117.828,ok,
runB,cam5,29,27.93,117.828,ok,
runB,cam5,30,27.855,117.824,ok,
runB,cam5,31,27.718,117.828,ok,
runB,cam5,32,27.308,117.612,ok,
runB,cam5,33,26.969,117.612,ok,
runB,cam5,34,26.417,117.787,ok,
runB,cam5,35,25.522,117.824,ok,
runB,cam5,36,24.728,117.824,ok,
runB,cam5,37,24.756,117.82,ok,
runB,cam5,38,25.207,117.685,ok,
runB,cam5,39,26.042,117.828,ok,
runB,cam5,40,26.872,117.828,ok,
runB,cam5,41,27.819,117.824,ok,
runB,cam5,42,28.356,117.828,ok,
runB,cam5,43,28.502,117.828,ok,
runB,cam5,44,28.475,117.726,ok,
runB,cam5,45,28.552,117.828,ok,
runB,cam5,46,28.51,117.828,ok,
runB,cam5,47,28.548,117.828,ok,
runB,cam5,48,28.515,117.828,ok,
runB,cam5,49,28.578,117.828,ok,
runB,cam5,50,28.552,117.828,ok,
runB,cam5,51,28.594,117.828,ok,
runB,cam5,52,28.549,117.828,ok,
runB,cam5,53,28.627,117.963,ok,
runB,cam5,54,28.608,117.902,ok,
runB,cam5,55,28.659,118.118,ok,
runB,cam5,56,28.642,118.152,ok,
runB,cam5,57,28.731,118.319,ok,
runB,cam5,58,28.737,118.319,ok,
runB,cam5,59,28.802,118.283,ok,
runB,cam5,60,28.8,118.327,ok,
runB,cam5,61,28.904,118.319,ok,
runB,cam5,62,28.934,118.335,ok,
runB,cam5,63,29.001,118.463,ok,
runB,cam5,64,29.015,118.463,ok,
runB,cam5,65,29.132,118.612,ok,
runB,cam5,66,29.16,118.612,ok,
runB,cam5,67,29.242,118.612,ok,
runB,cam5,68,29.256,118.612,ok,
runB,cam5,69,29.346,119.03,ok,
runB,cam5,70,29.357,119.114,ok,
runB,cam5,71,29.429,119.182,ok,
runB,cam5,72,29.452,119.182,ok,
runB,cam5,73,29.557,119.321,ok,
runB,cam5,74,29.604,119.389,ok,
runB,cam5,75,29.699,119.608,ok,
runB,cam5,76,29.761,119.684,ok,
runB,cam5,77,29.9,119.684,ok,
runB,cam5,78,29.936,119.828,ok,
runB,cam5,79,30.042,119.828,ok,
runB,cam5,80,30.072,120.182,ok,
runB,cam5,81,30.206,120.182,ok,
runB,cam5,82,30.271,120.298,ok,
runB,cam5,83,30.392,120.648,ok,
runB,cam5,84,30.447,120.506,ok,
runB,cam5,85,30.522,120.648,ok,
runB,cam5,86,30.509,120.684,ok,
runB,cam5,87,30.547,121.113,ok,
runB,cam5,88,30.465,121.561,ok,
runB,cam5,89,30.431,121.684,ok,
runB,cam5,90,30.185,121.684,ok,
runB,cam5,91,29.871,122.255,ok,
runB,cam5,92,29.433,122.255,ok,
runB,cam5,93,28.794,122.676,ok,
runB,cam5,94,27.75,122.816,ok,
runB,cam5,95,27.039,123.677,ok,
runB,cam5,96,27.289,124.391,ok,
runB,cam5,97,28.116,124.612,ok,
runB,cam5,98,29.148,124.612,ok,
runB,cam5,99,30.305,125.182,ok,
runB,cam5,100,31.216,125.463,ok,
runB,cam5,101,32.041,125.612,ok,
runB,cam5,102,32.292,126.182,ok,
runB,cam5,103,32.467,126.608,ok,
runB,cam5,104,32.559,127.182,ok,
runB,cam5,105,32.656,127.684,ok,
runB,cam5,106,32.698,128.427,ok,
runB,cam5,107,32.793,129.255,ok,
runB,cam5,108,32.829,129.463,ok,
runB,cam5,109,32.979,131.389,ok,
runB,cam5,110,33.081,131.825,ok,
runB,cam5,111,33.239,133.182,ok,
runB,cam5,112,33.363,134.038,ok,
runB,cam5,113,33.614,135.936,ok,
runB,cam5,114,33.839,138.251,ok,
runB,cam5,115,34.076,139.463,ok,
runB,cam5,116,34.33,140.182,ok,
runB,cam5,117,34.642,141.463,ok,
runB,cam5,118,34.885,143.038,ok,
runB,cam5,119,35.248,145.537,ok,
runB,cam5,120,35.595,145.825,ok,
runB,cam5,121,36.118,147.038,ok,
runB,cam5,122,36.506,147.966,ok,
runB,cam5,123,36.874,148.038,ok,
runB,cam5,124,37.235,148.038,ok,
runB,cam5,125,37.704,148.266,ok,
runB,cam5,126,38.054,148.966,ok,
runB,cam5,127,38.628,148.966,ok,
runB,cam5,128,39.333,148.966,ok,
runB,cam5,129,40.134,149.038,ok,
runB,cam5,130,40.84,149.038,ok,
runB,cam5,131,41.54,149.038,ok,
runB,cam5,132,42.154,149.038,ok,
runB,cam5,133,42.767,149.038,ok,
runB,cam5,134,43.402,148.966,ok,
runB,cam5,135,44.085,149.038,ok,
runB,cam5,136,44.662,148.966,ok,
runB,cam5,137,45.222,149.034,ok,
runB,cam5,138,45.687,148.11,ok,
runB,cam5,139,46.355,148.038,ok,
runB,cam5,140,46.996,148.038,ok,
runB,cam5,141,47.681,148.038,ok,
runB,cam5,142,48.275,148.038,ok,
runB,cam5,143,48.782,148.038,ok,
runB,cam5,144,49.155,148.038,ok,
runB,cam5,145,49.818,148.038,ok,
runB,cam5,146,50.41,148.038,ok,
runB,cam5,147,50.936,148.038,ok,
runB,cam5,148,51.353,148.038,ok,
runB,cam5,149,51.92,148.038,ok,
runB,cam5,150,52.307,148.038,ok,
runB,cam5,151,52.421,148.038,ok,
runB,cam5,152,52.241,147.966,ok,
runB,cam5,153,52.099,148.038,ok,
runB,cam5,154,51.956,148.038,ok,
runB,cam5,155,51.944,148.038,ok,
runB,cam5,156,51.467,147.966,ok,
runB,cam5,157,50.611,148.038,ok,
runB,cam5,158,49.687,147.966,ok,
runB,cam5,159,48.524,148.038,ok,
runB,cam5,160,47.218,147.472,ok,
runB,cam5,161,46.24,147.182,ok,
runB,cam5,162,45.478,146.328,ok,
runB,cam5,163,44.753,145.825,ok,
runB,cam5,164,44.055,145.218,ok,
runB,cam5,165,43.332,143.678,ok,
runB,cam5,166,42.344,142.038,ok,
runB,cam5,167,41.108,140.798,ok,
runB,cam5,168,39.476,139.174,ok,
runB,cam5,169,37.802,136.463,ok,
runB,cam5,170,36.679,133.608,ok,
runB,cam5,171,36.196,132.319,ok,
runB,cam5,172,35.934,130.959,ok,
runB,cam5,173,36.01,129.682,ok,
runB,cam5,174,35.648,129.676,ok,
runB,cam5,175,35.281,128.684,ok,
runB,cam5,176,34.723,127.539,ok,
runB,cam5,177,34.276,125.824,ok,
runB,cam5,178,34.119,125.531,ok,
runB,cam5,179,33.776,125.608,ok,
runB,cam5,180,33.352,126.604,ok,
runB,cam5,181,32.827,127.604,ok,
runB,cam5,182,32.427,127.936,ok,
runB,cam5,183,32.142,128.604,ok,
runB,cam5,184,31.915,128.938,ok,
runB,cam5,185,31.621,128.466,ok,
runB,cam5,186,31.217,127.389,ok,
runB,cam5,187,30.79,125.427,ok,
runB,cam5,188,30.658,123.753,ok,
runB,cam5,189,30.713,120.687,ok,
runB,cam5,190,30.63,118.282,ok,
runB,cam5,191,30.717,117.612,ok,
runB,cam5,192,31.429,118.566,ok,
runB,cam5,193,32.377,119.182,ok,
runB,cam5,194,33.236,120.182,ok,
runB,cam5,195,34.019,122.255,ok,
runB,cam5,196,34.608,125.608,ok,
runB,cam5,197,35.294,127.604,ok,
runB,cam5,198,35.76,129.391,ok,
runB,cam5,199,36.116,132.463,ok,
runB,cam5,200,36.718,134.463,ok,
runB,cam5,201,37.419,139.319,ok,
runB,cam5,202,38.052,142.391,ok,
runB,cam5,203,38.492,144.753,ok,
runB,cam5,204,38.979,145.319,ok,
runB,cam5,205,39.598,146.731,ok,
runB,cam5,206,40.305,147.966,ok,
runB,cam5,207,40.917,148.038,ok,
runB,cam5,208,41.59,148.966,ok,
runB,cam5,209,42.184,149.115,ok,
runB,cam5,210,42.642,149.038,ok,
runB,cam5,211,43.409,149.685,ok,
runB,cam5,212,44.358,150.038,ok,
runB,cam5,213,45.158,150.038,ok,
runB,cam5,214,45.815,150.038,ok,
runB,cam5,215,46.555,150.038,ok,
runB,cam5,216,47.3,150.038,ok,
runB,cam5,217,48.091,150.038,ok,
runB,cam5,218,48.797,150.038,ok,
runB,cam5,219,49.43,149.966,ok,
runB,cam5,220,49.986,149.541,ok,
runB,cam5,221,50.63,149.685,ok,
runB,cam5,222,51.306,149.685,ok,
runB,cam5,223,52.146,150.038,ok,
runB,cam5,224,52.931,149.966,ok,
runB,cam5,225,53.732,150.247,ok,
runB,cam5,226,54.553,150.849,ok,
runB,cam5,227,55.356,151.256,ok,
runB,cam5,228,55.909,150.186,ok,
runB,cam5,229,56.138,149.391,ok,
runB,cam5,230,56.228,148.966,ok,
runB,cam5,231,56.203,148.185,ok,
runB,cam5,232,55.965,147.723,ok,
runB,cam5,233,55.64,147.472,ok,
runB,cam5,234,54.852,147.038,ok,
runB,cam5,235,54.208,146.966,ok,
runB,cam5,236,53.275,146.472,ok,
runB,cam5,237,51.58,144.97,ok,
runB,cam5,238,49.68,142.182,ok,
runB,cam5,239,48.083,138.869,ok,
runB,cam5,240,39.347,135.608,ok,
runB,cam5,241,29.238,131.647,ok,
runB,cam5,242,24.375,122.892,ok,
runB,cam5,243,22.258,119.395,ok,
runB,cam5,244,22.279,110.357,ok,
runB,cam5,245,29.043,113.389,ok,
runB,cam5,246,33.122,120.608,ok,
runB,cam5,247,34.356,123.784,ok,
runB,cam5,248,34.723,127.463,ok,
runB,cam5,249,34.877,132.463,ok,
runB,cam5,250,35.108,132.463,ok,
runB,cam5,251,35.54,136.391,ok,
runB,cam5,252,35.988,141.966,ok,
runB,cam5,253,36.725,143.463,ok,
runB,cam5,254,36.959,143.038,ok,
runB,cam5,255,36.925,143.391,ok,
runB,cam5,256,36.759,145.256,ok,
runB,cam5,257,36.344,144.681,ok,
runB,cam5,258,36.036,144.581,ok,
runB,cam5,259,36.238,144.753,ok,
runB,cam5,260,36.709,144.753,ok,
runB,cam5,261,36.952,144.753,ok,
runB,cam5,262,36.664,144.472,ok,
runB,cam5,263,35.901,143.255,ok,
runB,cam5,264,35.204,142.685,ok,
runB,cam5,265,34.13,142.038,ok,
runB,cam5,266,33.387,141.363,ok,
runB,cam5,267,33.882,141.038,ok,
runB,cam5,268,34.831,140.463,ok,
runB,cam5,269,36.166,140.038,ok,
runB,cam5,270,37.783,139.966,ok,
runB,cam5,271,39.252,139.902,ok,
runB,cam5,272,40.31,139.463,ok,
runB,cam5,273,41.203,139.007,ok,
runB,cam5,274,42.064,138.174,ok,
runB,cam5,275,42.712,136.186,ok,
runB,cam5,276,42.974,133.429,ok,
runB,cam5,277,43.323,130.97,ok,
runB,cam5,278,43.388,128.463,ok,
runB,cam5,279,43.49,127.463,ok,
runB,cam5,280,43.418,126.644,ok,
runB,cam5,281,43.293,126.606,ok,
runB,cam5,282,42.878,127.11,ok,
runB,cam5,283,42.667,128.391,ok,
runB,cam5,284,42.262,129.038,ok,
runB,cam5,285,41.819,129.816,ok,
runB,cam5,286,41.285,132.463,ok,
runB,cam5,287,40.442,134.387,ok,
runB,cam5,288,39.266,135.391,ok,
runB,cam5,289,38.034,137.753,ok,
runB,cam5,290,36.749,139.684,ok,
runB,cam5,291,35.582,138.825,ok,
runB,cam5,292,34.174,133.463,ok,
runB,cam5,293,32.442,128.208,ok,
runB,cam5,294,31.52,124.604,ok,
runB,cam5,295,30.8,119.463,ok,
runB,cam5,296,30.054,117.391,ok,
runB,cam5,297,30.21,116.785,ok,
runB,cam5,298,30.734,121.01,ok,
runB,cam5,299,31.722,129.422,ok,
runB,cam5,300,32.802,132.319,ok,
runB,cam5,301,33.775,131.755,ok,
runB,cam5,302,34.771,132.765,ok,
runB,cam5,303,35.53,131.357,ok,
runB,cam5,304,36.085,129.186,ok,
runB,cam5,305,37.145,128.459,ok,
runB,cam5,306,38.612,127.463,ok,
runB,cam5,307,39.203,127.182,ok,
runB,cam5,308,39.842,126.604,ok,
runB,cam5,309,40.91,126.676,ok,
runB,cam5,310,41.505,127.463,ok,
runB,cam5,311,41.992,127.463,ok,
runB,cam5,312,42.638,127.676,ok,
runB,cam5,313,43.103,128.463,ok,
runB,cam5,314,43.469,128.463,ok,
runB,cam5,315,43.818,129.038,ok,
runB,cam5,316,44.022,129.463,ok,
runB,cam5,317,44.244,131.391,ok,
runB,cam5,318,44.429,132.463,ok,
runB,cam5,319,44.897,134.18,ok,
runB,cam5,320,44.91,134.389,ok,
runB,cam5,321,44.786,134.649,ok,
runB,cam5,322,44.775,135.463,ok,
runB,cam5,323,44.648,136.038,ok,
runB,cam5,324,44.314,136.463,ok,
runB,cam5,325,43.843,137.72,ok,
runB,cam5,326,43.146,138.191,ok,
runB,cam5,327,42.055,136.684,ok,
runB,cam5,328,40.758,136.391,ok,
runB,cam5,329,39.574,136.463,ok,
runB,cam5,330,38.516,136.295,ok,
runB,cam5,331,37.664,136.429,ok,
runB,cam5,332,36.471,136.391,ok,
runB,cam5,333,34.588,136.463,ok,
runB,cam5,334,32.61,136.255,ok,
runB,cam5,335,30.884,135.182,ok,
runB,cam5,336,28.834,134.182,ok,
runB,cam5,337,26.911,134.182,ok,
runB,cam5,338,24.942,134.182,ok,
runB,cam5,339,23.145,134.182,ok,
runB,cam5,340,21.758,134.684,ok,
runB,cam5,341,20.452,134.182,ok,
runB,cam5,342,19.216,132.612,ok,
runB,cam5,343,18.065,130.97,ok,
runB,cam5,344,16.95,128.182,ok,
runB,cam5,345,15.753,126.54,ok,
runB,cam5,346,15.03,125.463,ok,
runB,cam5,347,14.143,125.608,ok,
runB,cam5,348,13.114,121.757,ok,
runB,cam5,349,12.334,117.391,ok,
runB,cam5,350,11.88,113.64,too_dark,
runB,cam5,351,11.311,110.319,too_dark,
runB,cam5,352,10.896,107.888,too_dark,
runB,cam5,353,10.399,101.598,too_dark,
runB,cam5,354,10.211,95.927,too_dark,
runB,cam5,355,9.913,87.598,too_dark,
runB,cam5,356,9.611,82.563,too_dark,
runB,cam5,357,9.255,75.308,too_dark,
runB,cam5,358,9.084,69.099,too_dark,
runB,cam5,359,8.774,62.6,too_dark,
runB,cam5,360,8.428,55.643,too_dark,
runB,cam5,361,8.139,49.659,too_dark,
runB,cam5,362,7.992,46.729,too_dark,
runB,cam5,363,7.965,44.419,too_dark,
runB,cam5,364,7.843,43.49,too_dark,
runB,cam5,365,7.745,42.659,too_dark,
runB,cam5,366,7.643,41.231,too_dark,
runB,cam5,367,7.643,39.724,too_dark,
runB,cam5,368,7.63,37.083,too_dark,
runB,cam5,369,7.519,36.517,too_dark,
runB,cam5,370,7.367,34.272,too_dark,
runB,cam5,371,7.232,34.081,too_dark,
runB,cam5,372,7.167,35.365,too_dark,
runB,cam5,373,7.109,32.647,too_dark,
runB,cam5,374,6.988,30.652,too_dark,
runB,cam5,375,6.862,29.904,too_dark,
runB,cam5,376,6.768,29.479,too_dark,
runB,cam5,377,6.75,29.436,too_dark,
runB,cam5,378,6.761,28.436,too_dark,
runB,cam5,379,6.643,26.72,too_dark,
runB,cam5,380,6.486,25.72,too_dark,
runB,cam5,381,6.436,25.585,too_dark,
runB,cam5,382,6.346,25.367,too_dark,
runB,cam5,383,6.229,24.993,too_dark,
runB,cam5,384,6.097,24.255,too_dark,
runB,cam5,385,6.125,23.15,too_dark,
runB,cam5,386,6.29,24.107,too_dark,
runB,cam5,387,6.443,25.44,too_dark,
runB,cam5,388,6.734,30.155,too_dark,
runB,cam5,389,6.909,34.79,too_dark,
runB,cam5,390,6.917,36.545,too_dark,
runB,cam5,391,6.82,32.831,too_dark,
runB,cam5,392,6.705,30.654,too_dark,
runB,cam5,393,6.564,27.664,too_dark,
runB,cam5,394,6.472,26.43,too_dark,
runB,cam5,395,6.347,26.576,too_dark,
runB,cam5,396,6.221,28.228,too_dark,
runB,cam5,397,6.132,28.291,too_dark,
runB,cam5,398,6.07,26.576,too_dark,
runB,cam5,399,6.063,25.227,too_dark,
runB,cam5,400,6.181,24.43,too_dark,
runB,cam5,401,6.266,24.291,too_dark,
runB,cam5,402,6.353,24.153,too_dark,
runB,cam5,403,6.453,24.291,too_dark,
runB,cam5,404,6.509,24.797,too_dark,
runB,cam5,405,6.486,24.76,too_dark,
runB,cam5,406,6.504,25.511,too_dark,
runB,cam5,407,6.731,25.192,too_dark,
runB,cam5,408,6.871,25.575,too_dark,
runB,cam5,409,6.975,26.399,too_dark,
runB,cam5,410,7.015,26.194,too_dark,
runB,cam5,411,7.027,26.118,too_dark,
runB,cam5,412,7.145,26.063,too_dark,
runB,cam5,413,7.337,26.262,too_dark,
runB,cam5,414,7.384,27.118,too_dark,
runB,cam5,415,7.385,27.683,too_dark,
runB,cam5,416,7.359,27.558,too_dark,
runB,cam5,417,7.297,26.973,too_dark,
runB,cam5,418,7.562,28.688,too_dark,
runB,cam5,419,7.564,29.58,too_dark,
runB,cam5,420,8.566,44.223,too_dark,
runB,cam5,421,11.912,49.079,too_dark,
runB,cam5,422,15.697,53.079,ok,
runB,cam5,423,13.674,50.223,ok,
runB,cam5,424,10.849,47.151,too_dark,
runB,cam5,425,9.242,45.079,too_dark,
runB,cam5,426,8.517,39.113,too_dark,
runB,cam5,427,7.929,33.286,too_dark,
runB,cam5,428,7.538,31.291,too_dark,
runB,cam5,429,7.239,28.372,too_dark,
runB,cam5,430,7.026,26.576,too_dark,
runB,cam5,431,6.684,25.291,too_dark,
runB,cam5,432,6.39,25.576,too_dark,
runB,cam5,433,6.369,26.403,too_dark,
runB,cam5,434,6.246,26.059,too_dark,
runB,cam5,435,6.134,23.43,too_dark,
runB,cam5,436,6.115,21.738,too_dark,
runB,cam5,437,6.156,19.769,too_dark,
runB,cam5,438,6.292,19.316,too_dark,
runB,cam5,439,6.427,20.58,too_dark,
runB,cam5,440,6.484,19.825,too_dark,
runB,cam5,441,6.583,18.21,too_dark,
runB,cam5,442,6.729,19.722,too_dark,
runB,cam5,443,6.97,22.077,too_dark,
runB,cam5,444,7.178,21.401,too_dark,
runB,cam5,445,7.416,21.291,too_dark,
runB,cam5,446,7.688,23.042,too_dark,
runB,cam5,447,7.994,23.636,too_dark,
runB,cam5,448,8.241,23.323,too_dark,
runB,cam5,449,8.534,23.791,too_dark,
runB,cam5,450,8.875,26.529,too_dark,
runB,cam5,451,9.052,25.21,too_dark,
runB,cam5,452,9.157,24.991,too_dark,
runB,cam5,453,9.239,25.993,too_dark,
runB,cam5,454,9.209,26.491,too_dark,
runB,cam5,455,9.118,26.065,too_dark,
runB,cam5,456,8.95,25.065,too_dark,
runB,cam5,457,8.842,26.529,too_dark,
runB,cam5,458,8.705,28.708,too_dark,
runB,cam5,459,8.372,26.575,too_dark,
runB,cam5,460,8.067,25.575,too_dark,
runB,cam5,461,7.916,25.367,too_dark,
runB,cam5,462,7.663,24.575,too_dark,
runB,cam5,463,7.448,23.508,too_dark,
runB,cam5,464,7.375,23.293,too_dark,
runB,cam5,465,7.425,24.295,too_dark,
runB,cam5,466,7.501,25.569,too_dark,
runB,cam5,467,7.422,24.652,too_dark,
runB,cam5,468,7.442,25.865,too_dark,
runB,cam5,469,7.621,29.039,too_dark,
runB,cam5,470,7.661,31.051,too_dark,
runB,cam5,471,7.844,34.263,too_dark,
runB,cam5,472,8.065,41.689,too_dark,
runB,cam5,473,8.357,49.22,too_dark,
runB,cam5,474,8.523,51.37,too_dark,
runB,cam5,475,8.634,51.878,too_dark,
runB,cam5,476,8.764,52.373,too_dark,
runB,cam5,477,8.933,51.797,too_dark,
runB,cam5,478,9.075,49.402,too_dark,
runB,cam5,479,9.104,46.342,too_dark,
runB,cam5,480,9.12,43.263,too_dark,
runB,cam5,481,9.235,43.98,too_dark,
runB,cam5,482,9.489,44.438,too_dark,
runB,cam5,483,9.739,46.505,too_dark,
runB,cam5,484,9.697,44.664,too_dark,
runB,cam5,485,9.931,43.611,too_dark,
runB,cam5,486,10.458,45.976,too_dark,
runB,cam5,487,11.348,70.448,too_dark,
runB,cam5,488,12.227,87.376,ok,
runB,cam5,489,13.152,95.095,ok,
runB,cam5,490,14.278,94.562,ok,
runB,cam5,491,15.087,90.025,ok,
runB,cam5,492,15.743,84.27,ok,
runB,cam5,493,16.905,87.452,ok,
runB,cam5,494,17.894,99.491,ok,
runB,cam5,495,19.191,106.494,ok,
runB,cam5,496,20.588,115.676,ok,
runB,cam5,497,22.115,126.211,ok,
runB,cam5,498,23.955,132.387,ok,
runB,cam5,499,25.74,139.243,ok,
runB,cam5,500,27.577,147.494,ok,
runB,cam5,501,29.097,151.59,ok,
runB,cam5,502,30.158,149.243,ok,
runB,cam5,503,31.031,149.021,ok,
runB,cam5,504,31.603,146.535,ok,
runB,cam5,505,31.654,140.243,ok,
runB,cam5,506,31.405,134.389,ok,
runB,cam5,507,30.782,128.463,ok,
runB,cam5,508,30.122,125.499,ok,
runB,cam5,509,29.524,124.391,ok,
runB,cam5,510,28.925,124.121,ok,
runB,cam5,511,28.18,124.391,ok,
runB,cam5,512,27.901,125.359,ok,
runB,cam5,513,27.664,125.531,ok,
runB,cam5,514,27.833,126.463,ok,
runB,cam5,515,27.985,125.463,ok,
runB,cam5,516,28.399,124.391,ok,
runB,cam5,517,29.134,122.189,ok,
runB,cam5,518,30.003,129.905,ok,
runB,cam5,519,31.301,136.672,ok,
runB,cam5,520,32.514,139.148,ok,
runB,cam5,521,33.18,141.043,ok,
runB,cam5,522,33.505,143.311,ok,
runB,cam5,523,33.253,142.038,ok,
runB,cam5,524,32.774,136.255,ok,
runB,cam5,525,32.841,135.026,ok,
runB,cam5,526,33.259,135.463,ok,
runB,cam5,527,34.073,138.825,ok,
runB,cam5,528,35.009,141.105,ok,
runB,cam5,529,35.998,142.966,ok,
runB,cam5,530,36.702,149.021,ok,
runB,cam5,531,37.663,151.97,ok,
runB,cam5,532,38.895,151.753,ok,
runB,cam5,533,40.685,152.028,ok,
runB,cam5,534,41.836,151.855,ok,
runB,cam5,535,42.634,152.028,ok,
runB,cam5,536,43.761,151.666,ok,
runB,cam5,537,45.167,151.528,ok,
runB,cam5,538,46.239,151.021,ok,
runB,cam5,539,47.246,151.021,ok,
runB,cam5,540,47.93,150.704,ok,
runB,cam5,541,48.43,151.753,ok,
runB,cam5,542,48.905,151.58,ok,
runB,cam5,543,49.462,151.868,ok,
runB,cam5,544,50.002,152.319,ok,
runB,cam5,545,50.564,151.705,ok,
runB,cam5,546,50.376,149.685,ok,
runB,cam5,547,49.384,149.326,ok,
runB,cam5,548,47.909,148.719,ok,
runB,cam5,549,46.603,146.243,ok,
runB,cam5,550,45.484,142.391,ok,
runB,cam5,551,44.389,141.182,ok,
runB,cam5,552,43.188,140.538,ok,
runB,cam5,553,41.658,140.966,ok,
runB,cam5,554,39.866,140.966,ok,
runB,cam5,555,37.833,138.97,ok,
runB,cam5,556,35.949,138.193,ok,
runB,cam5,557,34.516,137.753,ok,
runB,cam5,558,33.425,137.753,ok,
runB,cam5,559,32.916,139.966,ok,
runB,cam5,560,32.502,138.825,ok,
runB,cam5,561,31.61,138.391,ok,
runB,cam5,562,30.845,135.038,ok,
runB,cam5,563,29.819,129.814,ok,
runB,cam5,564,29.539,127.825,ok,
runB,cam5,565,29.101,122.684,ok,
runB,cam5,566,28.627,124.434,ok,
runB,cam5,567,28.211,127.608,ok,
runB,cam5,568,27.373,121.182,ok,
runB,cam5,569,27.173,124.606,ok,
runB,cam5,570,26.609,127.504,ok,
runB,cam5,571,26.045,129.455,ok,
runB,cam5,572,25.224,136.038,ok,
runB,cam5,573,24.654,137.97,ok,
runB,cam5,574,23.77,136.682,ok,
runB,cam5,575,23.316,132.178,ok,
runB,cam5,576,23.554,128.0,ok,
runB,cam5,577,24.24,126.606,ok,
runB,cam5,578,24.637,121.576,ok,
runB,cam5,579,25.532,121.638,ok,
runB,cam5,580,25.926,118.463,ok,
runB,cam5,581,26.462,116.97,ok,
runB,cam5,582,26.795,115.255,ok,
runB,cam5,583,27.184,113.352,ok,
runB,cam5,584,28.714,120.351,ok,
runB,cam5,585,29.625,125.531,ok,
runB,cam5,586,30.303,129.526,ok,
runB,cam5,587,30.928,133.387,ok,
runB,cam5,588,31.05,133.387,ok,
runB,cam5,589,30.716,127.463,ok,
runB,cam5,590,30.858,124.618,ok,
runB,cam5,591,30.881,124.391,ok,
runB,cam5,592,30.597,122.676,ok,
runB,cam5,593,30.069,122.891,ok,
runB,cam5,594,29.524,124.391,ok,
runB,cam5,595,29.418,127.551,ok,
runB,cam5,596,29.471,132.608,ok,
runB,cam5,597,30.027,136.463,ok,
runB,cam5,598,30.559,139.928,ok,
runB,cam5,599,30.694,140.291,ok,
runB,cam5,600,31.017,141.038,ok,
runB,cam5,601,31.559,141.389,ok,
runB,cam5,602,31.545,142.038,ok,
runB,cam5,603,31.657,142.038,ok,
runB,cam5,604,31.863,142.115,ok,
runB,cam5,605,32.149,141.387,ok,
runB,cam5,606,32.009,140.182,ok,
runB,cam5,607,31.908,140.182,ok,
runB,cam5,608,31.089,140.081,ok,
runB,cam5,609,29.012,139.467,ok,
runB,cam5,610,27.048,137.97,ok,
runB,cam5,611,24.731,135.648,ok,
runB,cam5,612,23.055,135.115,ok,
runB,cam5,613,21.846,131.325,ok,
runB,cam5,614,21.384,127.676,ok,
runB,cam5,615,21.232,125.182,ok,
runB,cam5,616,20.259,119.893,ok,
runB,cam5,617,19.224,116.97,ok,
runB,cam5,618,18.31,111.182,ok,
runB,cam5,619,17.136,105.463,ok,
runB,cam5,620,16.094,98.357,ok,
runB,cam5,621,15.671,90.28,ok,
runB,cam5,622,15.339,85.601,ok,
runB,cam5,623,15.218,77.565,ok,
runB,cam5,624,15.525,76.654,ok,
runB,cam5,625,15.44,73.092,ok,
runB,cam5,626,15.622,78.304,ok,
runB,cam5,627,15.457,76.906,ok,
runB,cam5,628,15.117,71.298,ok,
runB,cam5,629,14.647,66.912,ok,
runB,cam5,630,14.234,57.849,ok,
runB,cam5,631,13.591,52.435,ok,
runB,cam5,632,12.928,48.3,ok,
runB,cam5,633,12.602,47.754,ok,
runB,cam5,634,12.441,45.329,ok,
runB,cam5,635,12.317,43.585,ok,
runB,cam5,636,12.646,45.585,ok,
runB,cam5,637,12.978,52.504,ok,
runB,cam5,638,13.527,62.368,ok,
runB,cam5,639,14.121,70.084,ok,
runB,cam5,640,14.852,77.993,ok,
runB,cam5,641,15.623,83.316,ok,
runB,cam5,642,16.107,82.001,ok,
runB,cam5,643,16.986,89.746,ok,
runB,cam5,644,17.728,90.306,ok,
runB,cam5,645,18.307,91.592,ok,
runB,cam5,646,18.64,88.909,ok,
runB,cam5,647,20.267,108.139,ok,
runB,cam5,648,22.935,124.387,ok,
runB,cam5,649,24.461,133.604,ok,
runB,cam5,650,25.921,139.926,ok,
runB,cam5,651,27.221,142.206,ok,
runB,cam5,652,27.721,138.243,ok,
runB,cam5,653,28.295,134.813,ok,
runB,cam5,654,28.827,136.097,ok,
runB,cam5,655,29.369,136.672,ok,
runB,cam5,656,29.925,138.464,ok,
runB,cam5,657,30.815,136.672,ok,
runB,cam5,658,31.966,135.463,ok,
runB,cam5,659,32.948,135.459,ok,
runB,cam5,660,34.355,136.153,ok,
runB,cam5,661,35.528,140.038,ok,
runB,cam5,662,36.123,141.507,ok,
runB,cam5,663,35.772,142.182,ok,
runB,cam5,664,34.739,142.182,ok,
runB,cam5,665,33.439,141.182,ok,
runB,cam5,666,32.464,142.038,ok,
runB,cam5,667,31.431,141.038,ok,
runB,cam5,668,31.29,140.291,ok,
runB,cam5,669,31.413,140.291,ok,
runB,cam5,670,31.436,139.572,ok,
runB,cam5,671,30.656,136.038,ok,
runB,cam5,672,29.855,133.359,ok,
runB,cam5,673,28.944,129.391,ok,
runB,cam5,674,28.402,127.535,ok,
runB,cam5,675,28.375,125.676,ok,
runB,cam5,676,28.443,124.595,ok,
runB,cam5,677,28.189,121.501,ok,
runB,cam5,678,28.324,122.105,ok,
runB,cam5,679,28.308,121.672,ok,
runB,cam5,680,27.744,125.499,ok,
runB,cam5,681,26.811,123.532,ok,
runB,cam5,682,26.104,122.441,ok,
runB,cam5,683,25.04,121.245,ok,
runB,cam5,684,23.664,115.723,ok,
runB,cam5,685,22.624,111.664,ok,
runB,cam5,686,22.127,110.531,ok,
runB,cam5,687,21.334,110.387,ok,
runB,cam5,688,20.248,103.454,ok,
runB,cam5,689,19.152,95.489,ok,
runB,cam5,690,18.207,93.341,ok,
runB,cam5,691,17.323,85.709,ok,
runB,cam5,692,16.359,78.481,ok,
runB,cam5,693,16.392,83.747,ok,
runB,cam5,694,16.903,107.888,ok,
runB,cam5,695,17.707,120.604,ok,
runB,cam5,696,18.211,124.387,ok,
runB,cam5,697,18.655,131.1,ok,
runB,cam5,698,19.179,135.175,ok,
runB,cam5,699,19.225,131.387,ok,
runB,cam5,700,18.865,129.603,ok,
runB,cam5,701,18.414,122.322,ok,
runB,cam5,702,18.409,118.463,ok,
runB,cam5,703,19.055,115.676,ok,
runB,cam5,704,19.914,119.387,ok,
runB,cam5,705,20.809,120.391,ok,
runB,cam5,706,21.531,124.389,ok,
runB,cam5,707,22.542,129.467,ok,
runB,cam5,708,23.716,133.604,ok,
runB,cam5,709,24.692,138.004,ok,
runB,cam5,710,25.245,139.746,ok,
runB,cam5,711,25.689,138.211,ok,
runB,cam5,712,26.061,135.642,ok,
runB,cam5,713,26.788,135.459,ok,
runB,cam5,714,27.839,137.734,ok,
runB,cam5,715,28.642,140.885,ok,
runB,cam5,716,29.175,141.504,ok,
runB,cam5,717,29.86,139.174,ok,
runB,cam5,718,30.662,137.039,ok,
runB,cam5,719,31.296,135.391,ok,
runB,cam5,720,31.962,133.391,ok,
runB,cam5,721,32.685,133.391,ok,
runB,cam5,722,33.765,133.182,ok,
runB,cam5,723,35.117,133.182,ok,
runB,cam5,724,36.42,133.608,ok,
runB,cam5,725,37.635,135.391,ok,
runB,cam5,726,38.79,138.007,ok,
runB,cam5,727,39.81,141.038,ok,
runB,cam5,728,40.41,145.132,ok,
runB,cam5,729,40.619,147.182,ok,
runB,cam5,730,40.787,147.467,ok,
runB,cam5,731,40.798,146.799,ok,
runB,cam5,732,40.527,144.753,ok,
runB,cam5,733,40.235,143.038,ok,
runB,cam5,734,39.793,141.278,ok,
runB,cam5,735,39.18,140.182,ok,
runB,cam5,736,38.785,138.681,ok,
runB,cam5,737,38.488,137.753,ok,
runB,cam5,738,38.033,136.255,ok,
runB,cam5,739,37.369,133.182,ok,
runB,cam5,740,36.462,129.038,ok,
runB,cam5,741,35.78,127.004,ok,
runB,cam5,742,35.185,126.391,ok,
runB,cam5,743,34.892,127.463,ok,
runB,cam5,744,34.953,133.463,ok,
runB,cam5,745,35.722,141.038,ok,
runB,cam5,746,36.508,145.825,ok,
runB,cam5,747,36.333,145.825,ok,
runB,cam5,748,35.151,142.218,ok,
runB,cam5,749,33.784,140.115,ok,
runB,cam5,750,32.526,138.357,ok,
runB,cam5,751,31.306,136.038,ok,
runB,cam5,752,30.337,136.026,ok,
runB,cam5,753,29.628,136.816,ok,
runB,cam5,754,28.918,137.97,ok,
runB,cam5,755,28.121,135.463,ok,
runB,cam5,756,27.24,132.608,ok,
runB,cam5,757,26.366,129.038,ok,
runB,cam5,758,25.487,127.54,ok,
runB,cam5,759,24.55,126.648,ok,
runB,cam5,760,23.752,122.834,ok,
runB,cam5,761,23.037,119.684,ok,
runB,cam5,762,22.156,117.612,ok,
runB,cam5,763,21.332,115.684,ok,
runB,cam5,764,20.702,114.182,ok,
runB,cam5,765,20.139,112.684,ok,
runB,cam5,766,19.494,107.429,ok,
runB,cam5,767,18.567,104.463,ok,
runB,cam5,768,18.151,101.105,ok,
runB,cam5,769,17.89,98.642,ok,
runB,cam5,770,17.655,97.386,ok,
runB,cam5,771,17.271,87.557,ok,
runB,cam5,772,17.183,84.309,ok,
runB,cam5,773,17.568,76.488,ok,
runB,cam5,774,17.975,80.668,ok,
runB,cam5,775,18.05,72.097,ok,
runB,cam5,776,18.504,72.52,ok,
runB,cam5,777,18.538,69.169,ok,
runB,cam5,778,18.949,73.101,ok,
runB,cam5,779,18.636,70.637,ok,
runB,cam5,780,18.059,65.939,ok,
runB,cam5,781,17.776,62.488,ok,
runB,cam5,782,17.789,60.418,ok,
runB,cam5,783,18.012,61.151,ok,
runB,cam5,784,18.33,58.483,ok,
runB,cam5,785,19.072,61.597,ok,
runB,cam5,786,20.067,64.341,ok,
runB,cam5,787,21.375,76.533,ok,
runB,cam5,788,22.677,101.882,ok,
runB,cam5,789,23.879,121.911,ok,
runB,cam5,790,25.423,129.327,ok,
runB,cam5,791,26.788,133.928,ok,
runB,cam5,792,28.205,136.672,ok,
runB,cam5,793,29.943,138.951,ok,
runB,cam5,794,31.299,141.429,ok,
runB,cam5,795,32.127,145.97,ok,
runB,cam5,796,32.487,143.117,ok,
runB,cam5,797,32.151,140.966,ok,
runB,cam5,798,31.885,139.463,ok,
runB,cam5,799,31.057,139.838,ok,
runB,cam5,800,29.573,138.723,ok,
runB,cam5,801,28.319,137.97,ok,
runB,cam5,802,26.445,136.255,ok,
runB,cam5,803,24.994,134.836,ok,
runB,cam5,804,23.592,131.391,ok,
runB,cam5,805,22.544,121.182,ok,
runB,cam5,806,21.739,116.083,ok,
runB,cam5,807,21.298,114.182,ok,
runB,cam5,808,20.934,110.391,ok,
runB,cam5,809,20.326,103.531,ok,
runB,cam5,810,19.51,94.292,ok,
runB,cam5,811,19.11,90.953,ok,
runB,cam5,812,18.302,86.671,ok,
runB,cam5,813,17.892,86.739,ok,
runB,cam5,814,17.59,85.594,ok,
runB,cam5,815,16.994,82.133,ok,
runB,cam5,816,16.32,75.235,ok,
runB,cam5,817,15.781,75.916,ok,
runB,cam5,818,15.293,72.304,ok,
runB,cam5,819,14.968,71.403,ok,
runB,cam5,820,14.889,77.989,ok,
runB,cam5,821,14.659,77.296,ok,
runB,cam5,822,14.406,69.449,ok,
runB,cam5,823,14.462,69.377,ok,
runB,cam5,824,14.66,72.939,ok,
runB,cam5,825,15.323,78.98,ok,
runB,cam5,826,16.279,87.373,ok,
runB,cam5,827,17.336,100.983,ok,
runB,cam5,828,18.713,118.463,ok,
runB,cam5,829,20.278,125.165,ok,
runB,cam5,830,21.423,131.391,ok,
runB,cam5,831,21.998,131.531,ok,
runB,cam5,832,22.243,133.604,ok,
runB,cam5,833,22.126,127.463,ok,
runB,cam5,834,21.805,127.067,ok,
runB,cam5,835,21.761,128.066,ok,
runB,cam5,836,21.625,128.463,ok,
runB,cam5,837,21.968,129.463,ok,
runB,cam5,838,22.719,131.391,ok,
runB,cam5,839,23.545,133.182,ok,
runB,cam5,840,24.172,136.105,ok,
runB,cam5,841,24.213,136.038,ok,
runB,cam5,842,23.704,135.601,ok,
runB,cam5,843,23.709,130.753,ok,
runB,cam5,844,22.953,120.608,ok,
runB,cam5,845,22.383,111.427,ok,
runB,cam5,846,21.667,106.345,ok,
runB,cam5,847,20.986,103.351,ok,
runB,cam5,848,20.561,99.526,ok,
runB,cam5,849,20.154,96.823,ok,
runB,cam5,850,20.525,95.426,ok,
runB,cam5,851,20.643,88.706,ok,
runB,cam5,852,20.445,80.376,ok,
runB,cam5,853,20.845,87.646,ok,
runB,cam5,854,20.963,90.34,ok,
runB,cam5,855,20.847,88.269,ok,
runB,cam5,856,20.614,87.585,ok,
runB,cam5,857,20.364,87.372,ok,
runB,cam5,858,20.31,85.779,ok,
runB,cam5,859,20.47,92.632,ok,
runB,cam5,860,20.616,100.706,ok,
runB,cam5,861,20.836,103.168,ok,
runB,cam5,862,20.929,99.355,ok,
runB,cam5,863,20.642,101.532,ok,
runB,cam5,864,20.324,105.677,ok,
runB,cam5,865,20.213,111.07,ok,
runB,cam5,866,19.674,105.784,ok,
runB,cam5,867,19.32,101.707,ok,
runB,cam5,868,18.667,89.795,ok,
runB,cam5,869,18.067,82.073,ok,
runB,cam5,870,17.674,74.593,ok,
runB,cam5,871,17.423,69.487,ok,
runB,cam5,872,17.758,66.513,ok,
runB,cam5,873,18.845,72.407,ok,
runB,cam5,874,20.77,120.182,ok,
runB,cam5,875,22.365,133.868,ok,
runB,cam5,876,23.497,139.249,ok,
runB,cam5,877,24.781,141.31,ok,
runB,cam5,878,26.185,146.133,ok,
runB,cam5,879,27.326,143.361,ok,
runB,cam5,880,28.688,141.278,ok,
runB,cam5,881,29.825,142.633,ok,
runB,cam5,882,30.502,139.143,ok,
runB,cam5,883,31.217,140.034,ok,
runB,cam5,884,31.534,140.0,ok,
runB,cam5,885,31.639,140.081,ok,
runB,cam5,886,31.379,139.966,ok,
runB,cam5,887,30.81,138.97,ok,
runB,cam5,888,30.258,138.825,ok,
runB,cam5,889,29.519,138.825,ok,
runB,cam5,890,28.737,137.753,ok,
runB,cam5,891,27.86,136.365,ok,
runB,cam5,892,26.921,135.54,ok,
runB,cam5,893,26.124,135.361,ok,
runB,cam5,894,25.411,135.038,ok,
runB,cam5,895,24.652,131.97,ok,
runB,cam5,896,23.87,127.397,ok,
runB,cam5,897,23.019,123.97,ok,
runB,cam5,898,22.212,120.569,ok,
runB,cam5,899,21.736,119.182,ok,
runB,cam5,900,21.254,116.97,ok,
runB,cam5,901,20.928,114.828,ok,
runB,cam5,902,20.378,107.463,ok,
runB,cam5,903,19.921,103.82,ok,
runB,cam5,904,19.46,98.855,ok,
runB,cam5,905,18.95,89.241,ok,
runB,cam5,906,18.79,74.01,ok,
runB,cam5,907,18.853,70.229,ok,
runB,cam5,908,18.858,68.147,ok,
runB,cam5,909,18.873,69.309,ok,
runB,cam5,910,18.972,70.411,ok,
runB,cam5,911,18.891,73.48,ok,
runB,cam5,912,19.152,74.701,ok,
runB,cam5,913,19.509,82.316,ok,
runB,cam5,914,19.851,97.105,ok,
runB,cam5,915,19.554,107.041,ok,
runB,cam5,916,19.281,114.436,ok,
runB,cam5,917,19.122,117.455,ok,
runB,cam5,918,19.014,116.401,ok,
runB,cam5,919,19.021,118.476,ok,
runB,cam5,920,19.434,119.925,ok,
runB,cam5,921,19.997,125.463,ok,
runB,cam5,922,20.014,120.182,ok,
runB,cam5,923,20.058,115.255,ok,
runB,cam5,924,20.13,112.515,ok,
runB,cam5,925,20.514,112.406,ok,
runB,cam5,926,20.816,113.182,ok,
runB,cam5,927,20.963,112.755,ok,
runB,cam5,928,21.156,108.371,ok,
runB,cam5,929,21.589,104.472,ok,
runB,cam5,930,22.159,104.029,ok,
runB,cam5,931,22.471,100.088,ok,
runB,cam5,932,22.75,99.385,ok,
runB,cam5,933,23.131,93.996,ok,
runB,cam5,934,22.961,90.205,ok,
runB,cam5,935,22.942,86.039,ok,
runB,cam5,936,22.822,84.093,ok,
runB,cam5,937,22.936,82.31,ok,
runB,cam5,938,23.063,80.59,ok,
runB,cam5,939,22.932,77.702,ok,
runB,cam5,940,23.283,79.817,ok,
runB,cam5,941,23.543,75.28,ok,
runB,cam5,942,24.75,79.723,ok,
runB,cam5,943,25.355,84.361,ok,
runB,cam5,944,26.32,95.668,ok,
runB,cam5,945,26.594,103.831,ok,
runB,cam5,946,27.128,119.506,ok,
runB,cam5,947,27.746,127.038,ok,
runB,cam5,948,28.477,127.684,ok,
runB,cam5,949,29.035,128.604,ok,
runB,cam5,950,30.109,133.463,ok,
runB,cam5,951,31.832,136.322,ok,
runB,cam5,952,33.811,139.283,ok,
runB,cam5,953,36.096,145.211,ok,
runB,cam5,954,38.058,147.344,ok,
runB,cam5,955,39.014,150.129,ok,
runB,cam5,956,39.333,150.021,ok,
runB,cam5,957,39.407,149.59,ok,
runB,cam5,958,39.3,148.519,ok,
runB,cam5,959,39.421,144.021,ok,
runB,cam5,960,39.702,136.86,ok,
runB,cam5,961,39.612,133.291,ok,
runB,cam5,962,39.491,132.531,ok,
runB,cam5,963,40.046,135.382,ok,
runB,cam5,964,40.483,142.165,ok,
runB,cam5,965,40.633,147.174,ok,
runB,cam5,966,40.787,141.243,ok,
runB,cam5,967,40.483,141.387,ok,
runB,cam5,968,40.352,142.781,ok,
runB,cam5,969,40.411,145.937,ok,
runB,cam5,970,40.621,139.808,ok,
runB,cam5,971,40.442,135.206,ok,
runB,cam5,972,40.586,132.215,ok,
runB,cam5,973,40.744,129.463,ok,
runB,cam5,974,40.8,129.816,ok,
runB,cam5,975,41.175,133.391,ok,
runB,cam5,976,41.557,135.427,ok,
runB,cam5,977,42.137,143.011,ok,
runB,cam5,978,42.931,152.488,ok,
runB,cam5,979,43.025,151.342,ok,
runB,cam5,980,43.185,153.3,ok,
runB,cam5,981,42.801,149.524,ok,
runB,cam5,982,42.541,151.839,ok,
runB,cam5,983,42.426,153.82,ok,
runB,cam5,984,42.271,153.225,ok,
runB,cam5,985,42.248,152.199,ok,
runB,cam5,986,42.078,147.664,ok,
runB,cam5,987,41.898,142.459,ok,
runB,cam5,988,41.563,136.391,ok,
runB,cam5,989,41.111,135.604,ok,
runB,cam5,990,40.821,134.389,ok,
runB,cam5,991,40.663,134.143,ok,
runB,cam5,992,40.274,133.608,ok,
runB,cam5,993,39.682,134.143,ok,
runB,cam5,994,39.067,133.463,ok,
runB,cam5,995,38.36,132.387,ok,
runB,cam5,996,37.587,129.463,ok,
runB,cam5,997,37.032,128.382,ok,
runB,cam5,998,36.47,127.463,ok,
runB,cam5,999,35.923,126.463,ok,
runB,cam5,1000,35.329,125.608,ok,
runB,cam5,1001,34.931,125.608,ok,
runB,cam5,1002,35.267,125.463,ok,
runB,cam5,1003,35.465,125.499,ok,
runB,cam5,1004,34.692,125.531,ok,
runB,cam5,1005,34.309,126.387,ok,
runB,cam5,1006,34.246,126.463,ok,
runB,cam5,1007,34.398,126.676,ok,
runB,cam5,1008,34.48,127.31,ok,
runB,cam5,1009,34.515,127.31,ok,
runB,cam5,1010,34.567,127.179,ok,
runB,cam5,1011,34.777,126.608,ok,
runB,cam5,1012,35.113,127.463,ok,
runB,cam5,1013,35.466,128.521,ok,
runB,cam5,1014,35.868,131.387,ok,
runB,cam5,1015,36.199,134.342,ok,
runB,cam5,1016,36.621,139.313,ok,
runB,cam5,1017,36.93,144.021,ok,
runB,cam5,1018,37.005,148.053,ok,
runB,cam5,1019,37.057,150.158,ok,
runB,cam5,1020,36.736,147.162,ok,
runB,cam5,1021,36.256,145.141,ok,
runB,cam5,1022,36.1,144.021,ok,
runB,cam5,1023,35.865,144.021,ok,
runB,cam5,1024,35.48,142.957,ok,
runB,cam5,1025,35.089,141.165,ok,
runB,cam5,1026,35.18,140.614,ok,
runB,cam5,1027,35.118,140.606,ok,
runB,cam5,1028,35.285,142.097,ok,
runB,cam5,1029,35.283,143.021,ok,
runB,cam5,1030,35.522,143.097,ok,
runB,cam5,1031,35.739,142.28,ok,
runB,cam5,1032,35.722,138.89,ok,
runB,cam5,1033,35.865,135.165,ok,
runB,cam5,1034,36.443,135.165,ok,
runB,cam5,1035,36.776,133.353,ok,
runB,cam5,1036,36.913,132.319,ok,
runB,cam5,1037,37.088,131.464,ok,
runB,cam5,1038,37.169,131.531,ok,
runB,cam5,1039,37.037,130.675,ok,
runB,cam5,1040,36.783,129.391,ok,
runB,cam5,1041,36.764,129.301,ok,
runB,cam5,1042,36.763,131.531,ok,
runB,cam5,1043,36.7,132.644,ok,
runB,cam5,1044,36.546,132.275,ok,
runB,cam5,1045,36.551,129.425,ok,
runB,cam5,1046,36.483,128.461,ok,
runB,cam5,1047,36.483,127.37,ok,
runB,cam5,1048,36.669,127.391,ok,
runB,cam5,1049,36.727,127.429,ok,
runB,cam5,1050,36.807,127.376,ok,
runB,cam5,1051,36.826,126.608,ok,
runB,cam5,1052,36.783,126.604,ok,
runB,cam5,1053,36.783,126.463,ok,
runB,cam5,1054,36.815,125.676,ok,
runB,cam5,1055,36.757,125.572,ok,
runB,cam5,1056,36.777,125.463,ok,
runB,cam5,1057,37.018,125.608,ok,
runB,cam5,1058,37.404,126.608,ok,
runB,cam5,1059,37.892,128.459,ok,
runB,cam5,1060,38.466,129.816,ok,
runB,cam5,1061,39.338,131.608,ok,
runB,cam5,1062,40.506,133.318,ok,
runB,cam5,1063,41.907,134.564,ok,
runB,cam5,1064,42.538,135.243,ok,
runB,cam5,1065,43.635,135.421,ok,
runB,cam5,1066,44.213,135.459,ok,
runB,cam5,1067,44.654,135.238,ok,
runB,cam5,1068,45.151,135.237,ok,
runB,cam5,1069,45.846,135.381,ok,
runB,cam5,1070,46.496,135.49,ok,
runB,cam5,1071,47.186,137.236,ok,
runB,cam5,1072,47.785,136.197,ok,
runB,cam5,1073,48.5,136.382,ok,
runB,cam5,1074,49.394,138.243,ok,
runB,cam5,1075,50.392,140.243,ok,
runB,cam5,1076,51.227,143.387,ok,
runB,cam5,1077,52.162,145.992,ok,
runB,cam5,1078,53.103,148.188,ok,
runB,cam5,1079,54.138,149.337,ok,
runB,cam5,1080,54.88,149.512,ok,
runB,cam5,1081,55.488,150.225,ok,
runB,cam5,1082,56.119,150.233,ok,
runB,cam5,1083,56.918,151.032,ok,
runB,cam5,1084,57.569,152.163,ok,
runB,cam5,1085,58.244,153.233,ok,
runB,cam5,1086,58.758,153.225,ok,
runB,cam5,1087,59.209,154.588,ok,
runB,cam5,1088,59.215,154.78,ok,
runB,cam5,1089,59.342,154.519,ok,
runB,cam5,1090,59.239,155.225,ok,
runB,cam5,1091,59.105,155.588,ok,
runB,cam5,1092,58.995,155.129,ok,
runB,cam5,1093,59.033,154.874,ok,
runB,cam5,1094,58.906,154.664,ok,
runB,cam5,1095,58.784,154.442,ok,
runB,cam5,1096,58.713,154.009,ok,
runB,cam5,1097,58.736,154.009,ok,
runB,cam5,1098,58.856,153.56,ok,
runB,cam5,1099,58.821,154.045,ok,
runB,cam5,1100,58.73,153.224,ok,
runB,cam5,1101,58.929,153.221,ok,
runB,cam5,1102,59.312,152.56,ok,
runB,cam5,1103,59.784,152.45,ok,
runB,cam5,1104,60.157,152.42,ok,
runB,cam5,1105,60.456,152.058,ok,
runB,cam5,1106,60.643,151.806,ok,
runB,cam5,1107,60.89,151.474,ok,
runB,cam5,1108,60.988,151.294,ok,
runB,cam5,1109,61.286,151.411,ok,
runB,cam5,1110,61.537,151.515,ok,
runB,cam5,1111,61.743,151.91,ok,
runB,cam5,1112,62.202,152.06,ok,
runB,cam5,1113,62.887,151.506,ok,
runB,cam5,1114,63.013,151.438,ok,
runB,cam5,1115,63.364,151.339,ok,
runB,cam5,1116,64.016,151.486,ok,
runB,cam5,1117,64.147,151.854,ok,
runB,cam5,1118,64.161,151.612,ok,
runB,cam5,1119,64.18,151.438,ok,
runB,cam5,1120,64.163,151.444,ok,
runB,cam5,1121,64.442,151.666,ok,
runB,cam5,1122,64.479,152.275,ok,
runB,cam5,1123,64.596,152.631,ok,
runB,cam5,1124,64.963,151.506,ok,
runB,cam5,1125,65.256,152.307,ok,
runB,cam5,1126,65.17,151.52,ok,
runB,cam5,1127,65.029,152.313,ok,
runB,cam5,1128,64.971,151.412,ok,
runB,cam5,1129,64.833,151.382,ok,
runB,cam5,1130,65.113,151.381,ok,
runB,cam5,1131,65.23,151.188,ok,
runB,cam5,1132,65.278,151.233,ok,
runB,cam5,1133,65.327,151.233,ok,
runB,cam5,1134,65.236,151.226,ok,
runB,cam5,1135,65.082,150.623,ok,
runB,cam5,1136,64.788,150.621,ok,
runB,cam5,1137,64.672,151.197,ok,
runB,cam5,1138,64.436,151.058,ok,
runB,cam5,1139,64.253,150.987,ok,
runB,cam5,1140,64.071,151.133,ok,
runB,cam5,1141,63.886,150.482,ok,
runB,cam5,1142,63.47,149.451,ok,
runB,cam5,1143,63.061,149.197,ok,
runB,cam5,1144,62.536,148.518,ok,
runB,cam5,1145,62.127,147.486,ok,
runB,cam5,1146,61.943,147.302,ok,
runB,cam5,1147,62.211,147.267,ok,
runB,cam5,1148,62.791,148.515,ok,
runB,cam5,1149,63.645,149.919,ok,
runB,cam5,1150,64.676,151.021,ok,
runB,cam5,1151,65.397,151.438,ok,
runB,cam5,1152,65.942,152.736,ok,
runB,cam5,1153,66.508,153.194,ok,
runB,cam5,1154,66.729,153.678,ok,
runB,cam5,1155,66.427,153.128,ok,
runB,cam5,1156,65.646,152.452,ok,
runB,cam5,1157,64.871,150.592,ok,
runB,cam5,1158,64.478,150.337,ok,
runB,cam5,1159,64.343,150.623,ok,
runB,cam5,1160,64.061,150.081,ok,
runB,cam5,1161,63.824,150.197,ok,
runB,cam5,1162,63.668,149.588,ok,
runB,cam5,1163,63.555,149.801,ok,
runB,cam5,1164,63.487,149.515,ok,
runB,cam5,1165,63.582,149.524,ok,
runB,cam5,1166,63.658,149.937,ok,
runB,cam5,1167,63.685,150.158,ok,
runB,cam5,1168,63.57,149.621,ok,
runB,cam5,1169,63.196,150.048,ok,
runB,cam5,1170,62.713,149.704,ok,
runB,cam5,1171,62.557,149.811,ok,
runB,cam5,1172,62.653,149.696,ok,
runB,cam5,1173,62.906,149.706,ok,
runB,cam5,1174,63.141,149.588,ok,
runB,cam5,1175,63.419,149.517,ok,
runB,cam5,1176,63.52,149.554,ok,
runB,cam5,1177,63.593,149.408,ok,
runB,cam5,1178,63.595,149.368,ok,
runB,cam5,1179,63.654,149.515,ok,
runB,cam5,1180,63.589,150.053,ok,
runB,cam5,1181,63.638,150.225,ok,
runB,cam5,1182,63.582,150.081,ok,
runB,cam5,1183,63.446,150.225,ok,
runB,cam5,1184,63.335,150.23,ok,
runB,cam5,1185,63.197,150.514,ok,
runB,cam5,1186,62.97,150.369,ok,
runB,cam5,1187,62.848,150.158,ok,
runB,cam5,1188,62.607,149.878,ok,
runB,cam5,1189,62.433,149.919,ok,
runB,cam5,1190,62.286,149.491,ok,
runB,cam5,1191,62.227,149.592,ok,
runB,cam5,1192,62.222,149.59,ok,
runB,cam5,1193,62.41,150.23,ok,
runB,cam5,1194,62.639,149.704,ok,
runB,cam5,1195,62.653,150.021,ok,
runB,cam5,1196,62.616,150.077,ok,
runB,cam5,1197,62.544,150.153,ok,
runB,cam5,1198,62.351,150.048,ok,
runB,cam5,1199,62.091,149.588,ok,
runB,cam5,1200,61.794,149.527,ok,
runB,cam5,1201,61.482,149.515,ok,
runB,cam5,1202,61.052,149.621,ok,
runB,cam5,1203,60.725,150.225,ok,
runB,cam5,1204,60.238,149.515,ok,
runB,cam5,1205,59.66,149.704,ok,
runB,cam5,1206,59.107,149.554,ok,
runB,cam5,1207,58.686,149.514,ok,
runB,cam5,1208,58.063,149.515,ok,
runB,cam5,1209,57.542,149.514,ok,
runB,cam5,1210,57.101,149.487,ok,
runB,cam5,1211,56.6,149.488,ok,
runB,cam5,1212,56.133,149.225,ok,
runB,cam5,1213,55.899,149.375,ok,
runB,cam5,1214,55.589,149.458,ok,
runB,cam5,1215,55.371,149.554,ok,
runB,cam5,1216,55.366,149.514,ok,
runB,cam5,1217,55.448,149.514,ok,
runB,cam5,1218,55.628,149.412,ok,
runB,cam5,1219,55.762,149.23,ok,
runB,cam5,1220,55.818,149.38,ok,
runB,cam5,1221,56.019,149.233,ok,
runB,cam5,1222,56.223,149.238,ok,
runB,cam5,1223,56.61,149.233,ok,
runB,cam5,1224,57.008,149.23,ok,
runB,cam5,1225,57.497,149.298,ok,
runB,cam5,1226,57.973,149.264,ok,
runB,cam5,1227,58.422,149.315,ok,
runB,cam5,1228,58.767,149.129,ok,
runB,cam5,1229,59.201,149.124,ok,
runB,cam5,1230,59.58,149.592,ok,
runB,cam5,1231,59.901,149.488,ok,
runB,cam5,1232,60.146,149.339,ok,
runB,cam5,1233,60.48,149.378,ok,
runB,cam5,1234,60.714,149.156,ok,
runB,cam5,1235,61.228,149.507,ok,
runB,cam5,1236,61.466,149.588,ok,
runB,cam5,1237,61.443,149.473,ok,
runB,cam5,1238,61.292,149.554,ok,
runB,cam5,1239,61.347,149.514,ok,
runB,cam5,1240,61.39,149.267,ok,
runB,cam5,1241,61.524,149.438,ok,
runB,cam5,1242,61.592,149.378,ok,
runB,cam5,1243,61.617,149.41,ok,
runB,cam5,1244,61.563,149.41,ok,
runB,cam5,1245,61.389,149.296,ok,
runB,cam5,1246,61.213,149.298,ok,
runB,cam5,1247,61.302,149.407,ok,
runB,cam5,1248,61.352,149.296,ok,
runB,cam5,1249,61.538,149.23,ok,
runB,cam5,1250,61.672,149.09,ok,
runB,cam5,1251,62.196,149.197,ok,
runB,cam5,1252,62.381,149.165,ok,
runB,cam5,1253,62.554,149.23,ok,
runB,cam5,1254,62.682,149.294,ok,
runB,cam5,1255,63.199,149.124,ok,
runB,cam5,1256,63.182,149.294,ok,
runB,cam5,1257,63.023,149.38,ok,
runB,cam5,1258,62.731,149.298,ok,
runB,cam5,1259,62.928,149.488,ok,
runB,cam5,1260,62.94,149.197,ok,
runB,cam5,1261,63.073,149.375,ok,
runB,cam5,1262,62.88,149.373,ok,
runB,cam5,1263,62.973,149.378,ok,
runB,cam5,1264,63.113,149.339,ok,
runB,cam5,1265,63.331,149.339,ok,
runB,cam5,1266,63.543,149.233,ok,
runB,cam5,1267,63.733,149.238,ok,
runB,cam5,1268,63.734,149.23,ok,
runB,cam5,1269,63.701,148.588,ok,
runB,cam5,1270,63.508,148.411,ok,
runB,cam5,1271,63.443,148.518,ok,
runB,cam5,1272,63.368,148.519,ok,
runB,cam5,1273,63.378,148.488,ok,
runB,cam5,1274,63.343,149.021,ok,
runB,cam5,1275,63.474,148.917,ok,
runB,cam5,1276,63.547,148.979,ok,
runB,cam5,1277,63.712,148.588,ok,
runB,cam5,1278,63.74,149.23,ok,
runB,cam5,1279,63.808,149.126,ok,
runB,cam5,1280,63.756,148.943,ok,
runB,cam5,1281,63.766,149.122,ok,
runB,cam5,1282,63.764,148.732,ok,
runB,cam5,1283,63.806,148.732,ok,
runB,cam5,1284,63.692,148.732,ok,
runB,cam5,1285,63.378,149.081,ok,
runB,cam5,1286,62.723,148.732,ok,
runB,cam5,1287,61.983,149.27,ok,
runB,cam5,1288,61.223,148.588,ok,
runB,cam5,1289,60.638,149.053,ok,
runB,cam5,1290,59.946,148.588,ok,
runB,cam5,1291,59.238,148.802,ok,
runB,cam5,1292,58.484,148.41,ok,
runB,cam5,1293,58.052,148.235,ok,
runB,cam5,1294,57.697,148.588,ok,
runB,cam5,1295,57.401,149.158,ok,
runB,cam5,1296,57.034,149.043,ok,
runB,cam5,1297,56.878,148.438,ok,
runB,cam5,1298,56.566,147.372,ok,
runB,cam5,1299,56.354,147.121,ok,
runB,cam5,1300,56.481,145.881,ok,
runB,cam5,1301,56.511,144.582,ok,
runB,cam5,1302,56.331,143.626,ok,
runB,cam5,1303,56.35,144.444,ok,
runB,cam5,1304,56.382,143.225,ok,
runB,cam5,1305,56.239,142.438,ok,
runB,cam5,1306,56.096,142.267,ok,
runB,cam5,1307,56.015,142.298,ok,
runB,cam5,1308,56.172,143.588,ok,
runB,cam5,1309,56.373,145.375,ok,
runB,cam5,1310,56.111,145.375,ok,
runB,cam5,1311,55.663,144.48,ok,
runB,cam5,1312,55.21,142.804,ok,
runB,cam5,1313,55.082,142.804,ok,
runB,cam5,1314,54.893,142.592,ok,
runB,cam5,1315,54.724,143.225,ok,
runB,cam5,1316,54.223,142.804,ok,
runB,cam5,1317,53.311,142.298,ok,
runB,cam5,1318,52.587,142.59,ok,
runB,cam5,1319,51.88,141.592,ok,
runB,cam5,1320,51.569,141.272,ok,
runB,cam5,1321,51.317,140.233,ok,
runB,cam5,1322,51.036,139.277,ok,
runB,cam5,1323,50.858,139.029,ok,
runB,cam5,1324,50.849,138.951,ok,
runB,cam5,1325,50.639,137.651,ok,
runB,cam5,1326,50.31,137.233,ok,
runB,cam5,1327,49.728,136.45,ok,
runB,cam5,1328,49.257,135.41,ok,
runB,cam5,1329,48.942,134.304,ok,
runB,cam5,1330,48.482,133.165,ok,
runB,cam5,1331,47.985,132.165,ok,
runB,cam5,1332,47.57,130.582,ok,
runB,cam5,1333,47.1,129.742,ok,
runB,cam5,1334,46.771,128.514,ok,
runB,cam5,1335,46.402,127.596,ok,
runB,cam5,1336,45.897,127.004,ok,
runB,cam5,1337,45.386,126.228,ok,
runB,cam5,1338,45.458,125.351,ok,
runB,cam5,1339,45.705,124.519,ok,
runB,cam5,1340,45.959,123.377,ok,
runB,cam5,1341,46.14,123.197,ok,
runB,cam5,1342,46.205,122.233,ok,
runB,cam5,1343,46.336,121.884,ok,
runB,cam5,1344,46.265,121.378,ok,
runB,cam5,1345,46.141,121.165,ok,
runB,cam5,1346,45.919,120.526,ok,
runB,cam5,1347,45.578,120.233,ok,
runB,cam5,1348,45.028,119.165,ok,
runB,cam5,1349,44.314,117.953,ok,
runB,cam5,1350,43.416,117.531,ok,
runB,cam5,1351,42.546,115.888,ok,
runB,cam5,1352,41.877,115.382,ok,
runB,cam5,1353,41.352,114.816,ok,
runB,cam5,1354,40.734,113.604,ok,
runB,cam5,1355,39.982,113.604,ok,
runB,cam5,1356,39.35,113.165,ok,
runB,cam5,1357,38.748,113.31,ok,
runB,cam5,1358,38.198,113.389,ok,
runB,cam5,1359,37.79,113.604,ok,
runB,cam5,1360,37.329,113.604,ok,
runB,cam5,1361,36.871,113.604,ok,
runB,cam5,1362,36.403,113.604,ok,
runB,cam5,1363,35.772,113.567,ok,
runB,cam5,1364,35.19,112.676,ok,
runB,cam5,1365,34.769,113.083,ok,
runB,cam5,1366,34.479,112.676,ok,
runB,cam5,1367,34.273,113.391,ok,
runB,cam5,1368,34.113,113.463,ok,
runB,cam5,1369,33.868,113.463,ok,
runB,cam5,1370,33.463,112.676,ok,
runB,cam5,1371,33.306,113.387,ok,
runB,cam5,1372,33.002,113.463,ok,
runB,cam5,1373,32.806,112.676,ok,
runB,cam5,1374,32.493,112.676,ok,
runB,cam5,1375,32.12,112.604,ok,
runB,cam5,1376,31.68,112.604,ok,
runB,cam5,1377,31.295,112.604,ok,
runB,cam5,1378,30.861,112.604,ok,
runB,cam5,1379,30.428,112.604,ok,
runB,cam5,1380,29.896,111.756,ok,
runB,cam5,1381,29.393,111.679,ok,
runB,cam5,1382,29.114,111.676,ok,
runB,cam5,1383,28.764,111.676,ok,
runB,cam5,1384,28.543,111.676,ok,
runB,cam5,1385,28.572,111.531,ok,
runB,cam5,1386,28.455,110.531,ok,
runB,cam5,1387,28.462,110.531,ok,
runB,cam5,1388,28.431,110.465,ok,
runB,cam5,1389,28.443,110.531,ok,
runB,cam5,1390,28.337,108.816,ok,
runB,cam5,1391,28.231,107.816,ok,
runB,cam5,1392,28.041,106.604,ok,
runB,cam5,1393,27.91,106.604,ok,
runB,cam5,1394,27.684,107.497,ok,
runB,cam5,1395,27.441,107.816,ok,
runB,cam5,1396,27.247,108.816,ok,
runB,cam5,1397,27.195,110.531,ok,
runB,cam5,1398,27.225,111.098,ok,
runB,cam5,1399,27.394,111.816,ok,
runB,cam5,1400,27.441,112.559,ok,
runB,cam5,1401,27.538,112.604,ok,
runB,cam5,1402,27.535,112.604,ok,
runB,cam5,1403,27.356,112.604,ok,
runB,cam5,1404,27.318,112.604,ok,
runB,cam5,1405,27.181,112.604,ok,
runB,cam5,1406,26.987,112.604,ok,
runB,cam5,1407,26.759,112.463,ok,
runB,cam5,1408,26.522,111.676,ok,
runB,cam5,1409,26.278,111.531,ok,
runB,cam5,1410,25.966,110.935,ok,
runB,cam5,1411,25.857,110.604,ok,
runB,cam5,1412,25.66,110.531,ok,
runB,cam5,1413,25.498,109.739,ok,
runB,cam5,1414,25.619,110.531,ok,
runB,cam5,1415,25.814,110.604,ok,
runB,cam5,1416,25.823,110.606,ok,
runB,cam5,1417,25.998,110.604,ok,
runB,cam5,1418,25.938,110.604,ok,
runB,cam5,1419,25.672,110.604,ok,
runB,cam5,1420,25.628,107.888,ok,
runB,cam5,1421,25.575,106.676,ok,
runB,cam5,1422,25.487,105.604,ok,
runB,cam5,1423,25.402,104.828,ok,
runB,cam5,1424,25.314,103.973,ok,
runB,cam5,1425,25.21,103.828,ok,
runB,cam5,1426,25.348,105.179,ok,
runB,cam5,1427,25.455,105.782,ok,
runB,cam5,1428,25.479,104.973,ok,
runB,cam5,1429,25.751,106.391,ok,
runB,cam5,1430,25.656,106.604,ok,
runB,cam5,1431,26.043,106.897,ok,
runB,cam5,1432,26.518,107.463,ok,
runB,cam5,1433,26.915,108.816,ok,
runB,cam5,1434,27.228,110.391,ok,
runB,cam5,1435,27.606,110.107,ok,
runB,cam5,1436,28.194,110.604,ok,
runB,cam5,1437,28.718,111.319,ok,
runB,cam5,1438,29.039,111.463,ok,
runB,cam5,1439,29.201,110.787,ok,
runB,cam5,1440,29.416,111.386,ok,
runB,cam5,1441,29.587,111.499,ok,
runB,cam5,1442,29.668,111.676,ok,
runB,cam5,1443,29.729,111.859,ok,
runB,cam5,1444,29.769,112.11,ok,
runB,cam5,1445,29.828,112.391,ok,
runB,cam5,1446,29.852,112.598,ok,
runB,cam5,1447,29.991,113.463,ok,
runB,cam5,1448,30.127,113.604,ok,
runB,cam5,1449,30.357,113.604,ok,
runB,cam5,1450,30.645,113.608,ok,
runB,cam5,1451,30.931,114.316,ok,
runB,cam5,1452,31.178,114.463,ok,
runB,cam5,1453,31.432,114.166,ok,
runB,cam5,1454,31.74,114.463,ok,
runB,cam5,1455,31.861,114.463,ok,
runB,cam5,1456,32.208,115.604,ok,
runB,cam5,1457,32.666,115.888,ok,
runB,cam5,1458,33.08,117.319,ok,
runB,cam5,1459,33.588,117.531,ok,
runB,cam5,1460,33.811,117.531,ok,
runB,cam5,1461,33.984,117.531,ok,
runB,cam5,1462,34.043,117.531,ok,
runB,cam5,1463,33.956,117.531,ok,
runB,cam5,1464,33.738,117.391,ok,
runB,cam5,1465,33.662,117.531,ok,
runB,cam5,1466,33.634,117.389,ok,
runB,cam5,1467,33.731,117.604,ok,
runB,cam5,1468,33.886,118.319,ok,
runB,cam5,1469,34.025,118.463,ok,
runB,cam5,1470,34.028,118.531,ok,
runB,cam5,1471,33.931,118.531,ok,
runB,cam5,1472,33.699,118.463,ok,
runB,cam5,1473,33.65,118.387,ok,
runB,cam5,1474,33.637,118.319,ok,
runB,cam5,1475,33.699,118.241,ok,
runB,cam5,1476,33.676,118.531,ok,
runB,cam5,1477,33.655,118.676,ok,
runB,cam5,1478,33.778,119.243,ok,
runB,cam5,1479,33.72,119.389,ok,
runB,cam5,1480,33.645,119.378,ok,
runB,cam5,1481,33.491,119.021,ok,
runB,cam5,1482,33.255,118.676,ok,
runB,cam5,1483,33.267,119.463,ok,
runB,cam5,1484,33.034,119.275,ok,
runB,cam5,1485,32.682,118.676,ok,
runB,cam5,1486,32.302,118.531,ok,
runB,cam5,1487,32.089,118.319,ok,
runB,cam5,1488,31.869,118.387,ok,
runB,cam5,1489,31.557,118.463,ok,
runB,cam5,1490,30.946,117.531,ok,
runB,cam5,1491,30.798,118.037,ok,
runB,cam5,1492,30.797,117.608,ok,
runB,cam5,1493,30.585,117.319,ok,
runB,cam5,1494,30.696,115.888,ok,
runB,cam5,1495,30.795,115.676,ok,
runB,cam5,1496,30.809,115.676,ok,
runB,cam5,1497,30.706,114.463,ok,
runB,cam5,1498,30.696,114.463,ok,
runB,cam5,1499,30.797,114.463,ok,
runB,cam5,1500,30.926,113.608,ok,
runB,cam5,1501,30.582,111.531,ok,
runB,cam5,1502,30.305,111.354,ok,
runB,cam5,1503,30.025,107.924,ok,
runB,cam5,1504,29.795,108.604,ok,
runB,cam5,1505,29.379,107.318,ok,
runB,cam5,1506,29.177,107.684,ok,
runB,cam5,1507,28.648,107.428,ok,
runB,cam5,1508,28.239,108.892,ok,
runB,cam5,1509,27.809,108.388,ok,
runB,cam5,1510,27.161,109.075,ok,
runB,cam5,1511,27.131,113.387,ok,
runB,cam5,1512,26.987,114.391,ok,
runB,cam5,1513,26.663,113.429,ok,
runB,cam5,1514,26.104,109.775,ok,
runB,cam5,1515,26.002,107.288,ok,
runB,cam5,1516,26.439,113.387,ok,
runB,cam5,1517,26.792,114.463,ok,
runB,cam5,1518,27.008,113.351,ok,
runB,cam5,1519,27.43,111.574,ok,
runB,cam5,1520,27.438,108.604,ok,
runB,cam5,1521,27.866,108.68,ok,
runB,cam5,1522,28.148,109.97,ok,
runB,cam5,1523,28.37,108.684,ok,
runB,cam5,1524,28.668,107.816,ok,
runB,cam5,1525,29.02,109.885,ok,
runB,cam5,1526,29.401,112.387,ok,
runB,cam5,1527,29.517,113.182,ok,
runB,cam5,1528,29.392,113.872,ok,
runB,cam5,1529,29.217,114.463,ok,
runB,cam5,1530,28.93,114.888,ok,
runB,cam5,1531,28.403,115.604,ok,
runB,cam5,1532,27.584,115.255,ok,
runB,cam5,1533,27.308,115.604,ok,
runB,cam5,1534,27.322,115.233,ok,
runB,cam5,1535,27.274,114.854,ok,
runB,cam5,1536,26.891,114.463,ok,
runB,cam5,1537,26.456,113.463,ok,
runB,cam5,1538,26.039,112.463,ok,
runB,cam5,1539,26.065,112.601,ok,
runB,cam5,1540,25.943,112.463,ok,
runB,cam5,1541,26.31,112.604,ok,
runB,cam5,1542,26.477,111.608,ok,
runB,cam5,1543,26.922,112.604,ok,
runB,cam5,1544,27.752,114.182,ok,
runB,cam5,1545,28.004,114.678,ok,
runB,cam5,1546,28.407,114.463,ok,
runB,cam5,1547,28.598,114.391,ok,
runB,cam5,1548,28.801,113.648,ok,
runB,cam5,1549,28.755,112.834,ok,
runB,cam5,1550,28.628,112.179,ok,
runB,cam5,1551,28.723,110.608,ok,
runB,cam5,1552,28.665,108.892,ok,
runB,cam5,1553,28.756,108.86,ok,
runB,cam5,1554,28.878,110.608,ok,
runB,cam5,1555,28.674,111.608,ok,
runB,cam5,1556,28.608,112.182,ok,
runB,cam5,1557,28.509,111.676,ok,
runB,cam5,1558,28.374,111.499,ok,
runB,cam5,1559,28.439,111.414,ok,
runB,cam5,1560,28.427,113.604,ok,
runB,cam5,1561,28.708,114.463,ok,
runB,cam5,1562,28.953,115.604,ok,
runB,cam5,1563,28.711,114.463,ok,
runB,cam5,1564,28.44,113.604,ok,
runB,cam5,1565,28.004,113.463,ok,
runB,cam5,1566,27.733,112.943,ok,
runB,cam5,1567,27.546,112.608,ok,
runB,cam5,1568,27.311,112.608,ok,
runB,cam5,1569,26.827,112.182,ok,
runB,cam5,1570,26.268,111.499,ok,
runB,cam5,1571,25.555,112.105,ok,
runB,cam5,1572,25.185,113.391,ok,
runB,cam5,1573,25.081,113.391,ok,
runB,cam5,1574,25.028,111.531,ok,
runB,cam5,1575,24.914,108.681,ok,
runB,cam5,1576,24.931,108.892,ok,
runB,cam5,1577,25.062,112.676,ok,
runB,cam5,1578,25.525,114.463,ok,
runB,cam5,1579,25.93,115.676,ok,
runB,cam5,1580,26.23,116.681,ok,
runB,cam5,1581,26.205,117.319,ok,
runB,cam5,1582,26.032,117.391,ok,
runB,cam5,1583,25.955,116.97,ok,
runB,cam5,1584,25.969,115.888,ok,
runB,cam5,1585,26.004,115.676,ok,
runB,cam5,1586,26.021,114.463,ok,
runB,cam5,1587,25.761,113.463,ok,
runB,cam5,1588,25.314,111.829,ok,
runB,cam5,1589,25.027,110.391,ok,
runB,cam5,1590,24.788,108.708,ok,
runB,cam5,1591,24.509,107.888,ok,
runB,cam5,1592,24.273,107.0,ok,
runB,cam5,1593,24.211,106.604,ok,
runB,cam5,1594,23.907,105.353,ok,
runB,cam5,1595,23.88,105.241,ok,
runB,cam5,1596,24.071,106.709,ok,
runB,cam5,1597,24.442,108.453,ok,
runB,cam5,1598,24.975,110.391,ok,
runB,cam5,1599,26.106,110.608,ok,
runB,cam5,1600,27.461,111.118,ok,
runB,cam5,1601,28.65,111.037,ok,
runB,cam5,1602,29.825,111.118,ok,
runB,cam5,1603,30.624,111.038,ok,
runB,cam5,1604,31.061,111.612,ok,
runB,cam5,1605,31.841,111.612,ok,
runB,cam5,1606,32.722,112.078,ok,
runB,cam5,1607,33.448,112.114,ok,
runB,cam5,1608,34.234,112.608,ok,
runB,cam5,1609,34.829,113.391,ok,
runB,cam5,1610,35.89,114.182,ok,
runB,cam5,1611,36.77,115.676,ok,
runB,cam5,1612,37.628,117.57,ok,
runB,cam5,1613,37.972,118.463,ok,
runB,cam5,1614,37.929,119.298,ok,
runB,cam5,1615,37.987,119.298,ok,
runB,cam5,1616,37.947,118.463,ok,
runB,cam5,1617,37.925,119.463,ok,
runB,cam5,1618,37.897,120.604,ok,
runB,cam5,1619,37.257,120.551,ok,
runB,cam5,1620,36.838,120.416,ok,
runB,cam5,1621,35.986,120.165,ok,
runB,cam5,1622,34.768,120.779,ok,
runB,cam5,1623,33.944,121.233,ok,
runB,cam5,1624,33.051,121.742,ok,
runB,cam5,1625,32.063,121.804,ok,
runB,cam5,1626,31.018,121.298,ok,
runB,cam5,1627,30.198,120.463,ok,
runB,cam5,1628,29.309,120.442,ok,
runB,cam5,1629,28.861,121.378,ok,
runB,cam5,1630,27.832,120.453,ok,
runB,cam5,1631,27.583,119.438,ok,
runB,cam5,1632,27.337,117.387,ok,
runB,cam5,1633,26.985,117.531,ok,
runB,cam5,1634,26.75,117.531,ok,
runB,cam5,1635,25.865,116.97,ok,
runB,cam5,1636,25.292,116.465,ok,
runB,cam5,1637,25.079,115.733,ok,
runB,cam5,1638,25.319,114.53,ok,
runB,cam5,1639,25.675,115.672,ok,
runB,cam5,1640,25.61,114.854,ok,
runB,cam5,1641,25.441,112.608,ok,
runB,cam5,1642,25.281,111.115,ok,
runB,cam5,1643,25.109,108.892,ok,
runB,cam5,1644,25.145,107.773,ok,
runB,cam5,1645,24.921,107.601,ok,
runB,cam5,1646,25.23,108.583,ok,
runB,cam5,1647,25.596,110.61,ok,
runB,cam5,1648,25.857,112.251,ok,
runB,cam5,1649,26.268,113.182,ok,
runB,cam5,1650,26.315,111.608,ok,
runB,cam5,1651,26.192,111.463,ok,
runB,cam5,1652,26.499,111.038,ok,
runB,cam5,1653,26.994,111.453,ok,
runB,cam5,1654,27.318,110.608,ok,
runB,cam5,1655,27.634,110.824,ok,
runB,cam5,1656,27.558,108.322,ok,
runB,cam5,1657,27.511,107.042,ok,
runB,cam5,1658,27.539,107.205,ok,
runB,cam5,1659,27.451,107.39,ok,
runB,cam5,1660,27.026,107.391,ok,
runB,cam5,1661,26.94,108.672,ok,
runB,cam5,1662,26.666,111.393,ok,
runB,cam5,1663,26.114,113.676,ok,
runB,cam5,1664,26.149,118.168,ok,
runB,cam5,1665,26.09,120.206,ok,
runB,cam5,1666,26.064,119.666,ok,
runB,cam5,1667,26.428,120.244,ok,
runB,cam5,1668,26.663,119.31,ok,
runB,cam5,1669,26.25,117.606,ok,
runB,cam5,1670,26.062,117.387,ok,
runB,cam5,1671,25.521,117.243,ok,
runB,cam5,1672,25.257,116.97,ok,
runB,cam5,1673,24.93,118.182,ok,
runB,cam5,1674,24.321,118.463,ok,
runB,cam5,1675,23.931,118.494,ok,
runB,cam5,1676,23.628,118.319,ok,
runB,cam5,1677,23.162,117.319,ok,
runB,cam5,1678,22.856,114.463,ok,
runB,cam5,1679,22.66,113.391,ok,
runB,cam5,1680,22.094,107.034,ok,
runB,cam5,1681,22.175,105.676,ok,
runB,cam5,1682,21.896,103.463,ok,
runB,cam5,1683,21.688,102.931,ok,
runB,cam5,1684,21.487,97.238,ok,
runB,cam5,1685,20.921,91.553,ok,
runB,cam5,1686,20.639,86.811,ok,
runB,cam5,1687,20.589,89.454,ok,
runB,cam5,1688,20.703,94.811,ok,
runB,cam5,1689,20.448,94.501,ok,
runB,cam5,1690,20.799,97.449,ok,
runB,cam5,1691,20.551,93.425,ok,
runB,cam5,1692,20.432,88.746,ok,
runB,cam5,1693,20.97,98.931,ok,
runB,cam5,1694,21.267,97.344,ok,
runB,cam5,1695,21.856,98.535,ok,
runB,cam5,1696,22.426,102.391,ok,
runB,cam5,1697,22.566,101.899,ok,
runB,cam5,1698,23.36,104.608,ok,
runB,cam5,1699,23.886,105.752,ok,
runB,cam5,1700,24.998,106.286,ok,
runB,cam5,1701,25.831,107.564,ok,
runB,cam5,1702,26.759,107.608,ok,
runB,cam5,1703,27.632,109.64,ok,
runB,cam5,1704,28.315,111.421,ok,
runB,cam5,1705,28.598,112.608,ok,
runB,cam5,1706,29.232,113.603,ok,
runB,cam5,1707,29.522,113.182,ok,
runB,cam5,1708,30.046,113.608,ok,
runB,cam5,1709,30.356,114.182,ok,
runB,cam5,1710,30.924,114.182,ok,
runB,cam5,1711,31.311,114.684,ok,
runB,cam5,1712,31.561,115.255,ok,
runB,cam5,1713,32.047,115.255,ok,
runB,cam5,1714,31.99,114.463,ok,
runB,cam5,1715,32.254,114.182,ok,
runB,cam5,1716,32.243,113.608,ok,
runB,cam5,1717,32.151,114.463,ok,
runB,cam5,1718,32.062,115.255,ok,
runB,cam5,1719,31.64,114.816,ok,
runB,cam5,1720,31.305,114.816,ok,
runB,cam5,1721,30.83,115.64,ok,
runB,cam5,1722,30.192,114.608,ok,
runB,cam5,1723,29.593,112.601,ok,
runB,cam5,1724,29.203,109.681,ok,
runB,cam5,1725,28.877,108.884,ok,
runB,cam5,1726,28.675,107.888,ok,
runB,cam5,1727,28.357,111.463,ok,
runB,cam5,1728,27.93,112.391,ok,
runB,cam5,1729,27.634,112.386,ok,
runB,cam5,1730,27.823,113.463,ok,
runB,cam5,1731,27.902,113.17,ok,
runB,cam5,1732,27.755,112.003,ok,
runB,cam5,1733,27.618,112.54,ok,
runB,cam5,1734,27.747,112.601,ok,
runB,cam5,1735,28.05,113.608,ok,
runB,cam5,1736,28.485,114.109,ok,
runB,cam5,1737,28.921,114.038,ok,
runB,cam5,1738,29.04,113.148,ok,
runB,cam5,1739,29.033,112.037,ok,
runB,cam5,1740,29.056,110.606,ok,
runB,cam5,1741,28.964,107.608,ok,
runB,cam5,1742,28.943,104.606,ok,
runB,cam5,1743,29.199,103.002,ok,
runB,cam5,1744,29.44,103.037,ok,
runB,cam5,1745,29.752,104.608,ok,
runB,cam5,1746,29.843,105.429,ok,
runB,cam5,1747,30.193,108.144,ok,
runB,cam5,1748,30.446,112.608,ok,
runB,cam5,1749,30.499,112.491,ok,
runB,cam5,1750,30.515,110.606,ok,
runB,cam5,1751,30.716,109.68,ok,
runB,cam5,1752,30.815,109.43,ok,
runB,cam5,1753,30.771,110.391,ok,
runB,cam5,1754,30.706,110.389,ok,
runB,cam5,1755,30.817,110.935,ok,
runB,cam5,1756,30.839,111.463,ok,
runB,cam5,1757,30.956,111.939,ok,
runB,cam5,1758,31.05,111.608,ok,
runB,cam5,1759,30.893,111.179,ok,
runB,cam5,1760,30.704,110.859,ok,
runB,cam5,1761,30.788,111.608,ok,
runB,cam5,1762,30.643,111.432,ok,
runB,cam5,1763,30.715,110.925,ok,
runB,cam5,1764,30.915,110.608,ok,
runB,cam5,1765,30.897,107.608,ok,
runB,cam5,1766,31.171,105.466,ok,
runB,cam5,1767,31.438,105.425,ok,
runB,cam5,1768,31.846,109.926,ok,
runB,cam5,1769,32.484,114.148,ok,
runB,cam5,1770,32.949,114.182,ok,
runB,cam5,1771,33.457,115.255,ok,
runB,cam5,1772,34.034,114.966,ok,
runB,cam5,1773,34.456,115.255,ok,
runB,cam5,1774,35.019,115.255,ok,
runB,cam5,1775,35.434,116.719,ok,
runB,cam5,1776,35.659,116.612,ok,
runB,cam5,1777,35.65,116.97,ok,
runB,cam5,1778,35.664,115.892,ok,
runB,cam5,1779,35.645,115.676,ok,
runB,cam5,1780,35.796,115.676,ok,
runB,cam5,1781,35.934,115.797,ok,
runB,cam5,1782,35.809,115.255,ok,
runB,cam5,1783,35.605,115.255,ok,
runB,cam5,1784,35.541,115.676,ok,
runB,cam5,1785,35.53,115.892,ok,
runB,cam5,1786,35.812,115.892,ok,
runB,cam5,1787,36.327,116.498,ok,
runB,cam5,1788,36.872,116.97,ok,
runB,cam5,1789,37.073,116.97,ok,
runB,cam5,1790,37.235,116.97,ok,
runB,cam5,1791,37.391,116.719,ok,
runB,cam5,1792,37.42,116.97,ok,
runB,cam5,1793,37.363,117.01,ok,
runB,cam5,1794,37.253,116.97,ok,
runB,cam5,1795,37.155,116.97,ok,
runB,cam5,1796,37.13,116.753,ok,
runB,cam5,1797,37.396,116.97,ok,
runB,cam5,1798,37.401,116.97,ok,
runB,cam5,1799,37.063,117.608,ok,
runB,cam5,1800,36.636,117.953,ok,
runB,cam5,1801,36.271,117.608,ok,
runB,cam5,1802,36.07,117.391,ok,
runB,cam5,1803,35.764,117.391,ok,
runB,cam5,1804,35.652,115.892,ok,
runB,cam5,1805,35.398,115.258,ok,
runB,cam5,1806,35.071,114.608,ok,
runB,cam5,1807,34.768,114.608,ok,
runB,cam5,1808,34.355,114.608,ok,
runB,cam5,1809,34.403,114.608,ok,
runB,cam5,1810,34.504,114.608,ok,
runB,cam5,1811,34.784,114.608,ok,
runB,cam5,1812,34.995,115.255,ok,
runB,cam5,1813,35.33,115.255,ok,
runB,cam5,1814,35.762,115.249,ok,
runB,cam5,1815,36.276,115.816,ok,
runB,cam5,1816,36.646,115.892,ok,
runB,cam5,1817,37.095,115.816,ok,
runB,cam5,1818,37.604,115.255,ok,
runB,cam5,1819,38.336,115.243,ok,
runB,cam5,1820,38.738,114.757,ok,
runB,cam5,1821,39.036,115.754,ok,
runB,cam5,1822,39.269,116.322,ok,
runB,cam5,1823,39.346,117.608,ok,
runB,cam5,1824,39.663,118.182,ok,
runB,cam5,1825,40.194,118.608,ok,
runB,cam5,1826,40.379,120.54,ok,
runB,cam5,1827,40.957,123.97,ok,
runB,cam5,1828,41.712,126.182,ok,
runB,cam5,1829,42.645,128.182,ok,
runB,cam5,1830,43.383,132.211,ok,
runB,cam5,1831,43.939,132.531,ok,
runB,cam5,1832,44.249,129.365,ok,
runB,cam5,1833,44.513,126.681,ok,
runB,cam5,1834,44.731,122.892,ok,
runB,cam5,1835,44.863,121.182,ok,
runB,cam5,1836,45.006,120.182,ok,
runB,cam5,1837,45.519,119.182,ok,
runB,cam5,1838,45.821,120.021,ok,
runB,cam5,1839,45.46,119.182,ok,
runB,cam5,1840,45.513,118.612,ok,
runB,cam5,1841,45.302,118.612,ok,
runB,cam5,1842,44.697,118.499,ok,
runB,cam5,1843,44.239,118.463,ok,
runB,cam5,1844,44.106,118.463,ok,
runB,cam5,1845,43.969,118.608,ok,
runB,cam5,1846,43.51,119.182,ok,
runB,cam5,1847,42.741,119.182,ok,
runB,cam5,1848,42.317,119.182,ok,
runB,cam5,1849,41.81,119.463,ok,
runB,cam5,1850,41.154,120.034,ok,
runB,cam5,1851,40.349,120.182,ok,
runB,cam5,1852,39.61,120.209,ok,
runB,cam5,1853,38.896,120.31,ok,
runB,cam5,1854,38.256,120.182,ok,
runB,cam5,1855,37.764,120.182,ok,
runB,cam5,1856,36.939,119.604,ok,
runB,cam5,1857,36.419,119.182,ok,
runB,cam5,1858,35.726,118.182,ok,
runB,cam5,1859,35.199,117.391,ok,
runB,cam5,1860,34.749,117.82,ok,
runB,cam5,1861,34.246,117.283,ok,
runB,cam5,1862,33.769,115.892,ok,
runB,cam5,1863,33.133,115.255,ok,
runB,cam5,1864,32.474,114.559,ok,
runB,cam5,1865,31.438,113.463,ok,
runB,cam5,1866,30.404,112.608,ok,
runB,cam5,1867,29.403,112.037,ok,
runB,cam5,1868,28.743,111.676,ok,
runB,cam5,1869,28.481,111.676,ok,
runB,cam5,1870,27.894,111.233,ok,
runB,cam5,1871,27.19,108.676,ok,
runB,cam5,1872,26.514,107.888,ok,
runB,cam5,1873,25.972,107.233,ok,
runB,cam5,1874,25.567,106.641,ok,
runB,cam5,1875,25.139,107.811,ok,
runB,cam5,1876,24.593,106.454,ok,
runB,cam5,1877,24.058,106.459,ok,
runB,cam5,1878,23.531,104.782,ok,
runB,cam5,1879,23.361,105.233,ok,
runB,cam5,1880,23.092,104.463,ok,
runB,cam5,1881,22.845,103.892,ok,
runB,cam5,1882,22.523,103.885,ok,
runB,cam5,1883,22.223,104.278,ok,
runB,cam5,1884,21.966,106.608,ok,
runB,cam5,1885,21.624,107.383,ok,
runB,cam5,1886,21.322,107.608,ok,
runB,cam5,1887,20.948,106.463,ok,
runB,cam5,1888,20.538,103.633,ok,
runB,cam5,1889,20.179,98.642,ok,
runB,cam5,1890,19.883,93.819,ok,
runB,cam5,1891,19.82,92.524,ok,
runB,cam5,1892,19.607,95.389,ok,
runB,cam5,1893,19.472,89.79,ok,
runB,cam5,1894,19.383,85.115,ok,
runB,cam5,1895,19.373,87.458,ok,
runB,cam5,1896,19.382,93.528,ok,
runB,cam5,1897,19.38,98.274,ok,
runB,cam5,1898,19.244,101.118,ok,
runB,cam5,1899,19.179,102.994,ok,
runB,cam5,1900,19.184,102.357,ok,
runB,cam5,1901,19.214,100.925,ok,
runB,cam5,1902,19.053,98.158,ok,
runB,cam5,1903,18.792,96.421,ok,
runB,cam5,1904,18.76,92.783,ok,
runB,cam5,1905,19.022,94.027,ok,
runB,cam5,1906,19.325,93.251,ok,
runB,cam5,1907,19.66,91.605,ok,
runB,cam5,1908,20.233,97.218,ok,
runB,cam5,1909,21.17,106.463,ok,
runB,cam5,1910,21.837,100.68,ok,
runB,cam5,1911,22.334,97.602,ok,
runB,cam5,1912,22.837,98.564,ok,
runB,cam5,1913,23.177,95.089,ok,
runB,cam5,1914,23.487,97.641,ok,
runB,cam5,1915,24.078,110.256,ok,
runB,cam5,1916,24.702,113.535,ok,
runB,cam5,1917,25.379,115.255,ok,
runB,cam5,1918,26.125,115.684,ok,
runB,cam5,1919,26.589,115.794,ok,
runB,cam5,1920,27.036,115.255,ok,
runB,cam5,1921,27.23,115.153,ok,
runB,cam5,1922,27.37,114.665,ok,
runB,cam5,1923,27.444,114.684,ok,
runB,cam5,1924,27.676,115.255,ok,
runB,cam5,1925,27.716,116.97,ok,
runB,cam5,1926,27.703,118.182,ok,
runB,cam5,1927,27.692,118.182,ok,
runB,cam5,1928,27.62,118.182,ok,
runB,cam5,1929,27.551,118.182,ok,
runB,cam5,1930,27.515,117.027,ok,
runB,cam5,1931,27.792,117.683,ok,
runB,cam5,1932,28.101,118.182,ok,
runB,cam5,1933,28.347,118.395,ok,
runB,cam5,1934,28.483,118.182,ok,
runB,cam5,1935,28.583,118.182,ok,
runB,cam5,1936,28.713,118.182,ok,
runB,cam5,1937,28.809,118.182,ok,
runB,cam5,1938,28.681,118.463,ok,
runB,cam5,1939,28.467,118.319,ok,
runB,cam5,1940,28.222,118.069,ok,
runB,cam5,1941,28.133,118.038,ok,
runB,cam5,1942,27.901,118.138,ok,
runB,cam5,1943,27.516,117.391,ok,
runB,cam5,1944,27.237,116.97,ok,
runB,cam5,1945,27.26,119.182,ok,
runB,cam5,1946,27.354,120.165,ok,
runB,cam5,1947,27.521,120.458,ok,
runB,cam5,1948,27.63,121.182,ok,
runB,cam5,1949,27.765,122.684,ok,
runB,cam5,1950,28.154,125.037,ok,
runB,cam5,1951,28.405,127.608,ok,
runB,cam5,1952,28.681,130.902,ok,
runB,cam5,1953,28.955,133.684,ok,
runB,cam5,1954,28.752,136.391,ok,
runB,cam5,1955,28.329,135.61,ok,
runB,cam5,1956,28.283,134.504,ok,
runB,cam5,1957,28.175,136.391,ok,
runB,cam5,1958,28.473,138.319,ok,
runB,cam5,1959,28.663,136.455,ok,
runB,cam5,1960,28.729,135.243,ok,
runB,cam5,1961,28.781,132.89,ok,
runB,cam5,1962,29.242,132.283,ok,
runB,cam5,1963,29.856,132.423,ok,
runB,cam5,1964,30.081,131.604,ok,
runB,cam5,1965,30.468,131.392,ok,
runB,cam5,1966,30.912,134.429,ok,
runB,cam5,1967,31.567,136.391,ok,
runB,cam5,1968,32.771,137.314,ok,
runB,cam5,1969,33.531,135.245,ok,
runB,cam5,1970,34.688,132.359,ok,
runB,cam5,1971,35.16,132.319,ok,
runB,cam5,1972,35.46,134.604,ok,
runB,cam5,1973,35.563,135.245,ok,
runB,cam5,1974,35.229,129.888,ok,
runB,cam5,1975,35.44,125.676,ok,
runB,cam5,1976,35.591,122.255,ok,
runB,cam5,1977,35.758,121.391,ok,
runB,cam5,1978,35.99,119.608,ok,
runB,cam5,1979,35.662,119.463,ok,
runB,cam5,1980,34.851,120.351,ok,
runB,cam5,1981,34.203,119.608,ok,
runB,cam5,1982,34.395,120.463,ok,
runB,cam5,1983,34.559,122.68,ok,
runB,cam5,1984,35.074,126.606,ok,
runB,cam5,1985,35.92,135.241,ok,
runB,cam5,1986,36.566,138.319,ok,
runB,cam5,1987,37.555,138.953,ok,
runB,cam5,1988,38.148,136.455,ok,
runB,cam5,1989,38.555,133.463,ok,
runB,cam5,1990,39.71,131.389,ok,
runB,cam5,1991,40.404,128.458,ok,
runB,cam5,1992,40.46,126.391,ok,
runB,cam5,1993,40.692,125.164,ok,
runB,cam5,1994,40.373,122.526,ok,
runB,cam5,1995,40.061,120.999,ok,
runB,cam5,1996,39.774,120.467,ok,
runB,cam5,1997,39.356,121.684,ok,
runB,cam5,1998,39.756,124.107,ok,
runB,cam5,1999,39.559,126.684,ok,
runB,cam5,2000,40.078,133.597,ok,
runB,cam5,2001,40.58,138.243,ok,
runB,cam5,2002,40.432,139.066,ok,
runB,cam5,2003,40.588,138.387,ok,
runB,cam5,2004,39.95,135.677,ok,
runB,cam5,2005,39.244,131.391,ok,
runB,cam5,2006,38.881,128.999,ok,
runB,cam5,2007,39.125,128.463,ok,
runB,cam5,2008,39.596,132.0,ok,
runB,cam5,2009,40.216,137.111,ok,
runB,cam5,2010,40.666,139.387,ok,
runB,cam5,2011,40.86,140.391,ok,
runB,cam5,2012,41.202,141.026,ok,
runB,cam5,2013,41.453,141.174,ok,
runB,cam5,2014,41.771,141.243,ok,
runB,cam5,2015,42.1,141.387,ok,
runB,cam5,2016,42.072,141.174,ok,
runB,cam5,2017,41.813,141.238,ok,
runB,cam5,2018,41.156,141.391,ok,
runB,cam5,2019,40.56,139.387,ok,
runB,cam5,2020,40.221,135.238,ok,
runB,cam5,2021,40.189,134.463,ok,
runB,cam5,2022,40.256,136.038,ok,
runB,cam5,2023,40.96,140.243,ok,
runB,cam5,2024,41.648,140.174,ok,
runB,cam5,2025,42.483,140.391,ok,
runB,cam5,2026,43.655,140.391,ok,
runB,cam5,2027,44.919,140.825,ok,
runB,cam5,2028,46.238,140.391,ok,
runB,cam5,2029,47.145,140.391,ok,
runB,cam5,2030,47.802,140.391,ok,
runB,cam5,2031,48.227,140.179,ok,
runB,cam5,2032,49.125,140.391,ok,
runB,cam5,2033,50.037,140.957,ok,
runB,cam5,2034,50.567,140.538,ok,
runB,cam5,2035,50.892,141.211,ok,
runB,cam5,2036,51.208,140.463,ok,
runB,cam5,2037,51.567,140.391,ok,
runB,cam5,2038,51.796,140.174,ok,
runB,cam5,2039,51.91,139.714,ok,
runB,cam5,2040,51.933,139.427,ok,
runB,cam5,2041,52.096,140.139,ok,
runB,cam5,2042,52.198,140.391,ok,
runB,cam5,2043,52.383,140.387,ok,
runB,cam5,2044,52.38,140.174,ok,
runB,cam5,2045,52.358,140.391,ok,
runB,cam5,2046,52.328,140.391,ok,
runB,cam5,2047,52.228,140.391,ok,
runB,cam5,2048,52.2,140.604,ok,
runB,cam5,2049,52.277,141.243,ok,
runB,cam5,2050,52.225,141.174,ok,
runB,cam5,2051,52.138,141.424,ok,
runB,cam5,2052,52.143,141.351,ok,
runB,cam5,2053,52.012,141.038,ok,
runB,cam5,2054,52.129,141.038,ok,
runB,cam5,2055,51.784,140.391,ok,
runB,cam5,2056,51.432,140.458,ok,
runB,cam5,2057,51.222,140.182,ok,
runB,cam5,2058,51.074,140.391,ok,
runB,cam5,2059,51.04,140.995,ok,
runB,cam5,2060,51.059,140.391,ok,
runB,cam5,2061,51.356,140.243,ok,
runB,cam5,2062,51.452,139.647,ok,
runB,cam5,2063,51.44,138.825,ok,
runB,cam5,2064,51.718,138.391,ok,
runB,cam5,2065,52.305,138.825,ok,
runB,cam5,2066,52.756,139.319,ok,
runB,cam5,2067,53.812,140.038,ok,
runB,cam5,2068,54.073,140.391,ok,
runB,cam5,2069,53.971,141.463,ok,
runB,cam5,2070,53.9,142.247,ok,
runB,cam5,2071,54.737,145.026,ok,
runB,cam5,2072,55.28,145.319,ok,
runB,cam5,2073,55.7,146.105,ok,
runB,cam5,2074,55.999,146.135,ok,
runB,cam5,2075,56.666,146.243,ok,
runB,cam5,2076,57.79,146.174,ok,
runB,cam5,2077,58.739,146.319,ok,
runB,cam5,2078,59.516,146.319,ok,
runB,cam5,2079,60.289,146.319,ok,
runB,cam5,2080,60.719,146.174,ok,
runB,cam5,2081,60.752,146.319,ok,
runB,cam5,2082,60.382,146.174,ok,
runB,cam5,2083,60.336,146.277,ok,
runB,cam5,2084,60.291,146.211,ok,
runB,cam5,2085,59.966,146.174,ok,
runB,cam5,2086,59.525,146.0,ok,
runB,cam5,2087,58.789,145.608,ok,
runB,cam5,2088,57.883,145.319,ok,
runB,cam5,2089,57.029,145.319,ok,
runB,cam5,2090,56.347,145.613,ok,
runB,cam5,2091,55.217,146.174,ok,
runB,cam5,2092,53.823,145.307,ok,
runB,cam5,2093,52.541,143.425,ok,
runB,cam5,2094,51.396,139.808,ok,
runB,cam5,2095,50.16,135.463,ok,
runB,cam5,2096,49.038,132.319,ok,
runB,cam5,2097,47.952,129.213,ok,
runB,cam5,2098,46.596,126.463,ok,
runB,cam5,2099,45.576,124.391,ok,
runB,cam5,2100,44.75,122.891,ok,
runB,cam5,2101,43.971,122.201,ok,
runB,cam5,2102,43.515,121.233,ok,
runB,cam5,2103,42.726,121.165,ok,
runB,cam5,2104,41.99,120.378,ok,
runB,cam5,2105,41.427,120.31,ok,
runB,cam5,2106,40.801,120.31,ok,
runB,cam5,2107,40.39,120.31,ok,
runB,cam5,2108,40.148,120.378,ok,
runB,cam5,2109,39.863,120.233,ok,
runB,cam5,2110,39.536,120.233,ok,
runB,cam5,2111,39.085,120.165,ok,
runB,cam5,2112,38.758,120.233,ok,
runB,cam5,2113,38.469,120.31,ok,
runB,cam5,2114,38.237,120.387,ok,
runB,cam5,2115,37.946,120.31,ok,
runB,cam5,2116,37.622,120.165,ok,
runB,cam5,2117,37.262,119.943,ok,
runB,cam5,2118,37.063,119.644,ok,
runB,cam5,2119,36.885,119.526,ok,
runB,cam5,2120,36.458,119.6,ok,
runB,cam5,2121,35.966,120.165,ok,
runB,cam5,2122,35.575,120.165,ok,
runB,cam5,2123,35.302,120.233,ok,
runB,cam5,2124,35.136,120.182,ok,
runB,cam5,2125,35.011,120.182,ok,
runB,cam5,2126,35.092,120.463,ok,
runB,cam5,2127,35.3,121.209,ok,
runB,cam5,2128,35.28,121.378,ok,
runB,cam5,2129,35.305,121.267,ok,
runB,cam5,2130,35.599,121.38,ok,
runB,cam5,2131,36.104,121.182,ok,
runB,cam5,2132,36.217,121.182,ok,
runB,cam5,2133,36.11,121.378,ok,
runB,cam5,2134,35.963,121.165,ok,
runB,cam5,2135,35.995,121.165,ok,
runB,cam5,2136,36.145,121.382,ok,
runB,cam5,2137,36.099,121.165,ok,
runB,cam5,2138,35.964,121.038,ok,
runB,cam5,2139,35.869,120.706,ok,
runB,cam5,2140,35.918,120.414,ok,
runB,cam5,2141,35.969,120.243,ok,
runB,cam5,2142,36.069,120.387,ok,
runB,cam5,2143,36.357,121.281,ok,
runB,cam5,2144,36.487,122.165,ok,
runB,cam5,2145,36.709,122.255,ok,
runB,cam5,2146,36.815,122.255,ok,
runB,cam5,2147,36.837,121.463,ok,
runB,cam5,2148,36.873,120.606,ok,
runB,cam5,2149,36.815,120.182,ok,
runB,cam5,2150,36.868,120.165,ok,
runB,cam5,2151,36.627,119.387,ok,
runB,cam5,2152,36.424,119.387,ok,
runB,cam5,2153,36.319,119.383,ok,
runB,cam5,2154,36.207,119.243,ok,
runB,cam5,2155,35.937,119.182,ok,
runB,cam5,2156,35.652,119.182,ok,
runB,cam5,2157,35.734,119.165,ok,
runB,cam5,2158,35.799,119.182,ok,
runB,cam5,2159,35.933,119.179,ok,
runB,cam5,2160,35.929,119.31,ok,
runB,cam5,2161,36.058,120.038,ok,
runB,cam5,2162,36.182,120.278,ok,
runB,cam5,2163,36.329,120.378,ok,
runB,cam5,2164,36.334,120.322,ok,
runB,cam5,2165,36.31,120.165,ok,
runB,cam5,2166,36.438,120.387,ok,
runB,cam5,2167,36.741,122.255,ok,
runB,cam5,2168,37.157,127.174,ok,
runB,cam5,2169,38.042,134.186,ok,
runB,cam5,2170,38.382,136.034,ok,
runB,cam5,2171,38.617,136.684,ok,
runB,cam5,2172,39.034,140.358,ok,
runB,cam5,2173,39.588,142.182,ok,
runB,cam5,2174,41.068,143.038,ok,
runB,cam5,2175,41.88,145.174,ok,
runB,cam5,2176,42.564,146.174,ok,
runB,cam5,2177,43.685,147.174,ok,
runB,cam5,2178,44.435,148.03,ok,
runB,cam5,2179,45.061,148.03,ok,
runB,cam5,2180,45.464,148.021,ok,
runB,cam5,2181,45.968,148.038,ok,
runB,cam5,2182,46.361,147.391,ok,
runB,cam5,2183,46.81,148.205,ok,
runB,cam5,2184,47.194,148.128,ok,
runB,cam5,2185,48.307,148.021,ok,
runB,cam5,2186,49.012,148.098,ok,
runB,cam5,2187,49.293,148.391,ok,
runB,cam5,2188,49.208,148.243,ok,
runB,cam5,2189,49.728,148.966,ok,
runB,cam5,2190,49.865,148.519,ok,
runB,cam5,2191,50.238,148.463,ok,
runB,cam5,2192,50.379,148.243,ok,
runB,cam5,2193,50.702,148.278,ok,
runB,cam5,2194,50.637,148.391,ok,
runB,cam5,2195,50.398,148.391,ok,
runB,cam5,2196,49.765,148.174,ok,
runB,cam5,2197,48.95,148.17,ok,
runB,cam5,2198,48.434,147.243,ok,
runB,cam5,2199,48.673,147.391,ok,
runB,cam5,2200,48.687,148.03,ok,
runB,cam5,2201,48.718,148.07,ok,
runB,cam5,2202,48.928,147.174,ok,
runB,cam5,2203,48.615,146.966,ok,
runB,cam5,2204,48.058,145.277,ok,
runB,cam5,2205,47.452,142.638,ok,
runB,cam5,2206,46.671,141.519,ok,
runB,cam5,2207,45.895,139.174,ok,
runB,cam5,2208,45.585,135.247,ok,
runB,cam5,2209,44.927,133.391,ok,
runB,cam5,2210,44.287,131.531,ok,
runB,cam5,2211,44.019,128.604,ok,
runB,cam5,2212,43.625,126.389,ok,
runB,cam5,2213,43.009,123.753,ok,
runB,cam5,2214,41.906,120.182,ok,
runB,cam5,2215,40.815,118.182,ok,
runB,cam5,2216,40.1,116.97,ok,
runB,cam5,2217,39.367,115.29,ok,
runB,cam5,2218,38.975,114.608,ok,
runB,cam5,2219,38.78,114.684,ok,
runB,cam5,2220,38.526,114.684,ok,
runB,cam5,2221,38.36,114.562,ok,
runB,cam5,2222,38.158,115.255,ok,
runB,cam5,2223,37.856,114.378,ok,
runB,cam5,2224,37.684,114.378,ok,
runB,cam5,2225,37.65,114.021,ok,
runB,cam5,2226,37.505,114.684,ok,
runB,cam5,2227,37.884,116.666,ok,
runB,cam5,2228,38.189,118.676,ok,
runB,cam5,2229,38.554,119.278,ok,
runB,cam5,2230,38.908,119.182,ok,
runB,cam5,2231,39.572,119.604,ok,
runB,cam5,2232,39.898,120.174,ok,
runB,cam5,2233,40.397,120.182,ok,
runB,cam5,2234,40.414,120.165,ok,
runB,cam5,2235,40.89,119.165,ok,
runB,cam5,2236,40.828,119.037,ok,
runB,cam5,2237,41.046,117.678,ok,
runB,cam5,2238,40.983,117.612,ok,
runB,cam5,2239,41.234,117.902,ok,
runB,cam5,2240,41.131,118.182,ok,
runB,cam5,2241,41.264,118.131,ok,
runB,cam5,2242,41.506,118.572,ok,
runB,cam5,2243,41.83,119.893,ok,
runB,cam5,2244,41.945,120.422,ok,
runB,cam5,2245,41.865,120.711,ok,
runB,cam5,2246,42.028,121.182,ok,
runB,cam5,2247,42.125,122.255,ok,
runB,cam5,2248,42.273,122.75,ok,
runB,cam5,2249,42.535,125.282,ok,
runB,cam5,2250,42.959,127.606,ok,
runB,cam5,2251,43.32,132.902,ok,
runB,cam5,2252,43.242,133.321,ok,
runB,cam5,2253,43.055,133.349,ok,
runB,cam5,2254,42.826,132.934,ok,
runB,cam5,2255,43.158,133.584,ok,
runB,cam5,2256,44.582,139.174,ok,
runB,cam5,2257,46.212,140.966,ok,
runB,cam5,2258,47.646,142.966,ok,
runB,cam5,2259,48.181,142.859,ok,
runB,cam5,2260,47.831,142.391,ok,
runB,cam5,2261,47.686,142.391,ok,
runB,cam5,2262,47.302,141.598,ok,
runB,cam5,2263,47.228,142.038,ok,
runB,cam5,2264,47.034,141.966,ok,
runB,cam5,2265,46.836,140.472,ok,
runB,cam5,2266,46.323,140.966,ok,
runB,cam5,2267,45.754,140.174,ok,
runB,cam5,2268,45.417,140.387,ok,
runB,cam5,2269,45.293,140.318,ok,
runB,cam5,2270,45.125,139.966,ok,
runB,cam5,2271,45.127,140.391,ok,
runB,cam5,2272,45.122,142.0,ok,
runB,cam5,2273,45.009,142.247,ok,
runB,cam5,2274,44.75,143.857,ok,
runB,cam5,2275,44.674,145.681,ok,
runB,cam5,2276,44.712,146.307,ok,
runB,cam5,2277,44.932,146.03,ok,
runB,cam5,2278,45.174,146.03,ok,
runB,cam5,2279,45.534,146.243,ok,
runB,cam5,2280,45.699,146.128,ok,
runB,cam5,2281,45.651,144.248,ok,
runB,cam5,2282,45.598,142.238,ok,
runB,cam5,2283,45.13,138.387,ok,
runB,cam5,2284,44.868,135.459,ok,
runB,cam5,2285,45.278,134.243,ok,
runB,cam5,2286,45.434,131.211,ok,
runB,cam5,2287,45.355,126.642,ok,
runB,cam5,2288,45.341,124.387,ok,
runB,cam5,2289,45.191,121.463,ok,
runB,cam5,2290,44.915,120.391,ok,
runB,cam5,2291,44.579,118.608,ok,
runB,cam5,2292,44.292,118.319,ok,
runB,cam5,2293,44.204,117.389,ok,
runB,cam5,2294,44.037,115.816,ok,
runB,cam5,2295,43.713,114.608,ok,
runB,cam5,2296,43.654,114.166,ok,
runB,cam5,2297,43.531,114.099,ok,
runB,cam5,2298,43.631,114.966,ok,
runB,cam5,2299,43.524,117.0,ok,
runB,cam5,2300,43.833,122.038,ok,
runB,cam5,2301,44.172,127.186,ok,
runB,cam5,2302,44.548,132.472,ok,
runB,cam5,2303,45.068,137.97,ok,
runB,cam5,2304,45.297,141.182,ok,
runB,cam5,2305,45.882,142.391,ok,
runB,cam5,2306,46.059,143.038,ok,
runB,cam5,2307,46.632,143.391,ok,
runB,cam5,2308,47.084,143.255,ok,
runB,cam5,2309,47.366,145.104,ok,
runB,cam5,2310,47.486,145.825,ok,
runB,cam5,2311,47.622,146.211,ok,
runB,cam5,2312,47.844,146.605,ok,
runB,cam5,2313,48.193,147.174,ok,
runB,cam5,2314,48.303,147.966,ok,
runB,cam5,2315,48.635,148.174,ok,
runB,cam5,2316,48.974,148.174,ok,
runB,cam5,2317,49.172,149.247,ok,
runB,cam5,2318,49.351,149.247,ok,
runB,cam5,2319,49.376,148.928,ok,
runB,cam5,2320,49.407,149.03,ok,
runB,cam5,2321,49.136,149.03,ok,
runB,cam5,2322,48.978,148.966,ok,
runB,cam5,2323,48.988,148.174,ok,
runB,cam5,2324,48.659,148.375,ok,
runB,cam5,2325,48.47,148.783,ok,
runB,cam5,2326,48.436,148.243,ok,
runB,cam5,2327,48.684,148.03,ok,
runB,cam5,2328,48.586,148.07,ok,
runB,cam5,2329,48.563,148.174,ok,
runB,cam5,2330,48.727,148.995,ok,
runB,cam5,2331,48.846,149.243,ok,
runB,cam5,2332,48.692,149.243,ok,
runB,cam5,2333,48.4,149.459,ok,
runB,cam5,2334,48.327,149.245,ok,
runB,cam5,2335,48.203,148.966,ok,
runB,cam5,2336,47.655,148.243,ok,
runB,cam5,2337,47.637,148.17,ok,
runB,cam5,2338,47.745,148.03,ok,
runB,cam5,2339,48.011,148.488,ok,
runB,cam5,2340,48.549,148.174,ok,
runB,cam5,2341,48.956,148.102,ok,
runB,cam5,2342,49.235,147.174,ok,
runB,cam5,2343,49.633,146.384,ok,
runB,cam5,2344,50.094,146.319,ok,
runB,cam5,2345,50.595,146.849,ok,
runB,cam5,2346,50.759,146.872,ok,
runB,cam5,2347,50.854,146.03,ok,
runB,cam5,2348,51.009,145.243,ok,
runB,cam5,2349,51.363,145.825,ok,
runB,cam5,2350,51.767,145.825,ok,
runB,cam5,2351,52.226,145.825,ok,
runB,cam5,2352,52.99,146.313,ok,
runB,cam5,2353,53.797,147.038,ok,
runB,cam5,2354,54.266,147.038,ok,
runB,cam5,2355,54.71,147.792,ok,
runB,cam5,2356,54.995,148.243,ok,
runB,cam5,2357,55.135,148.519,ok,
runB,cam5,2358,54.985,149.247,ok,
runB,cam5,2359,54.949,149.247,ok,
runB,cam5,2360,54.458,149.247,ok,
runB,cam5,2361,54.238,149.247,ok,
runB,cam5,2362,53.968,149.247,ok,
runB,cam5,2363,53.697,149.247,ok,
runB,cam5,2364,53.432,149.247,ok,
runB,cam5,2365,53.014,149.247,ok,
runB,cam5,2366,52.828,149.391,ok,
runB,cam5,2367,52.553,149.391,ok,
runB,cam5,2368,52.449,149.247,ok,
runB,cam5,2369,52.529,149.391,ok,
runB,cam5,2370,52.521,149.247,ok,
runB,cam5,2371,52.396,149.459,ok,
runB,cam5,2372,52.204,149.391,ok,
runB,cam5,2373,52.217,149.529,ok,
runB,cam5,2374,52.302,149.391,ok,
runB,cam5,2375,52.49,149.391,ok,
runB,cam5,2376,52.574,149.391,ok,
runB,cam5,2377,52.499,149.391,ok,
runB,cam5,2378,52.315,149.391,ok,
runB,cam5,2379,52.158,149.391,ok,
runB,cam5,2380,51.846,149.391,ok,
runB,cam5,2381,51.812,149.391,ok,
runB,cam5,2382,52.239,149.391,ok,
runB,cam5,2383,52.296,149.391,ok,
runB,cam5,2384,52.765,149.391,ok,
runB,cam5,2385,53.359,149.75,ok,
runB,cam5,2386,54.097,149.966,ok,
runB,cam5,2387,54.992,150.391,ok,
runB,cam5,2388,55.535,150.425,ok,
runB,cam5,2389,56.025,151.597,ok,
runB,cam5,2390,56.381,151.681,ok,
runB,cam5,2391,56.605,151.681,ok,
runB,cam5,2392,56.979,152.174,ok,
runB,cam5,2393,57.228,152.319,ok,
runB,cam5,2394,57.574,152.681,ok,
runB,cam5,2395,57.855,153.243,ok,
runB,cam5,2396,57.905,153.174,ok,
runB,cam5,2397,57.94,153.243,ok,
runB,cam5,2398,57.9,152.71,ok,
runB,cam5,2399,57.99,153.319,ok,
runB,cam5,2400,58.005,153.243,ok,
runB,cam5,2401,58.034,153.243,ok,
runB,cam5,2402,57.912,153.174,ok,
runB,cam5,2403,57.872,153.243,ok,
runB,cam5,2404,57.785,153.174,ok,
runB,cam5,2405,57.765,153.243,ok,
runB,cam5,2406,57.664,153.174,ok,
runB,cam5,2407,57.693,153.307,ok,
runB,cam5,2408,57.661,153.307,ok,
runB,cam5,2409,57.725,153.319,ok,
runB,cam5,2410,57.632,153.243,ok,
runB,cam5,2411,57.592,153.319,ok,
runB,cam5,2412,57.464,153.319,ok,
runB,cam5,2413,57.382,153.319,ok,
runB,cam5,2414,57.227,153.174,ok,
runB,cam5,2415,57.202,153.319,ok,
runB,cam5,2416,56.854,153.307,ok,
runB,cam5,2417,56.571,153.307,ok,
runB,cam5,2418,56.057,152.681,ok,
runB,cam5,2419,55.825,152.681,ok,
runB,cam5,2420,55.522,152.174,ok,
runB,cam5,2421,55.333,150.391,ok,
runB,cam5,2422,55.032,149.966,ok,
runB,cam5,2423,54.686,149.459,ok,
runB,cam5,2424,54.174,149.174,ok,
runB,cam5,2425,53.818,148.504,ok,
runB,cam5,2426,53.131,148.073,ok,
runB,cam5,2427,52.519,147.966,ok,
runB,cam5,2428,51.779,147.749,ok,
runB,cam5,2429,51.159,148.391,ok,
runB,cam5,2430,50.282,149.021,ok,
runB,cam5,2431,49.725,148.466,ok,
runB,cam5,2432,49.348,148.966,ok,
runB,cam5,2433,49.087,148.966,ok,
runB,cam5,2434,48.93,149.391,ok,
runB,cam5,2435,48.657,148.966,ok,
runB,cam5,2436,48.498,148.391,ok,
runB,cam5,2437,48.343,148.391,ok,
runB,cam5,2438,48.062,148.387,ok,
runB,cam5,2439,47.953,148.391,ok,
runB,cam5,2440,47.551,148.719,ok,
runB,cam5,2441,47.297,148.391,ok,
runB,cam5,2442,47.074,149.0,ok,
runB,cam5,2443,47.157,149.966,ok,
runB,cam5,2444,47.256,151.365,ok,
runB,cam5,2445,47.463,152.174,ok,
runB,cam5,2446,47.644,152.243,ok,
runB,cam5,2447,47.971,152.531,ok,
runB,cam5,2448,48.32,152.681,ok,
runB,cam5,2449,48.619,152.537,ok,
runB,cam5,2450,48.968,152.319,ok,
runB,cam5,2451,49.43,152.681,ok,
runB,cam5,2452,49.908,152.681,ok,
runB,cam5,2453,50.427,152.681,ok,
runB,cam5,2454,51.2,152.681,ok,
runB,cam5,2455,52.044,153.319,ok,
runB,cam5,2456,52.515,153.174,ok,
runB,cam5,2457,52.849,153.319,ok,
runB,cam5,2458,53.135,152.681,ok,
runB,cam5,2459,53.722,153.243,ok,
runB,cam5,2460,54.304,153.319,ok,
runB,cam5,2461,54.619,153.319,ok,
runB,cam5,2462,54.552,152.03,ok,
runB,cam5,2463,54.079,152.319,ok,
runB,cam5,2464,53.446,152.825,ok,
runB,cam5,2465,53.382,153.966,ok,
runB,cam5,2466,53.761,153.966,ok,
runB,cam5,2467,53.925,153.966,ok,
runB,cam5,2468,53.861,153.319,ok,
runB,cam5,2469,53.974,153.174,ok,
runB,cam5,2470,54.186,152.681,ok,
runB,cam5,2471,54.467,152.755,ok,
runB,cam5,2472,54.667,153.174,ok,
runB,cam5,2473,54.841,153.211,ok,
runB,cam5,2474,55.095,152.681,ok,
runB,cam5,2475,55.562,153.243,ok,
runB,cam5,2476,55.707,153.243,ok,
runB,cam5,2477,56.024,153.174,ok,
runB,cam5,2478,56.375,153.026,ok,
runB,cam5,2479,56.758,153.174,ok,
runB,cam5,2480,57.042,153.078,ok,
runB,cam5,2481,56.707,152.681,ok,
runB,cam5,2482,57.546,152.681,ok,
runB,cam5,2483,58.368,153.174,ok,
runB,cam5,2484,58.805,153.174,ok,
runB,cam5,2485,59.345,153.174,ok,
runB,cam5,2486,59.708,153.174,ok,
runB,cam5,2487,60.267,153.313,ok,
runB,cam5,2488,60.847,153.319,ok,
runB,cam5,2489,61.301,153.966,ok,
runB,cam5,2490,61.625,153.966,ok,
runB,cam5,2491,62.188,153.966,ok,
runB,cam5,2492,62.625,153.966,ok,
runB,cam5,2493,62.917,153.966,ok,
runB,cam5,2494,63.083,153.966,ok,
runB,cam5,2495,63.35,153.966,ok,
runB,cam5,2496,63.606,153.966,ok,
runB,cam5,2497,63.878,153.966,ok,
runB,cam5,2498,63.955,153.966,ok,
runB,cam5,2499,63.985,153.966,ok,
runB,cam5,2500,63.878,154.08,ok,
runB,cam5,2501,63.791,154.349,ok,
runB,cam5,2502,63.011,154.349,ok,
runB,cam5,2503,62.441,154.391,ok,
runB,cam5,2504,61.349,154.248,ok,
runB,cam5,2505,60.609,154.387,ok,
runB,cam5,2506,59.824,154.391,ok,
runB,cam5,2507,59.082,154.389,ok,
runB,cam5,2508,58.246,154.174,ok,
runB,cam5,2509,57.844,154.182,ok,
runB,cam5,2510,57.716,154.391,ok,
runB,cam5,2511,57.861,154.391,ok,
runB,cam5,2512,58.43,154.391,ok,
runB,cam5,2513,58.939,154.391,ok,
runB,cam5,2514,59.283,154.391,ok,
runB,cam5,2515,59.846,154.391,ok,
runB,cam5,2516,60.407,154.391,ok,
runB,cam5,2517,61.174,154.391,ok,
runB,cam5,2518,61.798,154.391,ok,
runB,cam5,2519,62.126,154.581,ok,
runB,cam5,2520,62.183,154.391,ok,
runB,cam5,2521,62.201,154.391,ok,
runB,cam5,2522,62.125,154.391,ok,
runB,cam5,2523,62.054,154.174,ok,
runB,cam5,2524,62.061,154.174,ok,
runB,cam5,2525,61.762,154.248,ok,
runB,cam5,2526,61.126,154.174,ok,
runB,cam5,2527,60.4,154.174,ok,
runB,cam5,2528,59.42,153.966,ok,
runB,cam5,2529,58.288,153.355,ok,
runB,cam5,2530,57.053,153.174,ok,
runB,cam5,2531,55.792,152.387,ok,
runB,cam5,2532,54.157,151.681,ok,
runB,cam5,2533,52.57,150.247,ok,
runB,cam5,2534,51.374,149.966,ok,
runB,cam5,2535,50.853,150.247,ok,
runB,cam5,2536,50.385,150.247,ok,
runB,cam5,2537,49.544,150.218,ok,
runB,cam5,2538,48.378,149.608,ok,
runB,cam5,2539,47.087,149.247,ok,
runB,cam5,2540,45.813,149.03,ok,
runB,cam5,2541,44.256,148.174,ok,
runB,cam5,2542,42.685,147.328,ok,
runB,cam5,2543,41.11,146.0,ok,
runB,cam5,2544,39.468,143.391,ok,
runB,cam5,2545,37.94,142.243,ok,
runB,cam5,2546,36.353,141.243,ok,
runB,cam5,2547,34.624,140.038,ok,
runB,cam5,2548,32.849,136.574,ok,
runB,cam5,2549,30.981,132.355,ok,
runB,cam5,2550,29.463,127.463,ok,
runB,cam5,2551,28.227,121.872,ok,
runB,cam5,2552,27.384,115.216,ok,
runB,cam5,2553,26.562,112.351,ok,
runB,cam5,2554,25.595,108.854,ok,
runB,cam5,2555,24.778,105.604,ok,
runB,cam5,2556,24.08,103.572,ok,
runB,cam5,2557,23.553,103.676,ok,
runB,cam5,2558,23.194,104.606,ok,
runB,cam5,2559,22.943,106.064,ok,
runB,cam5,2560,22.633,107.718,ok,
runB,cam5,2561,22.478,110.604,ok,
runB,cam5,2562,22.394,111.531,ok,
runB,cam5,2563,22.317,112.278,ok,
runB,cam5,2564,22.396,112.604,ok,
runB,cam5,2565,22.395,113.389,ok,
runB,cam5,2566,22.27,114.459,ok,
runB,cam5,2567,22.454,115.416,ok,
runB,cam5,2568,22.679,115.455,ok,
runB,cam5,2569,23.042,115.674,ok,
runB,cam5,2570,23.289,115.676,ok,
runB,cam5,2571,23.447,115.382,ok,
runB,cam5,2572,23.625,114.858,ok,
runB,cam5,2573,23.882,114.888,ok,
runB,cam5,2574,24.133,114.816,ok,
runB,cam5,2575,24.472,114.82,ok,
runB,cam5,2576,24.683,115.038,ok,
runB,cam5,2577,24.863,115.423,ok,
runB,cam5,2578,24.963,115.672,ok,
runB,cam5,2579,25.061,116.753,ok,
runB,cam5,2580,25.152,117.391,ok,
runB,cam5,2581,25.339,118.531,ok,
runB,cam5,2582,25.445,119.387,ok,
runB,cam5,2583,25.645,119.755,ok,
runB,cam5,2584,25.882,120.391,ok,
runB,cam5,2585,26.176,121.182,ok,
runB,cam5,2586,26.4,121.463,ok,
runB,cam5,2587,26.632,121.672,ok,
runB,cam5,2588,26.787,122.567,ok,
runB,cam5,2589,26.929,122.672,ok,
runB,cam5,2590,26.915,122.816,ok,
runB,cam5,2591,27.0,123.12,ok,
runB,cam5,2592,27.049,124.387,ok,
runB,cam5,2593,27.357,124.531,ok,
runB,cam5,2594,27.538,124.531,ok,
runB,cam5,2595,27.745,124.391,ok,
runB,cam5,2596,27.981,124.391,ok,
runB,cam5,2597,28.19,124.391,ok,
runB,cam5,2598,28.227,124.608,ok,
runB,cam5,2599,28.318,124.387,ok,
runB,cam5,2600,28.348,124.387,ok,
runB,cam5,2601,28.484,124.504,ok,
runB,cam5,2602,28.509,123.97,ok,
runB,cam5,2603,28.616,124.531,ok,
runB,cam5,2604,28.635,124.391,ok,
runB,cam5,2605,28.78,124.57,ok,
runB,cam5,2606,28.844,124.073,ok,
runB,cam5,2607,28.969,124.57,ok,
runB,cam5,2608,29.03,124.608,ok,
runB,cam5,2609,29.181,124.612,ok,
runB,cam5,2610,29.244,124.612,ok,
runB,cam5,2611,29.371,124.612,ok,
runB,cam5,2612,29.429,124.612,ok,
runB,cam5,2613,29.416,125.182,ok,
runB,cam5,2614,29.644,125.243,ok,
