camera_id,runA_frame,runB_frame,confidence,tier,status,sequence_tier,longest_window_margin,candidate_runB_frame,geometry_checked,geometry_supportive,confidence_is_calibrated_probability,method
cam0,0,,0.00,abstain,idle_segment,,,,false,false,False,unified-v1
cam0,1,,0.00,abstain,idle_segment,,,,false,false,False,unified-v1
cam0,2,,0.00,abstain,idle_segment,,,,false,false,False,unified-v1
cam0,3,,0.00,abstain,idle_segment,,,,false,false,False,unified-v1
cam0,4,,0.00,abstain,idle_segment,,,,false,false,False,unified-v1
cam0,5,,0.00,abstain,idle_segment,,,,false,false,False,unified-v1
cam0,6,,0.00,abstain,idle_segment,,,,false,false,False,unified-v1
cam0,7,,0.00,abstain,idle_segment,,,,false,false,False,unified-v1
cam0,8,,0.00,abstain,idle_segment,,,,false,false,False,unified-v1
cam0,9,,0.00,abstain,idle_segment,,,,false,false,False,unified-v1
cam0,10,,0.00,abstain,idle_segment,,,,false,false,False,unified-v1
cam0,11,,0.00,abstain,idle_segment,,,,false,false,False,unified-v1
cam0,12,,0.00,abstain,idle_segment,,,,false,false,False,unified-v1
cam0,13,,0.00,abstain,idle_segment,,,,false,false,False,unified-v1
cam0,14,,0.00,abstain,idle_segment,,,,false,false,False,unified-v1
cam0,15,,0.00,abstain,idle_segment,,,,false,false,False,unified-v1
cam0,16,,0.00,abstain,idle_segment,,,,false,false,False,unified-v1
cam0,17,,0.00,abstain,idle_segment,,,,false,false,False,unified-v1
cam0,18,,0.00,abstain,idle_segment,,,,false,false,False,unified-v1
cam0,19,,0.00,abstain,idle_segment,,,,false,false,False,unified-v1
cam0,20,,0.00,abstain,idle_segment,,,,false,false,False,unified-v1
cam0,21,,0.00,abstain,idle_segment,,,,false,false,False,unified-v1
cam0,22,,0.00,abstain,idle_segment,,,,false,false,False,unified-v1
cam0,23,,0.00,abstain,idle_segment,,,,false,false,False,unified-v1
cam0,24,,0.00,abstain,idle_segment,,,,false,false,False,unified-v1
cam0,25,,0.00,abstain,idle_segment,,,,false,false,False,unified-v1
cam0,26,,0.00,abstain,idle_segment,,,,false,false,False,unified-v1
cam0,27,,0.00,abstain,idle_segment,,,,false,false,False,unified-v1
cam0,28,,0.00,abstain,idle_segment,,,,false,false,False,unified-v1
cam0,29,,0.00,abstain,idle_segment,,,,false,false,False,unified-v1
cam0,30,,0.00,abstain,idle_segment,,,,false,false,False,unified-v1
cam0,31,,0.00,abstain,idle_segment,,,,false,false,False,unified-v1
cam0,32,,0.00,abstain,idle_segment,,,,false,false,False,unified-v1
cam0,33,,0.00,abstain,idle_segment,,,,false,false,False,unified-v1
cam0,34,,0.00,abstain,idle_segment,,,,false,false,False,unified-v1
cam0,35,,0.00,abstain,idle_segment,,,,false,false,False,unified-v1
cam0,36,,0.00,abstain,idle_segment,,,,false,false,False,unified-v1
cam0,37,,0.00,abstain,idle_segment,,,,false,false,False,unified-v1
cam0,38,,0.00,abstain,idle_segment,,,,false,false,False,unified-v1
cam0,39,,0.00,abstain,idle_segment,,,,false,false,False,unified-v1
cam0,40,,0.00,abstain,idle_segment,,,,false,false,False,unified-v1
cam0,41,,0.00,abstain,idle_segment,,,,false,false,False,unified-v1
cam0,42,,0.00,abstain,idle_segment,,,,false,false,False,unified-v1
cam0,43,,0.00,abstain,idle_segment,,,,false,false,False,unified-v1
cam0,44,,0.00,abstain,idle_segment,,,,false,false,False,unified-v1
cam0,45,,0.00,abstain,idle_segment,,,,false,false,False,unified-v1
cam0,46,,0.00,abstain,idle_segment,,,,false,false,False,unified-v1
cam0,47,,0.00,abstain,idle_segment,,,,false,false,False,unified-v1
cam0,48,,0.00,abstain,idle_segment,,,,false,false,False,unified-v1
cam0,49,,0.00,abstain,idle_segment,,,,false,false,False,unified-v1
cam0,50,,0.00,abstain,idle_segment,,,,false,false,False,unified-v1
cam0,51,,0.00,abstain,idle_segment,,,,false,false,False,unified-v1
cam0,52,,0.00,abstain,idle_segment,,,,false,false,False,unified-v1
cam0,53,,0.00,abstain,idle_segment,,,,false,false,False,unified-v1
cam0,54,,0.00,abstain,idle_segment,,,,false,false,False,unified-v1
cam0,55,,0.00,abstain,idle_segment,,,,false,false,False,unified-v1
cam0,56,,0.00,abstain,idle_segment,,,,false,false,False,unified-v1
cam0,57,,0.00,abstain,idle_segment,,,,false,false,False,unified-v1
cam0,58,,0.00,abstain,idle_segment,,,,false,false,False,unified-v1
cam0,59,,0.00,abstain,idle_segment,,,,false,false,False,unified-v1
cam0,60,,0.00,abstain,idle_segment,,,,false,false,False,unified-v1
cam0,61,,0.00,abstain,idle_segment,,,,false,false,False,unified-v1
cam0,62,,0.00,abstain,idle_segment,,,,false,false,False,unified-v1
cam0,63,,0.00,abstain,idle_segment,,,,false,false,False,unified-v1
cam0,64,,0.00,abstain,idle_segment,,,,false,false,False,unified-v1
cam0,65,,0.00,abstain,idle_segment,,,,false,false,False,unified-v1
cam0,66,,0.00,abstain,idle_segment,,,,false,false,False,unified-v1
cam0,67,,0.00,abstain,idle_segment,,,,false,false,False,unified-v1
cam0,68,,0.00,abstain,idle_segment,,,,false,false,False,unified-v1
cam0,69,,0.00,abstain,idle_segment,,,,false,false,False,unified-v1
cam0,70,,0.00,abstain,idle_segment,,,,false,false,False,unified-v1
cam0,71,,0.00,abstain,idle_segment,,,,false,false,False,unified-v1
cam0,72,,0.00,abstain,idle_segment,,,,false,false,False,unified-v1
cam0,73,,0.00,abstain,idle_segment,,,,false,false,False,unified-v1
cam0,74,,0.00,abstain,idle_segment,,,,false,false,False,unified-v1
cam0,75,,0.00,abstain,idle_segment,,,,false,false,False,unified-v1
cam0,76,,0.00,abstain,idle_segment,,,,false,false,False,unified-v1
cam0,77,,0.00,abstain,idle_segment,,,,false,false,False,unified-v1
cam0,78,,0.00,abstain,idle_segment,,,,false,false,False,unified-v1
cam0,79,,0.00,abstain,idle_segment,,,,false,false,False,unified-v1
cam0,80,,0.00,abstain,idle_segment,,,,false,false,False,unified-v1
cam0,81,,0.00,abstain,idle_segment,,,,false,false,False,unified-v1
cam0,82,,0.00,abstain,idle_segment,,,,false,false,False,unified-v1
cam0,83,,0.00,abstain,idle_segment,,,,false,false,False,unified-v1
cam0,84,,0.00,abstain,idle_segment,,,,false,false,False,unified-v1
cam0,85,,0.00,abstain,idle_segment,,,,false,false,False,unified-v1
cam0,86,,0.00,abstain,idle_segment,,,,false,false,False,unified-v1
cam0,87,,0.00,abstain,idle_segment,,,,false,false,False,unified-v1
cam0,88,,0.00,abstain,idle_segment,,,,false,false,False,unified-v1
cam0,89,,0.00,abstain,idle_segment,,,,false,false,False,unified-v1
cam0,90,,0.00,abstain,idle_segment,,,,false,false,False,unified-v1
cam0,91,,0.00,abstain,idle_segment,,,,false,false,False,unified-v1
cam0,92,,0.00,abstain,idle_segment,,,,false,false,False,unified-v1
cam0,93,,0.00,abstain,idle_segment,,,,false,false,False,unified-v1
cam0,94,,0.00,abstain,idle_segment,,,,false,false,False,unified-v1
cam0,95,,0.00,abstain,idle_segment,,,,false,false,False,unified-v1
cam0,96,,0.00,abstain,idle_segment,,,,false,false,False,unified-v1
cam0,97,,0.00,abstain,idle_segment,,,,false,false,False,unified-v1
cam0,98,,0.00,abstain,idle_segment,,,,false,false,False,unified-v1
cam0,99,,0.00,abstain,idle_segment,,,,false,false,False,unified-v1
cam0,100,,0.00,abstain,idle_segment,,,,false,false,False,unified-v1
cam0,101,,0.00,abstain,idle_segment,,,,false,false,False,unified-v1
cam0,102,,0.00,abstain,idle_segment,,,,false,false,False,unified-v1
cam0,103,,0.00,abstain,idle_segment,,,,false,false,False,unified-v1
cam0,104,,0.00,abstain,idle_segment,,,,false,false,False,unified-v1
cam0,105,,0.00,abstain,idle_segment,,,,false,false,False,unified-v1
cam0,106,,0.00,abstain,idle_segment,,,,false,false,False,unified-v1
cam0,107,,0.00,abstain,idle_segment,,,,false,false,False,unified-v1
cam0,108,,0.00,abstain,idle_segment,,,,false,false,False,unified-v1
cam0,109,,0.00,abstain,idle_segment,,,,false,false,False,unified-v1
cam0,110,,0.00,abstain,idle_segment,,,,false,false,False,unified-v1
cam0,111,,0.00,abstain,idle_segment,,,,false,false,False,unified-v1
cam0,112,,0.00,abstain,idle_segment,,,,false,false,False,unified-v1
cam0,113,,0.00,abstain,idle_segment,,,,false,false,False,unified-v1
cam0,114,,0.00,abstain,idle_segment,,,,false,false,False,unified-v1
cam0,115,,0.00,abstain,idle_segment,,,,false,false,False,unified-v1
cam0,116,,0.00,abstain,idle_segment,,,,false,false,False,unified-v1
cam0,117,,0.00,abstain,idle_segment,,,,false,false,False,unified-v1
cam0,118,,0.00,abstain,idle_segment,,,,false,false,False,unified-v1
cam0,119,,0.00,abstain,idle_segment,,,,false,false,False,unified-v1
cam0,120,,0.00,abstain,idle_segment,,,,false,false,False,unified-v1
cam0,121,,0.00,abstain,idle_segment,,,,false,false,False,unified-v1
cam0,122,,0.00,abstain,idle_segment,,,,false,false,False,unified-v1
cam0,123,,0.00,abstain,idle_segment,,,,false,false,False,unified-v1
cam0,124,,0.00,abstain,idle_segment,,,,false,false,False,unified-v1
cam0,125,,0.00,abstain,idle_segment,,,,false,false,False,unified-v1
cam0,126,,0.00,abstain,idle_segment,,,,false,false,False,unified-v1
cam0,127,,0.00,abstain,idle_segment,,,,false,false,False,unified-v1
cam0,128,,0.00,abstain,idle_segment,,,,false,false,False,unified-v1
cam0,129,,0.00,abstain,idle_segment,,,,false,false,False,unified-v1
cam0,130,,0.00,abstain,idle_segment,,,,false,false,False,unified-v1
cam0,131,,0.00,abstain,idle_segment,,,,false,false,False,unified-v1
cam0,132,,0.00,abstain,idle_segment,,,,false,false,False,unified-v1
cam0,133,,0.00,abstain,idle_segment,,,,false,false,False,unified-v1
cam0,134,,0.00,abstain,idle_segment,,,,false,false,False,unified-v1
cam0,135,,0.00,abstain,idle_segment,,,,false,false,False,unified-v1
cam0,136,,0.00,abstain,idle_segment,,,,false,false,False,unified-v1
cam0,137,,0.00,abstain,idle_segment,,,,false,false,False,unified-v1
cam0,138,,0.00,abstain,idle_segment,,,,false,false,False,unified-v1
cam0,139,,0.00,abstain,idle_segment,,,,false,false,False,unified-v1
cam0,140,,0.00,abstain,idle_segment,,,,false,false,False,unified-v1
cam0,141,,0.00,abstain,idle_segment,,,,false,false,False,unified-v1
cam0,142,,0.00,abstain,idle_segment,,,,false,false,False,unified-v1
cam0,143,,0.00,abstain,idle_segment,,,,false,false,False,unified-v1
cam0,144,,0.00,abstain,idle_segment,,,,false,false,False,unified-v1
cam0,145,,0.00,abstain,idle_segment,,,,false,false,False,unified-v1
cam0,146,,0.00,abstain,idle_segment,,,,false,false,False,unified-v1
cam0,147,,0.00,abstain,idle_segment,,,,false,false,False,unified-v1
cam0,148,,0.00,abstain,idle_segment,,,,false,false,False,unified-v1
cam0,149,,0.00,abstain,idle_segment,,,,false,false,False,unified-v1
cam0,150,,0.00,abstain,idle_segment,,,,false,false,False,unified-v1
cam0,151,,0.00,abstain,idle_segment,,,,false,false,False,unified-v1
cam0,152,,0.00,abstain,idle_segment,,,,false,false,False,unified-v1
cam0,153,,0.00,abstain,idle_segment,,,,false,false,False,unified-v1
cam0,154,,0.00,abstain,idle_segment,,,,false,false,False,unified-v1
cam0,155,,0.00,abstain,idle_segment,,,,false,false,False,unified-v1
cam0,156,,0.00,abstain,idle_segment,,,,false,false,False,unified-v1
cam0,157,,0.00,abstain,idle_segment,,,,false,false,False,unified-v1
cam0,158,,0.00,abstain,idle_segment,,,,false,false,False,unified-v1
cam0,159,,0.00,abstain,idle_segment,,,,false,false,False,unified-v1
cam0,160,,0.00,abstain,idle_segment,,,,false,false,False,unified-v1
cam0,161,,0.00,abstain,idle_segment,,,,false,false,False,unified-v1
cam0,162,,0.00,abstain,idle_segment,,,,false,false,False,unified-v1
cam0,163,,0.00,abstain,idle_segment,,,,false,false,False,unified-v1
cam0,164,,0.00,abstain,idle_segment,,,,false,false,False,unified-v1
cam0,165,,0.00,abstain,idle_segment,,,,false,false,False,unified-v1
cam0,166,,0.00,abstain,idle_segment,,,,false,false,False,unified-v1
cam0,167,,0.00,abstain,idle_segment,,,,false,false,False,unified-v1
cam0,168,,0.00,abstain,idle_segment,,,,false,false,False,unified-v1
cam0,169,,0.00,abstain,idle_segment,,,,false,false,False,unified-v1
cam0,170,,0.00,abstain,idle_segment,,,,false,false,False,unified-v1
cam0,171,,0.00,abstain,idle_segment,,,,false,false,False,unified-v1
cam0,172,,0.00,abstain,idle_segment,,,,false,false,False,unified-v1
cam0,173,,0.00,abstain,idle_segment,,,,false,false,False,unified-v1
cam0,174,,0.00,abstain,idle_segment,,,,false,false,False,unified-v1
cam0,175,,0.00,abstain,idle_segment,,,,false,false,False,unified-v1
cam0,176,,0.00,abstain,idle_segment,,,,false,false,False,unified-v1
cam0,177,,0.00,abstain,idle_segment,,,,false,false,False,unified-v1
cam0,178,,0.00,abstain,idle_segment,,,,false,false,False,unified-v1
cam0,179,,0.00,abstain,idle_segment,,,,false,false,False,unified-v1
cam0,180,,0.00,abstain,loop_ambiguous,failed,0.11762,106,false,false,False,unified-v1
cam0,181,,0.00,abstain,loop_ambiguous,failed,0.11762,107,false,false,False,unified-v1
cam0,182,,0.00,abstain,loop_ambiguous,failed,0.11762,108,false,false,False,unified-v1
cam0,183,,0.00,abstain,geometry_failed,supported,0.12297,109,false,false,False,unified-v1
cam0,184,,0.00,abstain,geometry_failed,supported,0.12297,110,false,false,False,unified-v1
cam0,185,,0.00,abstain,geometry_failed,supported,0.12297,111,false,false,False,unified-v1
cam0,186,,0.00,abstain,geometry_failed,supported,0.12297,112,false,false,False,unified-v1
cam0,187,,0.00,abstain,geometry_failed,supported,0.12297,113,false,false,False,unified-v1
cam0,188,,0.00,abstain,geometry_failed,supported,0.12297,114,false,false,False,unified-v1
cam0,189,,0.00,abstain,geometry_failed,supported,0.1293,115,false,false,False,unified-v1
cam0,190,,0.00,abstain,geometry_failed,supported,0.1293,116,false,false,False,unified-v1
cam0,191,,0.00,abstain,geometry_failed,supported,0.1293,117,false,false,False,unified-v1
cam0,192,118,0.67,uncalibrated_sequence_supported,accepted_sequence_supported,supported,0.1293,118,true,true,False,unified-v1
cam0,193,119,0.67,uncalibrated_sequence_supported,accepted_sequence_supported,supported,0.1293,119,false,false,False,unified-v1
cam0,194,120,0.67,uncalibrated_sequence_supported,accepted_sequence_supported,supported,0.1293,120,false,false,False,unified-v1
cam0,195,121,0.67,uncalibrated_sequence_supported,accepted_sequence_supported,supported,0.13627,121,false,false,False,unified-v1
cam0,196,122,0.67,uncalibrated_sequence_supported,accepted_sequence_supported,supported,0.13627,122,false,false,False,unified-v1
cam0,197,122,0.67,uncalibrated_sequence_supported,accepted_sequence_supported,supported,0.13627,122,false,false,False,unified-v1
cam0,198,123,0.67,uncalibrated_sequence_supported,accepted_sequence_supported,supported,0.13627,123,false,false,False,unified-v1
cam0,199,123,0.67,uncalibrated_sequence_supported,accepted_sequence_supported,supported,0.13627,123,false,false,False,unified-v1
cam0,200,123,0.67,uncalibrated_sequence_supported,accepted_sequence_supported,supported,0.13627,123,false,false,False,unified-v1
cam0,201,124,0.67,uncalibrated_sequence_supported,accepted_sequence_supported,supported,0.13627,124,false,false,False,unified-v1
cam0,202,124,0.67,uncalibrated_sequence_supported,accepted_sequence_supported,supported,0.13627,124,false,false,False,unified-v1
cam0,203,124,1.00,uncalibrated_strong,accepted_strong,strong,0.14205,124,false,false,False,unified-v1
cam0,204,125,1.00,uncalibrated_strong,accepted_strong,strong,0.14205,125,true,true,False,unified-v1
cam0,205,125,1.00,uncalibrated_strong,accepted_strong,strong,0.14205,125,false,false,False,unified-v1
cam0,206,126,1.00,uncalibrated_strong,accepted_strong,strong,0.14205,126,false,false,False,unified-v1
cam0,207,126,1.00,uncalibrated_strong,accepted_strong,strong,0.14205,126,false,false,False,unified-v1
cam0,208,126,1.00,uncalibrated_strong,accepted_strong,strong,0.14205,126,false,false,False,unified-v1
cam0,209,136,1.00,uncalibrated_strong,accepted_strong,strong,0.14205,136,false,false,False,unified-v1
cam0,210,136,1.00,uncalibrated_strong,accepted_strong,strong,0.14205,136,false,false,False,unified-v1
cam0,211,140,1.00,uncalibrated_strong,accepted_strong,strong,0.15041,140,false,false,False,unified-v1
cam0,212,141,1.00,uncalibrated_strong,accepted_strong,strong,0.15041,141,false,false,False,unified-v1
cam0,213,141,1.00,uncalibrated_strong,accepted_strong,strong,0.15041,141,false,false,False,unified-v1
cam0,214,141,1.00,uncalibrated_strong,accepted_strong,strong,0.15041,141,false,false,False,unified-v1
cam0,215,141,1.00,uncalibrated_strong,accepted_strong,strong,0.15041,141,false,false,False,unified-v1
cam0,216,141,1.00,uncalibrated_strong,accepted_strong,strong,0.15041,141,true,true,False,unified-v1
cam0,217,141,1.00,uncalibrated_strong,accepted_strong,strong,0.15776,141,false,false,False,unified-v1
cam0,218,141,1.00,uncalibrated_strong,accepted_strong,strong,0.15776,141,false,false,False,unified-v1
cam0,219,141,1.00,uncalibrated_strong,accepted_strong,strong,0.15776,141,false,false,False,unified-v1
cam0,220,141,1.00,uncalibrated_strong,accepted_strong,strong,0.15776,141,false,false,False,unified-v1
cam0,221,141,1.00,uncalibrated_strong,accepted_strong,strong,0.15776,141,false,false,False,unified-v1
cam0,222,141,1.00,uncalibrated_strong,accepted_strong,strong,0.15776,141,false,false,False,unified-v1
cam0,223,144,1.00,uncalibrated_strong,accepted_strong,strong,0.16202,144,false,false,False,unified-v1
cam0,224,144,1.00,uncalibrated_strong,accepted_strong,strong,0.16202,144,false,false,False,unified-v1
cam0,225,144,1.00,uncalibrated_strong,accepted_strong,strong,0.16202,144,false,false,False,unified-v1
cam0,226,144,1.00,uncalibrated_strong,accepted_strong,strong,0.16202,144,false,false,False,unified-v1
cam0,227,144,1.00,uncalibrated_strong,accepted_strong,strong,0.16202,144,false,false,False,unified-v1
cam0,228,144,1.00,uncalibrated_strong,accepted_strong,strong,0.16202,144,true,true,False,unified-v1
cam0,229,144,1.00,uncalibrated_strong,accepted_strong,strong,0.16202,144,false,false,False,unified-v1
cam0,230,144,1.00,uncalibrated_strong,accepted_strong,strong,0.16202,144,false,false,False,unified-v1
cam0,231,144,1.00,uncalibrated_strong,accepted_strong,strong,0.16452,144,false,false,False,unified-v1
cam0,232,145,1.00,uncalibrated_strong,accepted_strong,strong,0.16452,145,false,false,False,unified-v1
cam0,233,145,1.00,uncalibrated_strong,accepted_strong,strong,0.16452,145,false,false,False,unified-v1
cam0,234,145,1.00,uncalibrated_strong,accepted_strong,strong,0.16452,145,false,false,False,unified-v1
cam0,235,146,1.00,uncalibrated_strong,accepted_strong,strong,0.16452,146,false,false,False,unified-v1
cam0,236,146,1.00,uncalibrated_strong,accepted_strong,strong,0.16452,146,false,false,False,unified-v1
cam0,237,147,1.00,uncalibrated_strong,accepted_strong,strong,0.16452,147,false,false,False,unified-v1
cam0,238,148,1.00,uncalibrated_strong,accepted_strong,strong,0.16452,148,false,false,False,unified-v1
cam0,239,149,1.00,uncalibrated_strong,accepted_strong,strong,0.16452,149,false,false,False,unified-v1
cam0,240,150,1.00,uncalibrated_strong,accepted_strong,strong,0.16452,150,true,true,False,unified-v1
cam0,241,151,1.00,uncalibrated_strong,accepted_strong,strong,0.16452,151,false,false,False,unified-v1
cam0,242,152,1.00,uncalibrated_strong,accepted_strong,strong,0.16452,152,false,false,False,unified-v1
cam0,243,153,1.00,uncalibrated_strong,accepted_strong,strong,0.16254,153,false,false,False,unified-v1
cam0,244,154,1.00,uncalibrated_strong,accepted_strong,strong,0.16254,154,false,false,False,unified-v1
cam0,245,155,1.00,uncalibrated_strong,accepted_strong,strong,0.16254,155,false,false,False,unified-v1
cam0,246,156,1.00,uncalibrated_strong,accepted_strong,strong,0.16254,156,false,false,False,unified-v1
cam0,247,157,1.00,uncalibrated_strong,accepted_strong,strong,0.16254,157,false,false,False,unified-v1
cam0,248,158,1.00,uncalibrated_strong,accepted_strong,strong,0.16254,158,false,false,False,unified-v1
cam0,249,159,1.00,uncalibrated_strong,accepted_strong,strong,0.16254,159,false,false,False,unified-v1
cam0,250,161,1.00,uncalibrated_strong,accepted_strong,strong,0.16254,161,false,false,False,unified-v1
cam0,251,162,1.00,uncalibrated_strong,accepted_strong,strong,0.16334,162,false,false,False,unified-v1
cam0,252,163,1.00,uncalibrated_strong,accepted_strong,strong,0.16334,163,true,true,False,unified-v1
cam0,253,164,1.00,uncalibrated_strong,accepted_strong,strong,0.16334,164,false,false,False,unified-v1
cam0,254,165,1.00,uncalibrated_strong,accepted_strong,strong,0.16334,165,false,false,False,unified-v1
cam0,255,166,1.00,uncalibrated_strong,accepted_strong,strong,0.16332,166,false,false,False,unified-v1
cam0,256,167,1.00,uncalibrated_strong,accepted_strong,strong,0.16332,167,false,false,False,unified-v1
cam0,257,168,1.00,uncalibrated_strong,accepted_strong,strong,0.16332,168,false,false,False,unified-v1
cam0,258,169,1.00,uncalibrated_strong,accepted_strong,strong,0.16332,169,false,false,False,unified-v1
cam0,259,170,1.00,uncalibrated_strong,accepted_strong,strong,0.16332,170,false,false,False,unified-v1
cam0,260,171,1.00,uncalibrated_strong,accepted_strong,strong,0.16332,171,false,false,False,unified-v1
cam0,261,172,1.00,uncalibrated_strong,accepted_strong,strong,0.16067,172,false,false,False,unified-v1
cam0,262,173,1.00,uncalibrated_strong,accepted_strong,strong,0.16067,173,false,false,False,unified-v1
cam0,263,174,1.00,uncalibrated_strong,accepted_strong,strong,0.16067,174,false,false,False,unified-v1
cam0,264,175,1.00,uncalibrated_strong,accepted_strong,strong,0.16067,175,true,true,False,unified-v1
cam0,265,176,1.00,uncalibrated_strong,accepted_strong,strong,0.16067,176,false,false,False,unified-v1
cam0,266,177,1.00,uncalibrated_strong,accepted_strong,strong,0.16067,177,false,false,False,unified-v1
cam0,267,178,1.00,uncalibrated_strong,accepted_strong,strong,0.16067,178,false,false,False,unified-v1
cam0,268,179,1.00,uncalibrated_strong,accepted_strong,strong,0.16067,179,false,false,False,unified-v1
cam0,269,180,1.00,uncalibrated_strong,accepted_strong,strong,0.16062,180,false,false,False,unified-v1
cam0,270,181,1.00,uncalibrated_strong,accepted_strong,strong,0.16062,181,false,false,False,unified-v1
cam0,271,182,1.00,uncalibrated_strong,accepted_strong,strong,0.16062,182,false,false,False,unified-v1
cam0,272,183,1.00,uncalibrated_strong,accepted_strong,strong,0.16062,183,false,false,False,unified-v1
cam0,273,184,1.00,uncalibrated_strong,accepted_strong,strong,0.16062,184,false,false,False,unified-v1
cam0,274,185,1.00,uncalibrated_strong,accepted_strong,strong,0.16062,185,false,false,False,unified-v1
cam0,275,186,1.00,uncalibrated_strong,accepted_strong,strong,0.15998,186,false,false,False,unified-v1
cam0,276,187,1.00,uncalibrated_strong,accepted_strong,strong,0.15998,187,true,true,False,unified-v1
cam0,277,188,1.00,uncalibrated_strong,accepted_strong,strong,0.15998,188,false,false,False,unified-v1
cam0,278,189,1.00,uncalibrated_strong,accepted_strong,strong,0.15998,189,false,false,False,unified-v1
cam0,279,190,1.00,uncalibrated_strong,accepted_strong,strong,0.15998,190,false,false,False,unified-v1
cam0,280,190,1.00,uncalibrated_strong,accepted_strong,strong,0.15998,190,false,false,False,unified-v1
cam0,281,191,1.00,uncalibrated_strong,accepted_strong,strong,0.15528,191,false,false,False,unified-v1
cam0,282,192,1.00,uncalibrated_strong,accepted_strong,strong,0.15528,192,false,false,False,unified-v1
cam0,283,194,1.00,uncalibrated_strong,accepted_strong,strong,0.15528,194,false,false,False,unified-v1
cam0,284,194,1.00,uncalibrated_strong,accepted_strong,strong,0.15528,194,false,false,False,unified-v1
cam0,285,195,1.00,uncalibrated_strong,accepted_strong,strong,0.15528,195,false,false,False,unified-v1
cam0,286,196,1.00,uncalibrated_strong,accepted_strong,strong,0.15528,196,false,false,False,unified-v1
cam0,287,197,1.00,uncalibrated_strong,accepted_strong,strong,0.15326,197,false,false,False,unified-v1
cam0,288,198,1.00,uncalibrated_strong,accepted_strong,strong,0.15326,198,true,true,False,unified-v1
cam0,289,199,1.00,uncalibrated_strong,accepted_strong,strong,0.15326,199,false,false,False,unified-v1
cam0,290,200,1.00,uncalibrated_strong,accepted_strong,strong,0.15326,200,false,false,False,unified-v1
cam0,291,201,1.00,uncalibrated_strong,accepted_strong,strong,0.15326,201,false,false,False,unified-v1
cam0,292,202,1.00,uncalibrated_strong,accepted_strong,strong,0.15326,202,false,false,False,unified-v1
cam0,293,203,1.00,uncalibrated_strong,accepted_strong,strong,0.15131,203,false,false,False,unified-v1
cam0,294,203,1.00,uncalibrated_strong,accepted_strong,strong,0.15131,203,false,false,False,unified-v1
cam0,295,204,1.00,uncalibrated_strong,accepted_strong,strong,0.15131,204,false,false,False,unified-v1
cam0,296,204,1.00,uncalibrated_strong,accepted_strong,strong,0.15131,204,false,false,False,unified-v1
cam0,297,209,1.00,uncalibrated_strong,accepted_strong,strong,0.15131,209,false,false,False,unified-v1
cam0,298,209,1.00,uncalibrated_strong,accepted_strong,strong,0.15131,209,false,false,False,unified-v1
cam0,299,209,1.00,uncalibrated_strong,accepted_strong,strong,0.15131,209,false,false,False,unified-v1
cam0,300,210,1.00,uncalibrated_strong,accepted_strong,strong,0.15131,210,true,true,False,unified-v1
cam0,301,211,1.00,uncalibrated_strong,accepted_strong,strong,0.14675,211,false,false,False,unified-v1
cam0,302,212,1.00,uncalibrated_strong,accepted_strong,strong,0.14675,212,false,false,False,unified-v1
cam0,303,213,1.00,uncalibrated_strong,accepted_strong,strong,0.14675,213,false,false,False,unified-v1
cam0,304,214,1.00,uncalibrated_strong,accepted_strong,strong,0.14675,214,false,false,False,unified-v1
cam0,305,215,1.00,uncalibrated_strong,accepted_strong,strong,0.14675,215,false,false,False,unified-v1
cam0,306,216,1.00,uncalibrated_strong,accepted_strong,strong,0.14675,216,false,false,False,unified-v1
cam0,307,218,1.00,uncalibrated_strong,accepted_strong,strong,0.14394,218,false,false,False,unified-v1
cam0,308,219,1.00,uncalibrated_strong,accepted_strong,strong,0.14394,219,false,false,False,unified-v1
cam0,309,220,1.00,uncalibrated_strong,accepted_strong,strong,0.14394,220,false,false,False,unified-v1
cam0,310,221,1.00,uncalibrated_strong,accepted_strong,strong,0.14394,221,false,false,False,unified-v1
cam0,311,222,1.00,uncalibrated_strong,accepted_strong,strong,0.14394,222,false,false,False,unified-v1
cam0,312,223,1.00,uncalibrated_strong,accepted_strong,strong,0.14394,223,true,true,False,unified-v1
cam0,313,224,1.00,uncalibrated_strong,accepted_strong,strong,0.14217,224,false,false,False,unified-v1
cam0,314,225,1.00,uncalibrated_strong,accepted_strong,strong,0.14217,225,false,false,False,unified-v1
cam0,315,227,1.00,uncalibrated_strong,accepted_strong,strong,0.14217,227,false,false,False,unified-v1
cam0,316,228,1.00,uncalibrated_strong,accepted_strong,strong,0.14217,228,false,false,False,unified-v1
cam0,317,229,1.00,uncalibrated_strong,accepted_strong,strong,0.14217,229,false,false,False,unified-v1
cam0,318,230,1.00,uncalibrated_strong,accepted_strong,strong,0.14217,230,false,false,False,unified-v1
cam0,319,231,1.00,uncalibrated_strong,accepted_strong,strong,0.14025,231,false,false,False,unified-v1
cam0,320,232,1.00,uncalibrated_strong,accepted_strong,strong,0.14025,232,false,false,False,unified-v1
cam0,321,234,1.00,uncalibrated_strong,accepted_strong,strong,0.14025,234,false,false,False,unified-v1
cam0,322,234,1.00,uncalibrated_strong,accepted_strong,strong,0.14025,234,false,false,False,unified-v1
cam0,323,236,1.00,uncalibrated_strong,accepted_strong,strong,0.14025,236,false,false,False,unified-v1
cam0,324,237,1.00,uncalibrated_strong,accepted_strong,strong,0.14025,237,true,false,False,unified-v1
cam0,325,237,1.00,uncalibrated_strong,accepted_strong,strong,0.14031,237,false,false,False,unified-v1
cam0,326,239,1.00,uncalibrated_strong,accepted_strong,strong,0.14031,239,false,false,False,unified-v1
cam0,327,240,1.00,uncalibrated_strong,accepted_strong,strong,0.14031,240,false,false,False,unified-v1
cam0,328,241,1.00,uncalibrated_strong,accepted_strong,strong,0.14031,241,false,false,False,unified-v1
cam0,329,242,1.00,uncalibrated_strong,accepted_strong,strong,0.14031,242,false,false,False,unified-v1
cam0,330,244,1.00,uncalibrated_strong,accepted_strong,strong,0.14031,244,false,false,False,unified-v1
cam0,331,244,1.00,uncalibrated_strong,accepted_strong,strong,0.13847,244,false,false,False,unified-v1
cam0,332,245,1.00,uncalibrated_strong,accepted_strong,strong,0.13847,245,false,false,False,unified-v1
cam0,333,245,1.00,uncalibrated_strong,accepted_strong,strong,0.13847,245,false,false,False,unified-v1
cam0,334,247,1.00,uncalibrated_strong,accepted_strong,strong,0.13847,247,false,false,False,unified-v1
cam0,335,248,1.00,uncalibrated_strong,accepted_strong,strong,0.13847,248,false,false,False,unified-v1
cam0,336,251,1.00,uncalibrated_strong,accepted_strong,strong,0.13847,251,true,true,False,unified-v1
cam0,337,251,1.00,uncalibrated_strong,accepted_strong,strong,0.1384,251,false,false,False,unified-v1
cam0,338,252,1.00,uncalibrated_strong,accepted_strong,strong,0.1384,252,false,false,False,unified-v1
cam0,339,253,1.00,uncalibrated_strong,accepted_strong,strong,0.1384,253,false,false,False,unified-v1
cam0,340,254,1.00,uncalibrated_strong,accepted_strong,strong,0.1384,254,false,false,False,unified-v1
cam0,341,255,1.00,uncalibrated_strong,accepted_strong,strong,0.1384,255,false,false,False,unified-v1
cam0,342,256,1.00,uncalibrated_strong,accepted_strong,strong,0.1384,256,false,false,False,unified-v1
cam0,343,257,1.00,uncalibrated_strong,accepted_strong,strong,0.1384,257,false,false,False,unified-v1
cam0,344,258,1.00,uncalibrated_strong,accepted_strong,strong,0.1384,258,false,false,False,unified-v1
cam0,345,259,1.00,uncalibrated_strong,accepted_strong,strong,0.13496,259,false,false,False,unified-v1
cam0,346,260,1.00,uncalibrated_strong,accepted_strong,strong,0.13496,260,false,false,False,unified-v1
cam0,347,261,1.00,uncalibrated_strong,accepted_strong,strong,0.13496,261,false,false,False,unified-v1
cam0,348,262,1.00,uncalibrated_strong,accepted_strong,strong,0.13496,262,true,true,False,unified-v1
cam0,349,262,1.00,uncalibrated_strong,accepted_strong,strong,0.13496,262,false,false,False,unified-v1
cam0,350,263,1.00,uncalibrated_strong,accepted_strong,strong,0.13496,263,false,false,False,unified-v1
cam0,351,263,1.00,uncalibrated_strong,accepted_strong,strong,0.13496,263,false,false,False,unified-v1
cam0,352,265,1.00,uncalibrated_strong,accepted_strong,strong,0.13496,265,false,false,False,unified-v1
cam0,353,267,1.00,uncalibrated_strong,accepted_strong,strong,0.1312,267,false,false,False,unified-v1
cam0,354,269,1.00,uncalibrated_strong,accepted_strong,strong,0.1312,269,false,false,False,unified-v1
cam0,355,269,1.00,uncalibrated_strong,accepted_strong,strong,0.1312,269,false,false,False,unified-v1
cam0,356,270,1.00,uncalibrated_strong,accepted_strong,strong,0.1312,270,false,false,False,unified-v1
cam0,357,271,1.00,uncalibrated_strong,accepted_strong,strong,0.1312,271,false,false,False,unified-v1
cam0,358,272,1.00,uncalibrated_strong,accepted_strong,strong,0.1312,272,false,false,False,unified-v1
cam0,359,273,1.00,uncalibrated_strong,accepted_strong,strong,0.12829,273,false,false,False,unified-v1
cam0,360,274,1.00,uncalibrated_strong,accepted_strong,strong,0.12829,274,true,true,False,unified-v1
cam0,361,275,1.00,uncalibrated_strong,accepted_strong,strong,0.12829,275,false,false,False,unified-v1
cam0,362,276,1.00,uncalibrated_strong,accepted_strong,strong,0.12829,276,false,false,False,unified-v1
cam0,363,277,1.00,uncalibrated_strong,accepted_strong,strong,0.12422,277,false,false,False,unified-v1
cam0,364,278,1.00,uncalibrated_strong,accepted_strong,strong,0.12422,278,false,false,False,unified-v1
cam0,365,279,1.00,uncalibrated_strong,accepted_strong,strong,0.12422,279,false,false,False,unified-v1
cam0,366,280,1.00,uncalibrated_strong,accepted_strong,strong,0.12422,280,false,false,False,unified-v1
cam0,367,281,1.00,uncalibrated_strong,accepted_strong,strong,0.12006,281,false,false,False,unified-v1
cam0,368,282,1.00,uncalibrated_strong,accepted_strong,strong,0.12006,282,false,false,False,unified-v1
cam0,369,282,1.00,uncalibrated_strong,accepted_strong,strong,0.12006,282,false,false,False,unified-v1
cam0,370,297,1.00,uncalibrated_strong,accepted_strong,strong,0.12006,297,false,false,False,unified-v1
cam0,371,297,1.00,uncalibrated_strong,accepted_strong,strong,0.12006,297,false,false,False,unified-v1
cam0,372,297,1.00,uncalibrated_strong,accepted_strong,strong,0.12006,297,true,false,False,unified-v1
cam0,373,297,1.00,uncalibrated_strong,accepted_strong,strong,0.12006,297,false,false,False,unified-v1
cam0,374,297,1.00,uncalibrated_strong,accepted_strong,strong,0.12006,297,false,false,False,unified-v1
cam0,375,297,1.00,uncalibrated_strong,accepted_strong,strong,0.11543,297,false,false,False,unified-v1
cam0,376,297,1.00,uncalibrated_strong,accepted_strong,strong,0.11543,297,false,false,False,unified-v1
cam0,377,301,1.00,uncalibrated_strong,accepted_strong,strong,0.11543,301,false,false,False,unified-v1
cam0,378,301,1.00,uncalibrated_strong,accepted_strong,strong,0.11543,301,false,false,False,unified-v1
cam0,379,301,1.00,uncalibrated_strong,accepted_strong,strong,0.11543,301,false,false,False,unified-v1
cam0,380,301,1.00,uncalibrated_strong,accepted_strong,strong,0.11543,301,false,false,False,unified-v1
cam0,381,301,1.00,uncalibrated_strong,accepted_strong,strong,0.11543,301,false,false,False,unified-v1
cam0,382,301,1.00,uncalibrated_strong,accepted_strong,strong,0.11543,301,false,false,False,unified-v1
cam0,383,301,1.00,uncalibrated_strong,accepted_strong,strong,0.11543,301,false,false,False,unified-v1
cam0,384,306,1.00,uncalibrated_strong,accepted_strong,strong,0.11543,306,true,false,False,unified-v1
cam0,385,306,1.00,uncalibrated_strong,accepted_strong,strong,0.11137,306,false,false,False,unified-v1
cam0,386,306,1.00,uncalibrated_strong,accepted_strong,strong,0.11137,306,false,false,False,unified-v1
cam0,387,307,1.00,uncalibrated_strong,accepted_strong,strong,0.11137,307,false,false,False,unified-v1
cam0,388,307,1.00,uncalibrated_strong,accepted_strong,strong,0.11137,307,false,false,False,unified-v1
cam0,389,307,1.00,uncalibrated_strong,accepted_strong,strong,0.11137,307,false,false,False,unified-v1
cam0,390,307,1.00,uncalibrated_strong,accepted_strong,strong,0.11137,307,false,false,False,unified-v1
cam0,391,307,1.00,uncalibrated_strong,accepted_strong,strong,0.10801,307,false,false,False,unified-v1
cam0,392,307,1.00,uncalibrated_strong,accepted_strong,strong,0.10801,307,false,false,False,unified-v1
cam0,393,307,1.00,uncalibrated_strong,accepted_strong,strong,0.10801,307,false,false,False,unified-v1
cam0,394,307,1.00,uncalibrated_strong,accepted_strong,strong,0.10801,307,false,false,False,unified-v1
cam0,395,308,1.00,uncalibrated_strong,accepted_strong,strong,0.10801,308,false,false,False,unified-v1
cam0,396,309,1.00,uncalibrated_strong,accepted_strong,strong,0.10801,309,true,true,False,unified-v1
cam0,397,311,1.00,uncalibrated_strong,accepted_strong,strong,0.10537,311,false,false,False,unified-v1
cam0,398,312,1.00,uncalibrated_strong,accepted_strong,strong,0.10537,312,false,false,False,unified-v1
cam0,399,312,1.00,uncalibrated_strong,accepted_strong,strong,0.10537,312,false,false,False,unified-v1
cam0,400,313,1.00,uncalibrated_strong,accepted_strong,strong,0.10537,313,false,false,False,unified-v1
cam0,401,315,1.00,uncalibrated_strong,accepted_strong,strong,0.10537,315,false,false,False,unified-v1
cam0,402,315,1.00,uncalibrated_strong,accepted_strong,strong,0.10537,315,false,false,False,unified-v1
cam0,403,317,1.00,uncalibrated_strong,accepted_strong,strong,0.10537,317,false,false,False,unified-v1
cam0,404,318,1.00,uncalibrated_strong,accepted_strong,strong,0.10537,318,false,false,False,unified-v1
cam0,405,319,1.00,uncalibrated_strong,accepted_strong,strong,0.10079,319,false,false,False,unified-v1
cam0,406,320,1.00,uncalibrated_strong,accepted_strong,strong,0.10079,320,false,false,False,unified-v1
cam0,407,320,1.00,uncalibrated_strong,accepted_strong,strong,0.10079,320,false,false,False,unified-v1
cam0,408,321,1.00,uncalibrated_strong,accepted_strong,strong,0.10079,321,true,true,False,unified-v1
cam0,409,323,1.00,uncalibrated_strong,accepted_strong,strong,0.10079,323,false,false,False,unified-v1
cam0,410,324,1.00,uncalibrated_strong,accepted_strong,strong,0.10079,324,false,false,False,unified-v1
cam0,411,324,1.00,uncalibrated_strong,accepted_strong,strong,0.09658,324,false,false,False,unified-v1
cam0,412,325,1.00,uncalibrated_strong,accepted_strong,strong,0.09658,325,false,false,False,unified-v1
cam0,413,326,1.00,uncalibrated_strong,accepted_strong,strong,0.09658,326,false,false,False,unified-v1
cam0,414,327,1.00,uncalibrated_strong,accepted_strong,strong,0.09658,327,false,false,False,unified-v1
cam0,415,328,1.00,uncalibrated_strong,accepted_strong,strong,0.09658,328,false,false,False,unified-v1
cam0,416,329,1.00,uncalibrated_strong,accepted_strong,strong,0.09658,329,false,false,False,unified-v1
cam0,417,330,1.00,uncalibrated_strong,accepted_strong,strong,0.09431,330,false,false,False,unified-v1
cam0,418,332,1.00,uncalibrated_strong,accepted_strong,strong,0.09431,332,false,false,False,unified-v1
cam0,419,332,1.00,uncalibrated_strong,accepted_strong,strong,0.09431,332,false,false,False,unified-v1
cam0,420,334,1.00,uncalibrated_strong,accepted_strong,strong,0.09431,334,true,true,False,unified-v1
cam0,421,335,1.00,uncalibrated_strong,accepted_strong,strong,0.09431,335,false,false,False,unified-v1
cam0,422,336,1.00,uncalibrated_strong,accepted_strong,strong,0.09431,336,false,false,False,unified-v1
cam0,423,336,1.00,uncalibrated_strong,accepted_strong,strong,0.09038,336,false,false,False,unified-v1
cam0,424,337,1.00,uncalibrated_strong,accepted_strong,strong,0.09038,337,false,false,False,unified-v1
cam0,425,338,1.00,uncalibrated_strong,accepted_strong,strong,0.09038,338,false,false,False,unified-v1
cam0,426,339,1.00,uncalibrated_strong,accepted_strong,strong,0.09038,339,false,false,False,unified-v1
cam0,427,340,1.00,uncalibrated_strong,accepted_strong,strong,0.0882,340,false,false,False,unified-v1
cam0,428,341,1.00,uncalibrated_strong,accepted_strong,strong,0.0882,341,false,false,False,unified-v1
cam0,429,342,1.00,uncalibrated_strong,accepted_strong,strong,0.0882,342,false,false,False,unified-v1
cam0,430,343,1.00,uncalibrated_strong,accepted_strong,strong,0.0882,343,false,false,False,unified-v1
cam0,431,344,1.00,uncalibrated_strong,accepted_strong,strong,0.0882,344,false,false,False,unified-v1
cam0,432,345,1.00,uncalibrated_strong,accepted_strong,strong,0.0882,345,true,true,False,unified-v1
cam0,433,346,1.00,uncalibrated_strong,accepted_strong,strong,0.08766,346,false,false,False,unified-v1
cam0,434,347,1.00,uncalibrated_strong,accepted_strong,strong,0.08766,347,false,false,False,unified-v1
cam0,435,348,1.00,uncalibrated_strong,accepted_strong,strong,0.08766,348,false,false,False,unified-v1
cam0,436,349,1.00,uncalibrated_strong,accepted_strong,strong,0.08766,349,false,false,False,unified-v1
cam0,437,350,1.00,uncalibrated_strong,accepted_strong,strong,0.08766,350,false,false,False,unified-v1
cam0,438,351,1.00,uncalibrated_strong,accepted_strong,strong,0.08766,351,false,false,False,unified-v1
cam0,439,352,1.00,uncalibrated_strong,accepted_strong,strong,0.08766,352,false,false,False,unified-v1
cam0,440,353,1.00,uncalibrated_strong,accepted_strong,strong,0.08766,353,false,false,False,unified-v1
cam0,441,353,1.00,uncalibrated_strong,accepted_strong,strong,0.08921,353,false,false,False,unified-v1
cam0,442,354,1.00,uncalibrated_strong,accepted_strong,strong,0.08921,354,false,false,False,unified-v1
cam0,443,355,1.00,uncalibrated_strong,accepted_strong,strong,0.08921,355,false,false,False,unified-v1
cam0,444,356,1.00,uncalibrated_strong,accepted_strong,strong,0.08921,356,true,true,False,unified-v1
cam0,445,357,1.00,uncalibrated_strong,accepted_strong,strong,0.08921,357,false,false,False,unified-v1
cam0,446,358,1.00,uncalibrated_strong,accepted_strong,strong,0.08921,358,false,false,False,unified-v1
cam0,447,359,1.00,uncalibrated_strong,accepted_strong,strong,0.09036,359,false,false,False,unified-v1
cam0,448,360,1.00,uncalibrated_strong,accepted_strong,strong,0.09036,360,false,false,False,unified-v1
cam0,449,361,1.00,uncalibrated_strong,accepted_strong,strong,0.09036,361,false,false,False,unified-v1
cam0,450,361,1.00,uncalibrated_strong,accepted_strong,strong,0.09036,361,false,false,False,unified-v1
cam0,451,362,1.00,uncalibrated_strong,accepted_strong,strong,0.09036,362,false,false,False,unified-v1
cam0,452,363,1.00,uncalibrated_strong,accepted_strong,strong,0.09036,363,false,false,False,unified-v1
cam0,453,364,1.00,uncalibrated_strong,accepted_strong,strong,0.0927,364,false,false,False,unified-v1
cam0,454,365,1.00,uncalibrated_strong,accepted_strong,strong,0.0927,365,false,false,False,unified-v1
cam0,455,366,1.00,uncalibrated_strong,accepted_strong,strong,0.0927,366,false,false,False,unified-v1
cam0,456,367,1.00,uncalibrated_strong,accepted_strong,strong,0.0927,367,true,true,False,unified-v1
cam0,457,368,1.00,uncalibrated_strong,accepted_strong,strong,0.0927,368,false,false,False,unified-v1
cam0,458,369,1.00,uncalibrated_strong,accepted_strong,strong,0.0927,369,false,false,False,unified-v1
cam0,459,370,1.00,uncalibrated_strong,accepted_strong,strong,0.09352,370,false,false,False,unified-v1
cam0,460,370,1.00,uncalibrated_strong,accepted_strong,strong,0.09352,370,false,false,False,unified-v1
cam0,461,371,1.00,uncalibrated_strong,accepted_strong,strong,0.09352,371,false,false,False,unified-v1
cam0,462,372,1.00,uncalibrated_strong,accepted_strong,strong,0.09352,372,false,false,False,unified-v1
cam0,463,373,1.00,uncalibrated_strong,accepted_strong,strong,0.09352,373,false,false,False,unified-v1
cam0,464,374,1.00,uncalibrated_strong,accepted_strong,strong,0.09352,374,false,false,False,unified-v1
cam0,465,375,1.00,uncalibrated_strong,accepted_strong,strong,0.09327,375,false,false,False,unified-v1
cam0,466,376,1.00,uncalibrated_strong,accepted_strong,strong,0.09327,376,false,false,False,unified-v1
cam0,467,377,1.00,uncalibrated_strong,accepted_strong,strong,0.09327,377,false,false,False,unified-v1
cam0,468,378,1.00,uncalibrated_strong,accepted_strong,strong,0.09327,378,true,true,False,unified-v1
cam0,469,378,1.00,uncalibrated_strong,accepted_strong,strong,0.09327,378,false,false,False,unified-v1
cam0,470,379,1.00,uncalibrated_strong,accepted_strong,strong,0.09327,379,false,false,False,unified-v1
cam0,471,380,1.00,uncalibrated_strong,accepted_strong,strong,0.09403,380,false,false,False,unified-v1
cam0,472,381,1.00,uncalibrated_strong,accepted_strong,strong,0.09403,381,false,false,False,unified-v1
cam0,473,382,1.00,uncalibrated_strong,accepted_strong,strong,0.09403,382,false,false,False,unified-v1
cam0,474,382,1.00,uncalibrated_strong,accepted_strong,strong,0.09403,382,false,false,False,unified-v1
cam0,475,384,1.00,uncalibrated_strong,accepted_strong,strong,0.09347,384,false,false,False,unified-v1
cam0,476,385,1.00,uncalibrated_strong,accepted_strong,strong,0.09347,385,false,false,False,unified-v1
cam0,477,385,1.00,uncalibrated_strong,accepted_strong,strong,0.09347,385,false,false,False,unified-v1
cam0,478,386,1.00,uncalibrated_strong,accepted_strong,strong,0.09347,386,false,false,False,unified-v1
cam0,479,387,1.00,uncalibrated_strong,accepted_strong,strong,0.09347,387,false,false,False,unified-v1
cam0,480,388,1.00,uncalibrated_strong,accepted_strong,strong,0.09347,388,true,true,False,unified-v1
cam0,481,388,1.00,uncalibrated_strong,accepted_strong,strong,0.09306,388,false,false,False,unified-v1
cam0,482,389,1.00,uncalibrated_strong,accepted_strong,strong,0.09306,389,false,false,False,unified-v1
cam0,483,391,1.00,uncalibrated_strong,accepted_strong,strong,0.09306,391,false,false,False,unified-v1
cam0,484,391,1.00,uncalibrated_strong,accepted_strong,strong,0.09306,391,false,false,False,unified-v1
cam0,485,392,1.00,uncalibrated_strong,accepted_strong,strong,0.09306,392,false,false,False,unified-v1
cam0,486,393,1.00,uncalibrated_strong,accepted_strong,strong,0.09306,393,false,false,False,unified-v1
cam0,487,394,1.00,uncalibrated_strong,accepted_strong,strong,0.09306,394,false,false,False,unified-v1
cam0,488,394,1.00,uncalibrated_strong,accepted_strong,strong,0.09306,394,false,false,False,unified-v1
cam0,489,395,1.00,uncalibrated_strong,accepted_strong,strong,0.09343,395,false,false,False,unified-v1
cam0,490,396,1.00,uncalibrated_strong,accepted_strong,strong,0.09343,396,false,false,False,unified-v1
cam0,491,397,1.00,uncalibrated_strong,accepted_strong,strong,0.09343,397,false,false,False,unified-v1
cam0,492,398,1.00,uncalibrated_strong,accepted_strong,strong,0.09343,398,true,true,False,unified-v1
cam0,493,399,1.00,uncalibrated_strong,accepted_strong,strong,0.09343,399,false,false,False,unified-v1
cam0,494,400,1.00,uncalibrated_strong,accepted_strong,strong,0.09343,400,false,false,False,unified-v1
cam0,495,401,1.00,uncalibrated_strong,accepted_strong,strong,0.09701,401,false,false,False,unified-v1
cam0,496,402,1.00,uncalibrated_strong,accepted_strong,strong,0.09701,402,false,false,False,unified-v1
cam0,497,403,1.00,uncalibrated_strong,accepted_strong,strong,0.09701,403,false,false,False,unified-v1
cam0,498,404,1.00,uncalibrated_strong,accepted_strong,strong,0.09701,404,false,false,False,unified-v1
cam0,499,405,1.00,uncalibrated_strong,accepted_strong,strong,0.09993,405,false,false,False,unified-v1
cam0,500,406,1.00,uncalibrated_strong,accepted_strong,strong,0.09993,406,false,false,False,unified-v1
cam0,501,407,1.00,uncalibrated_strong,accepted_strong,strong,0.09993,407,false,false,False,unified-v1
cam0,502,408,1.00,uncalibrated_strong,accepted_strong,strong,0.09993,408,false,false,False,unified-v1
cam0,503,409,1.00,uncalibrated_strong,accepted_strong,strong,0.09853,409,false,false,False,unified-v1
cam0,504,410,1.00,uncalibrated_strong,accepted_strong,strong,0.09853,410,true,true,False,unified-v1
cam0,505,411,1.00,uncalibrated_strong,accepted_strong,strong,0.09853,411,false,false,False,unified-v1
cam0,506,411,1.00,uncalibrated_strong,accepted_strong,strong,0.09853,411,false,false,False,unified-v1
cam0,507,413,1.00,uncalibrated_strong,accepted_strong,strong,0.09853,413,false,false,False,unified-v1
cam0,508,413,1.00,uncalibrated_strong,accepted_strong,strong,0.09853,413,false,false,False,unified-v1
cam0,509,414,1.00,uncalibrated_strong,accepted_strong,strong,0.10061,414,false,false,False,unified-v1
cam0,510,416,1.00,uncalibrated_strong,accepted_strong,strong,0.10061,416,false,false,False,unified-v1
cam0,511,417,1.00,uncalibrated_strong,accepted_strong,strong,0.10061,417,false,false,False,unified-v1
cam0,512,418,1.00,uncalibrated_strong,accepted_strong,strong,0.10061,418,false,false,False,unified-v1
cam0,513,419,1.00,uncalibrated_strong,accepted_strong,strong,0.10061,419,false,false,False,unified-v1
cam0,514,420,1.00,uncalibrated_strong,accepted_strong,strong,0.10061,420,false,false,False,unified-v1
cam0,515,422,1.00,uncalibrated_strong,accepted_strong,strong,0.10277,422,false,false,False,unified-v1
cam0,516,422,1.00,uncalibrated_strong,accepted_strong,strong,0.10277,422,true,true,False,unified-v1
cam0,517,423,1.00,uncalibrated_strong,accepted_strong,strong,0.10277,423,false,false,False,unified-v1
cam0,518,424,1.00,uncalibrated_strong,accepted_strong,strong,0.10277,424,false,false,False,unified-v1
cam0,519,425,1.00,uncalibrated_strong,accepted_strong,strong,0.10277,425,false,false,False,unified-v1
cam0,520,426,1.00,uncalibrated_strong,accepted_strong,strong,0.10277,426,false,false,False,unified-v1
cam0,521,427,1.00,uncalibrated_strong,accepted_strong,strong,0.10139,427,false,false,False,unified-v1
cam0,522,428,1.00,uncalibrated_strong,accepted_strong,strong,0.10139,428,false,false,False,unified-v1
cam0,523,429,1.00,uncalibrated_strong,accepted_strong,strong,0.10139,429,false,false,False,unified-v1
cam0,524,430,1.00,uncalibrated_strong,accepted_strong,strong,0.10139,430,false,false,False,unified-v1
cam0,525,431,1.00,uncalibrated_strong,accepted_strong,strong,0.10139,431,false,false,False,unified-v1
cam0,526,432,1.00,uncalibrated_strong,accepted_strong,strong,0.10139,432,false,false,False,unified-v1
cam0,527,433,1.00,uncalibrated_strong,accepted_strong,strong,0.09693,433,false,false,False,unified-v1
cam0,528,434,1.00,uncalibrated_strong,accepted_strong,strong,0.09693,434,true,true,False,unified-v1
cam0,529,435,1.00,uncalibrated_strong,accepted_strong,strong,0.09693,435,false,false,False,unified-v1
cam0,530,437,1.00,uncalibrated_strong,accepted_strong,strong,0.09693,437,false,false,False,unified-v1
cam0,531,437,1.00,uncalibrated_strong,accepted_strong,strong,0.0954,437,false,false,False,unified-v1
cam0,532,438,1.00,uncalibrated_strong,accepted_strong,strong,0.0954,438,false,false,False,unified-v1
cam0,533,439,1.00,uncalibrated_strong,accepted_strong,strong,0.0954,439,false,false,False,unified-v1
cam0,534,440,1.00,uncalibrated_strong,accepted_strong,strong,0.0954,440,false,false,False,unified-v1
cam0,535,441,1.00,uncalibrated_strong,accepted_strong,strong,0.0954,441,false,false,False,unified-v1
cam0,536,442,1.00,uncalibrated_strong,accepted_strong,strong,0.0954,442,false,false,False,unified-v1
cam0,537,443,1.00,uncalibrated_strong,accepted_strong,strong,0.09496,443,false,false,False,unified-v1
cam0,538,444,1.00,uncalibrated_strong,accepted_strong,strong,0.09496,444,false,false,False,unified-v1
cam0,539,445,1.00,uncalibrated_strong,accepted_strong,strong,0.09496,445,false,false,False,unified-v1
cam0,540,446,1.00,uncalibrated_strong,accepted_strong,strong,0.09496,446,true,true,False,unified-v1
cam0,541,447,1.00,uncalibrated_strong,accepted_strong,strong,0.09496,447,false,false,False,unified-v1
cam0,542,448,1.00,uncalibrated_strong,accepted_strong,strong,0.09496,448,false,false,False,unified-v1
cam0,543,449,1.00,uncalibrated_strong,accepted_strong,strong,0.09507,449,false,false,False,unified-v1
cam0,544,450,1.00,uncalibrated_strong,accepted_strong,strong,0.09507,450,false,false,False,unified-v1
cam0,545,451,1.00,uncalibrated_strong,accepted_strong,strong,0.09507,451,false,false,False,unified-v1
cam0,546,452,1.00,uncalibrated_strong,accepted_strong,strong,0.09507,452,false,false,False,unified-v1
cam0,547,453,1.00,uncalibrated_strong,accepted_strong,strong,0.0963,453,false,false,False,unified-v1
cam0,548,454,1.00,uncalibrated_strong,accepted_strong,strong,0.0963,454,false,false,False,unified-v1
cam0,549,455,1.00,uncalibrated_strong,accepted_strong,strong,0.0963,455,false,false,False,unified-v1
cam0,550,456,1.00,uncalibrated_strong,accepted_strong,strong,0.0963,456,false,false,False,unified-v1
cam0,551,457,1.00,uncalibrated_strong,accepted_strong,strong,0.09512,457,false,false,False,unified-v1
cam0,552,458,1.00,uncalibrated_strong,accepted_strong,strong,0.09512,458,true,true,False,unified-v1
cam0,553,459,1.00,uncalibrated_strong,accepted_strong,strong,0.09512,459,false,false,False,unified-v1
cam0,554,460,1.00,uncalibrated_strong,accepted_strong,strong,0.09512,460,false,false,False,unified-v1
cam0,555,461,1.00,uncalibrated_strong,accepted_strong,strong,0.09332,461,false,false,False,unified-v1
cam0,556,462,1.00,uncalibrated_strong,accepted_strong,strong,0.09332,462,false,false,False,unified-v1
cam0,557,463,1.00,uncalibrated_strong,accepted_strong,strong,0.09332,463,false,false,False,unified-v1
cam0,558,464,1.00,uncalibrated_strong,accepted_strong,strong,0.09332,464,false,false,False,unified-v1
cam0,559,465,1.00,uncalibrated_strong,accepted_strong,strong,0.09332,465,false,false,False,unified-v1
cam0,560,466,1.00,uncalibrated_strong,accepted_strong,strong,0.09332,466,false,false,False,unified-v1
cam0,561,467,1.00,uncalibrated_strong,accepted_strong,strong,0.09113,467,false,false,False,unified-v1
cam0,562,468,1.00,uncalibrated_strong,accepted_strong,strong,0.09113,468,false,false,False,unified-v1
cam0,563,469,1.00,uncalibrated_strong,accepted_strong,strong,0.09113,469,false,false,False,unified-v1
cam0,564,470,1.00,uncalibrated_strong,accepted_strong,strong,0.09113,470,true,true,False,unified-v1
cam0,565,471,1.00,uncalibrated_strong,accepted_strong,strong,0.09113,471,false,false,False,unified-v1
cam0,566,472,1.00,uncalibrated_strong,accepted_strong,strong,0.09113,472,false,false,False,unified-v1
cam0,567,473,1.00,uncalibrated_strong,accepted_strong,strong,0.09364,473,false,false,False,unified-v1
cam0,568,474,1.00,uncalibrated_strong,accepted_strong,strong,0.09364,474,false,false,False,unified-v1
cam0,569,475,1.00,uncalibrated_strong,accepted_strong,strong,0.09364,475,false,false,False,unified-v1
cam0,570,476,1.00,uncalibrated_strong,accepted_strong,strong,0.09364,476,false,false,False,unified-v1
cam0,571,477,1.00,uncalibrated_strong,accepted_strong,strong,0.09364,477,false,false,False,unified-v1
cam0,572,478,1.00,uncalibrated_strong,accepted_strong,strong,0.09364,478,false,false,False,unified-v1
cam0,573,479,1.00,uncalibrated_strong,accepted_strong,strong,0.09802,479,false,false,False,unified-v1
cam0,574,480,1.00,uncalibrated_strong,accepted_strong,strong,0.09802,480,false,false,False,unified-v1
cam0,575,481,1.00,uncalibrated_strong,accepted_strong,strong,0.09802,481,false,false,False,unified-v1
cam0,576,482,1.00,uncalibrated_strong,accepted_strong,strong,0.09802,482,true,true,False,unified-v1
cam0,577,483,1.00,uncalibrated_strong,accepted_strong,strong,0.09802,483,false,false,False,unified-v1
cam0,578,484,1.00,uncalibrated_strong,accepted_strong,strong,0.09802,484,false,false,False,unified-v1
cam0,579,485,1.00,uncalibrated_strong,accepted_strong,strong,0.09802,485,false,false,False,unified-v1
cam0,580,486,1.00,uncalibrated_strong,accepted_strong,strong,0.09802,486,false,false,False,unified-v1
cam0,581,487,1.00,uncalibrated_strong,accepted_strong,strong,0.10209,487,false,false,False,unified-v1
cam0,582,488,1.00,uncalibrated_strong,accepted_strong,strong,0.10209,488,false,false,False,unified-v1
cam0,583,489,1.00,uncalibrated_strong,accepted_strong,strong,0.10209,489,false,false,False,unified-v1
cam0,584,490,1.00,uncalibrated_strong,accepted_strong,strong,0.10209,490,false,false,False,unified-v1
cam0,585,491,1.00,uncalibrated_strong,accepted_strong,strong,0.10209,491,false,false,False,unified-v1
cam0,586,492,1.00,uncalibrated_strong,accepted_strong,strong,0.10209,492,false,false,False,unified-v1
cam0,587,493,1.00,uncalibrated_strong,accepted_strong,strong,0.10406,493,false,false,False,unified-v1
cam0,588,493,1.00,uncalibrated_strong,accepted_strong,strong,0.10406,493,true,true,False,unified-v1
cam0,589,494,1.00,uncalibrated_strong,accepted_strong,strong,0.10406,494,false,false,False,unified-v1
cam0,590,495,1.00,uncalibrated_strong,accepted_strong,strong,0.10406,495,false,false,False,unified-v1
cam0,591,496,1.00,uncalibrated_strong,accepted_strong,strong,0.10406,496,false,false,False,unified-v1
cam0,592,497,1.00,uncalibrated_strong,accepted_strong,strong,0.10406,497,false,false,False,unified-v1
cam0,593,498,1.00,uncalibrated_strong,accepted_strong,strong,0.10548,498,false,false,False,unified-v1
cam0,594,499,1.00,uncalibrated_strong,accepted_strong,strong,0.10548,499,false,false,False,unified-v1
cam0,595,500,1.00,uncalibrated_strong,accepted_strong,strong,0.10548,500,false,false,False,unified-v1
cam0,596,501,1.00,uncalibrated_strong,accepted_strong,strong,0.10548,501,false,false,False,unified-v1
cam0,597,502,1.00,uncalibrated_strong,accepted_strong,strong,0.10548,502,false,false,False,unified-v1
cam0,598,503,1.00,uncalibrated_strong,accepted_strong,strong,0.10548,503,false,false,False,unified-v1
cam0,599,503,1.00,uncalibrated_strong,accepted_strong,strong,0.10548,503,false,false,False,unified-v1
cam0,600,504,1.00,uncalibrated_strong,accepted_strong,strong,0.10548,504,true,true,False,unified-v1
cam0,601,505,1.00,uncalibrated_strong,accepted_strong,strong,0.1077,505,false,false,False,unified-v1
cam0,602,506,1.00,uncalibrated_strong,accepted_strong,strong,0.1077,506,false,false,False,unified-v1
cam0,603,507,1.00,uncalibrated_strong,accepted_strong,strong,0.1077,507,false,false,False,unified-v1
cam0,604,508,1.00,uncalibrated_strong,accepted_strong,strong,0.1077,508,false,false,False,unified-v1
cam0,605,509,1.00,uncalibrated_strong,accepted_strong,strong,0.1077,509,false,false,False,unified-v1
cam0,606,510,1.00,uncalibrated_strong,accepted_strong,strong,0.1077,510,false,false,False,unified-v1
cam0,607,511,1.00,uncalibrated_strong,accepted_strong,strong,0.11165,511,false,false,False,unified-v1
cam0,608,512,1.00,uncalibrated_strong,accepted_strong,strong,0.11165,512,false,false,False,unified-v1
cam0,609,513,1.00,uncalibrated_strong,accepted_strong,strong,0.11165,513,false,false,False,unified-v1
cam0,610,513,1.00,uncalibrated_strong,accepted_strong,strong,0.11165,513,false,false,False,unified-v1
cam0,611,514,1.00,uncalibrated_strong,accepted_strong,strong,0.11509,514,false,false,False,unified-v1
cam0,612,515,1.00,uncalibrated_strong,accepted_strong,strong,0.11509,515,true,true,False,unified-v1
cam0,613,516,1.00,uncalibrated_strong,accepted_strong,strong,0.11509,516,false,false,False,unified-v1
cam0,614,517,1.00,uncalibrated_strong,accepted_strong,strong,0.11509,517,false,false,False,unified-v1
cam0,615,518,1.00,uncalibrated_strong,accepted_strong,strong,0.11719,518,false,false,False,unified-v1
cam0,616,519,1.00,uncalibrated_strong,accepted_strong,strong,0.11719,519,false,false,False,unified-v1
cam0,617,520,1.00,uncalibrated_strong,accepted_strong,strong,0.11719,520,false,false,False,unified-v1
cam0,618,521,1.00,uncalibrated_strong,accepted_strong,strong,0.11719,521,false,false,False,unified-v1
cam0,619,522,1.00,uncalibrated_strong,accepted_strong,strong,0.11719,522,false,false,False,unified-v1
cam0,620,522,1.00,uncalibrated_strong,accepted_strong,strong,0.11719,522,false,false,False,unified-v1
cam0,621,523,1.00,uncalibrated_strong,accepted_strong,strong,0.11785,523,false,false,False,unified-v1
cam0,622,524,1.00,uncalibrated_strong,accepted_strong,strong,0.11785,524,false,false,False,unified-v1
cam0,623,525,1.00,uncalibrated_strong,accepted_strong,strong,0.11785,525,false,false,False,unified-v1
cam0,624,526,1.00,uncalibrated_strong,accepted_strong,strong,0.11785,526,true,true,False,unified-v1
cam0,625,527,1.00,uncalibrated_strong,accepted_strong,strong,0.11785,527,false,false,False,unified-v1
cam0,626,528,1.00,uncalibrated_strong,accepted_strong,strong,0.11785,528,false,false,False,unified-v1
cam0,627,529,1.00,uncalibrated_strong,accepted_strong,strong,0.11785,529,false,false,False,unified-v1
cam0,628,530,1.00,uncalibrated_strong,accepted_strong,strong,0.11785,530,false,false,False,unified-v1
cam0,629,531,1.00,uncalibrated_strong,accepted_strong,strong,0.11785,531,false,false,False,unified-v1
cam0,630,531,1.00,uncalibrated_strong,accepted_strong,strong,0.11785,531,false,false,False,unified-v1
cam0,631,532,1.00,uncalibrated_strong,accepted_strong,strong,0.11879,532,false,false,False,unified-v1
cam0,632,533,1.00,uncalibrated_strong,accepted_strong,strong,0.11879,533,false,false,False,unified-v1
cam0,633,534,1.00,uncalibrated_strong,accepted_strong,strong,0.11879,534,false,false,False,unified-v1
cam0,634,535,1.00,uncalibrated_strong,accepted_strong,strong,0.11879,535,false,false,False,unified-v1
cam0,635,536,1.00,uncalibrated_strong,accepted_strong,strong,0.11879,536,false,false,False,unified-v1
cam0,636,537,1.00,uncalibrated_strong,accepted_strong,strong,0.11879,537,true,true,False,unified-v1
cam0,637,538,1.00,uncalibrated_strong,accepted_strong,strong,0.11879,538,false,false,False,unified-v1
cam0,638,539,1.00,uncalibrated_strong,accepted_strong,strong,0.11879,539,false,false,False,unified-v1
cam0,639,539,1.00,uncalibrated_strong,accepted_strong,strong,0.11761,539,false,false,False,unified-v1
cam0,640,540,1.00,uncalibrated_strong,accepted_strong,strong,0.11761,540,false,false,False,unified-v1
cam0,641,541,1.00,uncalibrated_strong,accepted_strong,strong,0.11761,541,false,false,False,unified-v1
cam0,642,547,1.00,uncalibrated_strong,accepted_strong,strong,0.11761,547,false,false,False,unified-v1
cam0,643,547,1.00,uncalibrated_strong,accepted_strong,strong,0.11901,547,false,false,False,unified-v1
cam0,644,547,1.00,uncalibrated_strong,accepted_strong,strong,0.11901,547,false,false,False,unified-v1
cam0,645,549,1.00,uncalibrated_strong,accepted_strong,strong,0.11901,549,false,false,False,unified-v1
cam0,646,549,1.00,uncalibrated_strong,accepted_strong,strong,0.11901,549,false,false,False,unified-v1
cam0,647,549,1.00,uncalibrated_strong,accepted_strong,strong,0.12057,549,false,false,False,unified-v1
cam0,648,549,1.00,uncalibrated_strong,accepted_strong,strong,0.12057,549,true,false,False,unified-v1
cam0,649,549,1.00,uncalibrated_strong,accepted_strong,strong,0.12057,549,false,false,False,unified-v1
cam0,650,549,1.00,uncalibrated_strong,accepted_strong,strong,0.12057,549,false,false,False,unified-v1
cam0,651,550,1.00,uncalibrated_strong,accepted_strong,strong,0.12057,550,false,false,False,unified-v1
cam0,652,551,1.00,uncalibrated_strong,accepted_strong,strong,0.12057,551,false,false,False,unified-v1
cam0,653,552,1.00,uncalibrated_strong,accepted_strong,strong,0.11861,552,false,false,False,unified-v1
cam0,654,553,1.00,uncalibrated_strong,accepted_strong,strong,0.11861,553,false,false,False,unified-v1
cam0,655,554,1.00,uncalibrated_strong,accepted_strong,strong,0.11861,554,false,false,False,unified-v1
cam0,656,554,1.00,uncalibrated_strong,accepted_strong,strong,0.11861,554,false,false,False,unified-v1
cam0,657,555,1.00,uncalibrated_strong,accepted_strong,strong,0.11861,555,false,false,False,unified-v1
cam0,658,556,1.00,uncalibrated_strong,accepted_strong,strong,0.11861,556,false,false,False,unified-v1
cam0,659,557,1.00,uncalibrated_strong,accepted_strong,strong,0.12275,557,false,false,False,unified-v1
cam0,660,558,1.00,uncalibrated_strong,accepted_strong,strong,0.12275,558,true,true,False,unified-v1
cam0,661,559,1.00,uncalibrated_strong,accepted_strong,strong,0.12275,559,false,false,False,unified-v1
cam0,662,560,1.00,uncalibrated_strong,accepted_strong,strong,0.12275,560,false,false,False,unified-v1
cam0,663,561,1.00,uncalibrated_strong,accepted_strong,strong,0.12442,561,false,false,False,unified-v1
cam0,664,562,1.00,uncalibrated_strong,accepted_strong,strong,0.12442,562,false,false,False,unified-v1
cam0,665,563,1.00,uncalibrated_strong,accepted_strong,strong,0.12442,563,false,false,False,unified-v1
cam0,666,564,1.00,uncalibrated_strong,accepted_strong,strong,0.12442,564,false,false,False,unified-v1
cam0,667,565,1.00,uncalibrated_strong,accepted_strong,strong,0.12442,565,false,false,False,unified-v1
cam0,668,565,1.00,uncalibrated_strong,accepted_strong,strong,0.12442,565,false,false,False,unified-v1
cam0,669,566,1.00,uncalibrated_strong,accepted_strong,strong,0.1224,566,false,false,False,unified-v1
cam0,670,568,1.00,uncalibrated_strong,accepted_strong,strong,0.1224,568,false,false,False,unified-v1
cam0,671,568,1.00,uncalibrated_strong,accepted_strong,strong,0.1224,568,false,false,False,unified-v1
cam0,672,569,1.00,uncalibrated_strong,accepted_strong,strong,0.1224,569,true,true,False,unified-v1
cam0,673,570,1.00,uncalibrated_strong,accepted_strong,strong,0.1224,570,false,false,False,unified-v1
cam0,674,571,1.00,uncalibrated_strong,accepted_strong,strong,0.1224,571,false,false,False,unified-v1
cam0,675,572,1.00,uncalibrated_strong,accepted_strong,strong,0.11797,572,false,false,False,unified-v1
cam0,676,573,1.00,uncalibrated_strong,accepted_strong,strong,0.11797,573,false,false,False,unified-v1
cam0,677,574,1.00,uncalibrated_strong,accepted_strong,strong,0.11797,574,false,false,False,unified-v1
cam0,678,575,1.00,uncalibrated_strong,accepted_strong,strong,0.11797,575,false,false,False,unified-v1
cam0,679,576,1.00,uncalibrated_strong,accepted_strong,strong,0.11714,576,false,false,False,unified-v1
cam0,680,578,1.00,uncalibrated_strong,accepted_strong,strong,0.11714,578,false,false,False,unified-v1
cam0,681,578,1.00,uncalibrated_strong,accepted_strong,strong,0.11714,578,false,false,False,unified-v1
cam0,682,579,1.00,uncalibrated_strong,accepted_strong,strong,0.11714,579,false,false,False,unified-v1
cam0,683,580,1.00,uncalibrated_strong,accepted_strong,strong,0.11714,580,false,false,False,unified-v1
cam0,684,581,1.00,uncalibrated_strong,accepted_strong,strong,0.11714,581,true,true,False,unified-v1
cam0,685,582,1.00,uncalibrated_strong,accepted_strong,strong,0.11714,582,false,false,False,unified-v1
cam0,686,583,1.00,uncalibrated_strong,accepted_strong,strong,0.11714,583,false,false,False,unified-v1
cam0,687,584,1.00,uncalibrated_strong,accepted_strong,strong,0.11661,584,false,false,False,unified-v1
cam0,688,585,1.00,uncalibrated_strong,accepted_strong,strong,0.11661,585,false,false,False,unified-v1
cam0,689,586,1.00,uncalibrated_strong,accepted_strong,strong,0.11661,586,false,false,False,unified-v1
cam0,690,586,1.00,uncalibrated_strong,accepted_strong,strong,0.11661,586,false,false,False,unified-v1
cam0,691,587,1.00,uncalibrated_strong,accepted_strong,strong,0.11661,587,false,false,False,unified-v1
cam0,692,589,1.00,uncalibrated_strong,accepted_strong,strong,0.11661,589,false,false,False,unified-v1
cam0,693,590,1.00,uncalibrated_strong,accepted_strong,strong,0.11661,590,false,false,False,unified-v1
cam0,694,590,1.00,uncalibrated_strong,accepted_strong,strong,0.11661,590,false,false,False,unified-v1
cam0,695,591,1.00,uncalibrated_strong,accepted_strong,strong,0.11661,591,false,false,False,unified-v1
cam0,696,592,1.00,uncalibrated_strong,accepted_strong,strong,0.11661,592,true,true,False,unified-v1
cam0,697,594,1.00,uncalibrated_strong,accepted_strong,strong,0.12107,594,false,false,False,unified-v1
cam0,698,594,1.00,uncalibrated_strong,accepted_strong,strong,0.12107,594,false,false,False,unified-v1
cam0,699,595,1.00,uncalibrated_strong,accepted_strong,strong,0.12107,595,false,false,False,unified-v1
cam0,700,596,1.00,uncalibrated_strong,accepted_strong,strong,0.12107,596,false,false,False,unified-v1
cam0,701,597,1.00,uncalibrated_strong,accepted_strong,strong,0.12107,597,false,false,False,unified-v1
cam0,702,598,1.00,uncalibrated_strong,accepted_strong,strong,0.12107,598,false,false,False,unified-v1
cam0,703,599,1.00,uncalibrated_strong,accepted_strong,strong,0.12107,599,false,false,False,unified-v1
cam0,704,600,1.00,uncalibrated_strong,accepted_strong,strong,0.12107,600,false,false,False,unified-v1
cam0,705,601,1.00,uncalibrated_strong,accepted_strong,strong,0.11977,601,false,false,False,unified-v1
cam0,706,602,1.00,uncalibrated_strong,accepted_strong,strong,0.11977,602,false,false,False,unified-v1
cam0,707,603,1.00,uncalibrated_strong,accepted_strong,strong,0.11977,603,false,false,False,unified-v1
cam0,708,604,1.00,uncalibrated_strong,accepted_strong,strong,0.11977,604,true,true,False,unified-v1
cam0,709,605,1.00,uncalibrated_strong,accepted_strong,strong,0.11977,605,false,false,False,unified-v1
cam0,710,606,1.00,uncalibrated_strong,accepted_strong,strong,0.11977,606,false,false,False,unified-v1
cam0,711,607,1.00,uncalibrated_strong,accepted_strong,strong,0.11361,607,false,false,False,unified-v1
cam0,712,608,1.00,uncalibrated_strong,accepted_strong,strong,0.11361,608,false,false,False,unified-v1
cam0,713,609,1.00,uncalibrated_strong,accepted_strong,strong,0.11361,609,false,false,False,unified-v1
cam0,714,610,1.00,uncalibrated_strong,accepted_strong,strong,0.11361,610,false,false,False,unified-v1
cam0,715,611,1.00,uncalibrated_strong,accepted_strong,strong,0.11065,611,false,false,False,unified-v1
cam0,716,612,1.00,uncalibrated_strong,accepted_strong,strong,0.11065,612,false,false,False,unified-v1
cam0,717,613,1.00,uncalibrated_strong,accepted_strong,strong,0.11065,613,false,false,False,unified-v1
cam0,718,614,1.00,uncalibrated_strong,accepted_strong,strong,0.11065,614,false,false,False,unified-v1
cam0,719,615,1.00,uncalibrated_strong,accepted_strong,strong,0.11065,615,false,false,False,unified-v1
cam0,720,616,1.00,uncalibrated_strong,accepted_strong,strong,0.11065,616,true,false,False,unified-v1
cam0,721,617,1.00,uncalibrated_strong,accepted_strong,strong,0.10949,617,false,false,False,unified-v1
cam0,722,618,1.00,uncalibrated_strong,accepted_strong,strong,0.10949,618,false,false,False,unified-v1
cam0,723,619,1.00,uncalibrated_strong,accepted_strong,strong,0.10949,619,false,false,False,unified-v1
cam0,724,620,1.00,uncalibrated_strong,accepted_strong,strong,0.10949,620,false,false,False,unified-v1
cam0,725,621,1.00,uncalibrated_strong,accepted_strong,strong,0.10949,621,false,false,False,unified-v1
cam0,726,622,1.00,uncalibrated_strong,accepted_strong,strong,0.10949,622,false,false,False,unified-v1
cam0,727,623,1.00,uncalibrated_strong,accepted_strong,strong,0.10794,623,false,false,False,unified-v1
cam0,728,624,1.00,uncalibrated_strong,accepted_strong,strong,0.10794,624,false,false,False,unified-v1
cam0,729,625,1.00,uncalibrated_strong,accepted_strong,strong,0.10794,625,false,false,False,unified-v1
cam0,730,626,1.00,uncalibrated_strong,accepted_strong,strong,0.10794,626,false,false,False,unified-v1
cam0,731,627,1.00,uncalibrated_strong,accepted_strong,strong,0.10794,627,false,false,False,unified-v1
cam0,732,628,1.00,uncalibrated_strong,accepted_strong,strong,0.10794,628,true,false,False,unified-v1
cam0,733,629,1.00,uncalibrated_strong,accepted_strong,strong,0.10627,629,false,false,False,unified-v1
cam0,734,630,1.00,uncalibrated_strong,accepted_strong,strong,0.10627,630,false,false,False,unified-v1
cam0,735,631,1.00,uncalibrated_strong,accepted_strong,strong,0.10627,631,false,false,False,unified-v1
cam0,736,632,1.00,uncalibrated_strong,accepted_strong,strong,0.10627,632,false,false,False,unified-v1
cam0,737,633,1.00,uncalibrated_strong,accepted_strong,strong,0.10627,633,false,false,False,unified-v1
cam0,738,634,1.00,uncalibrated_strong,accepted_strong,strong,0.10627,634,false,false,False,unified-v1
cam0,739,635,1.00,uncalibrated_strong,accepted_strong,strong,0.10418,635,false,false,False,unified-v1
cam0,740,636,1.00,uncalibrated_strong,accepted_strong,strong,0.10418,636,false,false,False,unified-v1
cam0,741,637,1.00,uncalibrated_strong,accepted_strong,strong,0.10418,637,false,false,False,unified-v1
cam0,742,638,1.00,uncalibrated_strong,accepted_strong,strong,0.10418,638,false,false,False,unified-v1
cam0,743,639,1.00,uncalibrated_strong,accepted_strong,strong,0.10418,639,false,false,False,unified-v1
cam0,744,640,1.00,uncalibrated_strong,accepted_strong,strong,0.10418,640,true,true,False,unified-v1
cam0,745,641,1.00,uncalibrated_strong,accepted_strong,strong,0.10302,641,false,false,False,unified-v1
cam0,746,642,1.00,uncalibrated_strong,accepted_strong,strong,0.10302,642,false,false,False,unified-v1
cam0,747,643,1.00,uncalibrated_strong,accepted_strong,strong,0.10302,643,false,false,False,unified-v1
cam0,748,644,1.00,uncalibrated_strong,accepted_strong,strong,0.10302,644,false,false,False,unified-v1
cam0,749,645,1.00,uncalibrated_strong,accepted_strong,strong,0.10302,645,false,false,False,unified-v1
cam0,750,646,1.00,uncalibrated_strong,accepted_strong,strong,0.10302,646,false,false,False,unified-v1
cam0,751,647,1.00,uncalibrated_strong,accepted_strong,strong,0.10434,647,false,false,False,unified-v1
cam0,752,648,1.00,uncalibrated_strong,accepted_strong,strong,0.10434,648,false,false,False,unified-v1
cam0,753,649,1.00,uncalibrated_strong,accepted_strong,strong,0.10434,649,false,false,False,unified-v1
cam0,754,649,1.00,uncalibrated_strong,accepted_strong,strong,0.10434,649,false,false,False,unified-v1
cam0,755,651,1.00,uncalibrated_strong,accepted_strong,strong,0.10416,651,false,false,False,unified-v1
cam0,756,651,1.00,uncalibrated_strong,accepted_strong,strong,0.10416,651,true,true,False,unified-v1
cam0,757,652,1.00,uncalibrated_strong,accepted_strong,strong,0.10416,652,false,false,False,unified-v1
cam0,758,653,1.00,uncalibrated_strong,accepted_strong,strong,0.10416,653,false,false,False,unified-v1
cam0,759,654,1.00,uncalibrated_strong,accepted_strong,strong,0.10416,654,false,false,False,unified-v1
cam0,760,655,1.00,uncalibrated_strong,accepted_strong,strong,0.10416,655,false,false,False,unified-v1
cam0,761,656,1.00,uncalibrated_strong,accepted_strong,strong,0.10384,656,false,false,False,unified-v1
cam0,762,657,1.00,uncalibrated_strong,accepted_strong,strong,0.10384,657,false,false,False,unified-v1
cam0,763,658,1.00,uncalibrated_strong,accepted_strong,strong,0.10384,658,false,false,False,unified-v1
cam0,764,659,1.00,uncalibrated_strong,accepted_strong,strong,0.10384,659,false,false,False,unified-v1
cam0,765,660,1.00,uncalibrated_strong,accepted_strong,strong,0.10384,660,false,false,False,unified-v1
cam0,766,661,1.00,uncalibrated_strong,accepted_strong,strong,0.10384,661,false,false,False,unified-v1
cam0,767,662,1.00,uncalibrated_strong,accepted_strong,strong,0.10384,662,false,false,False,unified-v1
cam0,768,663,1.00,uncalibrated_strong,accepted_strong,strong,0.10384,663,true,true,False,unified-v1
cam0,769,664,1.00,uncalibrated_strong,accepted_strong,strong,0.1042,664,false,false,False,unified-v1
cam0,770,665,1.00,uncalibrated_strong,accepted_strong,strong,0.1042,665,false,false,False,unified-v1
cam0,771,666,1.00,uncalibrated_strong,accepted_strong,strong,0.1042,666,false,false,False,unified-v1
cam0,772,667,1.00,uncalibrated_strong,accepted_strong,strong,0.1042,667,false,false,False,unified-v1
cam0,773,668,1.00,uncalibrated_strong,accepted_strong,strong,0.1042,668,false,false,False,unified-v1
cam0,774,669,1.00,uncalibrated_strong,accepted_strong,strong,0.1042,669,false,false,False,unified-v1
cam0,775,670,1.00,uncalibrated_strong,accepted_strong,strong,0.10582,670,false,false,False,unified-v1
cam0,776,671,1.00,uncalibrated_strong,accepted_strong,strong,0.10582,671,false,false,False,unified-v1
cam0,777,672,1.00,uncalibrated_strong,accepted_strong,strong,0.10582,672,false,false,False,unified-v1
cam0,778,673,1.00,uncalibrated_strong,accepted_strong,strong,0.10582,673,false,false,False,unified-v1
cam0,779,674,1.00,uncalibrated_strong,accepted_strong,strong,0.10582,674,false,false,False,unified-v1
cam0,780,675,1.00,uncalibrated_strong,accepted_strong,strong,0.10582,675,true,true,False,unified-v1
cam0,781,676,1.00,uncalibrated_strong,accepted_strong,strong,0.10681,676,false,false,False,unified-v1
cam0,782,677,1.00,uncalibrated_strong,accepted_strong,strong,0.10681,677,false,false,False,unified-v1
cam0,783,678,1.00,uncalibrated_strong,accepted_strong,strong,0.10681,678,false,false,False,unified-v1
cam0,784,679,1.00,uncalibrated_strong,accepted_strong,strong,0.10681,679,false,false,False,unified-v1
cam0,785,680,1.00,uncalibrated_strong,accepted_strong,strong,0.10681,680,false,false,False,unified-v1
cam0,786,681,1.00,uncalibrated_strong,accepted_strong,strong,0.10681,681,false,false,False,unified-v1
cam0,787,682,1.00,uncalibrated_strong,accepted_strong,strong,0.10836,682,false,false,False,unified-v1
cam0,788,683,1.00,uncalibrated_strong,accepted_strong,strong,0.10836,683,false,false,False,unified-v1
cam0,789,684,1.00,uncalibrated_strong,accepted_strong,strong,0.10836,684,false,false,False,unified-v1
cam0,790,685,1.00,uncalibrated_strong,accepted_strong,strong,0.10836,685,false,false,False,unified-v1
cam0,791,686,1.00,uncalibrated_strong,accepted_strong,strong,0.10507,686,false,false,False,unified-v1
cam0,792,687,1.00,uncalibrated_strong,accepted_strong,strong,0.10507,687,true,true,False,unified-v1
cam0,793,688,1.00,uncalibrated_strong,accepted_strong,strong,0.10507,688,false,false,False,unified-v1
cam0,794,689,1.00,uncalibrated_strong,accepted_strong,strong,0.10507,689,false,false,False,unified-v1
cam0,795,690,1.00,uncalibrated_strong,accepted_strong,strong,0.10522,690,false,false,False,unified-v1
cam0,796,691,1.00,uncalibrated_strong,accepted_strong,strong,0.10522,691,false,false,False,unified-v1
cam0,797,692,1.00,uncalibrated_strong,accepted_strong,strong,0.10522,692,false,false,False,unified-v1
cam0,798,693,1.00,uncalibrated_strong,accepted_strong,strong,0.10522,693,false,false,False,unified-v1
cam0,799,694,1.00,uncalibrated_strong,accepted_strong,strong,0.10522,694,false,false,False,unified-v1
cam0,800,695,1.00,uncalibrated_strong,accepted_strong,strong,0.10522,695,false,false,False,unified-v1
cam0,801,696,1.00,uncalibrated_strong,accepted_strong,strong,0.1037,696,false,false,False,unified-v1
cam0,802,697,1.00,uncalibrated_strong,accepted_strong,strong,0.1037,697,false,false,False,unified-v1
cam0,803,698,1.00,uncalibrated_strong,accepted_strong,strong,0.1037,698,false,false,False,unified-v1
cam0,804,699,1.00,uncalibrated_strong,accepted_strong,strong,0.1037,699,true,true,False,unified-v1
cam0,805,700,1.00,uncalibrated_strong,accepted_strong,strong,0.1037,700,false,false,False,unified-v1
cam0,806,701,1.00,uncalibrated_strong,accepted_strong,strong,0.1037,701,false,false,False,unified-v1
cam0,807,702,1.00,uncalibrated_strong,accepted_strong,strong,0.10396,702,false,false,False,unified-v1
cam0,808,703,1.00,uncalibrated_strong,accepted_strong,strong,0.10396,703,false,false,False,unified-v1
cam0,809,704,1.00,uncalibrated_strong,accepted_strong,strong,0.10396,704,false,false,False,unified-v1
cam0,810,705,1.00,uncalibrated_strong,accepted_strong,strong,0.10396,705,false,false,False,unified-v1
cam0,811,706,1.00,uncalibrated_strong,accepted_strong,strong,0.10396,706,false,false,False,unified-v1
cam0,812,707,1.00,uncalibrated_strong,accepted_strong,strong,0.10396,707,false,false,False,unified-v1
cam0,813,708,1.00,uncalibrated_strong,accepted_strong,strong,0.10289,708,false,false,False,unified-v1
cam0,814,709,1.00,uncalibrated_strong,accepted_strong,strong,0.10289,709,false,false,False,unified-v1
cam0,815,710,1.00,uncalibrated_strong,accepted_strong,strong,0.10289,710,false,false,False,unified-v1
cam0,816,711,1.00,uncalibrated_strong,accepted_strong,strong,0.10289,711,true,true,False,unified-v1
cam0,817,712,1.00,uncalibrated_strong,accepted_strong,strong,0.10289,712,false,false,False,unified-v1
cam0,818,713,1.00,uncalibrated_strong,accepted_strong,strong,0.10289,713,false,false,False,unified-v1
cam0,819,714,1.00,uncalibrated_strong,accepted_strong,strong,0.10137,714,false,false,False,unified-v1
cam0,820,715,1.00,uncalibrated_strong,accepted_strong,strong,0.10137,715,false,false,False,unified-v1
cam0,821,716,1.00,uncalibrated_strong,accepted_strong,strong,0.10137,716,false,false,False,unified-v1
cam0,822,716,1.00,uncalibrated_strong,accepted_strong,strong,0.10137,716,false,false,False,unified-v1
cam0,823,717,1.00,uncalibrated_strong,accepted_strong,strong,0.10295,717,false,false,False,unified-v1
cam0,824,719,1.00,uncalibrated_strong,accepted_strong,strong,0.10295,719,false,false,False,unified-v1
cam0,825,720,1.00,uncalibrated_strong,accepted_strong,strong,0.10295,720,false,false,False,unified-v1
cam0,826,720,1.00,uncalibrated_strong,accepted_strong,strong,0.10295,720,false,false,False,unified-v1
cam0,827,721,1.00,uncalibrated_strong,accepted_strong,strong,0.10398,721,false,false,False,unified-v1
cam0,828,722,1.00,uncalibrated_strong,accepted_strong,strong,0.10398,722,true,true,False,unified-v1
cam0,829,724,1.00,uncalibrated_strong,accepted_strong,strong,0.10398,724,false,false,False,unified-v1
cam0,830,724,1.00,uncalibrated_strong,accepted_strong,strong,0.10398,724,false,false,False,unified-v1
cam0,831,725,1.00,uncalibrated_strong,accepted_strong,strong,0.10441,725,false,false,False,unified-v1
cam0,832,726,1.00,uncalibrated_strong,accepted_strong,strong,0.10441,726,false,false,False,unified-v1
cam0,833,726,1.00,uncalibrated_strong,accepted_strong,strong,0.10441,726,false,false,False,unified-v1
cam0,834,728,1.00,uncalibrated_strong,accepted_strong,strong,0.10441,728,false,false,False,unified-v1
cam0,835,728,1.00,uncalibrated_strong,accepted_strong,strong,0.1047,728,false,false,False,unified-v1
cam0,836,729,1.00,uncalibrated_strong,accepted_strong,strong,0.1047,729,false,false,False,unified-v1
cam0,837,730,1.00,uncalibrated_strong,accepted_strong,strong,0.1047,730,false,false,False,unified-v1
cam0,838,731,1.00,uncalibrated_strong,accepted_strong,strong,0.1047,731,false,false,False,unified-v1
cam0,839,732,1.00,uncalibrated_strong,accepted_strong,strong,0.1025,732,false,false,False,unified-v1
cam0,840,732,1.00,uncalibrated_strong,accepted_strong,strong,0.1025,732,true,true,False,unified-v1
cam0,841,733,1.00,uncalibrated_strong,accepted_strong,strong,0.1025,733,false,false,False,unified-v1
cam0,842,734,1.00,uncalibrated_strong,accepted_strong,strong,0.1025,734,false,false,False,unified-v1
cam0,843,735,1.00,uncalibrated_strong,accepted_strong,strong,0.1025,735,false,false,False,unified-v1
cam0,844,736,1.00,uncalibrated_strong,accepted_strong,strong,0.1025,736,false,false,False,unified-v1
cam0,845,736,1.00,uncalibrated_strong,accepted_strong,strong,0.1025,736,false,false,False,unified-v1
cam0,846,737,1.00,uncalibrated_strong,accepted_strong,strong,0.1025,737,false,false,False,unified-v1
cam0,847,738,1.00,uncalibrated_strong,accepted_strong,strong,0.10094,738,false,false,False,unified-v1
cam0,848,738,1.00,uncalibrated_strong,accepted_strong,strong,0.10094,738,false,false,False,unified-v1
cam0,849,740,1.00,uncalibrated_strong,accepted_strong,strong,0.10094,740,false,false,False,unified-v1
cam0,850,741,1.00,uncalibrated_strong,accepted_strong,strong,0.10094,741,false,false,False,unified-v1
cam0,851,741,1.00,uncalibrated_strong,accepted_strong,strong,0.10094,741,false,false,False,unified-v1
cam0,852,742,1.00,uncalibrated_strong,accepted_strong,strong,0.10094,742,true,false,False,unified-v1
cam0,853,743,1.00,uncalibrated_strong,accepted_strong,strong,0.10094,743,false,false,False,unified-v1
cam0,854,750,1.00,uncalibrated_strong,accepted_strong,strong,0.10094,750,false,false,False,unified-v1
cam0,855,752,1.00,uncalibrated_strong,accepted_strong,strong,0.10105,752,false,false,False,unified-v1
cam0,856,752,1.00,uncalibrated_strong,accepted_strong,strong,0.10105,752,false,false,False,unified-v1
cam0,857,752,1.00,uncalibrated_strong,accepted_strong,strong,0.10105,752,false,false,False,unified-v1
cam0,858,752,1.00,uncalibrated_strong,accepted_strong,strong,0.10105,752,false,false,False,unified-v1
cam0,859,752,1.00,uncalibrated_strong,accepted_strong,strong,0.09697,752,false,false,False,unified-v1
cam0,860,752,1.00,uncalibrated_strong,accepted_strong,strong,0.09697,752,false,false,False,unified-v1
cam0,861,752,1.00,uncalibrated_strong,accepted_strong,strong,0.09697,752,false,false,False,unified-v1
cam0,862,752,1.00,uncalibrated_strong,accepted_strong,strong,0.09697,752,false,false,False,unified-v1
cam0,863,755,1.00,uncalibrated_strong,accepted_strong,strong,0.09697,755,false,false,False,unified-v1
cam0,864,755,1.00,uncalibrated_strong,accepted_strong,strong,0.09697,755,true,false,False,unified-v1
cam0,865,757,1.00,uncalibrated_strong,accepted_strong,strong,0.09339,757,false,false,False,unified-v1
cam0,866,758,1.00,uncalibrated_strong,accepted_strong,strong,0.09339,758,false,false,False,unified-v1
cam0,867,758,1.00,uncalibrated_strong,accepted_strong,strong,0.09339,758,false,false,False,unified-v1
cam0,868,758,1.00,uncalibrated_strong,accepted_strong,strong,0.09339,758,false,false,False,unified-v1
cam0,869,758,1.00,uncalibrated_strong,accepted_strong,strong,0.09339,758,false,false,False,unified-v1
cam0,870,759,1.00,uncalibrated_strong,accepted_strong,strong,0.09339,759,false,false,False,unified-v1
cam0,871,763,1.00,uncalibrated_strong,accepted_strong,strong,0.09142,763,false,false,False,unified-v1
cam0,872,763,1.00,uncalibrated_strong,accepted_strong,strong,0.09142,763,false,false,False,unified-v1
cam0,873,763,1.00,uncalibrated_strong,accepted_strong,strong,0.09142,763,false,false,False,unified-v1
cam0,874,764,1.00,uncalibrated_strong,accepted_strong,strong,0.09142,764,false,false,False,unified-v1
cam0,875,765,1.00,uncalibrated_strong,accepted_strong,strong,0.09142,765,false,false,False,unified-v1
cam0,876,765,1.00,uncalibrated_strong,accepted_strong,strong,0.09142,765,true,true,False,unified-v1
cam0,877,766,1.00,uncalibrated_strong,accepted_strong,strong,0.08968,766,false,false,False,unified-v1
cam0,878,768,1.00,uncalibrated_strong,accepted_strong,strong,0.08968,768,false,false,False,unified-v1
cam0,879,768,1.00,uncalibrated_strong,accepted_strong,strong,0.08968,768,false,false,False,unified-v1
cam0,880,769,1.00,uncalibrated_strong,accepted_strong,strong,0.08968,769,false,false,False,unified-v1
cam0,881,770,1.00,uncalibrated_strong,accepted_strong,strong,0.08968,770,false,false,False,unified-v1
cam0,882,771,1.00,uncalibrated_strong,accepted_strong,strong,0.08968,771,false,false,False,unified-v1
cam0,883,772,1.00,uncalibrated_strong,accepted_strong,strong,0.08884,772,false,false,False,unified-v1
cam0,884,773,1.00,uncalibrated_strong,accepted_strong,strong,0.08884,773,false,false,False,unified-v1
cam0,885,774,1.00,uncalibrated_strong,accepted_strong,strong,0.08884,774,false,false,False,unified-v1
cam0,886,775,1.00,uncalibrated_strong,accepted_strong,strong,0.08884,775,false,false,False,unified-v1
cam0,887,776,1.00,uncalibrated_strong,accepted_strong,strong,0.08884,776,false,false,False,unified-v1
cam0,888,777,1.00,uncalibrated_strong,accepted_strong,strong,0.08884,777,true,true,False,unified-v1
cam0,889,778,1.00,uncalibrated_strong,accepted_strong,strong,0.08774,778,false,false,False,unified-v1
cam0,890,779,1.00,uncalibrated_strong,accepted_strong,strong,0.08774,779,false,false,False,unified-v1
cam0,891,780,1.00,uncalibrated_strong,accepted_strong,strong,0.08774,780,false,false,False,unified-v1
cam0,892,781,1.00,uncalibrated_strong,accepted_strong,strong,0.08774,781,false,false,False,unified-v1
cam0,893,782,1.00,uncalibrated_strong,accepted_strong,strong,0.08774,782,false,false,False,unified-v1
cam0,894,783,1.00,uncalibrated_strong,accepted_strong,strong,0.08774,783,false,false,False,unified-v1
cam0,895,784,1.00,uncalibrated_strong,accepted_strong,strong,0.08244,784,false,false,False,unified-v1
cam0,896,785,1.00,uncalibrated_strong,accepted_strong,strong,0.08244,785,false,false,False,unified-v1
cam0,897,786,1.00,uncalibrated_strong,accepted_strong,strong,0.08244,786,false,false,False,unified-v1
cam0,898,787,1.00,uncalibrated_strong,accepted_strong,strong,0.08244,787,false,false,False,unified-v1
cam0,899,788,1.00,uncalibrated_strong,accepted_strong,strong,0.08018,788,false,false,False,unified-v1
cam0,900,789,1.00,uncalibrated_strong,accepted_strong,strong,0.08018,789,true,true,False,unified-v1
cam0,901,790,1.00,uncalibrated_strong,accepted_strong,strong,0.08018,790,false,false,False,unified-v1
cam0,902,801,1.00,uncalibrated_strong,accepted_strong,strong,0.08018,801,false,false,False,unified-v1
cam0,903,802,1.00,uncalibrated_strong,accepted_strong,strong,0.07988,802,false,false,False,unified-v1
cam0,904,802,1.00,uncalibrated_strong,accepted_strong,strong,0.07988,802,false,false,False,unified-v1
cam0,905,802,1.00,uncalibrated_strong,accepted_strong,strong,0.07988,802,false,false,False,unified-v1
cam0,906,803,1.00,uncalibrated_strong,accepted_strong,strong,0.07988,803,false,false,False,unified-v1
cam0,907,813,1.00,uncalibrated_strong,accepted_strong,strong,0.07988,813,false,false,False,unified-v1
cam0,908,813,1.00,uncalibrated_strong,accepted_strong,strong,0.07988,813,false,false,False,unified-v1
cam0,909,813,1.00,uncalibrated_strong,accepted_strong,strong,0.08175,813,false,false,False,unified-v1
cam0,910,813,1.00,uncalibrated_strong,accepted_strong,strong,0.08175,813,false,false,False,unified-v1
cam0,911,813,1.00,uncalibrated_strong,accepted_strong,strong,0.08175,813,false,false,False,unified-v1
cam0,912,815,1.00,uncalibrated_strong,accepted_strong,strong,0.08175,815,true,false,False,unified-v1
cam0,913,816,1.00,uncalibrated_strong,accepted_strong,strong,0.08175,816,false,false,False,unified-v1
cam0,914,816,1.00,uncalibrated_strong,accepted_strong,strong,0.08175,816,false,false,False,unified-v1
cam0,915,816,1.00,uncalibrated_strong,accepted_strong,strong,0.08175,816,false,false,False,unified-v1
cam0,916,816,1.00,uncalibrated_strong,accepted_strong,strong,0.08175,816,false,false,False,unified-v1
cam0,917,817,1.00,uncalibrated_strong,accepted_strong,strong,0.08175,817,false,false,False,unified-v1
cam0,918,817,1.00,uncalibrated_strong,accepted_strong,strong,0.08175,817,false,false,False,unified-v1
cam0,919,820,1.00,uncalibrated_strong,accepted_strong,strong,0.08048,820,false,false,False,unified-v1
cam0,920,820,1.00,uncalibrated_strong,accepted_strong,strong,0.08048,820,false,false,False,unified-v1
cam0,921,821,1.00,uncalibrated_strong,accepted_strong,strong,0.08048,821,false,false,False,unified-v1
cam0,922,821,1.00,uncalibrated_strong,accepted_strong,strong,0.08048,821,false,false,False,unified-v1
cam0,923,822,1.00,uncalibrated_strong,accepted_strong,strong,0.08048,822,false,false,False,unified-v1
cam0,924,822,1.00,uncalibrated_strong,accepted_strong,strong,0.08048,822,true,false,False,unified-v1
cam0,925,823,1.00,uncalibrated_strong,accepted_strong,strong,0.08048,823,false,false,False,unified-v1
cam0,926,824,1.00,uncalibrated_strong,accepted_strong,strong,0.08048,824,false,false,False,unified-v1
cam0,927,825,1.00,uncalibrated_strong,accepted_strong,strong,0.07796,825,false,false,False,unified-v1
cam0,928,826,1.00,uncalibrated_strong,accepted_strong,strong,0.07796,826,false,false,False,unified-v1
cam0,929,826,1.00,uncalibrated_strong,accepted_strong,strong,0.07796,826,false,false,False,unified-v1
cam0,930,826,1.00,uncalibrated_strong,accepted_strong,strong,0.07796,826,false,false,False,unified-v1
cam0,931,829,1.00,uncalibrated_strong,accepted_strong,strong,0.07393,829,false,false,False,unified-v1
cam0,932,830,1.00,uncalibrated_strong,accepted_strong,strong,0.07393,830,false,false,False,unified-v1
cam0,933,831,1.00,uncalibrated_strong,accepted_strong,strong,0.07393,831,false,false,False,unified-v1
cam0,934,832,1.00,uncalibrated_strong,accepted_strong,strong,0.07393,832,false,false,False,unified-v1
cam0,935,833,1.00,uncalibrated_strong,accepted_strong,strong,0.07393,833,false,false,False,unified-v1
cam0,936,834,1.00,uncalibrated_strong,accepted_strong,strong,0.07393,834,true,false,False,unified-v1
cam0,937,835,1.00,uncalibrated_strong,accepted_strong,strong,0.07319,835,false,false,False,unified-v1
cam0,938,836,1.00,uncalibrated_strong,accepted_strong,strong,0.07319,836,false,false,False,unified-v1
cam0,939,836,1.00,uncalibrated_strong,accepted_strong,strong,0.07319,836,false,false,False,unified-v1
cam0,940,838,1.00,uncalibrated_strong,accepted_strong,strong,0.07319,838,false,false,False,unified-v1
cam0,941,838,1.00,uncalibrated_strong,accepted_strong,strong,0.07319,838,false,false,False,unified-v1
cam0,942,839,1.00,uncalibrated_strong,accepted_strong,strong,0.07319,839,false,false,False,unified-v1
cam0,943,840,1.00,uncalibrated_strong,accepted_strong,strong,0.07388,840,false,false,False,unified-v1
cam0,944,842,1.00,uncalibrated_strong,accepted_strong,strong,0.07388,842,false,false,False,unified-v1
cam0,945,843,1.00,uncalibrated_strong,accepted_strong,strong,0.07388,843,false,false,False,unified-v1
cam0,946,843,1.00,uncalibrated_strong,accepted_strong,strong,0.07388,843,false,false,False,unified-v1
cam0,947,843,1.00,uncalibrated_strong,accepted_strong,strong,0.07388,843,false,false,False,unified-v1
cam0,948,843,1.00,uncalibrated_strong,accepted_strong,strong,0.07388,843,true,false,False,unified-v1
cam0,949,843,1.00,uncalibrated_strong,accepted_strong,strong,0.07541,843,false,false,False,unified-v1
cam0,950,843,1.00,uncalibrated_strong,accepted_strong,strong,0.07541,843,false,false,False,unified-v1
cam0,951,843,1.00,uncalibrated_strong,accepted_strong,strong,0.07541,843,false,false,False,unified-v1
cam0,952,843,1.00,uncalibrated_strong,accepted_strong,strong,0.07541,843,false,false,False,unified-v1
cam0,953,844,1.00,uncalibrated_strong,accepted_strong,strong,0.07541,844,false,false,False,unified-v1
cam0,954,845,1.00,uncalibrated_strong,accepted_strong,strong,0.07541,845,false,false,False,unified-v1
cam0,955,846,1.00,uncalibrated_strong,accepted_strong,strong,0.07467,846,false,false,False,unified-v1
cam0,956,848,1.00,uncalibrated_strong,accepted_strong,strong,0.07467,848,false,false,False,unified-v1
cam0,957,849,1.00,uncalibrated_strong,accepted_strong,strong,0.07467,849,false,false,False,unified-v1
cam0,958,850,1.00,uncalibrated_strong,accepted_strong,strong,0.07467,850,false,false,False,unified-v1
cam0,959,851,1.00,uncalibrated_strong,accepted_strong,strong,0.07592,851,false,false,False,unified-v1
cam0,960,852,1.00,uncalibrated_strong,accepted_strong,strong,0.07592,852,true,true,False,unified-v1
cam0,961,853,1.00,uncalibrated_strong,accepted_strong,strong,0.07592,853,false,false,False,unified-v1
cam0,962,854,1.00,uncalibrated_strong,accepted_strong,strong,0.07592,854,false,false,False,unified-v1
cam0,963,855,1.00,uncalibrated_strong,accepted_strong,strong,0.07592,855,false,false,False,unified-v1
cam0,964,857,1.00,uncalibrated_strong,accepted_strong,strong,0.07592,857,false,false,False,unified-v1
cam0,965,858,1.00,uncalibrated_strong,accepted_strong,strong,0.07622,858,false,false,False,unified-v1
cam0,966,859,1.00,uncalibrated_strong,accepted_strong,strong,0.07622,859,false,false,False,unified-v1
cam0,967,860,1.00,uncalibrated_strong,accepted_strong,strong,0.07622,860,false,false,False,unified-v1
cam0,968,861,1.00,uncalibrated_strong,accepted_strong,strong,0.07622,861,false,false,False,unified-v1
cam0,969,862,1.00,uncalibrated_strong,accepted_strong,strong,0.07622,862,false,false,False,unified-v1
cam0,970,863,1.00,uncalibrated_strong,accepted_strong,strong,0.07622,863,false,false,False,unified-v1
cam0,971,864,1.00,uncalibrated_strong,accepted_strong,strong,0.07622,864,false,false,False,unified-v1
cam0,972,865,1.00,uncalibrated_strong,accepted_strong,strong,0.07622,865,true,true,False,unified-v1
cam0,973,867,1.00,uncalibrated_strong,accepted_strong,strong,0.07726,867,false,false,False,unified-v1
cam0,974,868,1.00,uncalibrated_strong,accepted_strong,strong,0.07726,868,false,false,False,unified-v1
cam0,975,869,1.00,uncalibrated_strong,accepted_strong,strong,0.07726,869,false,false,False,unified-v1
cam0,976,870,1.00,uncalibrated_strong,accepted_strong,strong,0.07726,870,false,false,False,unified-v1
cam0,977,871,1.00,uncalibrated_strong,accepted_strong,strong,0.07726,871,false,false,False,unified-v1
cam0,978,872,1.00,uncalibrated_strong,accepted_strong,strong,0.07726,872,false,false,False,unified-v1
cam0,979,873,1.00,uncalibrated_strong,accepted_strong,strong,0.07962,873,false,false,False,unified-v1
cam0,980,874,1.00,uncalibrated_strong,accepted_strong,strong,0.07962,874,false,false,False,unified-v1
cam0,981,876,1.00,uncalibrated_strong,accepted_strong,strong,0.07962,876,false,false,False,unified-v1
cam0,982,876,1.00,uncalibrated_strong,accepted_strong,strong,0.07962,876,false,false,False,unified-v1
cam0,983,878,1.00,uncalibrated_strong,accepted_strong,strong,0.08162,878,false,false,False,unified-v1
cam0,984,880,1.00,uncalibrated_strong,accepted_strong,strong,0.08162,880,true,true,False,unified-v1
cam0,985,880,1.00,uncalibrated_strong,accepted_strong,strong,0.08162,880,false,false,False,unified-v1
cam0,986,881,1.00,uncalibrated_strong,accepted_strong,strong,0.08162,881,false,false,False,unified-v1
cam0,987,882,1.00,uncalibrated_strong,accepted_strong,strong,0.08469,882,false,false,False,unified-v1
cam0,988,883,1.00,uncalibrated_strong,accepted_strong,strong,0.08469,883,false,false,False,unified-v1
cam0,989,884,1.00,uncalibrated_strong,accepted_strong,strong,0.08469,884,false,false,False,unified-v1
cam0,990,886,1.00,uncalibrated_strong,accepted_strong,strong,0.08469,886,false,false,False,unified-v1
cam0,991,888,1.00,uncalibrated_strong,accepted_strong,strong,0.08958,888,false,false,False,unified-v1
cam0,992,890,1.00,uncalibrated_strong,accepted_strong,strong,0.08958,890,false,false,False,unified-v1
cam0,993,895,1.00,uncalibrated_strong,accepted_strong,strong,0.08958,895,false,false,False,unified-v1
cam0,994,895,1.00,uncalibrated_strong,accepted_strong,strong,0.08958,895,false,false,False,unified-v1
cam0,995,897,1.00,uncalibrated_strong,accepted_strong,strong,0.08958,897,false,false,False,unified-v1
cam0,996,898,1.00,uncalibrated_strong,accepted_strong,strong,0.08958,898,true,false,False,unified-v1
cam0,997,900,1.00,uncalibrated_strong,accepted_strong,strong,0.09186,900,false,false,False,unified-v1
cam0,998,901,1.00,uncalibrated_strong,accepted_strong,strong,0.09186,901,false,false,False,unified-v1
cam0,999,904,1.00,uncalibrated_strong,accepted_strong,strong,0.09186,904,false,false,False,unified-v1
cam0,1000,904,1.00,uncalibrated_strong,accepted_strong,strong,0.09186,904,false,false,False,unified-v1
cam0,1001,907,1.00,uncalibrated_strong,accepted_strong,strong,0.09186,907,false,false,False,unified-v1
cam0,1002,908,1.00,uncalibrated_strong,accepted_strong,strong,0.09186,908,false,false,False,unified-v1
cam0,1003,908,1.00,uncalibrated_strong,accepted_strong,strong,0.09186,908,false,false,False,unified-v1
cam0,1004,908,1.00,uncalibrated_strong,accepted_strong,strong,0.09186,908,false,false,False,unified-v1
cam0,1005,908,1.00,uncalibrated_strong,accepted_strong,strong,0.09186,908,false,false,False,unified-v1
cam0,1006,908,1.00,uncalibrated_strong,accepted_strong,strong,0.09186,908,false,false,False,unified-v1
cam0,1007,908,1.00,uncalibrated_strong,accepted_strong,strong,0.09309,908,false,false,False,unified-v1
cam0,1008,908,1.00,uncalibrated_strong,accepted_strong,strong,0.09309,908,true,true,False,unified-v1
cam0,1009,908,1.00,uncalibrated_strong,accepted_strong,strong,0.09309,908,false,false,False,unified-v1
cam0,1010,908,1.00,uncalibrated_strong,accepted_strong,strong,0.09309,908,false,false,False,unified-v1
cam0,1011,909,1.00,uncalibrated_strong,accepted_strong,strong,0.09309,909,false,false,False,unified-v1
cam0,1012,910,1.00,uncalibrated_strong,accepted_strong,strong,0.09309,910,false,false,False,unified-v1
cam0,1013,911,1.00,uncalibrated_strong,accepted_strong,strong,0.09309,911,false,false,False,unified-v1
cam0,1014,912,1.00,uncalibrated_strong,accepted_strong,strong,0.09309,912,false,false,False,unified-v1
cam0,1015,913,1.00,uncalibrated_strong,accepted_strong,strong,0.09309,913,false,false,False,unified-v1
cam0,1016,914,1.00,uncalibrated_strong,accepted_strong,strong,0.09309,914,false,false,False,unified-v1
cam0,1017,915,1.00,uncalibrated_strong,accepted_strong,strong,0.09502,915,false,false,False,unified-v1
cam0,1018,917,1.00,uncalibrated_strong,accepted_strong,strong,0.09502,917,false,false,False,unified-v1
cam0,1019,918,1.00,uncalibrated_strong,accepted_strong,strong,0.09502,918,false,false,False,unified-v1
cam0,1020,919,1.00,uncalibrated_strong,accepted_strong,strong,0.09502,919,true,true,False,unified-v1
cam0,1021,920,1.00,uncalibrated_strong,accepted_strong,strong,0.09502,920,false,false,False,unified-v1
cam0,1022,921,1.00,uncalibrated_strong,accepted_strong,strong,0.09502,921,false,false,False,unified-v1
cam0,1023,922,1.00,uncalibrated_strong,accepted_strong,strong,0.09639,922,false,false,False,unified-v1
cam0,1024,923,1.00,uncalibrated_strong,accepted_strong,strong,0.09639,923,false,false,False,unified-v1
cam0,1025,924,1.00,uncalibrated_strong,accepted_strong,strong,0.09639,924,false,false,False,unified-v1
cam0,1026,925,1.00,uncalibrated_strong,accepted_strong,strong,0.09639,925,false,false,False,unified-v1
cam0,1027,927,1.00,uncalibrated_strong,accepted_strong,strong,0.09837,927,false,false,False,unified-v1
cam0,1028,928,1.00,uncalibrated_strong,accepted_strong,strong,0.09837,928,false,false,False,unified-v1
cam0,1029,929,1.00,uncalibrated_strong,accepted_strong,strong,0.09837,929,false,false,False,unified-v1
cam0,1030,930,1.00,uncalibrated_strong,accepted_strong,strong,0.09837,930,false,false,False,unified-v1
cam0,1031,931,1.00,uncalibrated_strong,accepted_strong,strong,0.09837,931,false,false,False,unified-v1
cam0,1032,932,1.00,uncalibrated_strong,accepted_strong,strong,0.09837,932,true,true,False,unified-v1
cam0,1033,933,1.00,uncalibrated_strong,accepted_strong,strong,0.10284,933,false,false,False,unified-v1
cam0,1034,934,1.00,uncalibrated_strong,accepted_strong,strong,0.10284,934,false,false,False,unified-v1
cam0,1035,935,1.00,uncalibrated_strong,accepted_strong,strong,0.10284,935,false,false,False,unified-v1
cam0,1036,936,1.00,uncalibrated_strong,accepted_strong,strong,0.10284,936,false,false,False,unified-v1
cam0,1037,937,1.00,uncalibrated_strong,accepted_strong,strong,0.10284,937,false,false,False,unified-v1
cam0,1038,938,1.00,uncalibrated_strong,accepted_strong,strong,0.10284,938,false,false,False,unified-v1
cam0,1039,939,1.00,uncalibrated_strong,accepted_strong,strong,0.10284,939,false,false,False,unified-v1
cam0,1040,940,1.00,uncalibrated_strong,accepted_strong,strong,0.10284,940,false,false,False,unified-v1
cam0,1041,942,1.00,uncalibrated_strong,accepted_strong,strong,0.10775,942,false,false,False,unified-v1
cam0,1042,943,1.00,uncalibrated_strong,accepted_strong,strong,0.10775,943,false,false,False,unified-v1
cam0,1043,944,1.00,uncalibrated_strong,accepted_strong,strong,0.10775,944,false,false,False,unified-v1
cam0,1044,945,1.00,uncalibrated_strong,accepted_strong,strong,0.10775,945,true,true,False,unified-v1
cam0,1045,946,1.00,uncalibrated_strong,accepted_strong,strong,0.10775,946,false,false,False,unified-v1
cam0,1046,947,1.00,uncalibrated_strong,accepted_strong,strong,0.10775,947,false,false,False,unified-v1
cam0,1047,947,1.00,uncalibrated_strong,accepted_strong,strong,0.11009,947,false,false,False,unified-v1
cam0,1048,949,1.00,uncalibrated_strong,accepted_strong,strong,0.11009,949,false,false,False,unified-v1
cam0,1049,950,1.00,uncalibrated_strong,accepted_strong,strong,0.11009,950,false,false,False,unified-v1
cam0,1050,951,1.00,uncalibrated_strong,accepted_strong,strong,0.11009,951,false,false,False,unified-v1
cam0,1051,952,1.00,uncalibrated_strong,accepted_strong,strong,0.11183,952,false,false,False,unified-v1
cam0,1052,953,1.00,uncalibrated_strong,accepted_strong,strong,0.11183,953,false,false,False,unified-v1
cam0,1053,954,1.00,uncalibrated_strong,accepted_strong,strong,0.11183,954,false,false,False,unified-v1
cam0,1054,955,1.00,uncalibrated_strong,accepted_strong,strong,0.11183,955,false,false,False,unified-v1
cam0,1055,956,1.00,uncalibrated_strong,accepted_strong,strong,0.11486,956,false,false,False,unified-v1
cam0,1056,956,1.00,uncalibrated_strong,accepted_strong,strong,0.11486,956,true,true,False,unified-v1
cam0,1057,958,1.00,uncalibrated_strong,accepted_strong,strong,0.11486,958,false,false,False,unified-v1
cam0,1058,959,1.00,uncalibrated_strong,accepted_strong,strong,0.11486,959,false,false,False,unified-v1
cam0,1059,959,1.00,uncalibrated_strong,accepted_strong,strong,0.11839,959,false,false,False,unified-v1
cam0,1060,961,1.00,uncalibrated_strong,accepted_strong,strong,0.11839,961,false,false,False,unified-v1
cam0,1061,961,1.00,uncalibrated_strong,accepted_strong,strong,0.11839,961,false,false,False,unified-v1
cam0,1062,965,1.00,uncalibrated_strong,accepted_strong,strong,0.11839,965,false,false,False,unified-v1
cam0,1063,970,1.00,uncalibrated_strong,accepted_strong,strong,0.11454,970,false,false,False,unified-v1
cam0,1064,973,1.00,uncalibrated_strong,accepted_strong,strong,0.11454,973,false,false,False,unified-v1
cam0,1065,973,1.00,uncalibrated_strong,accepted_strong,strong,0.11454,973,false,false,False,unified-v1
cam0,1066,977,1.00,uncalibrated_strong,accepted_strong,strong,0.11454,977,false,false,False,unified-v1
cam0,1067,979,1.00,uncalibrated_strong,accepted_strong,strong,0.11139,979,false,false,False,unified-v1
cam0,1068,982,1.00,uncalibrated_strong,accepted_strong,strong,0.11139,982,true,false,False,unified-v1
cam0,1069,983,1.00,uncalibrated_strong,accepted_strong,strong,0.11139,983,false,false,False,unified-v1
cam0,1070,990,1.00,uncalibrated_strong,accepted_strong,strong,0.11139,990,false,false,False,unified-v1
cam0,1071,990,1.00,uncalibrated_strong,accepted_strong,strong,0.11139,990,false,false,False,unified-v1
cam0,1072,991,1.00,uncalibrated_strong,accepted_strong,strong,0.11139,991,false,false,False,unified-v1
cam0,1073,991,1.00,uncalibrated_strong,accepted_strong,strong,0.11026,991,false,false,False,unified-v1
cam0,1074,993,1.00,uncalibrated_strong,accepted_strong,strong,0.11026,993,false,false,False,unified-v1
cam0,1075,994,1.00,uncalibrated_strong,accepted_strong,strong,0.11026,994,false,false,False,unified-v1
cam0,1076,995,1.00,uncalibrated_strong,accepted_strong,strong,0.11026,995,false,false,False,unified-v1
cam0,1077,995,1.00,uncalibrated_strong,accepted_strong,strong,0.11026,995,false,false,False,unified-v1
cam0,1078,997,1.00,uncalibrated_strong,accepted_strong,strong,0.11026,997,false,false,False,unified-v1
cam0,1079,997,1.00,uncalibrated_strong,accepted_strong,strong,0.10815,997,false,false,False,unified-v1
cam0,1080,999,1.00,uncalibrated_strong,accepted_strong,strong,0.10815,999,true,false,False,unified-v1
cam0,1081,999,1.00,uncalibrated_strong,accepted_strong,strong,0.10815,999,false,false,False,unified-v1
cam0,1082,999,1.00,uncalibrated_strong,accepted_strong,strong,0.10815,999,false,false,False,unified-v1
cam0,1083,1001,1.00,uncalibrated_strong,accepted_strong,strong,0.10815,1001,false,false,False,unified-v1
cam0,1084,1001,1.00,uncalibrated_strong,accepted_strong,strong,0.10815,1001,false,false,False,unified-v1
cam0,1085,1001,1.00,uncalibrated_strong,accepted_strong,strong,0.10779,1001,false,false,False,unified-v1
cam0,1086,1001,1.00,uncalibrated_strong,accepted_strong,strong,0.10779,1001,false,false,False,unified-v1
cam0,1087,1001,1.00,uncalibrated_strong,accepted_strong,strong,0.10779,1001,false,false,False,unified-v1
cam0,1088,1002,1.00,uncalibrated_strong,accepted_strong,strong,0.10779,1002,false,false,False,unified-v1
cam0,1089,1003,1.00,uncalibrated_strong,accepted_strong,strong,0.10779,1003,false,false,False,unified-v1
cam0,1090,1005,1.00,uncalibrated_strong,accepted_strong,strong,0.10779,1005,false,false,False,unified-v1
cam0,1091,1005,1.00,uncalibrated_strong,accepted_strong,strong,0.10779,1005,false,false,False,unified-v1
cam0,1092,1006,1.00,uncalibrated_strong,accepted_strong,strong,0.10779,1006,true,false,False,unified-v1
cam0,1093,1006,1.00,uncalibrated_strong,accepted_strong,strong,0.10779,1006,false,false,False,unified-v1
cam0,1094,1007,1.00,uncalibrated_strong,accepted_strong,strong,0.10779,1007,false,false,False,unified-v1
cam0,1095,1014,1.00,uncalibrated_strong,accepted_strong,strong,0.10622,1014,false,false,False,unified-v1
cam0,1096,1014,1.00,uncalibrated_strong,accepted_strong,strong,0.10622,1014,false,false,False,unified-v1
cam0,1097,1014,1.00,uncalibrated_strong,accepted_strong,strong,0.10622,1014,false,false,False,unified-v1
cam0,1098,1014,1.00,uncalibrated_strong,accepted_strong,strong,0.10622,1014,false,false,False,unified-v1
cam0,1099,1014,1.00,uncalibrated_strong,accepted_strong,strong,0.10622,1014,false,false,False,unified-v1
cam0,1100,1016,1.00,uncalibrated_strong,accepted_strong,strong,0.10622,1016,false,false,False,unified-v1
cam0,1101,1018,1.00,uncalibrated_strong,accepted_strong,strong,0.10622,1018,false,false,False,unified-v1
cam0,1102,1019,1.00,uncalibrated_strong,accepted_strong,strong,0.10622,1019,false,false,False,unified-v1
cam0,1103,1019,1.00,uncalibrated_strong,accepted_strong,strong,0.10622,1019,false,false,False,unified-v1
cam0,1104,1019,1.00,uncalibrated_strong,accepted_strong,strong,0.10622,1019,true,false,False,unified-v1
cam0,1105,1019,1.00,uncalibrated_strong,accepted_strong,strong,0.10622,1019,false,false,False,unified-v1
cam0,1106,1020,1.00,uncalibrated_strong,accepted_strong,strong,0.10622,1020,false,false,False,unified-v1
cam0,1107,1020,1.00,uncalibrated_strong,accepted_strong,strong,0.10721,1020,false,false,False,unified-v1
cam0,1108,1021,1.00,uncalibrated_strong,accepted_strong,strong,0.10721,1021,false,false,False,unified-v1
cam0,1109,1021,1.00,uncalibrated_strong,accepted_strong,strong,0.10721,1021,false,false,False,unified-v1
cam0,1110,1021,1.00,uncalibrated_strong,accepted_strong,strong,0.10721,1021,false,false,False,unified-v1
cam0,1111,1022,1.00,uncalibrated_strong,accepted_strong,strong,0.10721,1022,false,false,False,unified-v1
cam0,1112,1022,1.00,uncalibrated_strong,accepted_strong,strong,0.10721,1022,false,false,False,unified-v1
cam0,1113,1022,1.00,uncalibrated_strong,accepted_strong,strong,0.10721,1022,false,false,False,unified-v1
cam0,1114,1022,1.00,uncalibrated_strong,accepted_strong,strong,0.10721,1022,false,false,False,unified-v1
cam0,1115,1022,1.00,uncalibrated_strong,accepted_strong,strong,0.10721,1022,false,false,False,unified-v1
cam0,1116,1022,1.00,uncalibrated_strong,accepted_strong,strong,0.10721,1022,true,false,False,unified-v1
cam0,1117,1022,1.00,uncalibrated_strong,accepted_strong,strong,0.10847,1022,false,false,False,unified-v1
cam0,1118,1022,1.00,uncalibrated_strong,accepted_strong,strong,0.10847,1022,false,false,False,unified-v1
cam0,1119,1022,1.00,uncalibrated_strong,accepted_strong,strong,0.10847,1022,false,false,False,unified-v1
cam0,1120,1022,1.00,uncalibrated_strong,accepted_strong,strong,0.10847,1022,false,false,False,unified-v1
cam0,1121,1022,1.00,uncalibrated_strong,accepted_strong,strong,0.10847,1022,false,false,False,unified-v1
cam0,1122,1022,1.00,uncalibrated_strong,accepted_strong,strong,0.10847,1022,false,false,False,unified-v1
cam0,1123,1024,1.00,uncalibrated_strong,accepted_strong,strong,0.10847,1024,false,false,False,unified-v1
cam0,1124,1024,1.00,uncalibrated_strong,accepted_strong,strong,0.10847,1024,false,false,False,unified-v1
cam0,1125,1025,1.00,uncalibrated_strong,accepted_strong,strong,0.10811,1025,false,false,False,unified-v1
cam0,1126,1026,1.00,uncalibrated_strong,accepted_strong,strong,0.10811,1026,false,false,False,unified-v1
cam0,1127,1027,1.00,uncalibrated_strong,accepted_strong,strong,0.10811,1027,false,false,False,unified-v1
cam0,1128,1028,1.00,uncalibrated_strong,accepted_strong,strong,0.10811,1028,true,true,False,unified-v1
cam0,1129,1029,1.00,uncalibrated_strong,accepted_strong,strong,0.10811,1029,false,false,False,unified-v1
cam0,1130,1030,1.00,uncalibrated_strong,accepted_strong,strong,0.10811,1030,false,false,False,unified-v1
cam0,1131,1032,1.00,uncalibrated_strong,accepted_strong,strong,0.10828,1032,false,false,False,unified-v1
cam0,1132,1032,1.00,uncalibrated_strong,accepted_strong,strong,0.10828,1032,false,false,False,unified-v1
cam0,1133,1033,1.00,uncalibrated_strong,accepted_strong,strong,0.10828,1033,false,false,False,unified-v1
cam0,1134,1034,1.00,uncalibrated_strong,accepted_strong,strong,0.10828,1034,false,false,False,unified-v1
cam0,1135,1035,1.00,uncalibrated_strong,accepted_strong,strong,0.10909,1035,false,false,False,unified-v1
cam0,1136,1036,1.00,uncalibrated_strong,accepted_strong,strong,0.10909,1036,false,false,False,unified-v1
cam0,1137,1037,1.00,uncalibrated_strong,accepted_strong,strong,0.10909,1037,false,false,False,unified-v1
cam0,1138,1038,1.00,uncalibrated_strong,accepted_strong,strong,0.10909,1038,false,false,False,unified-v1
cam0,1139,1039,1.00,uncalibrated_strong,accepted_strong,strong,0.10258,1039,false,false,False,unified-v1
cam0,1140,1040,1.00,uncalibrated_strong,accepted_strong,strong,0.10258,1040,true,true,False,unified-v1
cam0,1141,1041,1.00,uncalibrated_strong,accepted_strong,strong,0.10258,1041,false,false,False,unified-v1
cam0,1142,1042,1.00,uncalibrated_strong,accepted_strong,strong,0.10258,1042,false,false,False,unified-v1
cam0,1143,1043,1.00,uncalibrated_strong,accepted_strong,strong,0.09789,1043,false,false,False,unified-v1
cam0,1144,1044,1.00,uncalibrated_strong,accepted_strong,strong,0.09789,1044,false,false,False,unified-v1
cam0,1145,1044,1.00,uncalibrated_strong,accepted_strong,strong,0.09789,1044,false,false,False,unified-v1
cam0,1146,1046,1.00,uncalibrated_strong,accepted_strong,strong,0.09789,1046,false,false,False,unified-v1
cam0,1147,1047,1.00,uncalibrated_strong,accepted_strong,strong,0.09789,1047,false,false,False,unified-v1
cam0,1148,1047,1.00,uncalibrated_strong,accepted_strong,strong,0.09789,1047,false,false,False,unified-v1
cam0,1149,1051,1.00,uncalibrated_strong,accepted_strong,strong,0.09319,1051,false,false,False,unified-v1
cam0,1150,1051,1.00,uncalibrated_strong,accepted_strong,strong,0.09319,1051,false,false,False,unified-v1
cam0,1151,1051,1.00,uncalibrated_strong,accepted_strong,strong,0.09319,1051,false,false,False,unified-v1
cam0,1152,1052,1.00,uncalibrated_strong,accepted_strong,strong,0.09319,1052,true,true,False,unified-v1
cam0,1153,1053,1.00,uncalibrated_strong,accepted_strong,strong,0.09319,1053,false,false,False,unified-v1
cam0,1154,1053,1.00,uncalibrated_strong,accepted_strong,strong,0.09319,1053,false,false,False,unified-v1
cam0,1155,1054,1.00,uncalibrated_strong,accepted_strong,strong,0.09319,1054,false,false,False,unified-v1
cam0,1156,1060,1.00,uncalibrated_strong,accepted_strong,strong,0.09319,1060,false,false,False,unified-v1
cam0,1157,1060,1.00,uncalibrated_strong,accepted_strong,strong,0.09319,1060,false,false,False,unified-v1
cam0,1158,1060,1.00,uncalibrated_strong,accepted_strong,strong,0.09319,1060,false,false,False,unified-v1
cam0,1159,1060,1.00,uncalibrated_strong,accepted_strong,strong,0.08972,1060,false,false,False,unified-v1
cam0,1160,1060,1.00,uncalibrated_strong,accepted_strong,strong,0.08972,1060,false,false,False,unified-v1
cam0,1161,1061,1.00,uncalibrated_strong,accepted_strong,strong,0.08972,1061,false,false,False,unified-v1
cam0,1162,1061,1.00,uncalibrated_strong,accepted_strong,strong,0.08972,1061,false,false,False,unified-v1
cam0,1163,1063,1.00,uncalibrated_strong,accepted_strong,strong,0.08972,1063,false,false,False,unified-v1
cam0,1164,1063,1.00,uncalibrated_strong,accepted_strong,strong,0.08972,1063,true,true,False,unified-v1
cam0,1165,1064,1.00,uncalibrated_strong,accepted_strong,strong,0.08972,1064,false,false,False,unified-v1
cam0,1166,1065,1.00,uncalibrated_strong,accepted_strong,strong,0.08972,1065,false,false,False,unified-v1
cam0,1167,1065,1.00,uncalibrated_strong,accepted_strong,strong,0.08609,1065,false,false,False,unified-v1
cam0,1168,1068,1.00,uncalibrated_strong,accepted_strong,strong,0.08609,1068,false,false,False,unified-v1
cam0,1169,1069,1.00,uncalibrated_strong,accepted_strong,strong,0.08609,1069,false,false,False,unified-v1
cam0,1170,1069,1.00,uncalibrated_strong,accepted_strong,strong,0.08609,1069,false,false,False,unified-v1
cam0,1171,1071,1.00,uncalibrated_strong,accepted_strong,strong,0.08696,1071,false,false,False,unified-v1
cam0,1172,1072,1.00,uncalibrated_strong,accepted_strong,strong,0.08696,1072,false,false,False,unified-v1
cam0,1173,1072,1.00,uncalibrated_strong,accepted_strong,strong,0.08696,1072,false,false,False,unified-v1
cam0,1174,1073,1.00,uncalibrated_strong,accepted_strong,strong,0.08696,1073,false,false,False,unified-v1
cam0,1175,1074,1.00,uncalibrated_strong,accepted_strong,strong,0.08399,1074,false,false,False,unified-v1
cam0,1176,1075,1.00,uncalibrated_strong,accepted_strong,strong,0.08399,1075,true,true,False,unified-v1
cam0,1177,1076,1.00,uncalibrated_strong,accepted_strong,strong,0.08399,1076,false,false,False,unified-v1
cam0,1178,1077,1.00,uncalibrated_strong,accepted_strong,strong,0.08399,1077,false,false,False,unified-v1
cam0,1179,1078,1.00,uncalibrated_strong,accepted_strong,strong,0.08399,1078,false,false,False,unified-v1
cam0,1180,1079,1.00,uncalibrated_strong,accepted_strong,strong,0.08399,1079,false,false,False,unified-v1
cam0,1181,1082,1.00,uncalibrated_strong,accepted_strong,strong,0.08342,1082,false,false,False,unified-v1
cam0,1182,1082,1.00,uncalibrated_strong,accepted_strong,strong,0.08342,1082,false,false,False,unified-v1
cam0,1183,1082,1.00,uncalibrated_strong,accepted_strong,strong,0.08342,1082,false,false,False,unified-v1
cam0,1184,1083,1.00,uncalibrated_strong,accepted_strong,strong,0.08342,1083,false,false,False,unified-v1
cam0,1185,1086,1.00,uncalibrated_strong,accepted_strong,strong,0.08342,1086,false,false,False,unified-v1
cam0,1186,1086,1.00,uncalibrated_strong,accepted_strong,strong,0.08342,1086,false,false,False,unified-v1
cam0,1187,1087,1.00,uncalibrated_strong,accepted_strong,strong,0.08342,1087,false,false,False,unified-v1
cam0,1188,1088,1.00,uncalibrated_strong,accepted_strong,strong,0.08342,1088,true,false,False,unified-v1
cam0,1189,1088,1.00,uncalibrated_strong,accepted_strong,strong,0.08234,1088,false,false,False,unified-v1
cam0,1190,1089,1.00,uncalibrated_strong,accepted_strong,strong,0.08234,1089,false,false,False,unified-v1
cam0,1191,1090,1.00,uncalibrated_strong,accepted_strong,strong,0.08234,1090,false,false,False,unified-v1
cam0,1192,1091,1.00,uncalibrated_strong,accepted_strong,strong,0.08234,1091,false,false,False,unified-v1
cam0,1193,1092,1.00,uncalibrated_strong,accepted_strong,strong,0.08234,1092,false,false,False,unified-v1
cam0,1194,1093,1.00,uncalibrated_strong,accepted_strong,strong,0.08234,1093,false,false,False,unified-v1
cam0,1195,1094,1.00,uncalibrated_strong,accepted_strong,strong,0.08301,1094,false,false,False,unified-v1
cam0,1196,1095,1.00,uncalibrated_strong,accepted_strong,strong,0.08301,1095,false,false,False,unified-v1
cam0,1197,1096,1.00,uncalibrated_strong,accepted_strong,strong,0.08301,1096,false,false,False,unified-v1
cam0,1198,1097,1.00,uncalibrated_strong,accepted_strong,strong,0.08301,1097,false,false,False,unified-v1
cam0,1199,1099,1.00,uncalibrated_strong,accepted_strong,strong,0.08256,1099,false,false,False,unified-v1
cam0,1200,1099,1.00,uncalibrated_strong,accepted_strong,strong,0.08256,1099,true,true,False,unified-v1
cam0,1201,1100,1.00,uncalibrated_strong,accepted_strong,strong,0.08256,1100,false,false,False,unified-v1
cam0,1202,1102,1.00,uncalibrated_strong,accepted_strong,strong,0.08256,1102,false,false,False,unified-v1
cam0,1203,1103,1.00,uncalibrated_strong,accepted_strong,strong,0.08256,1103,false,false,False,unified-v1
cam0,1204,1104,1.00,uncalibrated_strong,accepted_strong,strong,0.08256,1104,false,false,False,unified-v1
cam0,1205,1105,1.00,uncalibrated_strong,accepted_strong,strong,0.08225,1105,false,false,False,unified-v1
cam0,1206,1106,1.00,uncalibrated_strong,accepted_strong,strong,0.08225,1106,false,false,False,unified-v1
cam0,1207,1107,1.00,uncalibrated_strong,accepted_strong,strong,0.08225,1107,false,false,False,unified-v1
cam0,1208,1108,1.00,uncalibrated_strong,accepted_strong,strong,0.08225,1108,false,false,False,unified-v1
cam0,1209,1109,1.00,uncalibrated_strong,accepted_strong,strong,0.08225,1109,false,false,False,unified-v1
cam0,1210,1110,1.00,uncalibrated_strong,accepted_strong,strong,0.08225,1110,false,false,False,unified-v1
cam0,1211,1111,1.00,uncalibrated_strong,accepted_strong,strong,0.08225,1111,false,false,False,unified-v1
cam0,1212,1112,1.00,uncalibrated_strong,accepted_strong,strong,0.08225,1112,true,true,False,unified-v1
cam0,1213,1113,1.00,uncalibrated_strong,accepted_strong,strong,0.08034,1113,false,false,False,unified-v1
cam0,1214,1114,1.00,uncalibrated_strong,accepted_strong,strong,0.08034,1114,false,false,False,unified-v1
cam0,1215,1115,1.00,uncalibrated_strong,accepted_strong,strong,0.08034,1115,false,false,False,unified-v1
cam0,1216,1116,1.00,uncalibrated_strong,accepted_strong,strong,0.08034,1116,false,false,False,unified-v1
cam0,1217,1118,1.00,uncalibrated_strong,accepted_strong,strong,0.08034,1118,false,false,False,unified-v1
cam0,1218,1119,1.00,uncalibrated_strong,accepted_strong,strong,0.08034,1119,false,false,False,unified-v1
cam0,1219,1120,1.00,uncalibrated_strong,accepted_strong,strong,0.08106,1120,false,false,False,unified-v1
cam0,1220,1121,1.00,uncalibrated_strong,accepted_strong,strong,0.08106,1121,false,false,False,unified-v1
cam0,1221,1122,1.00,uncalibrated_strong,accepted_strong,strong,0.08106,1122,false,false,False,unified-v1
cam0,1222,1123,1.00,uncalibrated_strong,accepted_strong,strong,0.08106,1123,false,false,False,unified-v1
cam0,1223,1124,1.00,uncalibrated_strong,accepted_strong,strong,0.08058,1124,false,false,False,unified-v1
cam0,1224,1124,1.00,uncalibrated_strong,accepted_strong,strong,0.08058,1124,true,true,False,unified-v1
cam0,1225,1125,1.00,uncalibrated_strong,accepted_strong,strong,0.08058,1125,false,false,False,unified-v1
cam0,1226,1127,1.00,uncalibrated_strong,accepted_strong,strong,0.08058,1127,false,false,False,unified-v1
cam0,1227,1128,1.00,uncalibrated_strong,accepted_strong,strong,0.08058,1128,false,false,False,unified-v1
cam0,1228,1128,1.00,uncalibrated_strong,accepted_strong,strong,0.08058,1128,false,false,False,unified-v1
cam0,1229,1130,1.00,uncalibrated_strong,accepted_strong,strong,0.08028,1130,false,false,False,unified-v1
cam0,1230,1131,1.00,uncalibrated_strong,accepted_strong,strong,0.08028,1131,false,false,False,unified-v1
cam0,1231,1132,1.00,uncalibrated_strong,accepted_strong,strong,0.08028,1132,false,false,False,unified-v1
cam0,1232,1133,1.00,uncalibrated_strong,accepted_strong,strong,0.08028,1133,false,false,False,unified-v1
cam0,1233,1134,1.00,uncalibrated_strong,accepted_strong,strong,0.08028,1134,false,false,False,unified-v1
cam0,1234,1135,1.00,uncalibrated_strong,accepted_strong,strong,0.08028,1135,false,false,False,unified-v1
cam0,1235,1137,1.00,uncalibrated_strong,accepted_strong,strong,0.08126,1137,false,false,False,unified-v1
cam0,1236,1137,1.00,uncalibrated_strong,accepted_strong,strong,0.08126,1137,true,true,False,unified-v1
cam0,1237,1138,1.00,uncalibrated_strong,accepted_strong,strong,0.08126,1138,false,false,False,unified-v1
cam0,1238,1139,1.00,uncalibrated_strong,accepted_strong,strong,0.08126,1139,false,false,False,unified-v1
cam0,1239,1140,1.00,uncalibrated_strong,accepted_strong,strong,0.08122,1140,false,false,False,unified-v1
cam0,1240,1140,1.00,uncalibrated_strong,accepted_strong,strong,0.08122,1140,false,false,False,unified-v1
cam0,1241,1142,1.00,uncalibrated_strong,accepted_strong,strong,0.08122,1142,false,false,False,unified-v1
cam0,1242,1143,1.00,uncalibrated_strong,accepted_strong,strong,0.08122,1143,false,false,False,unified-v1
cam0,1243,1144,1.00,uncalibrated_strong,accepted_strong,strong,0.08133,1144,false,false,False,unified-v1
cam0,1244,1145,1.00,uncalibrated_strong,accepted_strong,strong,0.08133,1145,false,false,False,unified-v1
cam0,1245,1146,1.00,uncalibrated_strong,accepted_strong,strong,0.08133,1146,false,false,False,unified-v1
cam0,1246,1148,1.00,uncalibrated_strong,accepted_strong,strong,0.08133,1148,false,false,False,unified-v1
cam0,1247,1148,1.00,uncalibrated_strong,accepted_strong,strong,0.08133,1148,false,false,False,unified-v1
cam0,1248,1149,1.00,uncalibrated_strong,accepted_strong,strong,0.08133,1149,true,true,False,unified-v1
cam0,1249,1150,1.00,uncalibrated_strong,accepted_strong,strong,0.08141,1150,false,false,False,unified-v1
cam0,1250,1152,1.00,uncalibrated_strong,accepted_strong,strong,0.08141,1152,false,false,False,unified-v1
cam0,1251,1153,1.00,uncalibrated_strong,accepted_strong,strong,0.08141,1153,false,false,False,unified-v1
cam0,1252,1154,1.00,uncalibrated_strong,accepted_strong,strong,0.08141,1154,false,false,False,unified-v1
cam0,1253,1154,1.00,uncalibrated_strong,accepted_strong,strong,0.08141,1154,false,false,False,unified-v1
cam0,1254,1155,1.00,uncalibrated_strong,accepted_strong,strong,0.08141,1155,false,false,False,unified-v1
cam0,1255,1156,1.00,uncalibrated_strong,accepted_strong,strong,0.08381,1156,false,false,False,unified-v1
cam0,1256,1157,1.00,uncalibrated_strong,accepted_strong,strong,0.08381,1157,false,false,False,unified-v1
cam0,1257,1158,1.00,uncalibrated_strong,accepted_strong,strong,0.08381,1158,false,false,False,unified-v1
cam0,1258,1159,1.00,uncalibrated_strong,accepted_strong,strong,0.08381,1159,false,false,False,unified-v1
cam0,1259,1160,1.00,uncalibrated_strong,accepted_strong,strong,0.0847,1160,false,false,False,unified-v1
cam0,1260,1162,1.00,uncalibrated_strong,accepted_strong,strong,0.0847,1162,true,true,False,unified-v1
cam0,1261,1162,1.00,uncalibrated_strong,accepted_strong,strong,0.0847,1162,false,false,False,unified-v1
cam0,1262,1163,1.00,uncalibrated_strong,accepted_strong,strong,0.0847,1163,false,false,False,unified-v1
cam0,1263,1164,1.00,uncalibrated_strong,accepted_strong,strong,0.08578,1164,false,false,False,unified-v1
cam0,1264,1165,1.00,uncalibrated_strong,accepted_strong,strong,0.08578,1165,false,false,False,unified-v1
cam0,1265,1166,1.00,uncalibrated_strong,accepted_strong,strong,0.08578,1166,false,false,False,unified-v1
cam0,1266,1167,1.00,uncalibrated_strong,accepted_strong,strong,0.08578,1167,false,false,False,unified-v1
cam0,1267,1168,1.00,uncalibrated_strong,accepted_strong,strong,0.08548,1168,false,false,False,unified-v1
cam0,1268,1169,1.00,uncalibrated_strong,accepted_strong,strong,0.08548,1169,false,false,False,unified-v1
cam0,1269,1170,1.00,uncalibrated_strong,accepted_strong,strong,0.08548,1170,false,false,False,unified-v1
cam0,1270,1171,1.00,uncalibrated_strong,accepted_strong,strong,0.08548,1171,false,false,False,unified-v1
cam0,1271,1172,1.00,uncalibrated_strong,accepted_strong,strong,0.08658,1172,false,false,False,unified-v1
cam0,1272,1172,1.00,uncalibrated_strong,accepted_strong,strong,0.08658,1172,true,true,False,unified-v1
cam0,1273,1174,1.00,uncalibrated_strong,accepted_strong,strong,0.08658,1174,false,false,False,unified-v1
cam0,1274,1174,1.00,uncalibrated_strong,accepted_strong,strong,0.08658,1174,false,false,False,unified-v1
cam0,1275,1175,1.00,uncalibrated_strong,accepted_strong,strong,0.08658,1175,false,false,False,unified-v1
cam0,1276,1176,1.00,uncalibrated_strong,accepted_strong,strong,0.08658,1176,false,false,False,unified-v1
cam0,1277,1177,1.00,uncalibrated_strong,accepted_strong,strong,0.08659,1177,false,false,False,unified-v1
cam0,1278,1178,1.00,uncalibrated_strong,accepted_strong,strong,0.08659,1178,false,false,False,unified-v1
cam0,1279,1179,1.00,uncalibrated_strong,accepted_strong,strong,0.08659,1179,false,false,False,unified-v1
cam0,1280,1180,1.00,uncalibrated_strong,accepted_strong,strong,0.08659,1180,false,false,False,unified-v1
cam0,1281,1181,1.00,uncalibrated_strong,accepted_strong,strong,0.08659,1181,false,false,False,unified-v1
cam0,1282,1182,1.00,uncalibrated_strong,accepted_strong,strong,0.08659,1182,false,false,False,unified-v1
cam0,1283,1183,1.00,uncalibrated_strong,accepted_strong,strong,0.08627,1183,false,false,False,unified-v1
cam0,1284,1184,1.00,uncalibrated_strong,accepted_strong,strong,0.08627,1184,true,true,False,unified-v1
cam0,1285,1185,1.00,uncalibrated_strong,accepted_strong,strong,0.08627,1185,false,false,False,unified-v1
cam0,1286,1186,1.00,uncalibrated_strong,accepted_strong,strong,0.08627,1186,false,false,False,unified-v1
cam0,1287,1187,1.00,uncalibrated_strong,accepted_strong,strong,0.08617,1187,false,false,False,unified-v1
cam0,1288,1188,1.00,uncalibrated_strong,accepted_strong,strong,0.08617,1188,false,false,False,unified-v1
cam0,1289,1189,1.00,uncalibrated_strong,accepted_strong,strong,0.08617,1189,false,false,False,unified-v1
cam0,1290,1190,1.00,uncalibrated_strong,accepted_strong,strong,0.08617,1190,false,false,False,unified-v1
cam0,1291,1191,1.00,uncalibrated_strong,accepted_strong,strong,0.08752,1191,false,false,False,unified-v1
cam0,1292,1192,1.00,uncalibrated_strong,accepted_strong,strong,0.08752,1192,false,false,False,unified-v1
cam0,1293,1193,1.00,uncalibrated_strong,accepted_strong,strong,0.08752,1193,false,false,False,unified-v1
cam0,1294,1194,1.00,uncalibrated_strong,accepted_strong,strong,0.08752,1194,false,false,False,unified-v1
cam0,1295,1195,1.00,uncalibrated_strong,accepted_strong,strong,0.08716,1195,false,false,False,unified-v1
cam0,1296,1196,1.00,uncalibrated_strong,accepted_strong,strong,0.08716,1196,true,true,False,unified-v1
cam0,1297,1197,1.00,uncalibrated_strong,accepted_strong,strong,0.08716,1197,false,false,False,unified-v1
cam0,1298,1198,1.00,uncalibrated_strong,accepted_strong,strong,0.08716,1198,false,false,False,unified-v1
cam0,1299,1199,1.00,uncalibrated_strong,accepted_strong,strong,0.08671,1199,false,false,False,unified-v1
cam0,1300,1200,1.00,uncalibrated_strong,accepted_strong,strong,0.08671,1200,false,false,False,unified-v1
cam0,1301,1201,1.00,uncalibrated_strong,accepted_strong,strong,0.08671,1201,false,false,False,unified-v1
cam0,1302,1202,1.00,uncalibrated_strong,accepted_strong,strong,0.08671,1202,false,false,False,unified-v1
cam0,1303,1203,1.00,uncalibrated_strong,accepted_strong,strong,0.08397,1203,false,false,False,unified-v1
cam0,1304,1204,1.00,uncalibrated_strong,accepted_strong,strong,0.08397,1204,false,false,False,unified-v1
cam0,1305,1205,1.00,uncalibrated_strong,accepted_strong,strong,0.08397,1205,false,false,False,unified-v1
cam0,1306,1206,1.00,uncalibrated_strong,accepted_strong,strong,0.08397,1206,false,false,False,unified-v1
cam0,1307,1207,1.00,uncalibrated_strong,accepted_strong,strong,0.08166,1207,false,false,False,unified-v1
cam0,1308,1208,1.00,uncalibrated_strong,accepted_strong,strong,0.08166,1208,true,true,False,unified-v1
cam0,1309,1209,1.00,uncalibrated_strong,accepted_strong,strong,0.08166,1209,false,false,False,unified-v1
cam0,1310,1209,1.00,uncalibrated_strong,accepted_strong,strong,0.08166,1209,false,false,False,unified-v1
cam0,1311,1211,1.00,uncalibrated_strong,accepted_strong,strong,0.08166,1211,false,false,False,unified-v1
cam0,1312,1212,1.00,uncalibrated_strong,accepted_strong,strong,0.08166,1212,false,false,False,unified-v1
cam0,1313,1212,1.00,uncalibrated_strong,accepted_strong,strong,0.08067,1212,false,false,False,unified-v1
cam0,1314,1213,1.00,uncalibrated_strong,accepted_strong,strong,0.08067,1213,false,false,False,unified-v1
cam0,1315,1215,1.00,uncalibrated_strong,accepted_strong,strong,0.08067,1215,false,false,False,unified-v1
cam0,1316,1216,1.00,uncalibrated_strong,accepted_strong,strong,0.08067,1216,false,false,False,unified-v1
cam0,1317,1216,1.00,uncalibrated_strong,accepted_strong,strong,0.08067,1216,false,false,False,unified-v1
cam0,1318,1217,1.00,uncalibrated_strong,accepted_strong,strong,0.08067,1217,false,false,False,unified-v1
cam0,1319,1219,1.00,uncalibrated_strong,accepted_strong,strong,0.07946,1219,false,false,False,unified-v1
cam0,1320,1219,1.00,uncalibrated_strong,accepted_strong,strong,0.07946,1219,true,true,False,unified-v1
cam0,1321,1231,1.00,uncalibrated_strong,accepted_strong,strong,0.07946,1231,false,false,False,unified-v1
cam0,1322,1231,1.00,uncalibrated_strong,accepted_strong,strong,0.07946,1231,false,false,False,unified-v1
cam0,1323,1233,1.00,uncalibrated_strong,accepted_strong,strong,0.07786,1233,false,false,False,unified-v1
cam0,1324,1233,1.00,uncalibrated_strong,accepted_strong,strong,0.07786,1233,false,false,False,unified-v1
cam0,1325,1234,1.00,uncalibrated_strong,accepted_strong,strong,0.07786,1234,false,false,False,unified-v1
cam0,1326,1236,1.00,uncalibrated_strong,accepted_strong,strong,0.07786,1236,false,false,False,unified-v1
cam0,1327,1236,1.00,uncalibrated_strong,accepted_strong,strong,0.07824,1236,false,false,False,unified-v1
cam0,1328,1237,1.00,uncalibrated_strong,accepted_strong,strong,0.07824,1237,false,false,False,unified-v1
cam0,1329,1238,1.00,uncalibrated_strong,accepted_strong,strong,0.07824,1238,false,false,False,unified-v1
cam0,1330,1238,1.00,uncalibrated_strong,accepted_strong,strong,0.07824,1238,false,false,False,unified-v1
cam0,1331,1238,1.00,uncalibrated_strong,accepted_strong,strong,0.07824,1238,false,false,False,unified-v1
cam0,1332,1239,1.00,uncalibrated_strong,accepted_strong,strong,0.07824,1239,true,false,False,unified-v1
cam0,1333,1239,1.00,uncalibrated_strong,accepted_strong,strong,0.07895,1239,false,false,False,unified-v1
cam0,1334,1239,1.00,uncalibrated_strong,accepted_strong,strong,0.07895,1239,false,false,False,unified-v1
cam0,1335,1239,1.00,uncalibrated_strong,accepted_strong,strong,0.07895,1239,false,false,False,unified-v1
cam0,1336,1239,1.00,uncalibrated_strong,accepted_strong,strong,0.07895,1239,false,false,False,unified-v1
cam0,1337,1239,1.00,uncalibrated_strong,accepted_strong,strong,0.07895,1239,false,false,False,unified-v1
cam0,1338,1241,1.00,uncalibrated_strong,accepted_strong,strong,0.07895,1241,false,false,False,unified-v1
cam0,1339,1241,1.00,uncalibrated_strong,accepted_strong,strong,0.07895,1241,false,false,False,unified-v1
cam0,1340,1242,1.00,uncalibrated_strong,accepted_strong,strong,0.07895,1242,false,false,False,unified-v1
cam0,1341,1242,1.00,uncalibrated_strong,accepted_strong,strong,0.08228,1242,false,false,False,unified-v1
cam0,1342,1242,1.00,uncalibrated_strong,accepted_strong,strong,0.08228,1242,false,false,False,unified-v1
cam0,1343,1242,1.00,uncalibrated_strong,accepted_strong,strong,0.08228,1242,false,false,False,unified-v1
cam0,1344,1243,1.00,uncalibrated_strong,accepted_strong,strong,0.08228,1243,true,true,False,unified-v1
cam0,1345,1244,1.00,uncalibrated_strong,accepted_strong,strong,0.08228,1244,false,false,False,unified-v1
cam0,1346,1244,1.00,uncalibrated_strong,accepted_strong,strong,0.08228,1244,false,false,False,unified-v1
cam0,1347,1245,1.00,uncalibrated_strong,accepted_strong,strong,0.08228,1245,false,false,False,unified-v1
cam0,1348,1246,1.00,uncalibrated_strong,accepted_strong,strong,0.08228,1246,false,false,False,unified-v1
cam0,1349,1248,1.00,uncalibrated_strong,accepted_strong,strong,0.08285,1248,false,false,False,unified-v1
cam0,1350,1249,1.00,uncalibrated_strong,accepted_strong,strong,0.08285,1249,false,false,False,unified-v1
cam0,1351,1250,1.00,uncalibrated_strong,accepted_strong,strong,0.08285,1250,false,false,False,unified-v1
cam0,1352,1250,1.00,uncalibrated_strong,accepted_strong,strong,0.08285,1250,false,false,False,unified-v1
cam0,1353,1251,1.00,uncalibrated_strong,accepted_strong,strong,0.08285,1251,false,false,False,unified-v1
cam0,1354,1252,1.00,uncalibrated_strong,accepted_strong,strong,0.08285,1252,false,false,False,unified-v1
cam0,1355,1253,1.00,uncalibrated_strong,accepted_strong,strong,0.08285,1253,false,false,False,unified-v1
cam0,1356,1254,1.00,uncalibrated_strong,accepted_strong,strong,0.08285,1254,true,true,False,unified-v1
cam0,1357,1255,1.00,uncalibrated_strong,accepted_strong,strong,0.08405,1255,false,false,False,unified-v1
cam0,1358,1257,1.00,uncalibrated_strong,accepted_strong,strong,0.08405,1257,false,false,False,unified-v1
cam0,1359,1257,1.00,uncalibrated_strong,accepted_strong,strong,0.08405,1257,false,false,False,unified-v1
cam0,1360,1258,1.00,uncalibrated_strong,accepted_strong,strong,0.08405,1258,false,false,False,unified-v1
cam0,1361,1259,1.00,uncalibrated_strong,accepted_strong,strong,0.08405,1259,false,false,False,unified-v1
cam0,1362,1262,1.00,uncalibrated_strong,accepted_strong,strong,0.08405,1262,false,false,False,unified-v1
cam0,1363,1262,1.00,uncalibrated_strong,accepted_strong,strong,0.08342,1262,false,false,False,unified-v1
cam0,1364,1264,1.00,uncalibrated_strong,accepted_strong,strong,0.08342,1264,false,false,False,unified-v1
cam0,1365,1271,1.00,uncalibrated_strong,accepted_strong,strong,0.08342,1271,false,false,False,unified-v1
cam0,1366,1272,1.00,uncalibrated_strong,accepted_strong,strong,0.08342,1272,false,false,False,unified-v1
cam0,1367,1272,1.00,uncalibrated_strong,accepted_strong,strong,0.08472,1272,false,false,False,unified-v1
cam0,1368,1273,1.00,uncalibrated_strong,accepted_strong,strong,0.08472,1273,true,false,False,unified-v1
cam0,1369,1273,1.00,uncalibrated_strong,accepted_strong,strong,0.08472,1273,false,false,False,unified-v1
cam0,1370,1274,1.00,uncalibrated_strong,accepted_strong,strong,0.08472,1274,false,false,False,unified-v1
cam0,1371,1274,1.00,uncalibrated_strong,accepted_strong,strong,0.0849,1274,false,false,False,unified-v1
cam0,1372,1275,1.00,uncalibrated_strong,accepted_strong,strong,0.0849,1275,false,false,False,unified-v1
cam0,1373,1275,1.00,uncalibrated_strong,accepted_strong,strong,0.0849,1275,false,false,False,unified-v1
cam0,1374,1276,1.00,uncalibrated_strong,accepted_strong,strong,0.0849,1276,false,false,False,unified-v1
cam0,1375,1276,1.00,uncalibrated_strong,accepted_strong,strong,0.07946,1276,false,false,False,unified-v1
cam0,1376,1276,1.00,uncalibrated_strong,accepted_strong,strong,0.07946,1276,false,false,False,unified-v1
cam0,1377,1276,1.00,uncalibrated_strong,accepted_strong,strong,0.07946,1276,false,false,False,unified-v1
cam0,1378,1276,1.00,uncalibrated_strong,accepted_strong,strong,0.07946,1276,false,false,False,unified-v1
cam0,1379,1277,1.00,uncalibrated_strong,accepted_strong,strong,0.079,1277,false,false,False,unified-v1
cam0,1380,1278,1.00,uncalibrated_strong,accepted_strong,strong,0.079,1278,true,false,False,unified-v1
cam0,1381,1278,1.00,uncalibrated_strong,accepted_strong,strong,0.079,1278,false,false,False,unified-v1
cam0,1382,1279,1.00,uncalibrated_strong,accepted_strong,strong,0.079,1279,false,false,False,unified-v1
cam0,1383,1283,1.00,uncalibrated_strong,accepted_strong,strong,0.079,1283,false,false,False,unified-v1
cam0,1384,1288,1.00,uncalibrated_strong,accepted_strong,strong,0.079,1288,false,false,False,unified-v1
cam0,1385,1289,1.00,uncalibrated_strong,accepted_strong,strong,0.07745,1289,false,false,False,unified-v1
cam0,1386,1289,1.00,uncalibrated_strong,accepted_strong,strong,0.07745,1289,false,false,False,unified-v1
cam0,1387,1289,1.00,uncalibrated_strong,accepted_strong,strong,0.07745,1289,false,false,False,unified-v1
cam0,1388,1289,1.00,uncalibrated_strong,accepted_strong,strong,0.07745,1289,false,false,False,unified-v1
cam0,1389,1289,1.00,uncalibrated_strong,accepted_strong,strong,0.07745,1289,false,false,False,unified-v1
cam0,1390,1290,1.00,uncalibrated_strong,accepted_strong,strong,0.07745,1290,false,false,False,unified-v1
cam0,1391,1290,1.00,uncalibrated_strong,accepted_strong,strong,0.07598,1290,false,false,False,unified-v1
cam0,1392,1290,1.00,uncalibrated_strong,accepted_strong,strong,0.07598,1290,true,true,False,unified-v1
cam0,1393,1292,1.00,uncalibrated_strong,accepted_strong,strong,0.07598,1292,false,false,False,unified-v1
cam0,1394,1293,1.00,uncalibrated_strong,accepted_strong,strong,0.07598,1293,false,false,False,unified-v1
cam0,1395,1293,1.00,uncalibrated_strong,accepted_strong,strong,0.07418,1293,false,false,False,unified-v1
cam0,1396,1294,1.00,uncalibrated_strong,accepted_strong,strong,0.07418,1294,false,false,False,unified-v1
cam0,1397,1296,1.00,uncalibrated_strong,accepted_strong,strong,0.07418,1296,false,false,False,unified-v1
cam0,1398,1296,1.00,uncalibrated_strong,accepted_strong,strong,0.07418,1296,false,false,False,unified-v1
cam0,1399,1297,1.00,uncalibrated_strong,accepted_strong,strong,0.07345,1297,false,false,False,unified-v1
cam0,1400,1299,1.00,uncalibrated_strong,accepted_strong,strong,0.07345,1299,false,false,False,unified-v1
cam0,1401,1299,1.00,uncalibrated_strong,accepted_strong,strong,0.07345,1299,false,false,False,unified-v1
cam0,1402,1301,1.00,uncalibrated_strong,accepted_strong,strong,0.07345,1301,false,false,False,unified-v1
cam0,1403,1302,1.00,uncalibrated_strong,accepted_strong,strong,0.07345,1302,false,false,False,unified-v1
cam0,1404,1302,1.00,uncalibrated_strong,accepted_strong,strong,0.07345,1302,true,true,False,unified-v1
cam0,1405,1304,1.00,uncalibrated_strong,accepted_strong,strong,0.07273,1304,false,false,False,unified-v1
cam0,1406,1306,1.00,uncalibrated_strong,accepted_strong,strong,0.07273,1306,false,false,False,unified-v1
cam0,1407,1306,1.00,uncalibrated_strong,accepted_strong,strong,0.07273,1306,false,false,False,unified-v1
cam0,1408,1307,1.00,uncalibrated_strong,accepted_strong,strong,0.07273,1307,false,false,False,unified-v1
cam0,1409,1309,1.00,uncalibrated_strong,accepted_strong,strong,0.07273,1309,false,false,False,unified-v1
cam0,1410,1310,1.00,uncalibrated_strong,accepted_strong,strong,0.07273,1310,false,false,False,unified-v1
cam0,1411,1311,1.00,uncalibrated_strong,accepted_strong,strong,0.0728,1311,false,false,False,unified-v1
cam0,1412,1312,1.00,uncalibrated_strong,accepted_strong,strong,0.0728,1312,false,false,False,unified-v1
cam0,1413,1312,1.00,uncalibrated_strong,accepted_strong,strong,0.0728,1312,false,false,False,unified-v1
cam0,1414,1314,1.00,uncalibrated_strong,accepted_strong,strong,0.0728,1314,false,false,False,unified-v1
cam0,1415,1314,1.00,uncalibrated_strong,accepted_strong,strong,0.07189,1314,false,false,False,unified-v1
cam0,1416,1314,1.00,uncalibrated_strong,accepted_strong,strong,0.07189,1314,true,true,False,unified-v1
cam0,1417,1317,1.00,uncalibrated_strong,accepted_strong,strong,0.07189,1317,false,false,False,unified-v1
cam0,1418,1318,1.00,uncalibrated_strong,accepted_strong,strong,0.07189,1318,false,false,False,unified-v1
cam0,1419,1319,1.00,uncalibrated_strong,accepted_strong,strong,0.07189,1319,false,false,False,unified-v1
cam0,1420,1320,1.00,uncalibrated_strong,accepted_strong,strong,0.07189,1320,false,false,False,unified-v1
cam0,1421,1320,1.00,uncalibrated_strong,accepted_strong,strong,0.07136,1320,false,false,False,unified-v1
cam0,1422,1322,1.00,uncalibrated_strong,accepted_strong,strong,0.07136,1322,false,false,False,unified-v1
cam0,1423,1322,1.00,uncalibrated_strong,accepted_strong,strong,0.07136,1322,false,false,False,unified-v1
cam0,1424,1324,1.00,uncalibrated_strong,accepted_strong,strong,0.07136,1324,false,false,False,unified-v1
cam0,1425,1324,1.00,uncalibrated_strong,accepted_strong,strong,0.07136,1324,false,false,False,unified-v1
cam0,1426,1326,1.00,uncalibrated_strong,accepted_strong,strong,0.07136,1326,false,false,False,unified-v1
cam0,1427,1326,1.00,uncalibrated_strong,accepted_strong,strong,0.07136,1326,false,false,False,unified-v1
cam0,1428,1328,1.00,uncalibrated_strong,accepted_strong,strong,0.07136,1328,true,false,False,unified-v1
cam0,1429,1329,1.00,uncalibrated_strong,accepted_strong,strong,0.0721,1329,false,false,False,unified-v1
cam0,1430,1330,1.00,uncalibrated_strong,accepted_strong,strong,0.0721,1330,false,false,False,unified-v1
cam0,1431,1331,1.00,uncalibrated_strong,accepted_strong,strong,0.0721,1331,false,false,False,unified-v1
cam0,1432,1332,1.00,uncalibrated_strong,accepted_strong,strong,0.0721,1332,false,false,False,unified-v1
cam0,1433,1332,1.00,uncalibrated_strong,accepted_strong,strong,0.0721,1332,false,false,False,unified-v1
cam0,1434,1334,1.00,uncalibrated_strong,accepted_strong,strong,0.0721,1334,false,false,False,unified-v1
cam0,1435,1336,1.00,uncalibrated_strong,accepted_strong,strong,0.0721,1336,false,false,False,unified-v1
cam0,1436,1336,1.00,uncalibrated_strong,accepted_strong,strong,0.0721,1336,false,false,False,unified-v1
cam0,1437,1337,1.00,uncalibrated_strong,accepted_strong,strong,0.07212,1337,false,false,False,unified-v1
cam0,1438,1338,1.00,uncalibrated_strong,accepted_strong,strong,0.07212,1338,false,false,False,unified-v1
cam0,1439,1339,1.00,uncalibrated_strong,accepted_strong,strong,0.07212,1339,false,false,False,unified-v1
cam0,1440,1340,1.00,uncalibrated_strong,accepted_strong,strong,0.07212,1340,true,true,False,unified-v1
cam0,1441,1341,1.00,uncalibrated_strong,accepted_strong,strong,0.07212,1341,false,false,False,unified-v1
cam0,1442,1342,1.00,uncalibrated_strong,accepted_strong,strong,0.07212,1342,false,false,False,unified-v1
cam0,1443,1343,1.00,uncalibrated_strong,accepted_strong,strong,0.07212,1343,false,false,False,unified-v1
cam0,1444,1344,1.00,uncalibrated_strong,accepted_strong,strong,0.07212,1344,false,false,False,unified-v1
cam0,1445,1345,1.00,uncalibrated_strong,accepted_strong,strong,0.07283,1345,false,false,False,unified-v1
cam0,1446,1346,1.00,uncalibrated_strong,accepted_strong,strong,0.07283,1346,false,false,False,unified-v1
cam0,1447,1347,1.00,uncalibrated_strong,accepted_strong,strong,0.07283,1347,false,false,False,unified-v1
cam0,1448,1348,1.00,uncalibrated_strong,accepted_strong,strong,0.07283,1348,false,false,False,unified-v1
cam0,1449,1349,1.00,uncalibrated_strong,accepted_strong,strong,0.07283,1349,false,false,False,unified-v1
cam0,1450,1350,1.00,uncalibrated_strong,accepted_strong,strong,0.07283,1350,false,false,False,unified-v1
cam0,1451,1351,1.00,uncalibrated_strong,accepted_strong,strong,0.07283,1351,false,false,False,unified-v1
cam0,1452,1352,1.00,uncalibrated_strong,accepted_strong,strong,0.07283,1352,true,false,False,unified-v1
cam0,1453,1353,1.00,uncalibrated_strong,accepted_strong,strong,0.07276,1353,false,false,False,unified-v1
cam0,1454,1354,1.00,uncalibrated_strong,accepted_strong,strong,0.07276,1354,false,false,False,unified-v1
cam0,1455,1355,1.00,uncalibrated_strong,accepted_strong,strong,0.07276,1355,false,false,False,unified-v1
cam0,1456,1356,1.00,uncalibrated_strong,accepted_strong,strong,0.07276,1356,false,false,False,unified-v1
cam0,1457,1357,1.00,uncalibrated_strong,accepted_strong,strong,0.07276,1357,false,false,False,unified-v1
cam0,1458,1359,1.00,uncalibrated_strong,accepted_strong,strong,0.07276,1359,false,false,False,unified-v1
cam0,1459,1360,1.00,uncalibrated_strong,accepted_strong,strong,0.07276,1360,false,false,False,unified-v1
cam0,1460,1360,1.00,uncalibrated_strong,accepted_strong,strong,0.07276,1360,false,false,False,unified-v1
cam0,1461,1361,1.00,uncalibrated_strong,accepted_strong,strong,0.0725,1361,false,false,False,unified-v1
cam0,1462,1362,1.00,uncalibrated_strong,accepted_strong,strong,0.0725,1362,false,false,False,unified-v1
cam0,1463,1363,1.00,uncalibrated_strong,accepted_strong,strong,0.0725,1363,false,false,False,unified-v1
cam0,1464,1365,1.00,uncalibrated_strong,accepted_strong,strong,0.0725,1365,true,false,False,unified-v1
cam0,1465,1365,1.00,uncalibrated_strong,accepted_strong,strong,0.0725,1365,false,false,False,unified-v1
cam0,1466,1365,1.00,uncalibrated_strong,accepted_strong,strong,0.0725,1365,false,false,False,unified-v1
cam0,1467,1367,1.00,uncalibrated_strong,accepted_strong,strong,0.0725,1367,false,false,False,unified-v1
cam0,1468,1368,1.00,uncalibrated_strong,accepted_strong,strong,0.0725,1368,false,false,False,unified-v1
cam0,1469,1372,1.00,uncalibrated_strong,accepted_strong,strong,0.07186,1372,false,false,False,unified-v1
cam0,1470,1372,1.00,uncalibrated_strong,accepted_strong,strong,0.07186,1372,false,false,False,unified-v1
cam0,1471,1372,1.00,uncalibrated_strong,accepted_strong,strong,0.07186,1372,false,false,False,unified-v1
cam0,1472,1373,1.00,uncalibrated_strong,accepted_strong,strong,0.07186,1373,false,false,False,unified-v1
cam0,1473,1374,1.00,uncalibrated_strong,accepted_strong,strong,0.07186,1374,false,false,False,unified-v1
cam0,1474,1375,1.00,uncalibrated_strong,accepted_strong,strong,0.07186,1375,false,false,False,unified-v1
cam0,1475,1376,1.00,uncalibrated_strong,accepted_strong,strong,0.07187,1376,false,false,False,unified-v1
cam0,1476,1377,1.00,uncalibrated_strong,accepted_strong,strong,0.07187,1377,true,true,False,unified-v1
cam0,1477,1378,1.00,uncalibrated_strong,accepted_strong,strong,0.07187,1378,false,false,False,unified-v1
cam0,1478,1379,1.00,uncalibrated_strong,accepted_strong,strong,0.07187,1379,false,false,False,unified-v1
cam0,1479,1380,1.00,uncalibrated_strong,accepted_strong,strong,0.07208,1380,false,false,False,unified-v1
cam0,1480,1381,1.00,uncalibrated_strong,accepted_strong,strong,0.07208,1381,false,false,False,unified-v1
cam0,1481,1382,1.00,uncalibrated_strong,accepted_strong,strong,0.07208,1382,false,false,False,unified-v1
cam0,1482,1383,1.00,uncalibrated_strong,accepted_strong,strong,0.07208,1383,false,false,False,unified-v1
cam0,1483,1383,1.00,uncalibrated_strong,accepted_strong,strong,0.07281,1383,false,false,False,unified-v1
cam0,1484,1384,1.00,uncalibrated_strong,accepted_strong,strong,0.07281,1384,false,false,False,unified-v1
cam0,1485,1386,1.00,uncalibrated_strong,accepted_strong,strong,0.07281,1386,false,false,False,unified-v1
cam0,1486,1387,1.00,uncalibrated_strong,accepted_strong,strong,0.07281,1387,false,false,False,unified-v1
cam0,1487,1388,1.00,uncalibrated_strong,accepted_strong,strong,0.0735,1388,false,false,False,unified-v1
cam0,1488,1390,1.00,uncalibrated_strong,accepted_strong,strong,0.0735,1390,true,true,False,unified-v1
cam0,1489,1390,1.00,uncalibrated_strong,accepted_strong,strong,0.0735,1390,false,false,False,unified-v1
cam0,1490,1391,1.00,uncalibrated_strong,accepted_strong,strong,0.0735,1391,false,false,False,unified-v1
cam0,1491,1393,1.00,uncalibrated_strong,accepted_strong,strong,0.0735,1393,false,false,False,unified-v1
cam0,1492,1393,1.00,uncalibrated_strong,accepted_strong,strong,0.0735,1393,false,false,False,unified-v1
cam0,1493,1396,1.00,uncalibrated_strong,accepted_strong,strong,0.07457,1396,false,false,False,unified-v1
cam0,1494,1396,1.00,uncalibrated_strong,accepted_strong,strong,0.07457,1396,false,false,False,unified-v1
cam0,1495,1397,1.00,uncalibrated_strong,accepted_strong,strong,0.07457,1397,false,false,False,unified-v1
cam0,1496,1398,1.00,uncalibrated_strong,accepted_strong,strong,0.07457,1398,false,false,False,unified-v1
cam0,1497,1399,1.00,uncalibrated_strong,accepted_strong,strong,0.07457,1399,false,false,False,unified-v1
cam0,1498,1400,1.00,uncalibrated_strong,accepted_strong,strong,0.07457,1400,false,false,False,unified-v1
cam0,1499,1402,1.00,uncalibrated_strong,accepted_strong,strong,0.07457,1402,false,false,False,unified-v1
cam0,1500,1403,1.00,uncalibrated_strong,accepted_strong,strong,0.07457,1403,true,false,False,unified-v1
cam0,1501,1404,1.00,uncalibrated_strong,accepted_strong,strong,0.07432,1404,false,false,False,unified-v1
cam0,1502,1405,1.00,uncalibrated_strong,accepted_strong,strong,0.07432,1405,false,false,False,unified-v1
cam0,1503,1406,1.00,uncalibrated_strong,accepted_strong,strong,0.07432,1406,false,false,False,unified-v1
cam0,1504,1407,1.00,uncalibrated_strong,accepted_strong,strong,0.07432,1407,false,false,False,unified-v1
cam0,1505,1408,1.00,uncalibrated_strong,accepted_strong,strong,0.07432,1408,false,false,False,unified-v1
cam0,1506,1409,1.00,uncalibrated_strong,accepted_strong,strong,0.07432,1409,false,false,False,unified-v1
cam0,1507,1411,1.00,uncalibrated_strong,accepted_strong,strong,0.07439,1411,false,false,False,unified-v1
cam0,1508,1412,1.00,uncalibrated_strong,accepted_strong,strong,0.07439,1412,false,false,False,unified-v1
cam0,1509,1413,1.00,uncalibrated_strong,accepted_strong,strong,0.07439,1413,false,false,False,unified-v1
cam0,1510,1414,1.00,uncalibrated_strong,accepted_strong,strong,0.07439,1414,false,false,False,unified-v1
cam0,1511,1415,1.00,uncalibrated_strong,accepted_strong,strong,0.07297,1415,false,false,False,unified-v1
cam0,1512,1416,1.00,uncalibrated_strong,accepted_strong,strong,0.07297,1416,true,true,False,unified-v1
cam0,1513,1418,1.00,uncalibrated_strong,accepted_strong,strong,0.07297,1418,false,false,False,unified-v1
cam0,1514,1419,1.00,uncalibrated_strong,accepted_strong,strong,0.07297,1419,false,false,False,unified-v1
cam0,1515,1419,1.00,uncalibrated_strong,accepted_strong,strong,0.07416,1419,false,false,False,unified-v1
cam0,1516,1420,1.00,uncalibrated_strong,accepted_strong,strong,0.07416,1420,false,false,False,unified-v1
cam0,1517,1425,1.00,uncalibrated_strong,accepted_strong,strong,0.07416,1425,false,false,False,unified-v1
cam0,1518,1425,1.00,uncalibrated_strong,accepted_strong,strong,0.07416,1425,false,false,False,unified-v1
cam0,1519,1427,1.00,uncalibrated_strong,accepted_strong,strong,0.07617,1427,false,false,False,unified-v1
cam0,1520,1427,1.00,uncalibrated_strong,accepted_strong,strong,0.07617,1427,false,false,False,unified-v1
cam0,1521,1427,1.00,uncalibrated_strong,accepted_strong,strong,0.07617,1427,false,false,False,unified-v1
cam0,1522,1428,1.00,uncalibrated_strong,accepted_strong,strong,0.07617,1428,false,false,False,unified-v1
cam0,1523,1429,1.00,uncalibrated_strong,accepted_strong,strong,0.07854,1429,false,false,False,unified-v1
cam0,1524,1431,1.00,uncalibrated_strong,accepted_strong,strong,0.07854,1431,true,false,False,unified-v1
cam0,1525,1431,1.00,uncalibrated_strong,accepted_strong,strong,0.07854,1431,false,false,False,unified-v1
cam0,1526,1433,1.00,uncalibrated_strong,accepted_strong,strong,0.07854,1433,false,false,False,unified-v1
cam0,1527,1434,1.00,uncalibrated_strong,accepted_strong,strong,0.0821,1434,false,false,False,unified-v1
cam0,1528,1435,1.00,uncalibrated_strong,accepted_strong,strong,0.0821,1435,false,false,False,unified-v1
cam0,1529,1436,1.00,uncalibrated_strong,accepted_strong,strong,0.0821,1436,false,false,False,unified-v1
cam0,1530,1438,1.00,uncalibrated_strong,accepted_strong,strong,0.0821,1438,false,false,False,unified-v1
cam0,1531,1438,1.00,uncalibrated_strong,accepted_strong,strong,0.08597,1438,false,false,False,unified-v1
cam0,1532,1440,1.00,uncalibrated_strong,accepted_strong,strong,0.08597,1440,false,false,False,unified-v1
cam0,1533,1441,1.00,uncalibrated_strong,accepted_strong,strong,0.08597,1441,false,false,False,unified-v1
cam0,1534,1442,1.00,uncalibrated_strong,accepted_strong,strong,0.08597,1442,false,false,False,unified-v1
cam0,1535,1443,1.00,uncalibrated_strong,accepted_strong,strong,0.08859,1443,false,false,False,unified-v1
cam0,1536,1445,1.00,uncalibrated_strong,accepted_strong,strong,0.08859,1445,true,false,False,unified-v1
cam0,1537,1446,1.00,uncalibrated_strong,accepted_strong,strong,0.08859,1446,false,false,False,unified-v1
cam0,1538,1447,1.00,uncalibrated_strong,accepted_strong,strong,0.08859,1447,false,false,False,unified-v1
cam0,1539,1448,1.00,uncalibrated_strong,accepted_strong,strong,0.08859,1448,false,false,False,unified-v1
cam0,1540,1449,1.00,uncalibrated_strong,accepted_strong,strong,0.08859,1449,false,false,False,unified-v1
cam0,1541,1450,1.00,uncalibrated_strong,accepted_strong,strong,0.09193,1450,false,false,False,unified-v1
cam0,1542,1450,1.00,uncalibrated_strong,accepted_strong,strong,0.09193,1450,false,false,False,unified-v1
cam0,1543,1453,1.00,uncalibrated_strong,accepted_strong,strong,0.09193,1453,false,false,False,unified-v1
cam0,1544,1454,1.00,uncalibrated_strong,accepted_strong,strong,0.09193,1454,false,false,False,unified-v1
cam0,1545,1456,1.00,uncalibrated_strong,accepted_strong,strong,0.09193,1456,false,false,False,unified-v1
cam0,1546,1457,1.00,uncalibrated_strong,accepted_strong,strong,0.09193,1457,false,false,False,unified-v1
cam0,1547,1458,1.00,uncalibrated_strong,accepted_strong,strong,0.09424,1458,false,false,False,unified-v1
cam0,1548,1459,1.00,uncalibrated_strong,accepted_strong,strong,0.09424,1459,true,true,False,unified-v1
cam0,1549,1460,1.00,uncalibrated_strong,accepted_strong,strong,0.09424,1460,false,false,False,unified-v1
cam0,1550,1461,1.00,uncalibrated_strong,accepted_strong,strong,0.09424,1461,false,false,False,unified-v1
cam0,1551,1462,1.00,uncalibrated_strong,accepted_strong,strong,0.09424,1462,false,false,False,unified-v1
cam0,1552,1463,1.00,uncalibrated_strong,accepted_strong,strong,0.09424,1463,false,false,False,unified-v1
cam0,1553,1465,1.00,uncalibrated_strong,accepted_strong,strong,0.09663,1465,false,false,False,unified-v1
cam0,1554,1465,1.00,uncalibrated_strong,accepted_strong,strong,0.09663,1465,false,false,False,unified-v1
cam0,1555,1468,1.00,uncalibrated_strong,accepted_strong,strong,0.09663,1468,false,false,False,unified-v1
cam0,1556,1469,1.00,uncalibrated_strong,accepted_strong,strong,0.09663,1469,false,false,False,unified-v1
cam0,1557,1470,1.00,uncalibrated_strong,accepted_strong,strong,0.09663,1470,false,false,False,unified-v1
cam0,1558,1471,1.00,uncalibrated_strong,accepted_strong,strong,0.09663,1471,false,false,False,unified-v1
cam0,1559,1472,1.00,uncalibrated_strong,accepted_strong,strong,0.09823,1472,false,false,False,unified-v1
cam0,1560,1474,1.00,uncalibrated_strong,accepted_strong,strong,0.09823,1474,true,true,False,unified-v1
cam0,1561,1474,1.00,uncalibrated_strong,accepted_strong,strong,0.09823,1474,false,false,False,unified-v1
cam0,1562,1476,1.00,uncalibrated_strong,accepted_strong,strong,0.09823,1476,false,false,False,unified-v1
cam0,1563,1476,1.00,uncalibrated_strong,accepted_strong,strong,0.09948,1476,false,false,False,unified-v1
cam0,1564,1478,1.00,uncalibrated_strong,accepted_strong,strong,0.09948,1478,false,false,False,unified-v1
cam0,1565,1479,1.00,uncalibrated_strong,accepted_strong,strong,0.09948,1479,false,false,False,unified-v1
cam0,1566,1480,1.00,uncalibrated_strong,accepted_strong,strong,0.09948,1480,false,false,False,unified-v1
cam0,1567,1488,1.00,uncalibrated_strong,accepted_strong,strong,0.0994,1488,false,false,False,unified-v1
cam0,1568,1490,1.00,uncalibrated_strong,accepted_strong,strong,0.0994,1490,false,false,False,unified-v1
cam0,1569,1491,1.00,uncalibrated_strong,accepted_strong,strong,0.0994,1491,false,false,False,unified-v1
cam0,1570,1492,1.00,uncalibrated_strong,accepted_strong,strong,0.0994,1492,false,false,False,unified-v1
cam0,1571,1492,1.00,uncalibrated_strong,accepted_strong,strong,0.10284,1492,false,false,False,unified-v1
cam0,1572,1492,1.00,uncalibrated_strong,accepted_strong,strong,0.10284,1492,true,false,False,unified-v1
cam0,1573,1492,1.00,uncalibrated_strong,accepted_strong,strong,0.10284,1492,false,false,False,unified-v1
cam0,1574,1493,1.00,uncalibrated_strong,accepted_strong,strong,0.10284,1493,false,false,False,unified-v1
cam0,1575,1493,1.00,uncalibrated_strong,accepted_strong,strong,0.10284,1493,false,false,False,unified-v1
cam0,1576,1493,1.00,uncalibrated_strong,accepted_strong,strong,0.10284,1493,false,false,False,unified-v1
cam0,1577,1493,1.00,uncalibrated_strong,accepted_strong,strong,0.10633,1493,false,false,False,unified-v1
cam0,1578,1494,1.00,uncalibrated_strong,accepted_strong,strong,0.10633,1494,false,false,False,unified-v1
cam0,1579,1495,1.00,uncalibrated_strong,accepted_strong,strong,0.10633,1495,false,false,False,unified-v1
cam0,1580,1496,1.00,uncalibrated_strong,accepted_strong,strong,0.10633,1496,false,false,False,unified-v1
cam0,1581,1498,1.00,uncalibrated_strong,accepted_strong,strong,0.10633,1498,false,false,False,unified-v1
cam0,1582,1500,1.00,uncalibrated_strong,accepted_strong,strong,0.10633,1500,false,false,False,unified-v1
cam0,1583,1500,1.00,uncalibrated_strong,accepted_strong,strong,0.10694,1500,false,false,False,unified-v1
cam0,1584,1509,1.00,uncalibrated_strong,accepted_strong,strong,0.10694,1509,true,false,False,unified-v1
cam0,1585,1509,1.00,uncalibrated_strong,accepted_strong,strong,0.10694,1509,false,false,False,unified-v1
cam0,1586,1509,1.00,uncalibrated_strong,accepted_strong,strong,0.10694,1509,false,false,False,unified-v1
cam0,1587,1511,1.00,uncalibrated_strong,accepted_strong,strong,0.10694,1511,false,false,False,unified-v1
cam0,1588,1514,1.00,uncalibrated_strong,accepted_strong,strong,0.10694,1514,false,false,False,unified-v1
cam0,1589,1515,1.00,uncalibrated_strong,accepted_strong,strong,0.10839,1515,false,false,False,unified-v1
cam0,1590,1516,1.00,uncalibrated_strong,accepted_strong,strong,0.10839,1516,false,false,False,unified-v1
cam0,1591,1517,1.00,uncalibrated_strong,accepted_strong,strong,0.10839,1517,false,false,False,unified-v1
cam0,1592,1518,1.00,uncalibrated_strong,accepted_strong,strong,0.10839,1518,false,false,False,unified-v1
cam0,1593,1519,1.00,uncalibrated_strong,accepted_strong,strong,0.10839,1519,false,false,False,unified-v1
cam0,1594,1519,1.00,uncalibrated_strong,accepted_strong,strong,0.10839,1519,false,false,False,unified-v1
cam0,1595,1519,1.00,uncalibrated_strong,accepted_strong,strong,0.11144,1519,false,false,False,unified-v1
cam0,1596,1519,1.00,uncalibrated_strong,accepted_strong,strong,0.11144,1519,true,false,False,unified-v1
cam0,1597,1520,1.00,uncalibrated_strong,accepted_strong,strong,0.11144,1520,false,false,False,unified-v1
cam0,1598,1520,1.00,uncalibrated_strong,accepted_strong,strong,0.11144,1520,false,false,False,unified-v1
cam0,1599,1520,1.00,uncalibrated_strong,accepted_strong,strong,0.11368,1520,false,false,False,unified-v1
cam0,1600,1520,1.00,uncalibrated_strong,accepted_strong,strong,0.11368,1520,false,false,False,unified-v1
cam0,1601,1520,1.00,uncalibrated_strong,accepted_strong,strong,0.11368,1520,false,false,False,unified-v1
cam0,1602,1520,1.00,uncalibrated_strong,accepted_strong,strong,0.11368,1520,false,false,False,unified-v1
cam0,1603,1529,1.00,uncalibrated_strong,accepted_strong,strong,0.11368,1529,false,false,False,unified-v1
cam0,1604,1529,1.00,uncalibrated_strong,accepted_strong,strong,0.11368,1529,false,false,False,unified-v1
cam0,1605,1529,1.00,uncalibrated_strong,accepted_strong,strong,0.11259,1529,false,false,False,unified-v1
cam0,1606,1529,1.00,uncalibrated_strong,accepted_strong,strong,0.11259,1529,false,false,False,unified-v1
cam0,1607,1529,1.00,uncalibrated_strong,accepted_strong,strong,0.11259,1529,false,false,False,unified-v1
cam0,1608,1529,1.00,uncalibrated_strong,accepted_strong,strong,0.11259,1529,true,false,False,unified-v1
cam0,1609,1529,1.00,uncalibrated_strong,accepted_strong,strong,0.11259,1529,false,false,False,unified-v1
cam0,1610,1529,1.00,uncalibrated_strong,accepted_strong,strong,0.11259,1529,false,false,False,unified-v1
cam0,1611,1529,1.00,uncalibrated_strong,accepted_strong,strong,0.11342,1529,false,false,False,unified-v1
cam0,1612,1542,1.00,uncalibrated_strong,accepted_strong,strong,0.11342,1542,false,false,False,unified-v1
cam0,1613,1543,1.00,uncalibrated_strong,accepted_strong,strong,0.11342,1543,false,false,False,unified-v1
cam0,1614,1543,1.00,uncalibrated_strong,accepted_strong,strong,0.11342,1543,false,false,False,unified-v1
cam0,1615,1543,1.00,uncalibrated_strong,accepted_strong,strong,0.11342,1543,false,false,False,unified-v1
cam0,1616,1546,1.00,uncalibrated_strong,accepted_strong,strong,0.11342,1546,false,false,False,unified-v1
cam0,1617,1546,1.00,uncalibrated_strong,accepted_strong,strong,0.11553,1546,false,false,False,unified-v1
cam0,1618,1547,1.00,uncalibrated_strong,accepted_strong,strong,0.11553,1547,false,false,False,unified-v1
cam0,1619,1547,1.00,uncalibrated_strong,accepted_strong,strong,0.11553,1547,false,false,False,unified-v1
cam0,1620,1547,1.00,uncalibrated_strong,accepted_strong,strong,0.11553,1547,true,false,False,unified-v1
cam0,1621,1548,1.00,uncalibrated_strong,accepted_strong,strong,0.11553,1548,false,false,False,unified-v1
cam0,1622,1548,1.00,uncalibrated_strong,accepted_strong,strong,0.11553,1548,false,false,False,unified-v1
cam0,1623,1548,1.00,uncalibrated_strong,accepted_strong,strong,0.11733,1548,false,false,False,unified-v1
cam0,1624,1549,1.00,uncalibrated_strong,accepted_strong,strong,0.11733,1549,false,false,False,unified-v1
cam0,1625,1549,1.00,uncalibrated_strong,accepted_strong,strong,0.11733,1549,false,false,False,unified-v1
cam0,1626,1550,1.00,uncalibrated_strong,accepted_strong,strong,0.11733,1550,false,false,False,unified-v1
cam0,1627,1554,1.00,uncalibrated_strong,accepted_strong,strong,0.12147,1554,false,false,False,unified-v1
cam0,1628,1554,1.00,uncalibrated_strong,accepted_strong,strong,0.12147,1554,false,false,False,unified-v1
cam0,1629,1554,1.00,uncalibrated_strong,accepted_strong,strong,0.12147,1554,false,false,False,unified-v1
cam0,1630,1554,1.00,uncalibrated_strong,accepted_strong,strong,0.12147,1554,false,false,False,unified-v1
cam0,1631,1554,1.00,uncalibrated_strong,accepted_strong,strong,0.12147,1554,false,false,False,unified-v1
cam0,1632,1554,1.00,uncalibrated_strong,accepted_strong,strong,0.12147,1554,true,false,False,unified-v1
cam0,1633,1554,1.00,uncalibrated_strong,accepted_strong,strong,0.11695,1554,false,false,False,unified-v1
cam0,1634,1554,1.00,uncalibrated_strong,accepted_strong,strong,0.11695,1554,false,false,False,unified-v1
cam0,1635,1554,1.00,uncalibrated_strong,accepted_strong,strong,0.11695,1554,false,false,False,unified-v1
cam0,1636,1554,1.00,uncalibrated_strong,accepted_strong,strong,0.11695,1554,false,false,False,unified-v1
cam0,1637,1554,1.00,uncalibrated_strong,accepted_strong,strong,0.11695,1554,false,false,False,unified-v1
cam0,1638,1554,1.00,uncalibrated_strong,accepted_strong,strong,0.11695,1554,false,false,False,unified-v1
cam0,1639,1565,1.00,uncalibrated_strong,accepted_strong,strong,0.11695,1565,false,false,False,unified-v1
cam0,1640,1565,1.00,uncalibrated_strong,accepted_strong,strong,0.11695,1565,false,false,False,unified-v1
cam0,1641,1565,1.00,uncalibrated_strong,accepted_strong,strong,0.11391,1565,false,false,False,unified-v1
cam0,1642,1565,1.00,uncalibrated_strong,accepted_strong,strong,0.11391,1565,false,false,False,unified-v1
cam0,1643,1565,1.00,uncalibrated_strong,accepted_strong,strong,0.11391,1565,false,false,False,unified-v1
cam0,1644,1573,1.00,uncalibrated_strong,accepted_strong,strong,0.11391,1573,true,false,False,unified-v1
cam0,1645,1574,1.00,uncalibrated_strong,accepted_strong,strong,0.11391,1574,false,false,False,unified-v1
cam0,1646,1574,1.00,uncalibrated_strong,accepted_strong,strong,0.11391,1574,false,false,False,unified-v1
cam0,1647,1574,1.00,uncalibrated_strong,accepted_strong,strong,0.11157,1574,false,false,False,unified-v1
cam0,1648,1574,1.00,uncalibrated_strong,accepted_strong,strong,0.11157,1574,false,false,False,unified-v1
cam0,1649,1574,1.00,uncalibrated_strong,accepted_strong,strong,0.11157,1574,false,false,False,unified-v1
cam0,1650,1574,1.00,uncalibrated_strong,accepted_strong,strong,0.11157,1574,false,false,False,unified-v1
cam0,1651,1574,1.00,uncalibrated_strong,accepted_strong,strong,0.11157,1574,false,false,False,unified-v1
cam0,1652,1578,1.00,uncalibrated_strong,accepted_strong,strong,0.11157,1578,false,false,False,unified-v1
cam0,1653,1579,1.00,uncalibrated_strong,accepted_strong,strong,0.11157,1579,false,false,False,unified-v1
cam0,1654,1579,1.00,uncalibrated_strong,accepted_strong,strong,0.11157,1579,false,false,False,unified-v1
cam0,1655,1579,1.00,uncalibrated_strong,accepted_strong,strong,0.11035,1579,false,false,False,unified-v1
cam0,1656,1579,1.00,uncalibrated_strong,accepted_strong,strong,0.11035,1579,true,false,False,unified-v1
cam0,1657,1580,1.00,uncalibrated_strong,accepted_strong,strong,0.11035,1580,false,false,False,unified-v1
cam0,1658,1580,1.00,uncalibrated_strong,accepted_strong,strong,0.11035,1580,false,false,False,unified-v1
cam0,1659,1580,1.00,uncalibrated_strong,accepted_strong,strong,0.11035,1580,false,false,False,unified-v1
cam0,1660,1580,1.00,uncalibrated_strong,accepted_strong,strong,0.11035,1580,false,false,False,unified-v1
cam0,1661,1586,1.00,uncalibrated_strong,accepted_strong,strong,0.11035,1586,false,false,False,unified-v1
cam0,1662,1586,1.00,uncalibrated_strong,accepted_strong,strong,0.11035,1586,false,false,False,unified-v1
cam0,1663,1588,1.00,uncalibrated_strong,accepted_strong,strong,0.10631,1588,false,false,False,unified-v1
cam0,1664,1596,1.00,uncalibrated_strong,accepted_strong,strong,0.10631,1596,false,false,False,unified-v1
cam0,1665,1597,1.00,uncalibrated_strong,accepted_strong,strong,0.10631,1597,false,false,False,unified-v1
cam0,1666,1597,1.00,uncalibrated_strong,accepted_strong,strong,0.10631,1597,false,false,False,unified-v1
cam0,1667,1598,1.00,uncalibrated_strong,accepted_strong,strong,0.10202,1598,false,false,False,unified-v1
cam0,1668,1598,1.00,uncalibrated_strong,accepted_strong,strong,0.10202,1598,true,false,False,unified-v1
cam0,1669,1598,1.00,uncalibrated_strong,accepted_strong,strong,0.10202,1598,false,false,False,unified-v1
cam0,1670,1599,1.00,uncalibrated_strong,accepted_strong,strong,0.10202,1599,false,false,False,unified-v1
cam0,1671,1599,1.00,uncalibrated_strong,accepted_strong,strong,0.10202,1599,false,false,False,unified-v1
cam0,1672,1599,1.00,uncalibrated_strong,accepted_strong,strong,0.10202,1599,false,false,False,unified-v1
cam0,1673,1599,1.00,uncalibrated_strong,accepted_strong,strong,0.09937,1599,false,false,False,unified-v1
cam0,1674,1599,1.00,uncalibrated_strong,accepted_strong,strong,0.09937,1599,false,false,False,unified-v1
cam0,1675,1609,1.00,uncalibrated_strong,accepted_strong,strong,0.09937,1609,false,false,False,unified-v1
cam0,1676,1609,1.00,uncalibrated_strong,accepted_strong,strong,0.09937,1609,false,false,False,unified-v1
cam0,1677,1611,1.00,uncalibrated_strong,accepted_strong,strong,0.09937,1611,false,false,False,unified-v1
cam0,1678,1611,1.00,uncalibrated_strong,accepted_strong,strong,0.09937,1611,false,false,False,unified-v1
cam0,1679,1611,1.00,uncalibrated_strong,accepted_strong,strong,0.09929,1611,false,false,False,unified-v1
cam0,1680,1611,1.00,uncalibrated_strong,accepted_strong,strong,0.09929,1611,true,false,False,unified-v1
cam0,1681,1611,1.00,uncalibrated_strong,accepted_strong,strong,0.09929,1611,false,false,False,unified-v1
cam0,1682,1611,1.00,uncalibrated_strong,accepted_strong,strong,0.09929,1611,false,false,False,unified-v1
cam0,1683,1617,1.00,uncalibrated_strong,accepted_strong,strong,0.10202,1617,false,false,False,unified-v1
cam0,1684,1617,1.00,uncalibrated_strong,accepted_strong,strong,0.10202,1617,false,false,False,unified-v1
cam0,1685,1617,1.00,uncalibrated_strong,accepted_strong,strong,0.10202,1617,false,false,False,unified-v1
cam0,1686,1618,1.00,uncalibrated_strong,accepted_strong,strong,0.10202,1618,false,false,False,unified-v1
cam0,1687,1620,1.00,uncalibrated_strong,accepted_strong,strong,0.10202,1620,false,false,False,unified-v1
cam0,1688,1620,1.00,uncalibrated_strong,accepted_strong,strong,0.10202,1620,false,false,False,unified-v1
cam0,1689,1621,1.00,uncalibrated_strong,accepted_strong,strong,0.10103,1621,false,false,False,unified-v1
cam0,1690,1621,1.00,uncalibrated_strong,accepted_strong,strong,0.10103,1621,false,false,False,unified-v1
cam0,1691,1621,1.00,uncalibrated_strong,accepted_strong,strong,0.10103,1621,false,false,False,unified-v1
cam0,1692,1624,1.00,uncalibrated_strong,accepted_strong,strong,0.10103,1624,true,false,False,unified-v1
cam0,1693,1627,1.00,uncalibrated_strong,accepted_strong,strong,0.10103,1627,false,false,False,unified-v1
cam0,1694,1628,1.00,uncalibrated_strong,accepted_strong,strong,0.10103,1628,false,false,False,unified-v1
cam0,1695,1628,1.00,uncalibrated_strong,accepted_strong,strong,0.10143,1628,false,false,False,unified-v1
cam0,1696,1628,1.00,uncalibrated_strong,accepted_strong,strong,0.10143,1628,false,false,False,unified-v1
cam0,1697,1628,1.00,uncalibrated_strong,accepted_strong,strong,0.10143,1628,false,false,False,unified-v1
cam0,1698,1631,1.00,uncalibrated_strong,accepted_strong,strong,0.10143,1631,false,false,False,unified-v1
cam0,1699,1632,1.00,uncalibrated_strong,accepted_strong,strong,0.1023,1632,false,false,False,unified-v1
cam0,1700,1633,1.00,uncalibrated_strong,accepted_strong,strong,0.1023,1633,false,false,False,unified-v1
cam0,1701,1634,1.00,uncalibrated_strong,accepted_strong,strong,0.1023,1634,false,false,False,unified-v1
cam0,1702,1637,1.00,uncalibrated_strong,accepted_strong,strong,0.1023,1637,false,false,False,unified-v1
cam0,1703,1637,1.00,uncalibrated_strong,accepted_strong,strong,0.1023,1637,false,false,False,unified-v1
cam0,1704,1637,1.00,uncalibrated_strong,accepted_strong,strong,0.1023,1637,true,true,False,unified-v1
cam0,1705,1637,1.00,uncalibrated_strong,accepted_strong,strong,0.10241,1637,false,false,False,unified-v1
cam0,1706,1639,1.00,uncalibrated_strong,accepted_strong,strong,0.10241,1639,false,false,False,unified-v1
cam0,1707,1639,1.00,uncalibrated_strong,accepted_strong,strong,0.10241,1639,false,false,False,unified-v1
cam0,1708,1640,1.00,uncalibrated_strong,accepted_strong,strong,0.10241,1640,false,false,False,unified-v1
cam0,1709,1643,1.00,uncalibrated_strong,accepted_strong,strong,0.10241,1643,false,false,False,unified-v1
cam0,1710,1644,1.00,uncalibrated_strong,accepted_strong,strong,0.10241,1644,false,false,False,unified-v1
cam0,1711,1644,1.00,uncalibrated_strong,accepted_strong,strong,0.10425,1644,false,false,False,unified-v1
cam0,1712,1646,1.00,uncalibrated_strong,accepted_strong,strong,0.10425,1646,false,false,False,unified-v1
cam0,1713,1646,1.00,uncalibrated_strong,accepted_strong,strong,0.10425,1646,false,false,False,unified-v1
cam0,1714,1648,1.00,uncalibrated_strong,accepted_strong,strong,0.10425,1648,false,false,False,unified-v1
cam0,1715,1649,1.00,uncalibrated_strong,accepted_strong,strong,0.10527,1649,false,false,False,unified-v1
cam0,1716,1650,1.00,uncalibrated_strong,accepted_strong,strong,0.10527,1650,true,true,False,unified-v1
cam0,1717,1651,1.00,uncalibrated_strong,accepted_strong,strong,0.10527,1651,false,false,False,unified-v1
cam0,1718,1653,1.00,uncalibrated_strong,accepted_strong,strong,0.10527,1653,false,false,False,unified-v1
cam0,1719,1654,1.00,uncalibrated_strong,accepted_strong,strong,0.10527,1654,false,false,False,unified-v1
cam0,1720,1655,1.00,uncalibrated_strong,accepted_strong,strong,0.10527,1655,false,false,False,unified-v1
cam0,1721,1656,1.00,uncalibrated_strong,accepted_strong,strong,0.1058,1656,false,false,False,unified-v1
cam0,1722,1658,1.00,uncalibrated_strong,accepted_strong,strong,0.1058,1658,false,false,False,unified-v1
cam0,1723,1658,1.00,uncalibrated_strong,accepted_strong,strong,0.1058,1658,false,false,False,unified-v1
cam0,1724,1659,1.00,uncalibrated_strong,accepted_strong,strong,0.1058,1659,false,false,False,unified-v1
cam0,1725,1660,1.00,uncalibrated_strong,accepted_strong,strong,0.1058,1660,false,false,False,unified-v1
cam0,1726,1662,1.00,uncalibrated_strong,accepted_strong,strong,0.1058,1662,false,false,False,unified-v1
cam0,1727,1662,1.00,uncalibrated_strong,accepted_strong,strong,0.10691,1662,false,false,False,unified-v1
cam0,1728,1664,1.00,uncalibrated_strong,accepted_strong,strong,0.10691,1664,true,true,False,unified-v1
cam0,1729,1665,1.00,uncalibrated_strong,accepted_strong,strong,0.10691,1665,false,false,False,unified-v1
cam0,1730,1667,1.00,uncalibrated_strong,accepted_strong,strong,0.10691,1667,false,false,False,unified-v1
cam0,1731,1669,1.00,uncalibrated_strong,accepted_strong,strong,0.10691,1669,false,false,False,unified-v1
cam0,1732,1669,1.00,uncalibrated_strong,accepted_strong,strong,0.10691,1669,false,false,False,unified-v1
cam0,1733,1670,1.00,uncalibrated_strong,accepted_strong,strong,0.11045,1670,false,false,False,unified-v1
cam0,1734,1671,1.00,uncalibrated_strong,accepted_strong,strong,0.11045,1671,false,false,False,unified-v1
cam0,1735,1672,1.00,uncalibrated_strong,accepted_strong,strong,0.11045,1672,false,false,False,unified-v1
cam0,1736,1674,1.00,uncalibrated_strong,accepted_strong,strong,0.11045,1674,false,false,False,unified-v1
cam0,1737,1675,1.00,uncalibrated_strong,accepted_strong,strong,0.11045,1675,false,false,False,unified-v1
cam0,1738,1676,1.00,uncalibrated_strong,accepted_strong,strong,0.11045,1676,false,false,False,unified-v1
cam0,1739,1677,1.00,uncalibrated_strong,accepted_strong,strong,0.10977,1677,false,false,False,unified-v1
cam0,1740,1678,1.00,uncalibrated_strong,accepted_strong,strong,0.10977,1678,true,true,False,unified-v1
cam0,1741,1679,1.00,uncalibrated_strong,accepted_strong,strong,0.10977,1679,false,false,False,unified-v1
cam0,1742,1681,1.00,uncalibrated_strong,accepted_strong,strong,0.10977,1681,false,false,False,unified-v1
cam0,1743,1682,1.00,uncalibrated_strong,accepted_strong,strong,0.10698,1682,false,false,False,unified-v1
cam0,1744,1683,1.00,uncalibrated_strong,accepted_strong,strong,0.10698,1683,false,false,False,unified-v1
cam0,1745,1684,1.00,uncalibrated_strong,accepted_strong,strong,0.10698,1684,false,false,False,unified-v1
cam0,1746,1685,1.00,uncalibrated_strong,accepted_strong,strong,0.10698,1685,false,false,False,unified-v1
cam0,1747,1686,1.00,uncalibrated_strong,accepted_strong,strong,0.10698,1686,false,false,False,unified-v1
cam0,1748,1688,1.00,uncalibrated_strong,accepted_strong,strong,0.10698,1688,false,false,False,unified-v1
cam0,1749,1689,1.00,uncalibrated_strong,accepted_strong,strong,0.1021,1689,false,false,False,unified-v1
cam0,1750,1690,1.00,uncalibrated_strong,accepted_strong,strong,0.1021,1690,false,false,False,unified-v1
cam0,1751,1691,1.00,uncalibrated_strong,accepted_strong,strong,0.1021,1691,false,false,False,unified-v1
cam0,1752,1692,1.00,uncalibrated_strong,accepted_strong,strong,0.1021,1692,true,true,False,unified-v1
cam0,1753,1693,1.00,uncalibrated_strong,accepted_strong,strong,0.1021,1693,false,false,False,unified-v1
cam0,1754,1695,1.00,uncalibrated_strong,accepted_strong,strong,0.1021,1695,false,false,False,unified-v1
cam0,1755,1696,1.00,uncalibrated_strong,accepted_strong,strong,0.09902,1696,false,false,False,unified-v1
cam0,1756,1697,1.00,uncalibrated_strong,accepted_strong,strong,0.09902,1697,false,false,False,unified-v1
cam0,1757,1698,1.00,uncalibrated_strong,accepted_strong,strong,0.09902,1698,false,false,False,unified-v1
cam0,1758,1699,1.00,uncalibrated_strong,accepted_strong,strong,0.09902,1699,false,false,False,unified-v1
cam0,1759,1700,0.67,uncalibrated_sequence_supported,accepted_sequence_supported,supported,0.09596,1700,false,false,False,unified-v1
cam0,1760,1701,0.67,uncalibrated_sequence_supported,accepted_sequence_supported,supported,0.09596,1701,false,false,False,unified-v1
cam0,1761,1703,0.67,uncalibrated_sequence_supported,accepted_sequence_supported,supported,0.09596,1703,false,false,False,unified-v1
cam0,1762,1704,0.67,uncalibrated_sequence_supported,accepted_sequence_supported,supported,0.09596,1704,false,false,False,unified-v1
cam0,1763,1705,0.67,uncalibrated_sequence_supported,accepted_sequence_supported,supported,0.09155,1705,false,false,False,unified-v1
cam0,1764,1706,0.67,uncalibrated_sequence_supported,accepted_sequence_supported,supported,0.09155,1706,true,true,False,unified-v1
cam0,1765,1707,0.67,uncalibrated_sequence_supported,accepted_sequence_supported,supported,0.09155,1707,false,false,False,unified-v1
cam0,1766,1708,0.67,uncalibrated_sequence_supported,accepted_sequence_supported,supported,0.09155,1708,false,false,False,unified-v1
cam0,1767,1709,0.67,uncalibrated_sequence_supported,accepted_sequence_supported,supported,0.0901,1709,false,false,False,unified-v1
cam0,1768,1711,0.67,uncalibrated_sequence_supported,accepted_sequence_supported,supported,0.0901,1711,false,false,False,unified-v1
cam0,1769,1712,0.67,uncalibrated_sequence_supported,accepted_sequence_supported,supported,0.0901,1712,false,false,False,unified-v1
cam0,1770,1713,0.67,uncalibrated_sequence_supported,accepted_sequence_supported,supported,0.0901,1713,false,false,False,unified-v1
cam0,1771,1714,0.67,uncalibrated_sequence_supported,accepted_sequence_supported,supported,0.08884,1714,false,false,False,unified-v1
cam0,1772,1715,0.67,uncalibrated_sequence_supported,accepted_sequence_supported,supported,0.08884,1715,false,false,False,unified-v1
cam0,1773,1716,0.67,uncalibrated_sequence_supported,accepted_sequence_supported,supported,0.08884,1716,false,false,False,unified-v1
cam0,1774,1718,0.67,uncalibrated_sequence_supported,accepted_sequence_supported,supported,0.08884,1718,false,false,False,unified-v1
cam0,1775,1719,0.67,uncalibrated_sequence_supported,accepted_sequence_supported,supported,0.08884,1719,false,false,False,unified-v1
cam0,1776,1720,0.67,uncalibrated_sequence_supported,accepted_sequence_supported,supported,0.08884,1720,true,true,False,unified-v1
cam0,1777,1721,1.00,uncalibrated_strong,accepted_strong,strong,0.0883,1721,false,false,False,unified-v1
cam0,1778,1722,1.00,uncalibrated_strong,accepted_strong,strong,0.0883,1722,false,false,False,unified-v1
cam0,1779,1723,1.00,uncalibrated_strong,accepted_strong,strong,0.0883,1723,false,false,False,unified-v1
cam0,1780,1724,1.00,uncalibrated_strong,accepted_strong,strong,0.0883,1724,false,false,False,unified-v1
cam0,1781,1725,1.00,uncalibrated_strong,accepted_strong,strong,0.0883,1725,false,false,False,unified-v1
cam0,1782,1726,1.00,uncalibrated_strong,accepted_strong,strong,0.0883,1726,false,false,False,unified-v1
cam0,1783,1728,1.00,uncalibrated_strong,accepted_strong,strong,0.0858,1728,false,false,False,unified-v1
cam0,1784,1729,1.00,uncalibrated_strong,accepted_strong,strong,0.0858,1729,false,false,False,unified-v1
cam0,1785,1730,1.00,uncalibrated_strong,accepted_strong,strong,0.0858,1730,false,false,False,unified-v1
cam0,1786,1731,1.00,uncalibrated_strong,accepted_strong,strong,0.0858,1731,false,false,False,unified-v1
cam0,1787,1732,1.00,uncalibrated_strong,accepted_strong,strong,0.08435,1732,false,false,False,unified-v1
cam0,1788,1733,1.00,uncalibrated_strong,accepted_strong,strong,0.08435,1733,true,true,False,unified-v1
cam0,1789,1734,1.00,uncalibrated_strong,accepted_strong,strong,0.08435,1734,false,false,False,unified-v1
cam0,1790,1735,1.00,uncalibrated_strong,accepted_strong,strong,0.08435,1735,false,false,False,unified-v1
cam0,1791,1736,1.00,uncalibrated_strong,accepted_strong,strong,0.0831,1736,false,false,False,unified-v1
cam0,1792,1737,1.00,uncalibrated_strong,accepted_strong,strong,0.0831,1737,false,false,False,unified-v1
cam0,1793,1738,1.00,uncalibrated_strong,accepted_strong,strong,0.0831,1738,false,false,False,unified-v1
cam0,1794,1739,1.00,uncalibrated_strong,accepted_strong,strong,0.0831,1739,false,false,False,unified-v1
cam0,1795,1741,1.00,uncalibrated_strong,accepted_strong,strong,0.0831,1741,false,false,False,unified-v1
cam0,1796,1741,1.00,uncalibrated_strong,accepted_strong,strong,0.0831,1741,false,false,False,unified-v1
cam0,1797,1743,1.00,uncalibrated_strong,accepted_strong,strong,0.08243,1743,false,false,False,unified-v1
cam0,1798,1744,1.00,uncalibrated_strong,accepted_strong,strong,0.08243,1744,false,false,False,unified-v1
cam0,1799,1745,1.00,uncalibrated_strong,accepted_strong,strong,0.08243,1745,false,false,False,unified-v1
cam0,1800,1746,1.00,uncalibrated_strong,accepted_strong,strong,0.08243,1746,true,true,False,unified-v1
cam0,1801,1747,1.00,uncalibrated_strong,accepted_strong,strong,0.08243,1747,false,false,False,unified-v1
cam0,1802,1748,1.00,uncalibrated_strong,accepted_strong,strong,0.08243,1748,false,false,False,unified-v1
cam0,1803,1749,1.00,uncalibrated_strong,accepted_strong,strong,0.08243,1749,false,false,False,unified-v1
cam0,1804,1750,1.00,uncalibrated_strong,accepted_strong,strong,0.08243,1750,false,false,False,unified-v1
cam0,1805,1751,1.00,uncalibrated_strong,accepted_strong,strong,0.08198,1751,false,false,False,unified-v1
cam0,1806,1752,1.00,uncalibrated_strong,accepted_strong,strong,0.08198,1752,false,false,False,unified-v1
cam0,1807,1753,1.00,uncalibrated_strong,accepted_strong,strong,0.08198,1753,false,false,False,unified-v1
cam0,1808,1754,1.00,uncalibrated_strong,accepted_strong,strong,0.08198,1754,false,false,False,unified-v1
cam0,1809,1755,1.00,uncalibrated_strong,accepted_strong,strong,0.08198,1755,false,false,False,unified-v1
cam0,1810,1756,1.00,uncalibrated_strong,accepted_strong,strong,0.08198,1756,false,false,False,unified-v1
cam0,1811,1757,1.00,uncalibrated_strong,accepted_strong,strong,0.08325,1757,false,false,False,unified-v1
cam0,1812,1758,1.00,uncalibrated_strong,accepted_strong,strong,0.08325,1758,true,true,False,unified-v1
cam0,1813,1760,1.00,uncalibrated_strong,accepted_strong,strong,0.08325,1760,false,false,False,unified-v1
cam0,1814,1761,1.00,uncalibrated_strong,accepted_strong,strong,0.08325,1761,false,false,False,unified-v1
cam0,1815,1762,1.00,uncalibrated_strong,accepted_strong,strong,0.08377,1762,false,false,False,unified-v1
cam0,1816,1763,1.00,uncalibrated_strong,accepted_strong,strong,0.08377,1763,false,false,False,unified-v1
cam0,1817,1764,1.00,uncalibrated_strong,accepted_strong,strong,0.08377,1764,false,false,False,unified-v1
cam0,1818,1765,1.00,uncalibrated_strong,accepted_strong,strong,0.08377,1765,false,false,False,unified-v1
cam0,1819,1766,1.00,uncalibrated_strong,accepted_strong,strong,0.08377,1766,false,false,False,unified-v1
cam0,1820,1767,1.00,uncalibrated_strong,accepted_strong,strong,0.08377,1767,false,false,False,unified-v1
cam0,1821,1768,1.00,uncalibrated_strong,accepted_strong,strong,0.08318,1768,false,false,False,unified-v1
cam0,1822,1769,1.00,uncalibrated_strong,accepted_strong,strong,0.08318,1769,false,false,False,unified-v1
cam0,1823,1770,1.00,uncalibrated_strong,accepted_strong,strong,0.08318,1770,false,false,False,unified-v1
cam0,1824,1771,1.00,uncalibrated_strong,accepted_strong,strong,0.08318,1771,true,true,False,unified-v1
cam0,1825,1772,1.00,uncalibrated_strong,accepted_strong,strong,0.08318,1772,false,false,False,unified-v1
cam0,1826,1773,1.00,uncalibrated_strong,accepted_strong,strong,0.08318,1773,false,false,False,unified-v1
cam0,1827,1774,1.00,uncalibrated_strong,accepted_strong,strong,0.08787,1774,false,false,False,unified-v1
cam0,1828,1775,1.00,uncalibrated_strong,accepted_strong,strong,0.08787,1775,false,false,False,unified-v1
cam0,1829,1777,1.00,uncalibrated_strong,accepted_strong,strong,0.08787,1777,false,false,False,unified-v1
cam0,1830,1778,1.00,uncalibrated_strong,accepted_strong,strong,0.08787,1778,false,false,False,unified-v1
cam0,1831,1778,1.00,uncalibrated_strong,accepted_strong,strong,0.08787,1778,false,false,False,unified-v1
cam0,1832,1779,1.00,uncalibrated_strong,accepted_strong,strong,0.08787,1779,false,false,False,unified-v1
cam0,1833,1780,1.00,uncalibrated_strong,accepted_strong,strong,0.09087,1780,false,false,False,unified-v1
cam0,1834,1781,1.00,uncalibrated_strong,accepted_strong,strong,0.09087,1781,false,false,False,unified-v1
cam0,1835,1783,1.00,uncalibrated_strong,accepted_strong,strong,0.09087,1783,false,false,False,unified-v1
cam0,1836,1784,1.00,uncalibrated_strong,accepted_strong,strong,0.09087,1784,true,true,False,unified-v1
cam0,1837,1785,1.00,uncalibrated_strong,accepted_strong,strong,0.09087,1785,false,false,False,unified-v1
cam0,1838,1786,1.00,uncalibrated_strong,accepted_strong,strong,0.09087,1786,false,false,False,unified-v1
cam0,1839,1787,1.00,uncalibrated_strong,accepted_strong,strong,0.0951,1787,false,false,False,unified-v1
cam0,1840,1788,1.00,uncalibrated_strong,accepted_strong,strong,0.0951,1788,false,false,False,unified-v1
cam0,1841,1789,1.00,uncalibrated_strong,accepted_strong,strong,0.0951,1789,false,false,False,unified-v1
cam0,1842,1790,1.00,uncalibrated_strong,accepted_strong,strong,0.0951,1790,false,false,False,unified-v1
cam0,1843,1791,1.00,uncalibrated_strong,accepted_strong,strong,0.09602,1791,false,false,False,unified-v1
cam0,1844,1792,1.00,uncalibrated_strong,accepted_strong,strong,0.09602,1792,false,false,False,unified-v1
cam0,1845,1793,1.00,uncalibrated_strong,accepted_strong,strong,0.09602,1793,false,false,False,unified-v1
cam0,1846,1794,1.00,uncalibrated_strong,accepted_strong,strong,0.09602,1794,false,false,False,unified-v1
cam0,1847,1796,1.00,uncalibrated_strong,accepted_strong,strong,0.09854,1796,false,false,False,unified-v1
cam0,1848,1796,1.00,uncalibrated_strong,accepted_strong,strong,0.09854,1796,true,true,False,unified-v1
cam0,1849,1797,1.00,uncalibrated_strong,accepted_strong,strong,0.09854,1797,false,false,False,unified-v1
cam0,1850,1798,1.00,uncalibrated_strong,accepted_strong,strong,0.09854,1798,false,false,False,unified-v1
cam0,1851,1799,1.00,uncalibrated_strong,accepted_strong,strong,0.10206,1799,false,false,False,unified-v1
cam0,1852,1800,1.00,uncalibrated_strong,accepted_strong,strong,0.10206,1800,false,false,False,unified-v1
cam0,1853,1801,1.00,uncalibrated_strong,accepted_strong,strong,0.10206,1801,false,false,False,unified-v1
cam0,1854,1802,1.00,uncalibrated_strong,accepted_strong,strong,0.10206,1802,false,false,False,unified-v1
cam0,1855,1803,1.00,uncalibrated_strong,accepted_strong,strong,0.10501,1803,false,false,False,unified-v1
cam0,1856,1804,1.00,uncalibrated_strong,accepted_strong,strong,0.10501,1804,false,false,False,unified-v1
cam0,1857,1805,1.00,uncalibrated_strong,accepted_strong,strong,0.10501,1805,false,false,False,unified-v1
cam0,1858,1806,1.00,uncalibrated_strong,accepted_strong,strong,0.10501,1806,false,false,False,unified-v1
cam0,1859,1807,1.00,uncalibrated_strong,accepted_strong,strong,0.10501,1807,false,false,False,unified-v1
cam0,1860,1808,1.00,uncalibrated_strong,accepted_strong,strong,0.10501,1808,true,true,False,unified-v1
cam0,1861,1809,1.00,uncalibrated_strong,accepted_strong,strong,0.10798,1809,false,false,False,unified-v1
cam0,1862,1810,1.00,uncalibrated_strong,accepted_strong,strong,0.10798,1810,false,false,False,unified-v1
cam0,1863,1811,1.00,uncalibrated_strong,accepted_strong,strong,0.10798,1811,false,false,False,unified-v1
cam0,1864,1812,1.00,uncalibrated_strong,accepted_strong,strong,0.10798,1812,false,false,False,unified-v1
cam0,1865,1813,1.00,uncalibrated_strong,accepted_strong,strong,0.10798,1813,false,false,False,unified-v1
cam0,1866,1814,1.00,uncalibrated_strong,accepted_strong,strong,0.10798,1814,false,false,False,unified-v1
cam0,1867,1815,1.00,uncalibrated_strong,accepted_strong,strong,0.11092,1815,false,false,False,unified-v1
cam0,1868,1816,1.00,uncalibrated_strong,accepted_strong,strong,0.11092,1816,false,false,False,unified-v1
cam0,1869,1817,1.00,uncalibrated_strong,accepted_strong,strong,0.11092,1817,false,false,False,unified-v1
cam0,1870,1818,1.00,uncalibrated_strong,accepted_strong,strong,0.11092,1818,false,false,False,unified-v1
cam0,1871,1819,1.00,uncalibrated_strong,accepted_strong,strong,0.1143,1819,false,false,False,unified-v1
cam0,1872,1820,1.00,uncalibrated_strong,accepted_strong,strong,0.1143,1820,true,true,False,unified-v1
cam0,1873,1821,1.00,uncalibrated_strong,accepted_strong,strong,0.1143,1821,false,false,False,unified-v1
cam0,1874,1822,1.00,uncalibrated_strong,accepted_strong,strong,0.1143,1822,false,false,False,unified-v1
cam0,1875,1823,1.00,uncalibrated_strong,accepted_strong,strong,0.11889,1823,false,false,False,unified-v1
cam0,1876,1824,1.00,uncalibrated_strong,accepted_strong,strong,0.11889,1824,false,false,False,unified-v1
cam0,1877,1825,1.00,uncalibrated_strong,accepted_strong,strong,0.11889,1825,false,false,False,unified-v1
cam0,1878,1826,1.00,uncalibrated_strong,accepted_strong,strong,0.11889,1826,false,false,False,unified-v1
cam0,1879,1827,1.00,uncalibrated_strong,accepted_strong,strong,0.12216,1827,false,false,False,unified-v1
cam0,1880,1828,1.00,uncalibrated_strong,accepted_strong,strong,0.12216,1828,false,false,False,unified-v1
cam0,1881,1829,1.00,uncalibrated_strong,accepted_strong,strong,0.12216,1829,false,false,False,unified-v1
cam0,1882,1830,1.00,uncalibrated_strong,accepted_strong,strong,0.12216,1830,false,false,False,unified-v1
cam0,1883,1831,1.00,uncalibrated_strong,accepted_strong,strong,0.12478,1831,false,false,False,unified-v1
cam0,1884,1832,1.00,uncalibrated_strong,accepted_strong,strong,0.12478,1832,true,true,False,unified-v1
cam0,1885,1833,1.00,uncalibrated_strong,accepted_strong,strong,0.12478,1833,false,false,False,unified-v1
cam0,1886,1834,1.00,uncalibrated_strong,accepted_strong,strong,0.12478,1834,false,false,False,unified-v1
cam0,1887,1835,1.00,uncalibrated_strong,accepted_strong,strong,0.12478,1835,false,false,False,unified-v1
cam0,1888,1836,1.00,uncalibrated_strong,accepted_strong,strong,0.12478,1836,false,false,False,unified-v1
cam0,1889,1837,1.00,uncalibrated_strong,accepted_strong,strong,0.12557,1837,false,false,False,unified-v1
cam0,1890,1838,1.00,uncalibrated_strong,accepted_strong,strong,0.12557,1838,false,false,False,unified-v1
cam0,1891,1839,1.00,uncalibrated_strong,accepted_strong,strong,0.12557,1839,false,false,False,unified-v1
cam0,1892,1840,1.00,uncalibrated_strong,accepted_strong,strong,0.12557,1840,false,false,False,unified-v1
cam0,1893,1841,1.00,uncalibrated_strong,accepted_strong,strong,0.12557,1841,false,false,False,unified-v1
cam0,1894,1842,1.00,uncalibrated_strong,accepted_strong,strong,0.12557,1842,false,false,False,unified-v1
cam0,1895,1843,1.00,uncalibrated_strong,accepted_strong,strong,0.12659,1843,false,false,False,unified-v1
cam0,1896,1844,1.00,uncalibrated_strong,accepted_strong,strong,0.12659,1844,true,true,False,unified-v1
cam0,1897,1845,1.00,uncalibrated_strong,accepted_strong,strong,0.12659,1845,false,false,False,unified-v1
cam0,1898,1846,1.00,uncalibrated_strong,accepted_strong,strong,0.12659,1846,false,false,False,unified-v1
cam0,1899,1847,1.00,uncalibrated_strong,accepted_strong,strong,0.12603,1847,false,false,False,unified-v1
cam0,1900,1848,1.00,uncalibrated_strong,accepted_strong,strong,0.12603,1848,false,false,False,unified-v1
cam0,1901,1849,1.00,uncalibrated_strong,accepted_strong,strong,0.12603,1849,false,false,False,unified-v1
cam0,1902,1850,1.00,uncalibrated_strong,accepted_strong,strong,0.12603,1850,false,false,False,unified-v1
cam0,1903,1851,1.00,uncalibrated_strong,accepted_strong,strong,0.12879,1851,false,false,False,unified-v1
cam0,1904,1852,1.00,uncalibrated_strong,accepted_strong,strong,0.12879,1852,false,false,False,unified-v1
cam0,1905,1853,1.00,uncalibrated_strong,accepted_strong,strong,0.12879,1853,false,false,False,unified-v1
cam0,1906,1854,1.00,uncalibrated_strong,accepted_strong,strong,0.12879,1854,false,false,False,unified-v1
cam0,1907,1855,1.00,uncalibrated_strong,accepted_strong,strong,0.12863,1855,false,false,False,unified-v1
cam0,1908,1856,1.00,uncalibrated_strong,accepted_strong,strong,0.12863,1856,true,true,False,unified-v1
cam0,1909,1857,1.00,uncalibrated_strong,accepted_strong,strong,0.12863,1857,false,false,False,unified-v1
cam0,1910,1858,1.00,uncalibrated_strong,accepted_strong,strong,0.12863,1858,false,false,False,unified-v1
cam0,1911,1859,1.00,uncalibrated_strong,accepted_strong,strong,0.12863,1859,false,false,False,unified-v1
cam0,1912,1860,1.00,uncalibrated_strong,accepted_strong,strong,0.12863,1860,false,false,False,unified-v1
cam0,1913,1861,1.00,uncalibrated_strong,accepted_strong,strong,0.12943,1861,false,false,False,unified-v1
cam0,1914,1862,1.00,uncalibrated_strong,accepted_strong,strong,0.12943,1862,false,false,False,unified-v1
cam0,1915,1863,1.00,uncalibrated_strong,accepted_strong,strong,0.12943,1863,false,false,False,unified-v1
cam0,1916,1864,1.00,uncalibrated_strong,accepted_strong,strong,0.12943,1864,false,false,False,unified-v1
cam0,1917,1865,1.00,uncalibrated_strong,accepted_strong,strong,0.12943,1865,false,false,False,unified-v1
cam0,1918,1866,1.00,uncalibrated_strong,accepted_strong,strong,0.12943,1866,false,false,False,unified-v1
cam0,1919,1867,1.00,uncalibrated_strong,accepted_strong,strong,0.12856,1867,false,false,False,unified-v1
cam0,1920,1868,1.00,uncalibrated_strong,accepted_strong,strong,0.12856,1868,true,true,False,unified-v1
cam0,1921,1869,1.00,uncalibrated_strong,accepted_strong,strong,0.12856,1869,false,false,False,unified-v1
cam0,1922,1870,1.00,uncalibrated_strong,accepted_strong,strong,0.12856,1870,false,false,False,unified-v1
cam0,1923,1871,1.00,uncalibrated_strong,accepted_strong,strong,0.12856,1871,false,false,False,unified-v1
cam0,1924,1872,1.00,uncalibrated_strong,accepted_strong,strong,0.12856,1872,false,false,False,unified-v1
cam0,1925,1873,1.00,uncalibrated_strong,accepted_strong,strong,0.12845,1873,false,false,False,unified-v1
cam0,1926,1874,1.00,uncalibrated_strong,accepted_strong,strong,0.12845,1874,false,false,False,unified-v1
cam0,1927,1875,1.00,uncalibrated_strong,accepted_strong,strong,0.12845,1875,false,false,False,unified-v1
cam0,1928,1876,1.00,uncalibrated_strong,accepted_strong,strong,0.12845,1876,false,false,False,unified-v1
cam0,1929,1877,1.00,uncalibrated_strong,accepted_strong,strong,0.12845,1877,false,false,False,unified-v1
cam0,1930,1878,1.00,uncalibrated_strong,accepted_strong,strong,0.12845,1878,false,false,False,unified-v1
cam0,1931,1879,1.00,uncalibrated_strong,accepted_strong,strong,0.1279,1879,false,false,False,unified-v1
cam0,1932,1880,1.00,uncalibrated_strong,accepted_strong,strong,0.1279,1880,true,true,False,unified-v1
cam0,1933,1881,1.00,uncalibrated_strong,accepted_strong,strong,0.1279,1881,false,false,False,unified-v1
cam0,1934,1882,1.00,uncalibrated_strong,accepted_strong,strong,0.1279,1882,false,false,False,unified-v1
cam0,1935,1883,1.00,uncalibrated_strong,accepted_strong,strong,0.12849,1883,false,false,False,unified-v1
cam0,1936,1884,1.00,uncalibrated_strong,accepted_strong,strong,0.12849,1884,false,false,False,unified-v1
cam0,1937,1885,1.00,uncalibrated_strong,accepted_strong,strong,0.12849,1885,false,false,False,unified-v1
cam0,1938,1886,1.00,uncalibrated_strong,accepted_strong,strong,0.12849,1886,false,false,False,unified-v1
cam0,1939,1887,1.00,uncalibrated_strong,accepted_strong,strong,0.12787,1887,false,false,False,unified-v1
cam0,1940,1889,1.00,uncalibrated_strong,accepted_strong,strong,0.12787,1889,false,false,False,unified-v1
cam0,1941,1890,1.00,uncalibrated_strong,accepted_strong,strong,0.12787,1890,false,false,False,unified-v1
cam0,1942,1890,1.00,uncalibrated_strong,accepted_strong,strong,0.12787,1890,false,false,False,unified-v1
cam0,1943,1891,1.00,uncalibrated_strong,accepted_strong,strong,0.12665,1891,false,false,False,unified-v1
cam0,1944,1892,1.00,uncalibrated_strong,accepted_strong,strong,0.12665,1892,true,true,False,unified-v1
cam0,1945,1894,1.00,uncalibrated_strong,accepted_strong,strong,0.12665,1894,false,false,False,unified-v1
cam0,1946,1904,1.00,uncalibrated_strong,accepted_strong,strong,0.12665,1904,false,false,False,unified-v1
cam0,1947,1904,1.00,uncalibrated_strong,accepted_strong,strong,0.12665,1904,false,false,False,unified-v1
cam0,1948,1904,1.00,uncalibrated_strong,accepted_strong,strong,0.12665,1904,false,false,False,unified-v1
cam0,1949,1904,1.00,uncalibrated_strong,accepted_strong,strong,0.12541,1904,false,false,False,unified-v1
cam0,1950,1906,1.00,uncalibrated_strong,accepted_strong,strong,0.12541,1906,false,false,False,unified-v1
cam0,1951,1906,1.00,uncalibrated_strong,accepted_strong,strong,0.12541,1906,false,false,False,unified-v1
cam0,1952,1906,1.00,uncalibrated_strong,accepted_strong,strong,0.12541,1906,false,false,False,unified-v1
cam0,1953,1906,1.00,uncalibrated_strong,accepted_strong,strong,0.12541,1906,false,false,False,unified-v1
cam0,1954,1906,1.00,uncalibrated_strong,accepted_strong,strong,0.12541,1906,false,false,False,unified-v1
cam0,1955,1906,1.00,uncalibrated_strong,accepted_strong,strong,0.12524,1906,false,false,False,unified-v1
cam0,1956,1906,1.00,uncalibrated_strong,accepted_strong,strong,0.12524,1906,true,true,False,unified-v1
cam0,1957,1906,1.00,uncalibrated_strong,accepted_strong,strong,0.12524,1906,false,false,False,unified-v1
cam0,1958,1906,1.00,uncalibrated_strong,accepted_strong,strong,0.12524,1906,false,false,False,unified-v1
cam0,1959,1908,1.00,uncalibrated_strong,accepted_strong,strong,0.12314,1908,false,false,False,unified-v1
cam0,1960,1909,1.00,uncalibrated_strong,accepted_strong,strong,0.12314,1909,false,false,False,unified-v1
cam0,1961,1910,1.00,uncalibrated_strong,accepted_strong,strong,0.12314,1910,false,false,False,unified-v1
cam0,1962,1913,1.00,uncalibrated_strong,accepted_strong,strong,0.12314,1913,false,false,False,unified-v1
cam0,1963,1913,1.00,uncalibrated_strong,accepted_strong,strong,0.12258,1913,false,false,False,unified-v1
cam0,1964,1914,1.00,uncalibrated_strong,accepted_strong,strong,0.12258,1914,false,false,False,unified-v1
cam0,1965,1915,1.00,uncalibrated_strong,accepted_strong,strong,0.12258,1915,false,false,False,unified-v1
cam0,1966,1915,1.00,uncalibrated_strong,accepted_strong,strong,0.12258,1915,false,false,False,unified-v1
cam0,1967,1916,1.00,uncalibrated_strong,accepted_strong,strong,0.12213,1916,false,false,False,unified-v1
cam0,1968,1917,1.00,uncalibrated_strong,accepted_strong,strong,0.12213,1917,true,true,False,unified-v1
cam0,1969,1919,1.00,uncalibrated_strong,accepted_strong,strong,0.12213,1919,false,false,False,unified-v1
cam0,1970,1919,1.00,uncalibrated_strong,accepted_strong,strong,0.12213,1919,false,false,False,unified-v1
cam0,1971,1920,1.00,uncalibrated_strong,accepted_strong,strong,0.12213,1920,false,false,False,unified-v1
cam0,1972,1922,1.00,uncalibrated_strong,accepted_strong,strong,0.12213,1922,false,false,False,unified-v1
cam0,1973,1923,1.00,uncalibrated_strong,accepted_strong,strong,0.11995,1923,false,false,False,unified-v1
cam0,1974,1924,1.00,uncalibrated_strong,accepted_strong,strong,0.11995,1924,false,false,False,unified-v1
cam0,1975,1925,1.00,uncalibrated_strong,accepted_strong,strong,0.11995,1925,false,false,False,unified-v1
cam0,1976,1926,1.00,uncalibrated_strong,accepted_strong,strong,0.11995,1926,false,false,False,unified-v1
cam0,1977,1927,1.00,uncalibrated_strong,accepted_strong,strong,0.11995,1927,false,false,False,unified-v1
cam0,1978,1928,1.00,uncalibrated_strong,accepted_strong,strong,0.11995,1928,false,false,False,unified-v1
cam0,1979,1929,1.00,uncalibrated_strong,accepted_strong,strong,0.12026,1929,false,false,False,unified-v1
cam0,1980,1930,1.00,uncalibrated_strong,accepted_strong,strong,0.12026,1930,true,true,False,unified-v1
cam0,1981,1931,1.00,uncalibrated_strong,accepted_strong,strong,0.12026,1931,false,false,False,unified-v1
cam0,1982,1932,1.00,uncalibrated_strong,accepted_strong,strong,0.12026,1932,false,false,False,unified-v1
cam0,1983,1933,1.00,uncalibrated_strong,accepted_strong,strong,0.12026,1933,false,false,False,unified-v1
cam0,1984,1934,1.00,uncalibrated_strong,accepted_strong,strong,0.12026,1934,false,false,False,unified-v1
cam0,1985,1935,1.00,uncalibrated_strong,accepted_strong,strong,0.12277,1935,false,false,False,unified-v1
cam0,1986,1936,1.00,uncalibrated_strong,accepted_strong,strong,0.12277,1936,false,false,False,unified-v1
cam0,1987,1937,1.00,uncalibrated_strong,accepted_strong,strong,0.12277,1937,false,false,False,unified-v1
cam0,1988,1939,1.00,uncalibrated_strong,accepted_strong,strong,0.12277,1939,false,false,False,unified-v1
cam0,1989,1939,1.00,uncalibrated_strong,accepted_strong,strong,0.12277,1939,false,false,False,unified-v1
cam0,1990,1941,1.00,uncalibrated_strong,accepted_strong,strong,0.12277,1941,false,false,False,unified-v1
cam0,1991,1942,1.00,uncalibrated_strong,accepted_strong,strong,0.12277,1942,false,false,False,unified-v1
cam0,1992,1943,1.00,uncalibrated_strong,accepted_strong,strong,0.12277,1943,true,true,False,unified-v1
cam0,1993,1944,1.00,uncalibrated_strong,accepted_strong,strong,0.12564,1944,false,false,False,unified-v1
cam0,1994,1945,1.00,uncalibrated_strong,accepted_strong,strong,0.12564,1945,false,false,False,unified-v1
cam0,1995,1946,1.00,uncalibrated_strong,accepted_strong,strong,0.12564,1946,false,false,False,unified-v1
cam0,1996,1947,1.00,uncalibrated_strong,accepted_strong,strong,0.12564,1947,false,false,False,unified-v1
cam0,1997,1948,1.00,uncalibrated_strong,accepted_strong,strong,0.12564,1948,false,false,False,unified-v1
cam0,1998,1949,1.00,uncalibrated_strong,accepted_strong,strong,0.12564,1949,false,false,False,unified-v1
cam0,1999,1950,1.00,uncalibrated_strong,accepted_strong,strong,0.12542,1950,false,false,False,unified-v1
cam0,2000,1951,1.00,uncalibrated_strong,accepted_strong,strong,0.12542,1951,false,false,False,unified-v1
cam0,2001,1951,1.00,uncalibrated_strong,accepted_strong,strong,0.12542,1951,false,false,False,unified-v1
cam0,2002,1953,1.00,uncalibrated_strong,accepted_strong,strong,0.12542,1953,false,false,False,unified-v1
cam0,2003,1954,1.00,uncalibrated_strong,accepted_strong,strong,0.12619,1954,false,false,False,unified-v1
cam0,2004,1955,1.00,uncalibrated_strong,accepted_strong,strong,0.12619,1955,true,true,False,unified-v1
cam0,2005,1960,1.00,uncalibrated_strong,accepted_strong,strong,0.12619,1960,false,false,False,unified-v1
cam0,2006,1961,1.00,uncalibrated_strong,accepted_strong,strong,0.12619,1961,false,false,False,unified-v1
cam0,2007,1965,1.00,uncalibrated_strong,accepted_strong,strong,0.12619,1965,false,false,False,unified-v1
cam0,2008,1965,1.00,uncalibrated_strong,accepted_strong,strong,0.12619,1965,false,false,False,unified-v1
cam0,2009,1965,1.00,uncalibrated_strong,accepted_strong,strong,0.12572,1965,false,false,False,unified-v1
cam0,2010,1965,1.00,uncalibrated_strong,accepted_strong,strong,0.12572,1965,false,false,False,unified-v1
cam0,2011,1965,1.00,uncalibrated_strong,accepted_strong,strong,0.12572,1965,false,false,False,unified-v1
cam0,2012,1965,1.00,uncalibrated_strong,accepted_strong,strong,0.12572,1965,false,false,False,unified-v1
cam0,2013,1965,1.00,uncalibrated_strong,accepted_strong,strong,0.12572,1965,false,false,False,unified-v1
cam0,2014,1966,1.00,uncalibrated_strong,accepted_strong,strong,0.12572,1966,false,false,False,unified-v1
cam0,2015,1967,1.00,uncalibrated_strong,accepted_strong,strong,0.12572,1967,false,false,False,unified-v1
cam0,2016,1968,1.00,uncalibrated_strong,accepted_strong,strong,0.12572,1968,true,true,False,unified-v1
cam0,2017,1969,1.00,uncalibrated_strong,accepted_strong,strong,0.12652,1969,false,false,False,unified-v1
cam0,2018,1970,1.00,uncalibrated_strong,accepted_strong,strong,0.12652,1970,false,false,False,unified-v1
cam0,2019,1971,1.00,uncalibrated_strong,accepted_strong,strong,0.12652,1971,false,false,False,unified-v1
cam0,2020,1973,1.00,uncalibrated_strong,accepted_strong,strong,0.12652,1973,false,false,False,unified-v1
cam0,2021,1974,1.00,uncalibrated_strong,accepted_strong,strong,0.12652,1974,false,false,False,unified-v1
cam0,2022,1975,1.00,uncalibrated_strong,accepted_strong,strong,0.12652,1975,false,false,False,unified-v1
cam0,2023,1976,1.00,uncalibrated_strong,accepted_strong,strong,0.12457,1976,false,false,False,unified-v1
cam0,2024,1977,1.00,uncalibrated_strong,accepted_strong,strong,0.12457,1977,false,false,False,unified-v1
cam0,2025,1978,1.00,uncalibrated_strong,accepted_strong,strong,0.12457,1978,false,false,False,unified-v1
cam0,2026,1979,1.00,uncalibrated_strong,accepted_strong,strong,0.12457,1979,false,false,False,unified-v1
cam0,2027,1980,1.00,uncalibrated_strong,accepted_strong,strong,0.12323,1980,false,false,False,unified-v1
cam0,2028,1981,1.00,uncalibrated_strong,accepted_strong,strong,0.12323,1981,true,true,False,unified-v1
cam0,2029,1982,1.00,uncalibrated_strong,accepted_strong,strong,0.12323,1982,false,false,False,unified-v1
cam0,2030,1983,1.00,uncalibrated_strong,accepted_strong,strong,0.12323,1983,false,false,False,unified-v1
cam0,2031,1984,1.00,uncalibrated_strong,accepted_strong,strong,0.12323,1984,false,false,False,unified-v1
cam0,2032,1985,1.00,uncalibrated_strong,accepted_strong,strong,0.12323,1985,false,false,False,unified-v1
cam0,2033,1987,1.00,uncalibrated_strong,accepted_strong,strong,0.11936,1987,false,false,False,unified-v1
cam0,2034,1988,1.00,uncalibrated_strong,accepted_strong,strong,0.11936,1988,false,false,False,unified-v1
cam0,2035,1988,1.00,uncalibrated_strong,accepted_strong,strong,0.11936,1988,false,false,False,unified-v1
cam0,2036,1990,1.00,uncalibrated_strong,accepted_strong,strong,0.11936,1990,false,false,False,unified-v1
cam0,2037,1991,1.00,uncalibrated_strong,accepted_strong,strong,0.11936,1991,false,false,False,unified-v1
cam0,2038,1992,1.00,uncalibrated_strong,accepted_strong,strong,0.11936,1992,false,false,False,unified-v1
cam0,2039,1993,1.00,uncalibrated_strong,accepted_strong,strong,0.11408,1993,false,false,False,unified-v1
cam0,2040,1994,1.00,uncalibrated_strong,accepted_strong,strong,0.11408,1994,true,true,False,unified-v1
cam0,2041,1995,1.00,uncalibrated_strong,accepted_strong,strong,0.11408,1995,false,false,False,unified-v1
cam0,2042,1996,1.00,uncalibrated_strong,accepted_strong,strong,0.11408,1996,false,false,False,unified-v1
cam0,2043,1997,1.00,uncalibrated_strong,accepted_strong,strong,0.11027,1997,false,false,False,unified-v1
cam0,2044,1998,1.00,uncalibrated_strong,accepted_strong,strong,0.11027,1998,false,false,False,unified-v1
cam0,2045,2000,1.00,uncalibrated_strong,accepted_strong,strong,0.11027,2000,false,false,False,unified-v1
cam0,2046,2001,1.00,uncalibrated_strong,accepted_strong,strong,0.11027,2001,false,false,False,unified-v1
cam0,2047,2002,1.00,uncalibrated_strong,accepted_strong,strong,0.11027,2002,false,false,False,unified-v1
cam0,2048,2003,1.00,uncalibrated_strong,accepted_strong,strong,0.11027,2003,false,false,False,unified-v1
cam0,2049,2004,1.00,uncalibrated_strong,accepted_strong,strong,0.10564,2004,false,false,False,unified-v1
cam0,2050,2005,1.00,uncalibrated_strong,accepted_strong,strong,0.10564,2005,false,false,False,unified-v1
cam0,2051,2007,1.00,uncalibrated_strong,accepted_strong,strong,0.10564,2007,false,false,False,unified-v1
cam0,2052,2008,1.00,uncalibrated_strong,accepted_strong,strong,0.10564,2008,true,true,False,unified-v1
cam0,2053,2009,1.00,uncalibrated_strong,accepted_strong,strong,0.10564,2009,false,false,False,unified-v1
cam0,2054,2010,1.00,uncalibrated_strong,accepted_strong,strong,0.10564,2010,false,false,False,unified-v1
cam0,2055,2011,1.00,uncalibrated_strong,accepted_strong,strong,0.10434,2011,false,false,False,unified-v1
cam0,2056,2012,1.00,uncalibrated_strong,accepted_strong,strong,0.10434,2012,false,false,False,unified-v1
cam0,2057,2013,1.00,uncalibrated_strong,accepted_strong,strong,0.10434,2013,false,false,False,unified-v1
cam0,2058,2014,1.00,uncalibrated_strong,accepted_strong,strong,0.10434,2014,false,false,False,unified-v1
cam0,2059,2015,1.00,uncalibrated_strong,accepted_strong,strong,0.10345,2015,false,false,False,unified-v1
cam0,2060,2017,1.00,uncalibrated_strong,accepted_strong,strong,0.10345,2017,false,false,False,unified-v1
cam0,2061,2018,1.00,uncalibrated_strong,accepted_strong,strong,0.10345,2018,false,false,False,unified-v1
cam0,2062,2019,1.00,uncalibrated_strong,accepted_strong,strong,0.10345,2019,false,false,False,unified-v1
cam0,2063,2020,1.00,uncalibrated_strong,accepted_strong,strong,0.10345,2020,false,false,False,unified-v1
cam0,2064,2021,1.00,uncalibrated_strong,accepted_strong,strong,0.10345,2021,true,true,False,unified-v1
cam0,2065,2022,1.00,uncalibrated_strong,accepted_strong,strong,0.10418,2022,false,false,False,unified-v1
cam0,2066,2023,1.00,uncalibrated_strong,accepted_strong,strong,0.10418,2023,false,false,False,unified-v1
cam0,2067,2025,1.00,uncalibrated_strong,accepted_strong,strong,0.10418,2025,false,false,False,unified-v1
cam0,2068,2026,1.00,uncalibrated_strong,accepted_strong,strong,0.10418,2026,false,false,False,unified-v1
cam0,2069,2027,1.00,uncalibrated_strong,accepted_strong,strong,0.10418,2027,false,false,False,unified-v1
cam0,2070,2028,1.00,uncalibrated_strong,accepted_strong,strong,0.10418,2028,false,false,False,unified-v1
cam0,2071,2029,1.00,uncalibrated_strong,accepted_strong,strong,0.10422,2029,false,false,False,unified-v1
cam0,2072,2030,1.00,uncalibrated_strong,accepted_strong,strong,0.10422,2030,false,false,False,unified-v1
cam0,2073,2032,1.00,uncalibrated_strong,accepted_strong,strong,0.10422,2032,false,false,False,unified-v1
cam0,2074,2032,1.00,uncalibrated_strong,accepted_strong,strong,0.10422,2032,false,false,False,unified-v1
cam0,2075,2034,1.00,uncalibrated_strong,accepted_strong,strong,0.10474,2034,false,false,False,unified-v1
cam0,2076,2035,1.00,uncalibrated_strong,accepted_strong,strong,0.10474,2035,true,true,False,unified-v1
cam0,2077,2036,1.00,uncalibrated_strong,accepted_strong,strong,0.10474,2036,false,false,False,unified-v1
cam0,2078,2037,1.00,uncalibrated_strong,accepted_strong,strong,0.10474,2037,false,false,False,unified-v1
cam0,2079,2038,1.00,uncalibrated_strong,accepted_strong,strong,0.10483,2038,false,false,False,unified-v1
cam0,2080,2040,1.00,uncalibrated_strong,accepted_strong,strong,0.10483,2040,false,false,False,unified-v1
cam0,2081,2040,1.00,uncalibrated_strong,accepted_strong,strong,0.10483,2040,false,false,False,unified-v1
cam0,2082,2042,1.00,uncalibrated_strong,accepted_strong,strong,0.10483,2042,false,false,False,unified-v1
cam0,2083,2043,1.00,uncalibrated_strong,accepted_strong,strong,0.10428,2043,false,false,False,unified-v1
cam0,2084,2044,1.00,uncalibrated_strong,accepted_strong,strong,0.10428,2044,false,false,False,unified-v1
cam0,2085,2045,1.00,uncalibrated_strong,accepted_strong,strong,0.10428,2045,false,false,False,unified-v1
cam0,2086,2046,1.00,uncalibrated_strong,accepted_strong,strong,0.10428,2046,false,false,False,unified-v1
cam0,2087,2047,1.00,uncalibrated_strong,accepted_strong,strong,0.10428,2047,false,false,False,unified-v1
cam0,2088,2048,1.00,uncalibrated_strong,accepted_strong,strong,0.10428,2048,true,true,False,unified-v1
cam0,2089,2049,1.00,uncalibrated_strong,accepted_strong,strong,0.1043,2049,false,false,False,unified-v1
cam0,2090,2051,1.00,uncalibrated_strong,accepted_strong,strong,0.1043,2051,false,false,False,unified-v1
cam0,2091,2052,1.00,uncalibrated_strong,accepted_strong,strong,0.1043,2052,false,false,False,unified-v1
cam0,2092,2053,1.00,uncalibrated_strong,accepted_strong,strong,0.1043,2053,false,false,False,unified-v1
cam0,2093,2054,1.00,uncalibrated_strong,accepted_strong,strong,0.1043,2054,false,false,False,unified-v1
cam0,2094,2055,1.00,uncalibrated_strong,accepted_strong,strong,0.1043,2055,false,false,False,unified-v1
cam0,2095,2056,1.00,uncalibrated_strong,accepted_strong,strong,0.1043,2056,false,false,False,unified-v1
cam0,2096,2057,1.00,uncalibrated_strong,accepted_strong,strong,0.1043,2057,false,false,False,unified-v1
cam0,2097,2058,1.00,uncalibrated_strong,accepted_strong,strong,0.10444,2058,false,false,False,unified-v1
cam0,2098,2059,1.00,uncalibrated_strong,accepted_strong,strong,0.10444,2059,false,false,False,unified-v1
cam0,2099,2060,1.00,uncalibrated_strong,accepted_strong,strong,0.10444,2060,false,false,False,unified-v1
cam0,2100,2061,1.00,uncalibrated_strong,accepted_strong,strong,0.10444,2061,true,false,False,unified-v1
cam0,2101,2062,1.00,uncalibrated_strong,accepted_strong,strong,0.10444,2062,false,false,False,unified-v1
cam0,2102,2064,1.00,uncalibrated_strong,accepted_strong,strong,0.10444,2064,false,false,False,unified-v1
cam0,2103,2065,1.00,uncalibrated_strong,accepted_strong,strong,0.10444,2065,false,false,False,unified-v1
cam0,2104,2066,1.00,uncalibrated_strong,accepted_strong,strong,0.10444,2066,false,false,False,unified-v1
cam0,2105,2067,1.00,uncalibrated_strong,accepted_strong,strong,0.1033,2067,false,false,False,unified-v1
cam0,2106,2068,1.00,uncalibrated_strong,accepted_strong,strong,0.1033,2068,false,false,False,unified-v1
cam0,2107,2069,1.00,uncalibrated_strong,accepted_strong,strong,0.1033,2069,false,false,False,unified-v1
cam0,2108,2070,1.00,uncalibrated_strong,accepted_strong,strong,0.1033,2070,false,false,False,unified-v1
cam0,2109,2071,1.00,uncalibrated_strong,accepted_strong,strong,0.1033,2071,false,false,False,unified-v1
cam0,2110,2072,1.00,uncalibrated_strong,accepted_strong,strong,0.1033,2072,false,false,False,unified-v1
cam0,2111,2073,1.00,uncalibrated_strong,accepted_strong,strong,0.10338,2073,false,false,False,unified-v1
cam0,2112,2074,1.00,uncalibrated_strong,accepted_strong,strong,0.10338,2074,true,true,False,unified-v1
cam0,2113,2078,1.00,uncalibrated_strong,accepted_strong,strong,0.10338,2078,false,false,False,unified-v1
cam0,2114,2078,1.00,uncalibrated_strong,accepted_strong,strong,0.10338,2078,false,false,False,unified-v1
cam0,2115,2078,1.00,uncalibrated_strong,accepted_strong,strong,0.10245,2078,false,false,False,unified-v1
cam0,2116,2079,1.00,uncalibrated_strong,accepted_strong,strong,0.10245,2079,false,false,False,unified-v1
cam0,2117,2080,1.00,uncalibrated_strong,accepted_strong,strong,0.10245,2080,false,false,False,unified-v1
cam0,2118,2081,1.00,uncalibrated_strong,accepted_strong,strong,0.10245,2081,false,false,False,unified-v1
cam0,2119,2082,1.00,uncalibrated_strong,accepted_strong,strong,0.10307,2082,false,false,False,unified-v1
cam0,2120,2085,1.00,uncalibrated_strong,accepted_strong,strong,0.10307,2085,false,false,False,unified-v1
cam0,2121,2085,1.00,uncalibrated_strong,accepted_strong,strong,0.10307,2085,false,false,False,unified-v1
cam0,2122,2087,1.00,uncalibrated_strong,accepted_strong,strong,0.10307,2087,false,false,False,unified-v1
cam0,2123,2088,1.00,uncalibrated_strong,accepted_strong,strong,0.10307,2088,false,false,False,unified-v1
cam0,2124,2088,1.00,uncalibrated_strong,accepted_strong,strong,0.10307,2088,true,true,False,unified-v1
cam0,2125,2089,1.00,uncalibrated_strong,accepted_strong,strong,0.10449,2089,false,false,False,unified-v1
cam0,2126,2089,1.00,uncalibrated_strong,accepted_strong,strong,0.10449,2089,false,false,False,unified-v1
cam0,2127,2090,1.00,uncalibrated_strong,accepted_strong,strong,0.10449,2090,false,false,False,unified-v1
cam0,2128,2092,1.00,uncalibrated_strong,accepted_strong,strong,0.10449,2092,false,false,False,unified-v1
cam0,2129,2093,1.00,uncalibrated_strong,accepted_strong,strong,0.10449,2093,false,false,False,unified-v1
cam0,2130,2094,1.00,uncalibrated_strong,accepted_strong,strong,0.10449,2094,false,false,False,unified-v1
cam0,2131,2094,1.00,uncalibrated_strong,accepted_strong,strong,0.10475,2094,false,false,False,unified-v1
cam0,2132,2095,1.00,uncalibrated_strong,accepted_strong,strong,0.10475,2095,false,false,False,unified-v1
cam0,2133,2097,1.00,uncalibrated_strong,accepted_strong,strong,0.10475,2097,false,false,False,unified-v1
cam0,2134,2098,1.00,uncalibrated_strong,accepted_strong,strong,0.10475,2098,false,false,False,unified-v1
cam0,2135,2099,1.00,uncalibrated_strong,accepted_strong,strong,0.10536,2099,false,false,False,unified-v1
cam0,2136,2099,1.00,uncalibrated_strong,accepted_strong,strong,0.10536,2099,true,true,False,unified-v1
cam0,2137,2101,1.00,uncalibrated_strong,accepted_strong,strong,0.10536,2101,false,false,False,unified-v1
cam0,2138,2102,1.00,uncalibrated_strong,accepted_strong,strong,0.10536,2102,false,false,False,unified-v1
cam0,2139,2103,1.00,uncalibrated_strong,accepted_strong,strong,0.10536,2103,false,false,False,unified-v1
cam0,2140,2104,1.00,uncalibrated_strong,accepted_strong,strong,0.10536,2104,false,false,False,unified-v1
cam0,2141,2105,1.00,uncalibrated_strong,accepted_strong,strong,0.10497,2105,false,false,False,unified-v1
cam0,2142,2106,1.00,uncalibrated_strong,accepted_strong,strong,0.10497,2106,false,false,False,unified-v1
cam0,2143,2106,1.00,uncalibrated_strong,accepted_strong,strong,0.10497,2106,false,false,False,unified-v1
cam0,2144,2107,1.00,uncalibrated_strong,accepted_strong,strong,0.10497,2107,false,false,False,unified-v1
cam0,2145,2109,1.00,uncalibrated_strong,accepted_strong,strong,0.10497,2109,false,false,False,unified-v1
cam0,2146,2110,1.00,uncalibrated_strong,accepted_strong,strong,0.10497,2110,false,false,False,unified-v1
cam0,2147,2111,1.00,uncalibrated_strong,accepted_strong,strong,0.1042,2111,false,false,False,unified-v1
cam0,2148,2112,1.00,uncalibrated_strong,accepted_strong,strong,0.1042,2112,true,true,False,unified-v1
cam0,2149,2112,1.00,uncalibrated_strong,accepted_strong,strong,0.1042,2112,false,false,False,unified-v1
cam0,2150,2113,1.00,uncalibrated_strong,accepted_strong,strong,0.1042,2113,false,false,False,unified-v1
cam0,2151,2114,1.00,uncalibrated_strong,accepted_strong,strong,0.10464,2114,false,false,False,unified-v1
cam0,2152,2116,1.00,uncalibrated_strong,accepted_strong,strong,0.10464,2116,false,false,False,unified-v1
cam0,2153,2117,1.00,uncalibrated_strong,accepted_strong,strong,0.10464,2117,false,false,False,unified-v1
cam0,2154,2117,1.00,uncalibrated_strong,accepted_strong,strong,0.10464,2117,false,false,False,unified-v1
cam0,2155,2119,1.00,uncalibrated_strong,accepted_strong,strong,0.10464,2119,false,false,False,unified-v1
cam0,2156,2119,1.00,uncalibrated_strong,accepted_strong,strong,0.10464,2119,false,false,False,unified-v1
cam0,2157,2120,1.00,uncalibrated_strong,accepted_strong,strong,0.10358,2120,false,false,False,unified-v1
cam0,2158,2121,1.00,uncalibrated_strong,accepted_strong,strong,0.10358,2121,false,false,False,unified-v1
cam0,2159,2123,1.00,uncalibrated_strong,accepted_strong,strong,0.10358,2123,false,false,False,unified-v1
cam0,2160,2124,1.00,uncalibrated_strong,accepted_strong,strong,0.10358,2124,true,true,False,unified-v1
cam0,2161,2125,1.00,uncalibrated_strong,accepted_strong,strong,0.10358,2125,false,false,False,unified-v1
cam0,2162,2126,1.00,uncalibrated_strong,accepted_strong,strong,0.10358,2126,false,false,False,unified-v1
cam0,2163,2127,1.00,uncalibrated_strong,accepted_strong,strong,0.10395,2127,false,false,False,unified-v1
cam0,2164,2127,1.00,uncalibrated_strong,accepted_strong,strong,0.10395,2127,false,false,False,unified-v1
cam0,2165,2129,1.00,uncalibrated_strong,accepted_strong,strong,0.10395,2129,false,false,False,unified-v1
cam0,2166,2130,1.00,uncalibrated_strong,accepted_strong,strong,0.10395,2130,false,false,False,unified-v1
cam0,2167,2131,1.00,uncalibrated_strong,accepted_strong,strong,0.10395,2131,false,false,False,unified-v1
cam0,2168,2132,1.00,uncalibrated_strong,accepted_strong,strong,0.10395,2132,false,false,False,unified-v1
cam0,2169,2133,1.00,uncalibrated_strong,accepted_strong,strong,0.10714,2133,false,false,False,unified-v1
cam0,2170,2134,1.00,uncalibrated_strong,accepted_strong,strong,0.10714,2134,false,false,False,unified-v1
cam0,2171,2135,1.00,uncalibrated_strong,accepted_strong,strong,0.10714,2135,false,false,False,unified-v1
cam0,2172,2136,1.00,uncalibrated_strong,accepted_strong,strong,0.10714,2136,true,true,False,unified-v1
cam0,2173,2137,1.00,uncalibrated_strong,accepted_strong,strong,0.10714,2137,false,false,False,unified-v1
cam0,2174,2138,1.00,uncalibrated_strong,accepted_strong,strong,0.10714,2138,false,false,False,unified-v1
cam0,2175,2139,1.00,uncalibrated_strong,accepted_strong,strong,0.10944,2139,false,false,False,unified-v1
cam0,2176,2140,1.00,uncalibrated_strong,accepted_strong,strong,0.10944,2140,false,false,False,unified-v1
cam0,2177,2141,1.00,uncalibrated_strong,accepted_strong,strong,0.10944,2141,false,false,False,unified-v1
cam0,2178,2142,1.00,uncalibrated_strong,accepted_strong,strong,0.10944,2142,false,false,False,unified-v1
cam0,2179,2143,1.00,uncalibrated_strong,accepted_strong,strong,0.11271,2143,false,false,False,unified-v1
cam0,2180,2144,1.00,uncalibrated_strong,accepted_strong,strong,0.11271,2144,false,false,False,unified-v1
cam0,2181,2145,1.00,uncalibrated_strong,accepted_strong,strong,0.11271,2145,false,false,False,unified-v1
cam0,2182,2146,1.00,uncalibrated_strong,accepted_strong,strong,0.11271,2146,false,false,False,unified-v1
cam0,2183,2147,1.00,uncalibrated_strong,accepted_strong,strong,0.11271,2147,false,false,False,unified-v1
cam0,2184,2149,1.00,uncalibrated_strong,accepted_strong,strong,0.11271,2149,true,true,False,unified-v1
cam0,2185,2150,1.00,uncalibrated_strong,accepted_strong,strong,0.11576,2150,false,false,False,unified-v1
cam0,2186,2150,1.00,uncalibrated_strong,accepted_strong,strong,0.11576,2150,false,false,False,unified-v1
cam0,2187,2151,1.00,uncalibrated_strong,accepted_strong,strong,0.11576,2151,false,false,False,unified-v1
cam0,2188,2152,1.00,uncalibrated_strong,accepted_strong,strong,0.11576,2152,false,false,False,unified-v1
cam0,2189,2153,1.00,uncalibrated_strong,accepted_strong,strong,0.11576,2153,false,false,False,unified-v1
cam0,2190,2154,1.00,uncalibrated_strong,accepted_strong,strong,0.11576,2154,false,false,False,unified-v1
cam0,2191,2155,1.00,uncalibrated_strong,accepted_strong,strong,0.1186,2155,false,false,False,unified-v1
cam0,2192,2156,1.00,uncalibrated_strong,accepted_strong,strong,0.1186,2156,false,false,False,unified-v1
cam0,2193,2158,1.00,uncalibrated_strong,accepted_strong,strong,0.1186,2158,false,false,False,unified-v1
cam0,2194,2158,1.00,uncalibrated_strong,accepted_strong,strong,0.1186,2158,false,false,False,unified-v1
cam0,2195,2160,1.00,uncalibrated_strong,accepted_strong,strong,0.12337,2160,false,false,False,unified-v1
cam0,2196,2160,1.00,uncalibrated_strong,accepted_strong,strong,0.12337,2160,true,true,False,unified-v1
cam0,2197,2161,1.00,uncalibrated_strong,accepted_strong,strong,0.12337,2161,false,false,False,unified-v1
cam0,2198,2162,1.00,uncalibrated_strong,accepted_strong,strong,0.12337,2162,false,false,False,unified-v1
cam0,2199,2164,1.00,uncalibrated_strong,accepted_strong,strong,0.12337,2164,false,false,False,unified-v1
cam0,2200,2164,1.00,uncalibrated_strong,accepted_strong,strong,0.12337,2164,false,false,False,unified-v1
cam0,2201,2165,1.00,uncalibrated_strong,accepted_strong,strong,0.12669,2165,false,false,False,unified-v1
cam0,2202,2167,1.00,uncalibrated_strong,accepted_strong,strong,0.12669,2167,false,false,False,unified-v1
cam0,2203,2168,1.00,uncalibrated_strong,accepted_strong,strong,0.12669,2168,false,false,False,unified-v1
cam0,2204,2169,1.00,uncalibrated_strong,accepted_strong,strong,0.12669,2169,false,false,False,unified-v1
cam0,2205,2169,1.00,uncalibrated_strong,accepted_strong,strong,0.12669,2169,false,false,False,unified-v1
cam0,2206,2171,1.00,uncalibrated_strong,accepted_strong,strong,0.12669,2171,false,false,False,unified-v1
cam0,2207,2172,1.00,uncalibrated_strong,accepted_strong,strong,0.12669,2172,false,false,False,unified-v1
cam0,2208,2173,1.00,uncalibrated_strong,accepted_strong,strong,0.12669,2173,true,true,False,unified-v1
cam0,2209,2174,1.00,uncalibrated_strong,accepted_strong,strong,0.12783,2174,false,false,False,unified-v1
cam0,2210,2175,1.00,uncalibrated_strong,accepted_strong,strong,0.12783,2175,false,false,False,unified-v1
cam0,2211,2176,1.00,uncalibrated_strong,accepted_strong,strong,0.12783,2176,false,false,False,unified-v1
cam0,2212,2176,1.00,uncalibrated_strong,accepted_strong,strong,0.12783,2176,false,false,False,unified-v1
cam0,2213,2178,1.00,uncalibrated_strong,accepted_strong,strong,0.12783,2178,false,false,False,unified-v1
cam0,2214,2179,1.00,uncalibrated_strong,accepted_strong,strong,0.12783,2179,false,false,False,unified-v1
cam0,2215,2180,1.00,uncalibrated_strong,accepted_strong,strong,0.12783,2180,false,false,False,unified-v1
cam0,2216,2180,1.00,uncalibrated_strong,accepted_strong,strong,0.12783,2180,false,false,False,unified-v1
cam0,2217,2182,1.00,uncalibrated_strong,accepted_strong,strong,0.12742,2182,false,false,False,unified-v1
cam0,2218,2183,1.00,uncalibrated_strong,accepted_strong,strong,0.12742,2183,false,false,False,unified-v1
cam0,2219,2184,1.00,uncalibrated_strong,accepted_strong,strong,0.12742,2184,false,false,False,unified-v1
cam0,2220,2185,1.00,uncalibrated_strong,accepted_strong,strong,0.12742,2185,true,true,False,unified-v1
cam0,2221,2186,1.00,uncalibrated_strong,accepted_strong,strong,0.12742,2186,false,false,False,unified-v1
cam0,2222,2187,1.00,uncalibrated_strong,accepted_strong,strong,0.12742,2187,false,false,False,unified-v1
cam0,2223,2188,1.00,uncalibrated_strong,accepted_strong,strong,0.12742,2188,false,false,False,unified-v1
cam0,2224,2189,1.00,uncalibrated_strong,accepted_strong,strong,0.12742,2189,false,false,False,unified-v1
cam0,2225,2190,1.00,uncalibrated_strong,accepted_strong,strong,0.12666,2190,false,false,False,unified-v1
cam0,2226,2191,1.00,uncalibrated_strong,accepted_strong,strong,0.12666,2191,false,false,False,unified-v1
cam0,2227,2192,1.00,uncalibrated_strong,accepted_strong,strong,0.12666,2192,false,false,False,unified-v1
cam0,2228,2193,1.00,uncalibrated_strong,accepted_strong,strong,0.12666,2193,false,false,False,unified-v1
cam0,2229,2194,1.00,uncalibrated_strong,accepted_strong,strong,0.12666,2194,false,false,False,unified-v1
cam0,2230,2195,1.00,uncalibrated_strong,accepted_strong,strong,0.12666,2195,false,false,False,unified-v1
cam0,2231,2196,1.00,uncalibrated_strong,accepted_strong,strong,0.12759,2196,false,false,False,unified-v1
cam0,2232,2197,1.00,uncalibrated_strong,accepted_strong,strong,0.12759,2197,true,true,False,unified-v1
cam0,2233,2198,1.00,uncalibrated_strong,accepted_strong,strong,0.12759,2198,false,false,False,unified-v1
cam0,2234,2199,1.00,uncalibrated_strong,accepted_strong,strong,0.12759,2199,false,false,False,unified-v1
cam0,2235,2200,1.00,uncalibrated_strong,accepted_strong,strong,0.12783,2200,false,false,False,unified-v1
cam0,2236,2201,1.00,uncalibrated_strong,accepted_strong,strong,0.12783,2201,false,false,False,unified-v1
cam0,2237,2202,1.00,uncalibrated_strong,accepted_strong,strong,0.12783,2202,false,false,False,unified-v1
cam0,2238,2203,1.00,uncalibrated_strong,accepted_strong,strong,0.12783,2203,false,false,False,unified-v1
cam0,2239,2204,1.00,uncalibrated_strong,accepted_strong,strong,0.12806,2204,false,false,False,unified-v1
cam0,2240,2205,1.00,uncalibrated_strong,accepted_strong,strong,0.12806,2205,false,false,False,unified-v1
cam0,2241,2206,1.00,uncalibrated_strong,accepted_strong,strong,0.12806,2206,false,false,False,unified-v1
cam0,2242,2207,1.00,uncalibrated_strong,accepted_strong,strong,0.12806,2207,false,false,False,unified-v1
cam0,2243,2208,1.00,uncalibrated_strong,accepted_strong,strong,0.12996,2208,false,false,False,unified-v1
cam0,2244,2209,1.00,uncalibrated_strong,accepted_strong,strong,0.12996,2209,true,true,False,unified-v1
cam0,2245,2210,1.00,uncalibrated_strong,accepted_strong,strong,0.12996,2210,false,false,False,unified-v1
cam0,2246,2211,1.00,uncalibrated_strong,accepted_strong,strong,0.12996,2211,false,false,False,unified-v1
cam0,2247,2212,1.00,uncalibrated_strong,accepted_strong,strong,0.13086,2212,false,false,False,unified-v1
cam0,2248,2213,1.00,uncalibrated_strong,accepted_strong,strong,0.13086,2213,false,false,False,unified-v1
cam0,2249,2214,1.00,uncalibrated_strong,accepted_strong,strong,0.13086,2214,false,false,False,unified-v1
cam0,2250,2215,1.00,uncalibrated_strong,accepted_strong,strong,0.13086,2215,false,false,False,unified-v1
cam0,2251,2216,1.00,uncalibrated_strong,accepted_strong,strong,0.1315,2216,false,false,False,unified-v1
cam0,2252,2217,1.00,uncalibrated_strong,accepted_strong,strong,0.1315,2217,false,false,False,unified-v1
cam0,2253,2218,1.00,uncalibrated_strong,accepted_strong,strong,0.1315,2218,false,false,False,unified-v1
cam0,2254,2219,1.00,uncalibrated_strong,accepted_strong,strong,0.1315,2219,false,false,False,unified-v1
cam0,2255,2221,1.00,uncalibrated_strong,accepted_strong,strong,0.12995,2221,false,false,False,unified-v1
cam0,2256,2222,1.00,uncalibrated_strong,accepted_strong,strong,0.12995,2222,true,true,False,unified-v1
cam0,2257,2223,1.00,uncalibrated_strong,accepted_strong,strong,0.12995,2223,false,false,False,unified-v1
cam0,2258,2223,1.00,uncalibrated_strong,accepted_strong,strong,0.12995,2223,false,false,False,unified-v1
cam0,2259,2224,1.00,uncalibrated_strong,accepted_strong,strong,0.12995,2224,false,false,False,unified-v1
cam0,2260,2226,1.00,uncalibrated_strong,accepted_strong,strong,0.12995,2226,false,false,False,unified-v1
cam0,2261,2227,1.00,uncalibrated_strong,accepted_strong,strong,0.12951,2227,false,false,False,unified-v1
cam0,2262,2228,1.00,uncalibrated_strong,accepted_strong,strong,0.12951,2228,false,false,False,unified-v1
cam0,2263,2228,1.00,uncalibrated_strong,accepted_strong,strong,0.12951,2228,false,false,False,unified-v1
cam0,2264,2229,1.00,uncalibrated_strong,accepted_strong,strong,0.12951,2229,false,false,False,unified-v1
cam0,2265,2231,1.00,uncalibrated_strong,accepted_strong,strong,0.12951,2231,false,false,False,unified-v1
cam0,2266,2232,1.00,uncalibrated_strong,accepted_strong,strong,0.12951,2232,false,false,False,unified-v1
cam0,2267,2233,1.00,uncalibrated_strong,accepted_strong,strong,0.12837,2233,false,false,False,unified-v1
cam0,2268,2234,1.00,uncalibrated_strong,accepted_strong,strong,0.12837,2234,true,true,False,unified-v1
cam0,2269,2235,1.00,uncalibrated_strong,accepted_strong,strong,0.12837,2235,false,false,False,unified-v1
cam0,2270,2236,1.00,uncalibrated_strong,accepted_strong,strong,0.12837,2236,false,false,False,unified-v1
cam0,2271,2237,1.00,uncalibrated_strong,accepted_strong,strong,0.12872,2237,false,false,False,unified-v1
cam0,2272,2238,1.00,uncalibrated_strong,accepted_strong,strong,0.12872,2238,false,false,False,unified-v1
cam0,2273,2239,1.00,uncalibrated_strong,accepted_strong,strong,0.12872,2239,false,false,False,unified-v1
cam0,2274,2240,1.00,uncalibrated_strong,accepted_strong,strong,0.12872,2240,false,false,False,unified-v1
cam0,2275,2240,1.00,uncalibrated_strong,accepted_strong,strong,0.12978,2240,false,false,False,unified-v1
cam0,2276,2242,1.00,uncalibrated_strong,accepted_strong,strong,0.12978,2242,false,false,False,unified-v1
cam0,2277,2243,1.00,uncalibrated_strong,accepted_strong,strong,0.12978,2243,false,false,False,unified-v1
cam0,2278,2244,1.00,uncalibrated_strong,accepted_strong,strong,0.12978,2244,false,false,False,unified-v1
cam0,2279,2245,1.00,uncalibrated_strong,accepted_strong,strong,0.12978,2245,false,false,False,unified-v1
cam0,2280,2246,1.00,uncalibrated_strong,accepted_strong,strong,0.12978,2246,true,true,False,unified-v1
cam0,2281,2247,1.00,uncalibrated_strong,accepted_strong,strong,0.13152,2247,false,false,False,unified-v1
cam0,2282,2248,1.00,uncalibrated_strong,accepted_strong,strong,0.13152,2248,false,false,False,unified-v1
cam0,2283,2249,1.00,uncalibrated_strong,accepted_strong,strong,0.13152,2249,false,false,False,unified-v1
cam0,2284,2249,1.00,uncalibrated_strong,accepted_strong,strong,0.13152,2249,false,false,False,unified-v1
cam0,2285,2251,1.00,uncalibrated_strong,accepted_strong,strong,0.13152,2251,false,false,False,unified-v1
cam0,2286,2253,1.00,uncalibrated_strong,accepted_strong,strong,0.13152,2253,false,false,False,unified-v1
cam0,2287,2254,1.00,uncalibrated_strong,accepted_strong,strong,0.13157,2254,false,false,False,unified-v1
cam0,2288,2255,1.00,uncalibrated_strong,accepted_strong,strong,0.13157,2255,false,false,False,unified-v1
cam0,2289,2256,1.00,uncalibrated_strong,accepted_strong,strong,0.13157,2256,false,false,False,unified-v1
cam0,2290,2257,1.00,uncalibrated_strong,accepted_strong,strong,0.13157,2257,false,false,False,unified-v1
cam0,2291,2259,1.00,uncalibrated_strong,accepted_strong,strong,0.13182,2259,false,false,False,unified-v1
cam0,2292,2260,1.00,uncalibrated_strong,accepted_strong,strong,0.13182,2260,true,true,False,unified-v1
cam0,2293,2261,1.00,uncalibrated_strong,accepted_strong,strong,0.13182,2261,false,false,False,unified-v1
cam0,2294,2263,1.00,uncalibrated_strong,accepted_strong,strong,0.13182,2263,false,false,False,unified-v1
cam0,2295,2263,1.00,uncalibrated_strong,accepted_strong,strong,0.13182,2263,false,false,False,unified-v1
cam0,2296,2264,1.00,uncalibrated_strong,accepted_strong,strong,0.13182,2264,false,false,False,unified-v1
cam0,2297,2266,1.00,uncalibrated_strong,accepted_strong,strong,0.13126,2266,false,false,False,unified-v1
cam0,2298,2268,1.00,uncalibrated_strong,accepted_strong,strong,0.13126,2268,false,false,False,unified-v1
cam0,2299,2269,1.00,uncalibrated_strong,accepted_strong,strong,0.13126,2269,false,false,False,unified-v1
cam0,2300,2270,1.00,uncalibrated_strong,accepted_strong,strong,0.13126,2270,false,false,False,unified-v1
cam0,2301,2271,1.00,uncalibrated_strong,accepted_strong,strong,0.13126,2271,false,false,False,unified-v1
cam0,2302,2273,1.00,uncalibrated_strong,accepted_strong,strong,0.13126,2273,false,false,False,unified-v1
cam0,2303,2274,1.00,uncalibrated_strong,accepted_strong,strong,0.13209,2274,false,false,False,unified-v1
cam0,2304,2275,1.00,uncalibrated_strong,accepted_strong,strong,0.13209,2275,true,true,False,unified-v1
cam0,2305,2276,1.00,uncalibrated_strong,accepted_strong,strong,0.13209,2276,false,false,False,unified-v1
cam0,2306,2276,1.00,uncalibrated_strong,accepted_strong,strong,0.13209,2276,false,false,False,unified-v1
cam0,2307,2278,1.00,uncalibrated_strong,accepted_strong,strong,0.13291,2278,false,false,False,unified-v1
cam0,2308,2279,1.00,uncalibrated_strong,accepted_strong,strong,0.13291,2279,false,false,False,unified-v1
cam0,2309,2280,1.00,uncalibrated_strong,accepted_strong,strong,0.13291,2280,false,false,False,unified-v1
cam0,2310,2281,1.00,uncalibrated_strong,accepted_strong,strong,0.13291,2281,false,false,False,unified-v1
cam0,2311,2283,1.00,uncalibrated_strong,accepted_strong,strong,0.1327,2283,false,false,False,unified-v1
cam0,2312,2283,1.00,uncalibrated_strong,accepted_strong,strong,0.1327,2283,false,false,False,unified-v1
cam0,2313,2284,1.00,uncalibrated_strong,accepted_strong,strong,0.1327,2284,false,false,False,unified-v1
cam0,2314,2286,1.00,uncalibrated_strong,accepted_strong,strong,0.1327,2286,false,false,False,unified-v1
cam0,2315,2287,1.00,uncalibrated_strong,accepted_strong,strong,0.13022,2287,false,false,False,unified-v1
cam0,2316,2287,1.00,uncalibrated_strong,accepted_strong,strong,0.13022,2287,true,true,False,unified-v1
cam0,2317,2289,1.00,uncalibrated_strong,accepted_strong,strong,0.13022,2289,false,false,False,unified-v1
cam0,2318,2290,1.00,uncalibrated_strong,accepted_strong,strong,0.13022,2290,false,false,False,unified-v1
cam0,2319,2290,1.00,uncalibrated_strong,accepted_strong,strong,0.13022,2290,false,false,False,unified-v1
cam0,2320,2292,1.00,uncalibrated_strong,accepted_strong,strong,0.13022,2292,false,false,False,unified-v1
cam0,2321,2293,1.00,uncalibrated_strong,accepted_strong,strong,0.12831,2293,false,false,False,unified-v1
cam0,2322,2294,1.00,uncalibrated_strong,accepted_strong,strong,0.12831,2294,false,false,False,unified-v1
cam0,2323,2294,1.00,uncalibrated_strong,accepted_strong,strong,0.12831,2294,false,false,False,unified-v1
cam0,2324,2296,1.00,uncalibrated_strong,accepted_strong,strong,0.12831,2296,false,false,False,unified-v1
cam0,2325,2296,1.00,uncalibrated_strong,accepted_strong,strong,0.12831,2296,false,false,False,unified-v1
cam0,2326,2299,1.00,uncalibrated_strong,accepted_strong,strong,0.12831,2299,false,false,False,unified-v1
cam0,2327,2299,1.00,uncalibrated_strong,accepted_strong,strong,0.12736,2299,false,false,False,unified-v1
cam0,2328,2299,1.00,uncalibrated_strong,accepted_strong,strong,0.12736,2299,true,true,False,unified-v1
cam0,2329,2300,1.00,uncalibrated_strong,accepted_strong,strong,0.12736,2300,false,false,False,unified-v1
cam0,2330,2301,1.00,uncalibrated_strong,accepted_strong,strong,0.12736,2301,false,false,False,unified-v1
cam0,2331,2303,1.00,uncalibrated_strong,accepted_strong,strong,0.1257,2303,false,false,False,unified-v1
cam0,2332,2304,1.00,uncalibrated_strong,accepted_strong,strong,0.1257,2304,false,false,False,unified-v1
cam0,2333,2305,1.00,uncalibrated_strong,accepted_strong,strong,0.1257,2305,false,false,False,unified-v1
cam0,2334,2306,1.00,uncalibrated_strong,accepted_strong,strong,0.1257,2306,false,false,False,unified-v1
cam0,2335,2307,1.00,uncalibrated_strong,accepted_strong,strong,0.1257,2307,false,false,False,unified-v1
cam0,2336,2308,1.00,uncalibrated_strong,accepted_strong,strong,0.1257,2308,false,false,False,unified-v1
cam0,2337,2308,1.00,uncalibrated_strong,accepted_strong,strong,0.12436,2308,false,false,False,unified-v1
cam0,2338,2310,1.00,uncalibrated_strong,accepted_strong,strong,0.12436,2310,false,false,False,unified-v1
cam0,2339,2311,1.00,uncalibrated_strong,accepted_strong,strong,0.12436,2311,false,false,False,unified-v1
cam0,2340,2312,1.00,uncalibrated_strong,accepted_strong,strong,0.12436,2312,true,true,False,unified-v1
cam0,2341,2313,1.00,uncalibrated_strong,accepted_strong,strong,0.12436,2313,false,false,False,unified-v1
cam0,2342,2314,1.00,uncalibrated_strong,accepted_strong,strong,0.12436,2314,false,false,False,unified-v1
cam0,2343,2315,1.00,uncalibrated_strong,accepted_strong,strong,0.12438,2315,false,false,False,unified-v1
cam0,2344,2315,1.00,uncalibrated_strong,accepted_strong,strong,0.12438,2315,false,false,False,unified-v1
cam0,2345,2317,1.00,uncalibrated_strong,accepted_strong,strong,0.12438,2317,false,false,False,unified-v1
cam0,2346,2319,1.00,uncalibrated_strong,accepted_strong,strong,0.12438,2319,false,false,False,unified-v1
cam0,2347,2319,1.00,uncalibrated_strong,accepted_strong,strong,0.12328,2319,false,false,False,unified-v1
cam0,2348,2320,1.00,uncalibrated_strong,accepted_strong,strong,0.12328,2320,false,false,False,unified-v1
cam0,2349,2321,1.00,uncalibrated_strong,accepted_strong,strong,0.12328,2321,false,false,False,unified-v1
cam0,2350,2322,1.00,uncalibrated_strong,accepted_strong,strong,0.12328,2322,false,false,False,unified-v1
cam0,2351,2323,1.00,uncalibrated_strong,accepted_strong,strong,0.12328,2323,false,false,False,unified-v1
cam0,2352,2324,1.00,uncalibrated_strong,accepted_strong,strong,0.12328,2324,true,true,False,unified-v1
cam0,2353,2327,1.00,uncalibrated_strong,accepted_strong,strong,0.11744,2327,false,false,False,unified-v1
cam0,2354,2327,1.00,uncalibrated_strong,accepted_strong,strong,0.11744,2327,false,false,False,unified-v1
cam0,2355,2328,1.00,uncalibrated_strong,accepted_strong,strong,0.11744,2328,false,false,False,unified-v1
cam0,2356,2329,1.00,uncalibrated_strong,accepted_strong,strong,0.11744,2329,false,false,False,unified-v1
cam0,2357,2330,1.00,uncalibrated_strong,accepted_strong,strong,0.11744,2330,false,false,False,unified-v1
cam0,2358,2333,1.00,uncalibrated_strong,accepted_strong,strong,0.11744,2333,false,false,False,unified-v1
cam0,2359,2333,1.00,uncalibrated_strong,accepted_strong,strong,0.11441,2333,false,false,False,unified-v1
cam0,2360,2335,1.00,uncalibrated_strong,accepted_strong,strong,0.11441,2335,false,false,False,unified-v1
cam0,2361,2336,1.00,uncalibrated_strong,accepted_strong,strong,0.11441,2336,false,false,False,unified-v1
cam0,2362,2336,1.00,uncalibrated_strong,accepted_strong,strong,0.11441,2336,false,false,False,unified-v1
cam0,2363,2337,1.00,uncalibrated_strong,accepted_strong,strong,0.11141,2337,false,false,False,unified-v1
cam0,2364,2338,1.00,uncalibrated_strong,accepted_strong,strong,0.11141,2338,true,true,False,unified-v1
cam0,2365,2340,1.00,uncalibrated_strong,accepted_strong,strong,0.11141,2340,false,false,False,unified-v1
cam0,2366,2341,1.00,uncalibrated_strong,accepted_strong,strong,0.11141,2341,false,false,False,unified-v1
cam0,2367,2341,1.00,uncalibrated_strong,accepted_strong,strong,0.11045,2341,false,false,False,unified-v1
cam0,2368,2342,1.00,uncalibrated_strong,accepted_strong,strong,0.11045,2342,false,false,False,unified-v1
cam0,2369,2342,1.00,uncalibrated_strong,accepted_strong,strong,0.11045,2342,false,false,False,unified-v1
cam0,2370,2346,1.00,uncalibrated_strong,accepted_strong,strong,0.11045,2346,false,false,False,unified-v1
cam0,2371,2347,1.00,uncalibrated_strong,accepted_strong,strong,0.11045,2347,false,false,False,unified-v1
cam0,2372,2347,1.00,uncalibrated_strong,accepted_strong,strong,0.11045,2347,false,false,False,unified-v1
cam0,2373,2348,1.00,uncalibrated_strong,accepted_strong,strong,0.10918,2348,false,false,False,unified-v1
cam0,2374,2349,1.00,uncalibrated_strong,accepted_strong,strong,0.10918,2349,false,false,False,unified-v1
cam0,2375,2350,1.00,uncalibrated_strong,accepted_strong,strong,0.10918,2350,false,false,False,unified-v1
cam0,2376,2351,1.00,uncalibrated_strong,accepted_strong,strong,0.10918,2351,true,true,False,unified-v1
cam0,2377,2352,1.00,uncalibrated_strong,accepted_strong,strong,0.10918,2352,false,false,False,unified-v1
cam0,2378,2353,1.00,uncalibrated_strong,accepted_strong,strong,0.10918,2353,false,false,False,unified-v1
cam0,2379,2354,1.00,uncalibrated_strong,accepted_strong,strong,0.10659,2354,false,false,False,unified-v1
cam0,2380,2356,1.00,uncalibrated_strong,accepted_strong,strong,0.10659,2356,false,false,False,unified-v1
cam0,2381,2357,1.00,uncalibrated_strong,accepted_strong,strong,0.10659,2357,false,false,False,unified-v1
cam0,2382,2358,1.00,uncalibrated_strong,accepted_strong,strong,0.10659,2358,false,false,False,unified-v1
cam0,2383,2359,1.00,uncalibrated_strong,accepted_strong,strong,0.10659,2359,false,false,False,unified-v1
cam0,2384,2360,1.00,uncalibrated_strong,accepted_strong,strong,0.10659,2360,false,false,False,unified-v1
cam0,2385,2361,1.00,uncalibrated_strong,accepted_strong,strong,0.10568,2361,false,false,False,unified-v1
cam0,2386,2362,1.00,uncalibrated_strong,accepted_strong,strong,0.10568,2362,false,false,False,unified-v1
cam0,2387,2363,1.00,uncalibrated_strong,accepted_strong,strong,0.10568,2363,false,false,False,unified-v1
cam0,2388,2364,1.00,uncalibrated_strong,accepted_strong,strong,0.10568,2364,true,true,False,unified-v1
cam0,2389,2365,1.00,uncalibrated_strong,accepted_strong,strong,0.10568,2365,false,false,False,unified-v1
cam0,2390,2366,1.00,uncalibrated_strong,accepted_strong,strong,0.10568,2366,false,false,False,unified-v1
cam0,2391,2368,1.00,uncalibrated_strong,accepted_strong,strong,0.10568,2368,false,false,False,unified-v1
cam0,2392,2369,1.00,uncalibrated_strong,accepted_strong,strong,0.10568,2369,false,false,False,unified-v1
cam0,2393,2370,1.00,uncalibrated_strong,accepted_strong,strong,0.10305,2370,false,false,False,unified-v1
cam0,2394,2372,1.00,uncalibrated_strong,accepted_strong,strong,0.10305,2372,false,false,False,unified-v1
cam0,2395,2372,1.00,uncalibrated_strong,accepted_strong,strong,0.10305,2372,false,false,False,unified-v1
cam0,2396,2373,1.00,uncalibrated_strong,accepted_strong,strong,0.10305,2373,false,false,False,unified-v1
cam0,2397,2373,1.00,uncalibrated_strong,accepted_strong,strong,0.10305,2373,false,false,False,unified-v1
cam0,2398,2373,1.00,uncalibrated_strong,accepted_strong,strong,0.10305,2373,false,false,False,unified-v1
cam0,2399,2373,1.00,uncalibrated_strong,accepted_strong,strong,0.10208,2373,false,false,False,unified-v1
cam0,2400,2379,1.00,uncalibrated_strong,accepted_strong,strong,0.10208,2379,true,true,False,unified-v1
cam0,2401,2379,1.00,uncalibrated_strong,accepted_strong,strong,0.10208,2379,false,false,False,unified-v1
cam0,2402,2379,1.00,uncalibrated_strong,accepted_strong,strong,0.10208,2379,false,false,False,unified-v1
cam0,2403,2379,1.00,uncalibrated_strong,accepted_strong,strong,0.10346,2379,false,false,False,unified-v1
cam0,2404,2379,1.00,uncalibrated_strong,accepted_strong,strong,0.10346,2379,false,false,False,unified-v1
cam0,2405,2379,1.00,uncalibrated_strong,accepted_strong,strong,0.10346,2379,false,false,False,unified-v1
cam0,2406,2379,1.00,uncalibrated_strong,accepted_strong,strong,0.10346,2379,false,false,False,unified-v1
cam0,2407,2379,1.00,uncalibrated_strong,accepted_strong,strong,0.1035,2379,false,false,False,unified-v1
cam0,2408,2379,1.00,uncalibrated_strong,accepted_strong,strong,0.1035,2379,false,false,False,unified-v1
cam0,2409,2382,1.00,uncalibrated_strong,accepted_strong,strong,0.1035,2382,false,false,False,unified-v1
cam0,2410,2386,1.00,uncalibrated_strong,accepted_strong,strong,0.1035,2386,false,false,False,unified-v1
cam0,2411,2387,1.00,uncalibrated_strong,accepted_strong,strong,0.10032,2387,false,false,False,unified-v1
cam0,2412,2390,1.00,uncalibrated_strong,accepted_strong,strong,0.10032,2390,true,false,False,unified-v1
cam0,2413,2392,1.00,uncalibrated_strong,accepted_strong,strong,0.10032,2392,false,false,False,unified-v1
cam0,2414,2394,1.00,uncalibrated_strong,accepted_strong,strong,0.10032,2394,false,false,False,unified-v1
cam0,2415,2397,1.00,uncalibrated_strong,accepted_strong,strong,0.09882,2397,false,false,False,unified-v1
cam0,2416,2414,1.00,uncalibrated_strong,accepted_strong,strong,0.09882,2414,false,false,False,unified-v1
cam0,2417,2417,1.00,uncalibrated_strong,accepted_strong,strong,0.09882,2417,false,false,False,unified-v1
cam0,2418,2418,1.00,uncalibrated_strong,accepted_strong,strong,0.09882,2418,false,false,False,unified-v1
cam0,2419,2418,1.00,uncalibrated_strong,accepted_strong,strong,0.09871,2418,false,false,False,unified-v1
cam0,2420,2419,1.00,uncalibrated_strong,accepted_strong,strong,0.09871,2419,false,false,False,unified-v1
cam0,2421,2419,1.00,uncalibrated_strong,accepted_strong,strong,0.09871,2419,false,false,False,unified-v1
cam0,2422,2421,1.00,uncalibrated_strong,accepted_strong,strong,0.09871,2421,false,false,False,unified-v1
cam0,2423,2421,1.00,uncalibrated_strong,accepted_strong,strong,0.09903,2421,false,false,False,unified-v1
cam0,2424,2422,1.00,uncalibrated_strong,accepted_strong,strong,0.09903,2422,true,true,False,unified-v1
cam0,2425,2422,1.00,uncalibrated_strong,accepted_strong,strong,0.09903,2422,false,false,False,unified-v1
cam0,2426,2422,1.00,uncalibrated_strong,accepted_strong,strong,0.09903,2422,false,false,False,unified-v1
cam0,2427,2422,1.00,uncalibrated_strong,accepted_strong,strong,0.09903,2422,false,false,False,unified-v1
cam0,2428,2426,1.00,uncalibrated_strong,accepted_strong,strong,0.09903,2426,false,false,False,unified-v1
cam0,2429,2432,1.00,uncalibrated_strong,accepted_strong,strong,0.09767,2432,false,false,False,unified-v1
cam0,2430,2432,1.00,uncalibrated_strong,accepted_strong,strong,0.09767,2432,false,false,False,unified-v1
cam0,2431,2432,1.00,uncalibrated_strong,accepted_strong,strong,0.09767,2432,false,false,False,unified-v1
cam0,2432,2433,1.00,uncalibrated_strong,accepted_strong,strong,0.09767,2433,false,false,False,unified-v1
cam0,2433,2434,1.00,uncalibrated_strong,accepted_strong,strong,0.09767,2434,false,false,False,unified-v1
cam0,2434,2434,1.00,uncalibrated_strong,accepted_strong,strong,0.09767,2434,false,false,False,unified-v1
cam0,2435,2436,1.00,uncalibrated_strong,accepted_strong,strong,0.09767,2436,false,false,False,unified-v1
cam0,2436,2436,1.00,uncalibrated_strong,accepted_strong,strong,0.09767,2436,true,true,False,unified-v1
cam0,2437,2436,1.00,uncalibrated_strong,accepted_strong,strong,0.09726,2436,false,false,False,unified-v1
cam0,2438,2439,1.00,uncalibrated_strong,accepted_strong,strong,0.09726,2439,false,false,False,unified-v1
cam0,2439,2440,1.00,uncalibrated_strong,accepted_strong,strong,0.09726,2440,false,false,False,unified-v1
cam0,2440,2441,1.00,uncalibrated_strong,accepted_strong,strong,0.09726,2441,false,false,False,unified-v1
cam0,2441,2441,1.00,uncalibrated_strong,accepted_strong,strong,0.09726,2441,false,false,False,unified-v1
cam0,2442,2444,1.00,uncalibrated_strong,accepted_strong,strong,0.09726,2444,false,false,False,unified-v1
cam0,2443,2446,1.00,uncalibrated_strong,accepted_strong,strong,0.09726,2446,false,false,False,unified-v1
cam0,2444,2446,1.00,uncalibrated_strong,accepted_strong,strong,0.09726,2446,false,false,False,unified-v1
cam0,2445,2446,1.00,uncalibrated_strong,accepted_strong,strong,0.09669,2446,false,false,False,unified-v1
cam0,2446,2448,1.00,uncalibrated_strong,accepted_strong,strong,0.09669,2448,false,false,False,unified-v1
cam0,2447,2449,1.00,uncalibrated_strong,accepted_strong,strong,0.09669,2449,false,false,False,unified-v1
cam0,2448,2450,1.00,uncalibrated_strong,accepted_strong,strong,0.09669,2450,true,true,False,unified-v1
cam0,2449,2451,1.00,uncalibrated_strong,accepted_strong,strong,0.09669,2451,false,false,False,unified-v1
cam0,2450,2452,1.00,uncalibrated_strong,accepted_strong,strong,0.09669,2452,false,false,False,unified-v1
cam0,2451,2453,1.00,uncalibrated_strong,accepted_strong,strong,0.101,2453,false,false,False,unified-v1
cam0,2452,2455,1.00,uncalibrated_strong,accepted_strong,strong,0.101,2455,false,false,False,unified-v1
cam0,2453,2456,1.00,uncalibrated_strong,accepted_strong,strong,0.101,2456,false,false,False,unified-v1
cam0,2454,2456,1.00,uncalibrated_strong,accepted_strong,strong,0.101,2456,false,false,False,unified-v1
cam0,2455,2457,1.00,uncalibrated_strong,accepted_strong,strong,0.10247,2457,false,false,False,unified-v1
cam0,2456,2458,1.00,uncalibrated_strong,accepted_strong,strong,0.10247,2458,false,false,False,unified-v1
cam0,2457,2460,1.00,uncalibrated_strong,accepted_strong,strong,0.10247,2460,false,false,False,unified-v1
cam0,2458,2461,1.00,uncalibrated_strong,accepted_strong,strong,0.10247,2461,false,false,False,unified-v1
cam0,2459,2462,1.00,uncalibrated_strong,accepted_strong,strong,0.10247,2462,false,false,False,unified-v1
cam0,2460,2463,1.00,uncalibrated_strong,accepted_strong,strong,0.10247,2463,true,true,False,unified-v1
cam0,2461,2464,1.00,uncalibrated_strong,accepted_strong,strong,0.10376,2464,false,false,False,unified-v1
cam0,2462,2466,1.00,uncalibrated_strong,accepted_strong,strong,0.10376,2466,false,false,False,unified-v1
cam0,2463,2467,1.00,uncalibrated_strong,accepted_strong,strong,0.10376,2467,false,false,False,unified-v1
cam0,2464,2468,1.00,uncalibrated_strong,accepted_strong,strong,0.10376,2468,false,false,False,unified-v1
cam0,2465,2469,1.00,uncalibrated_strong,accepted_strong,strong,0.10376,2469,false,false,False,unified-v1
cam0,2466,2470,1.00,uncalibrated_strong,accepted_strong,strong,0.10376,2470,false,false,False,unified-v1
cam0,2467,2472,1.00,uncalibrated_strong,accepted_strong,strong,0.10376,2472,false,false,False,unified-v1
cam0,2468,2473,1.00,uncalibrated_strong,accepted_strong,strong,0.10376,2473,false,false,False,unified-v1
cam0,2469,2474,1.00,uncalibrated_strong,accepted_strong,strong,0.10471,2474,false,false,False,unified-v1
cam0,2470,2476,1.00,uncalibrated_strong,accepted_strong,strong,0.10471,2476,false,false,False,unified-v1
cam0,2471,2476,1.00,uncalibrated_strong,accepted_strong,strong,0.10471,2476,false,false,False,unified-v1
cam0,2472,2477,1.00,uncalibrated_strong,accepted_strong,strong,0.10471,2477,true,true,False,unified-v1
cam0,2473,2478,1.00,uncalibrated_strong,accepted_strong,strong,0.10471,2478,false,false,False,unified-v1
cam0,2474,2479,1.00,uncalibrated_strong,accepted_strong,strong,0.10471,2479,false,false,False,unified-v1
cam0,2475,2480,1.00,uncalibrated_strong,accepted_strong,strong,0.10661,2480,false,false,False,unified-v1
cam0,2476,2481,1.00,uncalibrated_strong,accepted_strong,strong,0.10661,2481,false,false,False,unified-v1
cam0,2477,2482,1.00,uncalibrated_strong,accepted_strong,strong,0.10661,2482,false,false,False,unified-v1
cam0,2478,2483,1.00,uncalibrated_strong,accepted_strong,strong,0.10661,2483,false,false,False,unified-v1
cam0,2479,2484,1.00,uncalibrated_strong,accepted_strong,strong,0.10661,2484,false,false,False,unified-v1
cam0,2480,2485,1.00,uncalibrated_strong,accepted_strong,strong,0.10661,2485,false,false,False,unified-v1
cam0,2481,2486,1.00,uncalibrated_strong,accepted_strong,strong,0.10672,2486,false,false,False,unified-v1
cam0,2482,2488,1.00,uncalibrated_strong,accepted_strong,strong,0.10672,2488,false,false,False,unified-v1
cam0,2483,2489,1.00,uncalibrated_strong,accepted_strong,strong,0.10672,2489,false,false,False,unified-v1
cam0,2484,2490,1.00,uncalibrated_strong,accepted_strong,strong,0.10672,2490,true,true,False,unified-v1
cam0,2485,2491,1.00,uncalibrated_strong,accepted_strong,strong,0.10672,2491,false,false,False,unified-v1
cam0,2486,2492,1.00,uncalibrated_strong,accepted_strong,strong,0.10672,2492,false,false,False,unified-v1
cam0,2487,2493,1.00,uncalibrated_strong,accepted_strong,strong,0.10915,2493,false,false,False,unified-v1
cam0,2488,2494,1.00,uncalibrated_strong,accepted_strong,strong,0.10915,2494,false,false,False,unified-v1
cam0,2489,2495,1.00,uncalibrated_strong,accepted_strong,strong,0.10915,2495,false,false,False,unified-v1
cam0,2490,2496,1.00,uncalibrated_strong,accepted_strong,strong,0.10915,2496,false,false,False,unified-v1
cam0,2491,2497,1.00,uncalibrated_strong,accepted_strong,strong,0.10915,2497,false,false,False,unified-v1
cam0,2492,2498,1.00,uncalibrated_strong,accepted_strong,strong,0.10915,2498,false,false,False,unified-v1
cam0,2493,2500,1.00,uncalibrated_strong,accepted_strong,strong,0.11073,2500,false,false,False,unified-v1
cam0,2494,2501,1.00,uncalibrated_strong,accepted_strong,strong,0.11073,2501,false,false,False,unified-v1
cam0,2495,2502,1.00,uncalibrated_strong,accepted_strong,strong,0.11073,2502,false,false,False,unified-v1
cam0,2496,2503,1.00,uncalibrated_strong,accepted_strong,strong,0.11073,2503,true,true,False,unified-v1
cam0,2497,2504,1.00,uncalibrated_strong,accepted_strong,strong,0.11073,2504,false,false,False,unified-v1
cam0,2498,2505,1.00,uncalibrated_strong,accepted_strong,strong,0.11073,2505,false,false,False,unified-v1
cam0,2499,2506,1.00,uncalibrated_strong,accepted_strong,strong,0.11046,2506,false,false,False,unified-v1
cam0,2500,2507,1.00,uncalibrated_strong,accepted_strong,strong,0.11046,2507,false,false,False,unified-v1
cam0,2501,2508,1.00,uncalibrated_strong,accepted_strong,strong,0.11046,2508,false,false,False,unified-v1
cam0,2502,2509,1.00,uncalibrated_strong,accepted_strong,strong,0.11046,2509,false,false,False,unified-v1
cam0,2503,2510,1.00,uncalibrated_strong,accepted_strong,strong,0.10781,2510,false,false,False,unified-v1
cam0,2504,2511,1.00,uncalibrated_strong,accepted_strong,strong,0.10781,2511,false,false,False,unified-v1
cam0,2505,2513,1.00,uncalibrated_strong,accepted_strong,strong,0.10781,2513,false,false,False,unified-v1
cam0,2506,2514,1.00,uncalibrated_strong,accepted_strong,strong,0.10781,2514,false,false,False,unified-v1
cam0,2507,2514,1.00,uncalibrated_strong,accepted_strong,strong,0.1049,2514,false,false,False,unified-v1
cam0,2508,2516,1.00,uncalibrated_strong,accepted_strong,strong,0.1049,2516,true,true,False,unified-v1
cam0,2509,2517,1.00,uncalibrated_strong,accepted_strong,strong,0.1049,2517,false,false,False,unified-v1
cam0,2510,2518,1.00,uncalibrated_strong,accepted_strong,strong,0.1049,2518,false,false,False,unified-v1
cam0,2511,2519,1.00,uncalibrated_strong,accepted_strong,strong,0.1029,2519,false,false,False,unified-v1
cam0,2512,2520,1.00,uncalibrated_strong,accepted_strong,strong,0.1029,2520,false,false,False,unified-v1
cam0,2513,2521,1.00,uncalibrated_strong,accepted_strong,strong,0.1029,2521,false,false,False,unified-v1
cam0,2514,2522,1.00,uncalibrated_strong,accepted_strong,strong,0.1029,2522,false,false,False,unified-v1
cam0,2515,2523,1.00,uncalibrated_strong,accepted_strong,strong,0.10331,2523,false,false,False,unified-v1
cam0,2516,2524,1.00,uncalibrated_strong,accepted_strong,strong,0.10331,2524,false,false,False,unified-v1
cam0,2517,2525,1.00,uncalibrated_strong,accepted_strong,strong,0.10331,2525,false,false,False,unified-v1
cam0,2518,2526,1.00,uncalibrated_strong,accepted_strong,strong,0.10331,2526,false,false,False,unified-v1
cam0,2519,2527,1.00,uncalibrated_strong,accepted_strong,strong,0.10216,2527,false,false,False,unified-v1
cam0,2520,2528,1.00,uncalibrated_strong,accepted_strong,strong,0.10216,2528,true,true,False,unified-v1
cam0,2521,2529,1.00,uncalibrated_strong,accepted_strong,strong,0.10216,2529,false,false,False,unified-v1
cam0,2522,2530,1.00,uncalibrated_strong,accepted_strong,strong,0.10216,2530,false,false,False,unified-v1
cam0,2523,2531,1.00,uncalibrated_strong,accepted_strong,strong,0.10247,2531,false,false,False,unified-v1
cam0,2524,2533,1.00,uncalibrated_strong,accepted_strong,strong,0.10247,2533,false,false,False,unified-v1
cam0,2525,2534,1.00,uncalibrated_strong,accepted_strong,strong,0.10247,2534,false,false,False,unified-v1
cam0,2526,2535,1.00,uncalibrated_strong,accepted_strong,strong,0.10247,2535,false,false,False,unified-v1
cam0,2527,2536,1.00,uncalibrated_strong,accepted_strong,strong,0.10247,2536,false,false,False,unified-v1
cam0,2528,2537,1.00,uncalibrated_strong,accepted_strong,strong,0.10247,2537,false,false,False,unified-v1
cam0,2529,2539,1.00,uncalibrated_strong,accepted_strong,strong,0.1026,2539,false,false,False,unified-v1
cam0,2530,2540,1.00,uncalibrated_strong,accepted_strong,strong,0.1026,2540,false,false,False,unified-v1
cam0,2531,2542,1.00,uncalibrated_strong,accepted_strong,strong,0.1026,2542,false,false,False,unified-v1
cam0,2532,2543,1.00,uncalibrated_strong,accepted_strong,strong,0.1026,2543,true,true,False,unified-v1
cam0,2533,2543,1.00,uncalibrated_strong,accepted_strong,strong,0.1026,2543,false,false,False,unified-v1
cam0,2534,2545,1.00,uncalibrated_strong,accepted_strong,strong,0.1026,2545,false,false,False,unified-v1
cam0,2535,2547,1.00,uncalibrated_strong,accepted_strong,strong,0.10333,2547,false,false,False,unified-v1
cam0,2536,2547,1.00,uncalibrated_strong,accepted_strong,strong,0.10333,2547,false,false,False,unified-v1
cam0,2537,2549,1.00,uncalibrated_strong,accepted_strong,strong,0.10333,2549,false,false,False,unified-v1
cam0,2538,2550,1.00,uncalibrated_strong,accepted_strong,strong,0.10333,2550,false,false,False,unified-v1
cam0,2539,2551,0.67,uncalibrated_sequence_supported,accepted_sequence_supported,supported,0.10359,2551,false,false,False,unified-v1
cam0,2540,2552,0.67,uncalibrated_sequence_supported,accepted_sequence_supported,supported,0.10359,2552,false,false,False,unified-v1
cam0,2541,2553,0.67,uncalibrated_sequence_supported,accepted_sequence_supported,supported,0.10359,2553,false,false,False,unified-v1
cam0,2542,2553,0.67,uncalibrated_sequence_supported,accepted_sequence_supported,supported,0.10359,2553,false,false,False,unified-v1
cam0,2543,2553,0.67,uncalibrated_sequence_supported,accepted_sequence_supported,supported,0.10359,2553,false,false,False,unified-v1
cam0,2544,2553,0.67,uncalibrated_sequence_supported,accepted_sequence_supported,supported,0.10359,2553,true,true,False,unified-v1
cam0,2545,2553,1.00,uncalibrated_strong,accepted_strong,strong,0.10371,2553,false,false,False,unified-v1
cam0,2546,2553,1.00,uncalibrated_strong,accepted_strong,strong,0.10371,2553,false,false,False,unified-v1
cam0,2547,2553,1.00,uncalibrated_strong,accepted_strong,strong,0.10371,2553,false,false,False,unified-v1
cam0,2548,2553,1.00,uncalibrated_strong,accepted_strong,strong,0.10371,2553,false,false,False,unified-v1
cam0,2549,2553,1.00,uncalibrated_strong,accepted_strong,strong,0.10371,2553,false,false,False,unified-v1
cam0,2550,2553,1.00,uncalibrated_strong,accepted_strong,strong,0.10371,2553,false,false,False,unified-v1
cam0,2551,2553,1.00,uncalibrated_strong,accepted_strong,strong,0.1035,2553,false,false,False,unified-v1
cam0,2552,2555,1.00,uncalibrated_strong,accepted_strong,strong,0.1035,2555,false,false,False,unified-v1
cam0,2553,2557,1.00,uncalibrated_strong,accepted_strong,strong,0.1035,2557,false,false,False,unified-v1
cam0,2554,2558,1.00,uncalibrated_strong,accepted_strong,strong,0.1035,2558,false,false,False,unified-v1
cam0,2555,2558,1.00,uncalibrated_strong,accepted_strong,strong,0.1035,2558,false,false,False,unified-v1
cam0,2556,2558,1.00,uncalibrated_strong,accepted_strong,strong,0.1035,2558,true,true,False,unified-v1
cam0,2557,2560,1.00,uncalibrated_strong,accepted_strong,strong,0.10285,2560,false,false,False,unified-v1
cam0,2558,2560,1.00,uncalibrated_strong,accepted_strong,strong,0.10285,2560,false,false,False,unified-v1
cam0,2559,2575,1.00,uncalibrated_strong,accepted_strong,strong,0.10285,2575,false,false,False,unified-v1
cam0,2560,2575,1.00,uncalibrated_strong,accepted_strong,strong,0.10285,2575,false,false,False,unified-v1
cam0,2561,2576,1.00,uncalibrated_strong,accepted_strong,strong,0.10285,2576,false,false,False,unified-v1
cam0,2562,2577,1.00,uncalibrated_strong,accepted_strong,strong,0.10285,2577,false,false,False,unified-v1
cam0,2563,2577,1.00,uncalibrated_strong,accepted_strong,strong,0.09961,2577,false,false,False,unified-v1
cam0,2564,2578,1.00,uncalibrated_strong,accepted_strong,strong,0.09961,2578,false,false,False,unified-v1
cam0,2565,2578,1.00,uncalibrated_strong,accepted_strong,strong,0.09961,2578,false,false,False,unified-v1
cam0,2566,2579,1.00,uncalibrated_strong,accepted_strong,strong,0.09961,2579,false,false,False,unified-v1
cam0,2567,2580,1.00,uncalibrated_strong,accepted_strong,strong,0.09961,2580,false,false,False,unified-v1
cam0,2568,2581,1.00,uncalibrated_strong,accepted_strong,strong,0.09961,2581,true,true,False,unified-v1
cam0,2569,2582,1.00,uncalibrated_strong,accepted_strong,strong,0.09893,2582,false,false,False,unified-v1
cam0,2570,2582,1.00,uncalibrated_strong,accepted_strong,strong,0.09893,2582,false,false,False,unified-v1
cam0,2571,2584,1.00,uncalibrated_strong,accepted_strong,strong,0.09893,2584,false,false,False,unified-v1
cam0,2572,2585,1.00,uncalibrated_strong,accepted_strong,strong,0.09893,2585,false,false,False,unified-v1
cam0,2573,2585,1.00,uncalibrated_strong,accepted_strong,strong,0.09893,2585,false,false,False,unified-v1
cam0,2574,2585,1.00,uncalibrated_strong,accepted_strong,strong,0.09893,2585,false,false,False,unified-v1
cam0,2575,2585,1.00,uncalibrated_strong,accepted_strong,strong,0.09893,2585,false,false,False,unified-v1
cam0,2576,2588,1.00,uncalibrated_strong,accepted_strong,strong,0.09893,2588,false,false,False,unified-v1
cam0,2577,2588,1.00,uncalibrated_strong,accepted_strong,strong,0.09725,2588,false,false,False,unified-v1
cam0,2578,2588,1.00,uncalibrated_strong,accepted_strong,strong,0.09725,2588,false,false,False,unified-v1
cam0,2579,2595,1.00,uncalibrated_strong,accepted_strong,strong,0.09725,2595,false,false,False,unified-v1
cam0,2580,2595,1.00,uncalibrated_strong,accepted_strong,strong,0.09725,2595,true,true,False,unified-v1
cam0,2581,2597,1.00,uncalibrated_strong,accepted_strong,strong,0.09725,2597,false,false,False,unified-v1
cam0,2582,2598,1.00,uncalibrated_strong,accepted_strong,strong,0.09725,2598,false,false,False,unified-v1
cam0,2583,2601,1.00,uncalibrated_strong,accepted_strong,strong,0.09636,2601,false,false,False,unified-v1
cam0,2584,2602,1.00,uncalibrated_strong,accepted_strong,strong,0.09636,2602,false,false,False,unified-v1
cam0,2585,2603,1.00,uncalibrated_strong,accepted_strong,strong,0.09636,2603,false,false,False,unified-v1
cam0,2586,2604,1.00,uncalibrated_strong,accepted_strong,strong,0.09636,2604,false,false,False,unified-v1
cam0,2587,2605,1.00,uncalibrated_strong,accepted_strong,strong,0.09578,2605,false,false,False,unified-v1
cam0,2588,2606,1.00,uncalibrated_strong,accepted_strong,strong,0.09578,2606,false,false,False,unified-v1
cam0,2589,2607,1.00,uncalibrated_strong,accepted_strong,strong,0.09578,2607,false,false,False,unified-v1
cam0,2590,2608,1.00,uncalibrated_strong,accepted_strong,strong,0.09578,2608,false,false,False,unified-v1
cam0,2591,2609,1.00,uncalibrated_strong,accepted_strong,strong,0.09449,2609,false,false,False,unified-v1
cam0,2592,2610,1.00,uncalibrated_strong,accepted_strong,strong,0.09449,2610,true,true,False,unified-v1
cam0,2593,,0.00,abstain,geometry_failed,strong,0.09449,2610,false,false,False,unified-v1
cam0,2594,,0.00,abstain,geometry_failed,strong,0.09449,2611,false,false,False,unified-v1
cam0,2595,,0.00,abstain,geometry_failed,strong,0.09449,2611,false,false,False,unified-v1
cam0,2596,,0.00,abstain,geometry_failed,strong,0.09449,2611,false,false,False,unified-v1
cam0,2597,,0.00,abstain,geometry_failed,strong,0.09449,2611,false,false,False,unified-v1
cam0,2598,,0.00,abstain,geometry_failed,strong,0.09449,2611,false,false,False,unified-v1
cam0,2599,,0.00,abstain,geometry_failed,strong,0.0917,2611,false,false,False,unified-v1
cam0,2600,,0.00,abstain,geometry_failed,strong,0.0917,2613,false,false,False,unified-v1
cam0,2601,,0.00,abstain,geometry_failed,strong,0.0917,2613,false,false,False,unified-v1
cam0,2602,,0.00,abstain,geometry_failed,strong,0.0917,2613,false,false,False,unified-v1
cam0,2603,,0.00,abstain,geometry_failed,strong,0.0917,2614,false,false,False,unified-v1
cam0,2604,,0.00,abstain,geometry_failed,strong,0.0917,2614,true,false,False,unified-v1
cam0,2605,,0.00,abstain,geometry_failed,strong,0.0917,2615,false,false,False,unified-v1
cam0,2606,,0.00,abstain,geometry_failed,strong,0.0917,2616,false,false,False,unified-v1
cam0,2607,,0.00,abstain,geometry_failed,strong,0.08868,2616,false,false,False,unified-v1
cam0,2608,,0.00,abstain,geometry_failed,strong,0.08868,2618,false,false,False,unified-v1
cam0,2609,,0.00,abstain,geometry_failed,strong,0.08868,2618,false,false,False,unified-v1
cam0,2610,,0.00,abstain,geometry_failed,strong,0.08868,2618,false,false,False,unified-v1
cam0,2611,,0.00,abstain,geometry_failed,strong,0.08574,2621,false,false,False,unified-v1
cam0,2612,,0.00,abstain,geometry_failed,strong,0.08574,2621,false,false,False,unified-v1
cam0,2613,,0.00,abstain,out_of_route,,,,false,false,False,unified-v1
cam0,2614,,0.00,abstain,out_of_route,,,,false,false,False,unified-v1
cam0,2615,,0.00,abstain,out_of_route,,,,false,false,False,unified-v1
cam0,2616,,0.00,abstain,idle_segment,,,,false,false,False,unified-v1
cam0,2617,,0.00,abstain,idle_segment,,,,false,false,False,unified-v1
cam0,2618,,0.00,abstain,idle_segment,,,,false,false,False,unified-v1
cam0,2619,,0.00,abstain,idle_segment,,,,false,false,False,unified-v1
cam0,2620,,0.00,abstain,idle_segment,,,,false,false,False,unified-v1
cam0,2621,,0.00,abstain,idle_segment,,,,false,false,False,unified-v1
cam0,2622,,0.00,abstain,idle_segment,,,,false,false,False,unified-v1
cam0,2623,,0.00,abstain,idle_segment,,,,false,false,False,unified-v1
cam0,2624,,0.00,abstain,idle_segment,,,,false,false,False,unified-v1
cam0,2625,,0.00,abstain,idle_segment,,,,false,false,False,unified-v1
cam0,2626,,0.00,abstain,idle_segment,,,,false,false,False,unified-v1
cam0,2627,,0.00,abstain,idle_segment,,,,false,false,False,unified-v1
cam0,2628,,0.00,abstain,idle_segment,,,,false,false,False,unified-v1
cam0,2629,,0.00,abstain,idle_segment,,,,false,false,False,unified-v1
cam0,2630,,0.00,abstain,idle_segment,,,,false,false,False,unified-v1
cam0,2631,,0.00,abstain,idle_segment,,,,false,false,False,unified-v1
cam0,2632,,0.00,abstain,idle_segment,,,,false,false,False,unified-v1
cam0,2633,,0.00,abstain,idle_segment,,,,false,false,False,unified-v1
cam0,2634,,0.00,abstain,idle_segment,,,,false,false,False,unified-v1
cam0,2635,,0.00,abstain,idle_segment,,,,false,false,False,unified-v1
cam0,2636,,0.00,abstain,idle_segment,,,,false,false,False,unified-v1
cam0,2637,,0.00,abstain,idle_segment,,,,false,false,False,unified-v1
cam0,2638,,0.00,abstain,idle_segment,,,,false,false,False,unified-v1
cam0,2639,,0.00,abstain,idle_segment,,,,false,false,False,unified-v1
cam0,2640,,0.00,abstain,idle_segment,,,,false,false,False,unified-v1
cam0,2641,,0.00,abstain,idle_segment,,,,false,false,False,unified-v1
cam0,2642,,0.00,abstain,idle_segment,,,,false,false,False,unified-v1
cam0,2643,,0.00,abstain,idle_segment,,,,false,false,False,unified-v1
cam0,2644,,0.00,abstain,idle_segment,,,,false,false,False,unified-v1
cam0,2645,,0.00,abstain,idle_segment,,,,false,false,False,unified-v1
cam0,2646,,0.00,abstain,idle_segment,,,,false,false,False,unified-v1
cam0,2647,,0.00,abstain,idle_segment,,,,false,false,False,unified-v1
cam0,2648,,0.00,abstain,idle_segment,,,,false,false,False,unified-v1
cam0,2649,,0.00,abstain,idle_segment,,,,false,false,False,unified-v1
cam0,2650,,0.00,abstain,idle_segment,,,,false,false,False,unified-v1
cam0,2651,,0.00,abstain,idle_segment,,,,false,false,False,unified-v1
cam0,2652,,0.00,abstain,idle_segment,,,,false,false,False,unified-v1
cam0,2653,,0.00,abstain,idle_segment,,,,false,false,False,unified-v1
cam0,2654,,0.00,abstain,idle_segment,,,,false,false,False,unified-v1
cam0,2655,,0.00,abstain,idle_segment,,,,false,false,False,unified-v1
cam0,2656,,0.00,abstain,idle_segment,,,,false,false,False,unified-v1
cam0,2657,,0.00,abstain,idle_segment,,,,false,false,False,unified-v1
cam0,2658,,0.00,abstain,idle_segment,,,,false,false,False,unified-v1
cam0,2659,,0.00,abstain,idle_segment,,,,false,false,False,unified-v1
cam0,2660,,0.00,abstain,idle_segment,,,,false,false,False,unified-v1
cam0,2661,,0.00,abstain,idle_segment,,,,false,false,False,unified-v1
cam0,2662,,0.00,abstain,idle_segment,,,,false,false,False,unified-v1
cam0,2663,,0.00,abstain,idle_segment,,,,false,false,False,unified-v1
cam0,2664,,0.00,abstain,idle_segment,,,,false,false,False,unified-v1
cam0,2665,,0.00,abstain,idle_segment,,,,false,false,False,unified-v1
cam0,2666,,0.00,abstain,idle_segment,,,,false,false,False,unified-v1
cam0,2667,,0.00,abstain,idle_segment,,,,false,false,False,unified-v1
cam0,2668,,0.00,abstain,idle_segment,,,,false,false,False,unified-v1
cam0,2669,,0.00,abstain,idle_segment,,,,false,false,False,unified-v1
cam0,2670,,0.00,abstain,idle_segment,,,,false,false,False,unified-v1
cam0,2671,,0.00,abstain,idle_segment,,,,false,false,False,unified-v1
cam0,2672,,0.00,abstain,idle_segment,,,,false,false,False,unified-v1
cam0,2673,,0.00,abstain,idle_segment,,,,false,false,False,unified-v1
