camera_id,runA_frame,runB_frame,confidence,tier,support_score,confidence_is_calibrated_probability,status,left_anchor_id,right_anchor_id,candidate_id,candidate_decision,method
cam0,0,,0.00,abstain,,False,pre_route_no_correspondence,,,,,frozen_query_path_adjacent_acceptance_interpolation
cam0,1,,0.00,abstain,,False,pre_route_no_correspondence,,,,,frozen_query_path_adjacent_acceptance_interpolation
cam0,2,,0.00,abstain,,False,pre_route_no_correspondence,,,,,frozen_query_path_adjacent_acceptance_interpolation
cam0,3,,0.00,abstain,,False,pre_route_no_correspondence,,,,,frozen_query_path_adjacent_acceptance_interpolation
cam0,4,,0.00,abstain,,False,pre_route_no_correspondence,,,,,frozen_query_path_adjacent_acceptance_interpolation
cam0,5,,0.00,abstain,,False,pre_route_no_correspondence,,,,,frozen_query_path_adjacent_acceptance_interpolation
cam0,6,,0.00,abstain,,False,pre_route_no_correspondence,,,,,frozen_query_path_adjacent_acceptance_interpolation
cam0,7,,0.00,abstain,,False,pre_route_no_correspondence,,,,,frozen_query_path_adjacent_acceptance_interpolation
cam0,8,,0.00,abstain,,False,pre_route_no_correspondence,,,,,frozen_query_path_adjacent_acceptance_interpolation
cam0,9,,0.00,abstain,,False,pre_route_no_correspondence,,,,,frozen_query_path_adjacent_acceptance_interpolation
cam0,10,,0.00,abstain,,False,pre_route_no_correspondence,,,,,frozen_query_path_adjacent_acceptance_interpolation
cam0,11,,0.00,abstain,,False,pre_route_no_correspondence,,,,,frozen_query_path_adjacent_acceptance_interpolation
cam0,12,,0.00,abstain,,False,pre_route_no_correspondence,,,,,frozen_query_path_adjacent_acceptance_interpolation
cam0,13,,0.00,abstain,,False,pre_route_no_correspondence,,,,,frozen_query_path_adjacent_acceptance_interpolation
cam0,14,,0.00,abstain,,False,pre_route_no_correspondence,,,,,frozen_query_path_adjacent_acceptance_interpolation
cam0,15,,0.00,abstain,,False,pre_route_no_correspondence,,,,,frozen_query_path_adjacent_acceptance_interpolation
cam0,16,,0.00,abstain,,False,pre_route_no_correspondence,,,,,frozen_query_path_adjacent_acceptance_interpolation
cam0,17,,0.00,abstain,,False,pre_route_no_correspondence,,,,,frozen_query_path_adjacent_acceptance_interpolation
cam0,18,,0.00,abstain,,False,pre_route_no_correspondence,,,,,frozen_query_path_adjacent_acceptance_interpolation
cam0,19,,0.00,abstain,,False,pre_route_no_correspondence,,,,,frozen_query_path_adjacent_acceptance_interpolation
cam0,20,,0.00,abstain,,False,pre_route_no_correspondence,,,,,frozen_query_path_adjacent_acceptance_interpolation
cam0,21,,0.00,abstain,,False,pre_route_no_correspondence,,,,,frozen_query_path_adjacent_acceptance_interpolation
cam0,22,,0.00,abstain,,False,pre_route_no_correspondence,,,,,frozen_query_path_adjacent_acceptance_interpolation
cam0,23,,0.00,abstain,,False,pre_route_no_correspondence,,,,,frozen_query_path_adjacent_acceptance_interpolation
cam0,24,,0.00,abstain,,False,pre_route_no_correspondence,,,,,frozen_query_path_adjacent_acceptance_interpolation
cam0,25,,0.00,abstain,,False,pre_route_no_correspondence,,,,,frozen_query_path_adjacent_acceptance_interpolation
cam0,26,,0.00,abstain,,False,pre_route_no_correspondence,,,,,frozen_query_path_adjacent_acceptance_interpolation
cam0,27,,0.00,abstain,,False,pre_route_no_correspondence,,,,,frozen_query_path_adjacent_acceptance_interpolation
cam0,28,,0.00,abstain,,False,pre_route_no_correspondence,,,,,frozen_query_path_adjacent_acceptance_interpolation
cam0,29,,0.00,abstain,,False,pre_route_no_correspondence,,,,,frozen_query_path_adjacent_acceptance_interpolation
cam0,30,,0.00,abstain,,False,pre_route_no_correspondence,,,,,frozen_query_path_adjacent_acceptance_interpolation
cam0,31,,0.00,abstain,,False,pre_route_no_correspondence,,,,,frozen_query_path_adjacent_acceptance_interpolation
cam0,32,,0.00,abstain,,False,pre_route_no_correspondence,,,,,frozen_query_path_adjacent_acceptance_interpolation
cam0,33,,0.00,abstain,,False,pre_route_no_correspondence,,,,,frozen_query_path_adjacent_acceptance_interpolation
cam0,34,,0.00,abstain,,False,pre_route_no_correspondence,,,,,frozen_query_path_adjacent_acceptance_interpolation
cam0,35,,0.00,abstain,,False,pre_route_no_correspondence,,,,,frozen_query_path_adjacent_acceptance_interpolation
cam0,36,,0.00,abstain,,False,pre_route_no_correspondence,,,,,frozen_query_path_adjacent_acceptance_interpolation
cam0,37,,0.00,abstain,,False,pre_route_no_correspondence,,,,,frozen_query_path_adjacent_acceptance_interpolation
cam0,38,,0.00,abstain,,False,pre_route_no_correspondence,,,,,frozen_query_path_adjacent_acceptance_interpolation
cam0,39,,0.00,abstain,,False,pre_route_no_correspondence,,,,,frozen_query_path_adjacent_acceptance_interpolation
cam0,40,,0.00,abstain,,False,pre_route_no_correspondence,,,,,frozen_query_path_adjacent_acceptance_interpolation
cam0,41,,0.00,abstain,,False,pre_route_no_correspondence,,,,,frozen_query_path_adjacent_acceptance_interpolation
cam0,42,,0.00,abstain,,False,pre_route_no_correspondence,,,,,frozen_query_path_adjacent_acceptance_interpolation
cam0,43,,0.00,abstain,,False,pre_route_no_correspondence,,,,,frozen_query_path_adjacent_acceptance_interpolation
cam0,44,,0.00,abstain,,False,pre_route_no_correspondence,,,,,frozen_query_path_adjacent_acceptance_interpolation
cam0,45,,0.00,abstain,,False,pre_route_no_correspondence,,,,,frozen_query_path_adjacent_acceptance_interpolation
cam0,46,,0.00,abstain,,False,pre_route_no_correspondence,,,,,frozen_query_path_adjacent_acceptance_interpolation
cam0,47,,0.00,abstain,,False,pre_route_no_correspondence,,,,,frozen_query_path_adjacent_acceptance_interpolation
cam0,48,,0.00,abstain,,False,pre_route_no_correspondence,,,,,frozen_query_path_adjacent_acceptance_interpolation
cam0,49,,0.00,abstain,,False,pre_route_no_correspondence,,,,,frozen_query_path_adjacent_acceptance_interpolation
cam0,50,,0.00,abstain,,False,pre_route_no_correspondence,,,,,frozen_query_path_adjacent_acceptance_interpolation
cam0,51,,0.00,abstain,,False,pre_route_no_correspondence,,,,,frozen_query_path_adjacent_acceptance_interpolation
cam0,52,,0.00,abstain,,False,pre_route_no_correspondence,,,,,frozen_query_path_adjacent_acceptance_interpolation
cam0,53,,0.00,abstain,,False,pre_route_no_correspondence,,,,,frozen_query_path_adjacent_acceptance_interpolation
cam0,54,,0.00,abstain,,False,pre_route_no_correspondence,,,,,frozen_query_path_adjacent_acceptance_interpolation
cam0,55,,0.00,abstain,,False,pre_route_no_correspondence,,,,,frozen_query_path_adjacent_acceptance_interpolation
cam0,56,,0.00,abstain,,False,pre_route_no_correspondence,,,,,frozen_query_path_adjacent_acceptance_interpolation
cam0,57,,0.00,abstain,,False,pre_route_no_correspondence,,,,,frozen_query_path_adjacent_acceptance_interpolation
cam0,58,,0.00,abstain,,False,pre_route_no_correspondence,,,,,frozen_query_path_adjacent_acceptance_interpolation
cam0,59,,0.00,abstain,,False,pre_route_no_correspondence,,,,,frozen_query_path_adjacent_acceptance_interpolation
cam0,60,,0.00,abstain,,False,pre_route_no_correspondence,,,,,frozen_query_path_adjacent_acceptance_interpolation
cam0,61,,0.00,abstain,,False,pre_route_no_correspondence,,,,,frozen_query_path_adjacent_acceptance_interpolation
cam0,62,,0.00,abstain,,False,pre_route_no_correspondence,,,,,frozen_query_path_adjacent_acceptance_interpolation
cam0,63,,0.00,abstain,,False,pre_route_no_correspondence,,,,,frozen_query_path_adjacent_acceptance_interpolation
cam0,64,,0.00,abstain,,False,pre_route_no_correspondence,,,,,frozen_query_path_adjacent_acceptance_interpolation
cam0,65,,0.00,abstain,,False,pre_route_no_correspondence,,,,,frozen_query_path_adjacent_acceptance_interpolation
cam0,66,,0.00,abstain,,False,pre_route_no_correspondence,,,,,frozen_query_path_adjacent_acceptance_interpolation
cam0,67,,0.00,abstain,,False,pre_route_no_correspondence,,,,,frozen_query_path_adjacent_acceptance_interpolation
cam0,68,,0.00,abstain,,False,pre_route_no_correspondence,,,,,frozen_query_path_adjacent_acceptance_interpolation
cam0,69,,0.00,abstain,,False,pre_route_no_correspondence,,,,,frozen_query_path_adjacent_acceptance_interpolation
cam0,70,,0.00,abstain,,False,pre_route_no_correspondence,,,,,frozen_query_path_adjacent_acceptance_interpolation
cam0,71,,0.00,abstain,,False,pre_route_no_correspondence,,,,,frozen_query_path_adjacent_acceptance_interpolation
cam0,72,,0.00,abstain,,False,pre_route_no_correspondence,,,,,frozen_query_path_adjacent_acceptance_interpolation
cam0,73,,0.00,abstain,,False,pre_route_no_correspondence,,,,,frozen_query_path_adjacent_acceptance_interpolation
cam0,74,,0.00,abstain,,False,pre_route_no_correspondence,,,,,frozen_query_path_adjacent_acceptance_interpolation
cam0,75,,0.00,abstain,,False,pre_route_no_correspondence,,,,,frozen_query_path_adjacent_acceptance_interpolation
cam0,76,,0.00,abstain,,False,pre_route_no_correspondence,,,,,frozen_query_path_adjacent_acceptance_interpolation
cam0,77,,0.00,abstain,,False,pre_route_no_correspondence,,,,,frozen_query_path_adjacent_acceptance_interpolation
cam0,78,,0.00,abstain,,False,pre_route_no_correspondence,,,,,frozen_query_path_adjacent_acceptance_interpolation
cam0,79,,0.00,abstain,,False,pre_route_no_correspondence,,,,,frozen_query_path_adjacent_acceptance_interpolation
cam0,80,,0.00,abstain,,False,pre_route_no_correspondence,,,,,frozen_query_path_adjacent_acceptance_interpolation
cam0,81,,0.00,abstain,,False,pre_route_no_correspondence,,,,,frozen_query_path_adjacent_acceptance_interpolation
cam0,82,,0.00,abstain,,False,pre_route_no_correspondence,,,,,frozen_query_path_adjacent_acceptance_interpolation
cam0,83,,0.00,abstain,,False,pre_route_no_correspondence,,,,,frozen_query_path_adjacent_acceptance_interpolation
cam0,84,,0.00,abstain,,False,pre_route_no_correspondence,,,,,frozen_query_path_adjacent_acceptance_interpolation
cam0,85,,0.00,abstain,,False,pre_route_no_correspondence,,,,,frozen_query_path_adjacent_acceptance_interpolation
cam0,86,,0.00,abstain,,False,pre_route_no_correspondence,,,,,frozen_query_path_adjacent_acceptance_interpolation
cam0,87,,0.00,abstain,,False,pre_route_no_correspondence,,,,,frozen_query_path_adjacent_acceptance_interpolation
cam0,88,,0.00,abstain,,False,pre_route_no_correspondence,,,,,frozen_query_path_adjacent_acceptance_interpolation
cam0,89,,0.00,abstain,,False,pre_route_no_correspondence,,,,,frozen_query_path_adjacent_acceptance_interpolation
cam0,90,,0.00,abstain,,False,pre_route_no_correspondence,,,,,frozen_query_path_adjacent_acceptance_interpolation
cam0,91,,0.00,abstain,,False,pre_route_no_correspondence,,,,,frozen_query_path_adjacent_acceptance_interpolation
cam0,92,,0.00,abstain,,False,pre_route_no_correspondence,,,,,frozen_query_path_adjacent_acceptance_interpolation
cam0,93,,0.00,abstain,,False,pre_route_no_correspondence,,,,,frozen_query_path_adjacent_acceptance_interpolation
cam0,94,,0.00,abstain,,False,pre_route_no_correspondence,,,,,frozen_query_path_adjacent_acceptance_interpolation
cam0,95,,0.00,abstain,,False,pre_route_no_correspondence,,,,,frozen_query_path_adjacent_acceptance_interpolation
cam0,96,,0.00,abstain,,False,pre_route_no_correspondence,,,,,frozen_query_path_adjacent_acceptance_interpolation
cam0,97,,0.00,abstain,,False,pre_route_no_correspondence,,,,,frozen_query_path_adjacent_acceptance_interpolation
cam0,98,,0.00,abstain,,False,pre_route_no_correspondence,,,,,frozen_query_path_adjacent_acceptance_interpolation
cam0,99,,0.00,abstain,,False,pre_route_no_correspondence,,,,,frozen_query_path_adjacent_acceptance_interpolation
cam0,100,,0.00,abstain,,False,pre_route_no_correspondence,,,,,frozen_query_path_adjacent_acceptance_interpolation
cam0,101,,0.00,abstain,,False,pre_route_no_correspondence,,,,,frozen_query_path_adjacent_acceptance_interpolation
cam0,102,,0.00,abstain,,False,pre_route_no_correspondence,,,,,frozen_query_path_adjacent_acceptance_interpolation
cam0,103,,0.00,abstain,,False,pre_route_no_correspondence,,,,,frozen_query_path_adjacent_acceptance_interpolation
cam0,104,,0.00,abstain,,False,pre_route_no_correspondence,,,,,frozen_query_path_adjacent_acceptance_interpolation
cam0,105,,0.00,abstain,,False,pre_route_no_correspondence,,,,,frozen_query_path_adjacent_acceptance_interpolation
cam0,106,,0.00,abstain,,False,pre_route_no_correspondence,,,,,frozen_query_path_adjacent_acceptance_interpolation
cam0,107,,0.00,abstain,,False,pre_route_no_correspondence,,,,,frozen_query_path_adjacent_acceptance_interpolation
cam0,108,,0.00,abstain,,False,pre_route_no_correspondence,,,,,frozen_query_path_adjacent_acceptance_interpolation
cam0,109,,0.00,abstain,,False,pre_route_no_correspondence,,,,,frozen_query_path_adjacent_acceptance_interpolation
cam0,110,,0.00,abstain,,False,pre_route_no_correspondence,,,,,frozen_query_path_adjacent_acceptance_interpolation
cam0,111,,0.00,abstain,,False,pre_route_no_correspondence,,,,,frozen_query_path_adjacent_acceptance_interpolation
cam0,112,,0.00,abstain,,False,pre_route_no_correspondence,,,,,frozen_query_path_adjacent_acceptance_interpolation
cam0,113,,0.00,abstain,,False,pre_route_no_correspondence,,,,,frozen_query_path_adjacent_acceptance_interpolation
cam0,114,,0.00,abstain,,False,pre_route_no_correspondence,,,,,frozen_query_path_adjacent_acceptance_interpolation
cam0,115,,0.00,abstain,,False,pre_route_no_correspondence,,,,,frozen_query_path_adjacent_acceptance_interpolation
cam0,116,,0.00,abstain,,False,pre_route_no_correspondence,,,,,frozen_query_path_adjacent_acceptance_interpolation
cam0,117,,0.00,abstain,,False,pre_route_no_correspondence,,,,,frozen_query_path_adjacent_acceptance_interpolation
cam0,118,,0.00,abstain,,False,pre_route_no_correspondence,,,,,frozen_query_path_adjacent_acceptance_interpolation
cam0,119,,0.00,abstain,,False,pre_route_no_correspondence,,,,,frozen_query_path_adjacent_acceptance_interpolation
cam0,120,,0.00,abstain,,False,pre_route_no_correspondence,,,,,frozen_query_path_adjacent_acceptance_interpolation
cam0,121,,0.00,abstain,,False,pre_route_no_correspondence,,,,,frozen_query_path_adjacent_acceptance_interpolation
cam0,122,,0.00,abstain,,False,pre_route_no_correspondence,,,,,frozen_query_path_adjacent_acceptance_interpolation
cam0,123,,0.00,abstain,,False,pre_route_no_correspondence,,,,,frozen_query_path_adjacent_acceptance_interpolation
cam0,124,,0.00,abstain,,False,pre_route_no_correspondence,,,,,frozen_query_path_adjacent_acceptance_interpolation
cam0,125,,0.00,abstain,,False,pre_route_no_correspondence,,,,,frozen_query_path_adjacent_acceptance_interpolation
cam0,126,,0.00,abstain,,False,pre_route_no_correspondence,,,,,frozen_query_path_adjacent_acceptance_interpolation
cam0,127,,0.00,abstain,,False,pre_route_no_correspondence,,,,,frozen_query_path_adjacent_acceptance_interpolation
cam0,128,,0.00,abstain,,False,pre_route_no_correspondence,,,,,frozen_query_path_adjacent_acceptance_interpolation
cam0,129,,0.00,abstain,,False,pre_route_no_correspondence,,,,,frozen_query_path_adjacent_acceptance_interpolation
cam0,130,,0.00,abstain,,False,pre_route_no_correspondence,,,,,frozen_query_path_adjacent_acceptance_interpolation
cam0,131,,0.00,abstain,,False,pre_route_no_correspondence,,,,,frozen_query_path_adjacent_acceptance_interpolation
cam0,132,,0.00,abstain,,False,pre_route_no_correspondence,,,,,frozen_query_path_adjacent_acceptance_interpolation
cam0,133,,0.00,abstain,,False,pre_route_no_correspondence,,,,,frozen_query_path_adjacent_acceptance_interpolation
cam0,134,,0.00,abstain,,False,pre_route_no_correspondence,,,,,frozen_query_path_adjacent_acceptance_interpolation
cam0,135,,0.00,abstain,,False,pre_route_no_correspondence,,,,,frozen_query_path_adjacent_acceptance_interpolation
cam0,136,,0.00,abstain,,False,pre_route_no_correspondence,,,,,frozen_query_path_adjacent_acceptance_interpolation
cam0,137,,0.00,abstain,,False,pre_route_no_correspondence,,,,,frozen_query_path_adjacent_acceptance_interpolation
cam0,138,,0.00,abstain,,False,pre_route_no_correspondence,,,,,frozen_query_path_adjacent_acceptance_interpolation
cam0,139,,0.00,abstain,,False,pre_route_no_correspondence,,,,,frozen_query_path_adjacent_acceptance_interpolation
cam0,140,,0.00,abstain,,False,pre_route_no_correspondence,,,,,frozen_query_path_adjacent_acceptance_interpolation
cam0,141,,0.00,abstain,,False,pre_route_no_correspondence,,,,,frozen_query_path_adjacent_acceptance_interpolation
cam0,142,,0.00,abstain,,False,pre_route_no_correspondence,,,,,frozen_query_path_adjacent_acceptance_interpolation
cam0,143,,0.00,abstain,,False,pre_route_no_correspondence,,,,,frozen_query_path_adjacent_acceptance_interpolation
cam0,144,,0.00,abstain,,False,pre_route_no_correspondence,,,,,frozen_query_path_adjacent_acceptance_interpolation
cam0,145,,0.00,abstain,,False,pre_route_no_correspondence,,,,,frozen_query_path_adjacent_acceptance_interpolation
cam0,146,,0.00,abstain,,False,pre_route_no_correspondence,,,,,frozen_query_path_adjacent_acceptance_interpolation
cam0,147,,0.00,abstain,,False,pre_route_no_correspondence,,,,,frozen_query_path_adjacent_acceptance_interpolation
cam0,148,,0.00,abstain,,False,pre_route_no_correspondence,,,,,frozen_query_path_adjacent_acceptance_interpolation
cam0,149,,0.00,abstain,,False,pre_route_no_correspondence,,,,,frozen_query_path_adjacent_acceptance_interpolation
cam0,150,,0.00,abstain,,False,pre_route_no_correspondence,,,,,frozen_query_path_adjacent_acceptance_interpolation
cam0,151,,0.00,abstain,,False,pre_route_no_correspondence,,,,,frozen_query_path_adjacent_acceptance_interpolation
cam0,152,,0.00,abstain,,False,pre_route_no_correspondence,,,,,frozen_query_path_adjacent_acceptance_interpolation
cam0,153,,0.00,abstain,,False,pre_route_no_correspondence,,,,,frozen_query_path_adjacent_acceptance_interpolation
cam0,154,,0.00,abstain,,False,pre_route_no_correspondence,,,,,frozen_query_path_adjacent_acceptance_interpolation
cam0,155,,0.00,abstain,,False,pre_route_no_correspondence,,,,,frozen_query_path_adjacent_acceptance_interpolation
cam0,156,,0.00,abstain,,False,pre_route_no_correspondence,,,,,frozen_query_path_adjacent_acceptance_interpolation
cam0,157,,0.00,abstain,,False,pre_route_no_correspondence,,,,,frozen_query_path_adjacent_acceptance_interpolation
cam0,158,,0.00,abstain,,False,pre_route_no_correspondence,,,,,frozen_query_path_adjacent_acceptance_interpolation
cam0,159,,0.00,abstain,,False,pre_route_no_correspondence,,,,,frozen_query_path_adjacent_acceptance_interpolation
cam0,160,,0.00,abstain,,False,pre_route_no_correspondence,,,,,frozen_query_path_adjacent_acceptance_interpolation
cam0,161,,0.00,abstain,,False,pre_route_no_correspondence,,,,,frozen_query_path_adjacent_acceptance_interpolation
cam0,162,,0.00,abstain,,False,pre_route_no_correspondence,,,,,frozen_query_path_adjacent_acceptance_interpolation
cam0,163,,0.00,abstain,,False,pre_route_no_correspondence,,,,,frozen_query_path_adjacent_acceptance_interpolation
cam0,164,,0.00,abstain,,False,pre_route_no_correspondence,,,,,frozen_query_path_adjacent_acceptance_interpolation
cam0,165,,0.00,abstain,,False,pre_route_no_correspondence,,,,,frozen_query_path_adjacent_acceptance_interpolation
cam0,166,,0.00,abstain,,False,pre_route_no_correspondence,,,,,frozen_query_path_adjacent_acceptance_interpolation
cam0,167,,0.00,abstain,,False,pre_route_no_correspondence,,,,,frozen_query_path_adjacent_acceptance_interpolation
cam0,168,,0.00,abstain,,False,pre_route_no_correspondence,,,,,frozen_query_path_adjacent_acceptance_interpolation
cam0,169,,0.00,abstain,,False,pre_route_no_correspondence,,,,,frozen_query_path_adjacent_acceptance_interpolation
cam0,170,,0.00,abstain,,False,pre_route_no_correspondence,,,,,frozen_query_path_adjacent_acceptance_interpolation
cam0,171,,0.00,abstain,,False,pre_route_no_correspondence,,,,,frozen_query_path_adjacent_acceptance_interpolation
cam0,172,,0.00,abstain,,False,pre_route_no_correspondence,,,,,frozen_query_path_adjacent_acceptance_interpolation
cam0,173,,0.00,abstain,,False,unsupported_before_first_supported_segment,,,,,frozen_query_path_adjacent_acceptance_interpolation
cam0,174,,0.00,abstain,,False,unsupported_before_first_supported_segment,,,,,frozen_query_path_adjacent_acceptance_interpolation
cam0,175,,0.00,abstain,,False,unsupported_before_first_supported_segment,,,,,frozen_query_path_adjacent_acceptance_interpolation
cam0,176,,0.00,abstain,,False,unsupported_before_first_supported_segment,,,,,frozen_query_path_adjacent_acceptance_interpolation
cam0,177,,0.00,abstain,,False,unsupported_before_first_supported_segment,,,,,frozen_query_path_adjacent_acceptance_interpolation
cam0,178,,0.00,abstain,,False,unsupported_before_first_supported_segment,,,,,frozen_query_path_adjacent_acceptance_interpolation
cam0,179,,0.00,abstain,,False,unsupported_before_first_supported_segment,,,,,frozen_query_path_adjacent_acceptance_interpolation
cam0,180,103,1.00,uncalibrated_geometry_anchor,0.871291,False,geometry_supported_anchor,cam0_A01,cam0_A01,cam0_A01,match_unverified_geometry_supported,frozen_query_path_adjacent_acceptance_interpolation
cam0,181,104,0.50,uncalibrated_bounded_interpolation,0.680952,False,bounded_interpolation,cam0_A01,cam0_A02,,,frozen_query_path_adjacent_acceptance_interpolation
cam0,182,105,0.50,uncalibrated_bounded_interpolation,0.680952,False,bounded_interpolation,cam0_A01,cam0_A02,,,frozen_query_path_adjacent_acceptance_interpolation
cam0,183,105,0.50,uncalibrated_bounded_interpolation,0.680952,False,bounded_interpolation,cam0_A01,cam0_A02,,,frozen_query_path_adjacent_acceptance_interpolation
cam0,184,106,0.50,uncalibrated_bounded_interpolation,0.680952,False,bounded_interpolation,cam0_A01,cam0_A02,,,frozen_query_path_adjacent_acceptance_interpolation
cam0,185,107,0.50,uncalibrated_bounded_interpolation,0.680952,False,bounded_interpolation,cam0_A01,cam0_A02,,,frozen_query_path_adjacent_acceptance_interpolation
cam0,186,108,0.50,uncalibrated_bounded_interpolation,0.680952,False,bounded_interpolation,cam0_A01,cam0_A02,,,frozen_query_path_adjacent_acceptance_interpolation
cam0,187,109,0.50,uncalibrated_bounded_interpolation,0.680952,False,bounded_interpolation,cam0_A01,cam0_A02,,,frozen_query_path_adjacent_acceptance_interpolation
cam0,188,110,0.50,uncalibrated_bounded_interpolation,0.680952,False,bounded_interpolation,cam0_A01,cam0_A02,,,frozen_query_path_adjacent_acceptance_interpolation
cam0,189,110,0.50,uncalibrated_bounded_interpolation,0.680952,False,bounded_interpolation,cam0_A01,cam0_A02,,,frozen_query_path_adjacent_acceptance_interpolation
cam0,190,111,0.50,uncalibrated_bounded_interpolation,0.680952,False,bounded_interpolation,cam0_A01,cam0_A02,,,frozen_query_path_adjacent_acceptance_interpolation
cam0,191,112,0.50,uncalibrated_bounded_interpolation,0.680952,False,bounded_interpolation,cam0_A01,cam0_A02,,,frozen_query_path_adjacent_acceptance_interpolation
cam0,192,113,0.50,uncalibrated_bounded_interpolation,0.680952,False,bounded_interpolation,cam0_A01,cam0_A02,,,frozen_query_path_adjacent_acceptance_interpolation
cam0,193,114,0.50,uncalibrated_bounded_interpolation,0.680952,False,bounded_interpolation,cam0_A01,cam0_A02,,,frozen_query_path_adjacent_acceptance_interpolation
cam0,194,114,0.50,uncalibrated_bounded_interpolation,0.680952,False,bounded_interpolation,cam0_A01,cam0_A02,,,frozen_query_path_adjacent_acceptance_interpolation
cam0,195,115,0.50,uncalibrated_bounded_interpolation,0.680952,False,bounded_interpolation,cam0_A01,cam0_A02,,,frozen_query_path_adjacent_acceptance_interpolation
cam0,196,116,0.50,uncalibrated_bounded_interpolation,0.680952,False,bounded_interpolation,cam0_A01,cam0_A02,,,frozen_query_path_adjacent_acceptance_interpolation
cam0,197,117,0.50,uncalibrated_bounded_interpolation,0.680952,False,bounded_interpolation,cam0_A01,cam0_A02,,,frozen_query_path_adjacent_acceptance_interpolation
cam0,198,118,0.50,uncalibrated_bounded_interpolation,0.680952,False,bounded_interpolation,cam0_A01,cam0_A02,,,frozen_query_path_adjacent_acceptance_interpolation
cam0,199,118,0.50,uncalibrated_bounded_interpolation,0.680952,False,bounded_interpolation,cam0_A01,cam0_A02,,,frozen_query_path_adjacent_acceptance_interpolation
cam0,200,119,0.50,uncalibrated_bounded_interpolation,0.680952,False,bounded_interpolation,cam0_A01,cam0_A02,,,frozen_query_path_adjacent_acceptance_interpolation
cam0,201,120,0.50,uncalibrated_bounded_interpolation,0.680952,False,bounded_interpolation,cam0_A01,cam0_A02,,,frozen_query_path_adjacent_acceptance_interpolation
cam0,202,121,0.50,uncalibrated_bounded_interpolation,0.680952,False,bounded_interpolation,cam0_A01,cam0_A02,,,frozen_query_path_adjacent_acceptance_interpolation
cam0,203,122,0.50,uncalibrated_bounded_interpolation,0.680952,False,bounded_interpolation,cam0_A01,cam0_A02,,,frozen_query_path_adjacent_acceptance_interpolation
cam0,204,123,0.50,uncalibrated_bounded_interpolation,0.680952,False,bounded_interpolation,cam0_A01,cam0_A02,,,frozen_query_path_adjacent_acceptance_interpolation
cam0,205,123,0.50,uncalibrated_bounded_interpolation,0.680952,False,bounded_interpolation,cam0_A01,cam0_A02,,,frozen_query_path_adjacent_acceptance_interpolation
cam0,206,124,0.50,uncalibrated_bounded_interpolation,0.680952,False,bounded_interpolation,cam0_A01,cam0_A02,,,frozen_query_path_adjacent_acceptance_interpolation
cam0,207,125,0.50,uncalibrated_bounded_interpolation,0.680952,False,bounded_interpolation,cam0_A01,cam0_A02,,,frozen_query_path_adjacent_acceptance_interpolation
cam0,208,126,0.50,uncalibrated_bounded_interpolation,0.680952,False,bounded_interpolation,cam0_A01,cam0_A02,,,frozen_query_path_adjacent_acceptance_interpolation
cam0,209,127,0.50,uncalibrated_bounded_interpolation,0.680952,False,bounded_interpolation,cam0_A01,cam0_A02,,,frozen_query_path_adjacent_acceptance_interpolation
cam0,210,127,0.50,uncalibrated_bounded_interpolation,0.680952,False,bounded_interpolation,cam0_A01,cam0_A02,,,frozen_query_path_adjacent_acceptance_interpolation
cam0,211,128,0.50,uncalibrated_bounded_interpolation,0.680952,False,bounded_interpolation,cam0_A01,cam0_A02,,,frozen_query_path_adjacent_acceptance_interpolation
cam0,212,129,0.50,uncalibrated_bounded_interpolation,0.680952,False,bounded_interpolation,cam0_A01,cam0_A02,,,frozen_query_path_adjacent_acceptance_interpolation
cam0,213,130,0.50,uncalibrated_bounded_interpolation,0.680952,False,bounded_interpolation,cam0_A01,cam0_A02,,,frozen_query_path_adjacent_acceptance_interpolation
cam0,214,131,0.50,uncalibrated_bounded_interpolation,0.680952,False,bounded_interpolation,cam0_A01,cam0_A02,,,frozen_query_path_adjacent_acceptance_interpolation
cam0,215,132,0.50,uncalibrated_bounded_interpolation,0.680952,False,bounded_interpolation,cam0_A01,cam0_A02,,,frozen_query_path_adjacent_acceptance_interpolation
cam0,216,132,0.50,uncalibrated_bounded_interpolation,0.680952,False,bounded_interpolation,cam0_A01,cam0_A02,,,frozen_query_path_adjacent_acceptance_interpolation
cam0,217,133,0.50,uncalibrated_bounded_interpolation,0.680952,False,bounded_interpolation,cam0_A01,cam0_A02,,,frozen_query_path_adjacent_acceptance_interpolation
cam0,218,134,0.50,uncalibrated_bounded_interpolation,0.680952,False,bounded_interpolation,cam0_A01,cam0_A02,,,frozen_query_path_adjacent_acceptance_interpolation
cam0,219,135,0.50,uncalibrated_bounded_interpolation,0.680952,False,bounded_interpolation,cam0_A01,cam0_A02,,,frozen_query_path_adjacent_acceptance_interpolation
cam0,220,136,0.50,uncalibrated_bounded_interpolation,0.680952,False,bounded_interpolation,cam0_A01,cam0_A02,,,frozen_query_path_adjacent_acceptance_interpolation
cam0,221,136,0.50,uncalibrated_bounded_interpolation,0.680952,False,bounded_interpolation,cam0_A01,cam0_A02,,,frozen_query_path_adjacent_acceptance_interpolation
cam0,222,137,0.50,uncalibrated_bounded_interpolation,0.680952,False,bounded_interpolation,cam0_A01,cam0_A02,,,frozen_query_path_adjacent_acceptance_interpolation
cam0,223,138,0.50,uncalibrated_bounded_interpolation,0.680952,False,bounded_interpolation,cam0_A01,cam0_A02,,,frozen_query_path_adjacent_acceptance_interpolation
cam0,224,139,0.50,uncalibrated_bounded_interpolation,0.680952,False,bounded_interpolation,cam0_A01,cam0_A02,,,frozen_query_path_adjacent_acceptance_interpolation
cam0,225,140,0.50,uncalibrated_bounded_interpolation,0.680952,False,bounded_interpolation,cam0_A01,cam0_A02,,,frozen_query_path_adjacent_acceptance_interpolation
cam0,226,140,0.50,uncalibrated_bounded_interpolation,0.680952,False,bounded_interpolation,cam0_A01,cam0_A02,,,frozen_query_path_adjacent_acceptance_interpolation
cam0,227,141,0.50,uncalibrated_bounded_interpolation,0.680952,False,bounded_interpolation,cam0_A01,cam0_A02,,,frozen_query_path_adjacent_acceptance_interpolation
cam0,228,142,0.50,uncalibrated_bounded_interpolation,0.680952,False,bounded_interpolation,cam0_A01,cam0_A02,,,frozen_query_path_adjacent_acceptance_interpolation
cam0,229,143,0.50,uncalibrated_bounded_interpolation,0.680952,False,bounded_interpolation,cam0_A01,cam0_A02,,,frozen_query_path_adjacent_acceptance_interpolation
cam0,230,144,0.50,uncalibrated_bounded_interpolation,0.680952,False,bounded_interpolation,cam0_A01,cam0_A02,,,frozen_query_path_adjacent_acceptance_interpolation
cam0,231,145,0.50,uncalibrated_bounded_interpolation,0.680952,False,bounded_interpolation,cam0_A01,cam0_A02,,,frozen_query_path_adjacent_acceptance_interpolation
cam0,232,145,0.50,uncalibrated_bounded_interpolation,0.680952,False,bounded_interpolation,cam0_A01,cam0_A02,,,frozen_query_path_adjacent_acceptance_interpolation
cam0,233,146,0.50,uncalibrated_bounded_interpolation,0.680952,False,bounded_interpolation,cam0_A01,cam0_A02,,,frozen_query_path_adjacent_acceptance_interpolation
cam0,234,147,0.50,uncalibrated_bounded_interpolation,0.680952,False,bounded_interpolation,cam0_A01,cam0_A02,,,frozen_query_path_adjacent_acceptance_interpolation
cam0,235,148,0.50,uncalibrated_bounded_interpolation,0.680952,False,bounded_interpolation,cam0_A01,cam0_A02,,,frozen_query_path_adjacent_acceptance_interpolation
cam0,236,149,0.50,uncalibrated_bounded_interpolation,0.680952,False,bounded_interpolation,cam0_A01,cam0_A02,,,frozen_query_path_adjacent_acceptance_interpolation
cam0,237,149,0.50,uncalibrated_bounded_interpolation,0.680952,False,bounded_interpolation,cam0_A01,cam0_A02,,,frozen_query_path_adjacent_acceptance_interpolation
cam0,238,150,0.50,uncalibrated_bounded_interpolation,0.680952,False,bounded_interpolation,cam0_A01,cam0_A02,,,frozen_query_path_adjacent_acceptance_interpolation
cam0,239,151,0.50,uncalibrated_bounded_interpolation,0.680952,False,bounded_interpolation,cam0_A01,cam0_A02,,,frozen_query_path_adjacent_acceptance_interpolation
cam0,240,152,0.50,uncalibrated_bounded_interpolation,0.680952,False,bounded_interpolation,cam0_A01,cam0_A02,,,frozen_query_path_adjacent_acceptance_interpolation
cam0,241,153,0.50,uncalibrated_bounded_interpolation,0.680952,False,bounded_interpolation,cam0_A01,cam0_A02,,,frozen_query_path_adjacent_acceptance_interpolation
cam0,242,153,0.50,uncalibrated_bounded_interpolation,0.680952,False,bounded_interpolation,cam0_A01,cam0_A02,,,frozen_query_path_adjacent_acceptance_interpolation
cam0,243,154,0.50,uncalibrated_bounded_interpolation,0.680952,False,bounded_interpolation,cam0_A01,cam0_A02,,,frozen_query_path_adjacent_acceptance_interpolation
cam0,244,155,0.50,uncalibrated_bounded_interpolation,0.680952,False,bounded_interpolation,cam0_A01,cam0_A02,,,frozen_query_path_adjacent_acceptance_interpolation
cam0,245,156,0.50,uncalibrated_bounded_interpolation,0.680952,False,bounded_interpolation,cam0_A01,cam0_A02,,,frozen_query_path_adjacent_acceptance_interpolation
cam0,246,157,0.50,uncalibrated_bounded_interpolation,0.680952,False,bounded_interpolation,cam0_A01,cam0_A02,,,frozen_query_path_adjacent_acceptance_interpolation
cam0,247,158,0.50,uncalibrated_bounded_interpolation,0.680952,False,bounded_interpolation,cam0_A01,cam0_A02,,,frozen_query_path_adjacent_acceptance_interpolation
cam0,248,158,0.50,uncalibrated_bounded_interpolation,0.680952,False,bounded_interpolation,cam0_A01,cam0_A02,,,frozen_query_path_adjacent_acceptance_interpolation
cam0,249,159,0.50,uncalibrated_bounded_interpolation,0.680952,False,bounded_interpolation,cam0_A01,cam0_A02,,,frozen_query_path_adjacent_acceptance_interpolation
cam0,250,160,1.00,uncalibrated_geometry_anchor,0.680952,False,geometry_supported_anchor,cam0_A02,cam0_A02,cam0_A02,match_unverified_geometry_supported,frozen_query_path_adjacent_acceptance_interpolation
cam0,251,,0.00,abstain,,False,unsupported_between_supported_segments,,,,,frozen_query_path_adjacent_acceptance_interpolation
cam0,252,,0.00,abstain,,False,unsupported_between_supported_segments,,,,,frozen_query_path_adjacent_acceptance_interpolation
cam0,253,,0.00,abstain,,False,unsupported_between_supported_segments,,,,,frozen_query_path_adjacent_acceptance_interpolation
cam0,254,,0.00,abstain,,False,unsupported_between_supported_segments,,,,,frozen_query_path_adjacent_acceptance_interpolation
cam0,255,,0.00,abstain,,False,unsupported_between_supported_segments,,,,,frozen_query_path_adjacent_acceptance_interpolation
cam0,256,,0.00,abstain,,False,unsupported_between_supported_segments,,,,,frozen_query_path_adjacent_acceptance_interpolation
cam0,257,,0.00,abstain,,False,unsupported_between_supported_segments,,,,,frozen_query_path_adjacent_acceptance_interpolation
cam0,258,,0.00,abstain,,False,unsupported_between_supported_segments,,,,,frozen_query_path_adjacent_acceptance_interpolation
cam0,259,,0.00,abstain,,False,unsupported_between_supported_segments,,,,,frozen_query_path_adjacent_acceptance_interpolation
cam0,260,,0.00,abstain,,False,unsupported_between_supported_segments,,,,,frozen_query_path_adjacent_acceptance_interpolation
cam0,261,,0.00,abstain,,False,unsupported_between_supported_segments,,,,,frozen_query_path_adjacent_acceptance_interpolation
cam0,262,,0.00,abstain,,False,unsupported_between_supported_segments,,,,,frozen_query_path_adjacent_acceptance_interpolation
cam0,263,,0.00,abstain,,False,unsupported_between_supported_segments,,,,,frozen_query_path_adjacent_acceptance_interpolation
cam0,264,,0.00,abstain,,False,unsupported_between_supported_segments,,,,,frozen_query_path_adjacent_acceptance_interpolation
cam0,265,,0.00,abstain,,False,unsupported_between_supported_segments,,,,,frozen_query_path_adjacent_acceptance_interpolation
cam0,266,,0.00,abstain,,False,unsupported_between_supported_segments,,,,,frozen_query_path_adjacent_acceptance_interpolation
cam0,267,,0.00,abstain,,False,unsupported_between_supported_segments,,,,,frozen_query_path_adjacent_acceptance_interpolation
cam0,268,,0.00,abstain,,False,unsupported_between_supported_segments,,,,,frozen_query_path_adjacent_acceptance_interpolation
cam0,269,,0.00,abstain,,False,unsupported_between_supported_segments,,,,,frozen_query_path_adjacent_acceptance_interpolation
cam0,270,,0.00,abstain,,False,unsupported_between_supported_segments,,,,,frozen_query_path_adjacent_acceptance_interpolation
cam0,271,,0.00,abstain,,False,unsupported_between_supported_segments,,,,,frozen_query_path_adjacent_acceptance_interpolation
cam0,272,,0.00,abstain,,False,unsupported_between_supported_segments,,,,,frozen_query_path_adjacent_acceptance_interpolation
cam0,273,,0.00,abstain,,False,unsupported_between_supported_segments,,,,,frozen_query_path_adjacent_acceptance_interpolation
cam0,274,,0.00,abstain,,False,unsupported_between_supported_segments,,,,,frozen_query_path_adjacent_acceptance_interpolation
cam0,275,,0.00,abstain,,False,unsupported_between_supported_segments,,,,,frozen_query_path_adjacent_acceptance_interpolation
cam0,276,,0.00,abstain,,False,unsupported_between_supported_segments,,,,,frozen_query_path_adjacent_acceptance_interpolation
cam0,277,,0.00,abstain,,False,unsupported_between_supported_segments,,,,,frozen_query_path_adjacent_acceptance_interpolation
cam0,278,,0.00,abstain,,False,unsupported_between_supported_segments,,,,,frozen_query_path_adjacent_acceptance_interpolation
cam0,279,,0.00,abstain,,False,unsupported_between_supported_segments,,,,,frozen_query_path_adjacent_acceptance_interpolation
cam0,280,,0.00,abstain,,False,unsupported_between_supported_segments,,,,,frozen_query_path_adjacent_acceptance_interpolation
cam0,281,,0.00,abstain,,False,unsupported_between_supported_segments,,,,,frozen_query_path_adjacent_acceptance_interpolation
cam0,282,,0.00,abstain,,False,unsupported_between_supported_segments,,,,,frozen_query_path_adjacent_acceptance_interpolation
cam0,283,,0.00,abstain,,False,unsupported_between_supported_segments,,,,,frozen_query_path_adjacent_acceptance_interpolation
cam0,284,,0.00,abstain,,False,unsupported_between_supported_segments,,,,,frozen_query_path_adjacent_acceptance_interpolation
cam0,285,,0.00,abstain,,False,unsupported_between_supported_segments,,,,,frozen_query_path_adjacent_acceptance_interpolation
cam0,286,,0.00,abstain,,False,unsupported_between_supported_segments,,,,,frozen_query_path_adjacent_acceptance_interpolation
cam0,287,,0.00,abstain,,False,unsupported_between_supported_segments,,,,,frozen_query_path_adjacent_acceptance_interpolation
cam0,288,,0.00,abstain,,False,unsupported_between_supported_segments,,,,,frozen_query_path_adjacent_acceptance_interpolation
cam0,289,,0.00,abstain,,False,unsupported_between_supported_segments,,,,,frozen_query_path_adjacent_acceptance_interpolation
cam0,290,,0.00,abstain,,False,unsupported_between_supported_segments,,,,,frozen_query_path_adjacent_acceptance_interpolation
cam0,291,,0.00,abstain,,False,unsupported_between_supported_segments,,,,,frozen_query_path_adjacent_acceptance_interpolation
cam0,292,,0.00,abstain,,False,unsupported_between_supported_segments,,,,,frozen_query_path_adjacent_acceptance_interpolation
cam0,293,,0.00,abstain,,False,unsupported_between_supported_segments,,,,,frozen_query_path_adjacent_acceptance_interpolation
cam0,294,,0.00,abstain,,False,unsupported_between_supported_segments,,,,,frozen_query_path_adjacent_acceptance_interpolation
cam0,295,,0.00,abstain,,False,unsupported_between_supported_segments,,,,,frozen_query_path_adjacent_acceptance_interpolation
cam0,296,,0.00,abstain,,False,unsupported_between_supported_segments,,,,,frozen_query_path_adjacent_acceptance_interpolation
cam0,297,,0.00,abstain,,False,unsupported_between_supported_segments,,,,,frozen_query_path_adjacent_acceptance_interpolation
cam0,298,,0.00,abstain,,False,unsupported_between_supported_segments,,,,,frozen_query_path_adjacent_acceptance_interpolation
cam0,299,,0.00,abstain,,False,unsupported_between_supported_segments,,,,,frozen_query_path_adjacent_acceptance_interpolation
cam0,300,,0.00,abstain,,False,unsupported_between_supported_segments,,,,,frozen_query_path_adjacent_acceptance_interpolation
cam0,301,,0.00,abstain,,False,unsupported_between_supported_segments,,,,,frozen_query_path_adjacent_acceptance_interpolation
cam0,302,,0.00,abstain,,False,unsupported_between_supported_segments,,,,,frozen_query_path_adjacent_acceptance_interpolation
cam0,303,,0.00,abstain,,False,unsupported_between_supported_segments,,,,,frozen_query_path_adjacent_acceptance_interpolation
cam0,304,,0.00,abstain,,False,unsupported_between_supported_segments,,,,,frozen_query_path_adjacent_acceptance_interpolation
cam0,305,,0.00,abstain,,False,unsupported_between_supported_segments,,,,,frozen_query_path_adjacent_acceptance_interpolation
cam0,306,,0.00,abstain,,False,unsupported_between_supported_segments,,,,,frozen_query_path_adjacent_acceptance_interpolation
cam0,307,,0.00,abstain,,False,unsupported_between_supported_segments,,,,,frozen_query_path_adjacent_acceptance_interpolation
cam0,308,,0.00,abstain,,False,unsupported_between_supported_segments,,,,,frozen_query_path_adjacent_acceptance_interpolation
cam0,309,,0.00,abstain,,False,unsupported_between_supported_segments,,,,,frozen_query_path_adjacent_acceptance_interpolation
cam0,310,,0.00,abstain,,False,unsupported_between_supported_segments,,,,,frozen_query_path_adjacent_acceptance_interpolation
cam0,311,,0.00,abstain,,False,unsupported_between_supported_segments,,,,,frozen_query_path_adjacent_acceptance_interpolation
cam0,312,,0.00,abstain,,False,unsupported_between_supported_segments,,,,,frozen_query_path_adjacent_acceptance_interpolation
cam0,313,,0.00,abstain,,False,unsupported_between_supported_segments,,,,,frozen_query_path_adjacent_acceptance_interpolation
cam0,314,,0.00,abstain,,False,unsupported_between_supported_segments,,,,,frozen_query_path_adjacent_acceptance_interpolation
cam0,315,,0.00,abstain,,False,unsupported_between_supported_segments,,,,,frozen_query_path_adjacent_acceptance_interpolation
cam0,316,,0.00,abstain,,False,unsupported_between_supported_segments,,,,,frozen_query_path_adjacent_acceptance_interpolation
cam0,317,,0.00,abstain,,False,unsupported_between_supported_segments,,,,,frozen_query_path_adjacent_acceptance_interpolation
cam0,318,,0.00,abstain,,False,unsupported_between_supported_segments,,,,,frozen_query_path_adjacent_acceptance_interpolation
cam0,319,,0.00,abstain,,False,unsupported_between_supported_segments,,,,,frozen_query_path_adjacent_acceptance_interpolation
cam0,320,,0.00,abstain,,False,unsupported_anchor_abstention,,,cam0_A03,abstain_weak_or_ambiguous_geometry,frozen_query_path_adjacent_acceptance_interpolation
cam0,321,,0.00,abstain,,False,unsupported_between_supported_segments,,,,,frozen_query_path_adjacent_acceptance_interpolation
cam0,322,,0.00,abstain,,False,unsupported_between_supported_segments,,,,,frozen_query_path_adjacent_acceptance_interpolation
cam0,323,,0.00,abstain,,False,unsupported_between_supported_segments,,,,,frozen_query_path_adjacent_acceptance_interpolation
cam0,324,,0.00,abstain,,False,unsupported_between_supported_segments,,,,,frozen_query_path_adjacent_acceptance_interpolation
cam0,325,,0.00,abstain,,False,unsupported_between_supported_segments,,,,,frozen_query_path_adjacent_acceptance_interpolation
cam0,326,,0.00,abstain,,False,unsupported_between_supported_segments,,,,,frozen_query_path_adjacent_acceptance_interpolation
cam0,327,,0.00,abstain,,False,unsupported_between_supported_segments,,,,,frozen_query_path_adjacent_acceptance_interpolation
cam0,328,,0.00,abstain,,False,unsupported_between_supported_segments,,,,,frozen_query_path_adjacent_acceptance_interpolation
cam0,329,,0.00,abstain,,False,unsupported_between_supported_segments,,,,,frozen_query_path_adjacent_acceptance_interpolation
cam0,330,,0.00,abstain,,False,unsupported_between_supported_segments,,,,,frozen_query_path_adjacent_acceptance_interpolation
cam0,331,,0.00,abstain,,False,unsupported_between_supported_segments,,,,,frozen_query_path_adjacent_acceptance_interpolation
cam0,332,,0.00,abstain,,False,unsupported_between_supported_segments,,,,,frozen_query_path_adjacent_acceptance_interpolation
cam0,333,,0.00,abstain,,False,unsupported_between_supported_segments,,,,,frozen_query_path_adjacent_acceptance_interpolation
cam0,334,,0.00,abstain,,False,unsupported_between_supported_segments,,,,,frozen_query_path_adjacent_acceptance_interpolation
cam0,335,,0.00,abstain,,False,unsupported_between_supported_segments,,,,,frozen_query_path_adjacent_acceptance_interpolation
cam0,336,,0.00,abstain,,False,unsupported_between_supported_segments,,,,,frozen_query_path_adjacent_acceptance_interpolation
cam0,337,,0.00,abstain,,False,unsupported_between_supported_segments,,,,,frozen_query_path_adjacent_acceptance_interpolation
cam0,338,,0.00,abstain,,False,unsupported_between_supported_segments,,,,,frozen_query_path_adjacent_acceptance_interpolation
cam0,339,,0.00,abstain,,False,unsupported_between_supported_segments,,,,,frozen_query_path_adjacent_acceptance_interpolation
cam0,340,,0.00,abstain,,False,unsupported_between_supported_segments,,,,,frozen_query_path_adjacent_acceptance_interpolation
cam0,341,,0.00,abstain,,False,unsupported_between_supported_segments,,,,,frozen_query_path_adjacent_acceptance_interpolation
cam0,342,,0.00,abstain,,False,unsupported_between_supported_segments,,,,,frozen_query_path_adjacent_acceptance_interpolation
cam0,343,,0.00,abstain,,False,unsupported_between_supported_segments,,,,,frozen_query_path_adjacent_acceptance_interpolation
cam0,344,,0.00,abstain,,False,unsupported_between_supported_segments,,,,,frozen_query_path_adjacent_acceptance_interpolation
cam0,345,,0.00,abstain,,False,unsupported_between_supported_segments,,,,,frozen_query_path_adjacent_acceptance_interpolation
cam0,346,,0.00,abstain,,False,unsupported_between_supported_segments,,,,,frozen_query_path_adjacent_acceptance_interpolation
cam0,347,,0.00,abstain,,False,unsupported_between_supported_segments,,,,,frozen_query_path_adjacent_acceptance_interpolation
cam0,348,,0.00,abstain,,False,unsupported_between_supported_segments,,,,,frozen_query_path_adjacent_acceptance_interpolation
cam0,349,,0.00,abstain,,False,unsupported_between_supported_segments,,,,,frozen_query_path_adjacent_acceptance_interpolation
cam0,350,,0.00,abstain,,False,unsupported_between_supported_segments,,,,,frozen_query_path_adjacent_acceptance_interpolation
cam0,351,,0.00,abstain,,False,unsupported_between_supported_segments,,,,,frozen_query_path_adjacent_acceptance_interpolation
cam0,352,,0.00,abstain,,False,unsupported_between_supported_segments,,,,,frozen_query_path_adjacent_acceptance_interpolation
cam0,353,,0.00,abstain,,False,unsupported_between_supported_segments,,,,,frozen_query_path_adjacent_acceptance_interpolation
cam0,354,,0.00,abstain,,False,unsupported_between_supported_segments,,,,,frozen_query_path_adjacent_acceptance_interpolation
cam0,355,,0.00,abstain,,False,unsupported_between_supported_segments,,,,,frozen_query_path_adjacent_acceptance_interpolation
cam0,356,,0.00,abstain,,False,unsupported_between_supported_segments,,,,,frozen_query_path_adjacent_acceptance_interpolation
cam0,357,,0.00,abstain,,False,unsupported_between_supported_segments,,,,,frozen_query_path_adjacent_acceptance_interpolation
cam0,358,,0.00,abstain,,False,unsupported_between_supported_segments,,,,,frozen_query_path_adjacent_acceptance_interpolation
cam0,359,,0.00,abstain,,False,unsupported_between_supported_segments,,,,,frozen_query_path_adjacent_acceptance_interpolation
cam0,360,,0.00,abstain,,False,unsupported_between_supported_segments,,,,,frozen_query_path_adjacent_acceptance_interpolation
cam0,361,,0.00,abstain,,False,unsupported_between_supported_segments,,,,,frozen_query_path_adjacent_acceptance_interpolation
cam0,362,,0.00,abstain,,False,unsupported_between_supported_segments,,,,,frozen_query_path_adjacent_acceptance_interpolation
cam0,363,,0.00,abstain,,False,unsupported_between_supported_segments,,,,,frozen_query_path_adjacent_acceptance_interpolation
cam0,364,,0.00,abstain,,False,unsupported_between_supported_segments,,,,,frozen_query_path_adjacent_acceptance_interpolation
cam0,365,,0.00,abstain,,False,unsupported_between_supported_segments,,,,,frozen_query_path_adjacent_acceptance_interpolation
cam0,366,,0.00,abstain,,False,unsupported_between_supported_segments,,,,,frozen_query_path_adjacent_acceptance_interpolation
cam0,367,,0.00,abstain,,False,unsupported_between_supported_segments,,,,,frozen_query_path_adjacent_acceptance_interpolation
cam0,368,,0.00,abstain,,False,unsupported_between_supported_segments,,,,,frozen_query_path_adjacent_acceptance_interpolation
cam0,369,,0.00,abstain,,False,unsupported_between_supported_segments,,,,,frozen_query_path_adjacent_acceptance_interpolation
cam0,370,,0.00,abstain,,False,unsupported_between_supported_segments,,,,,frozen_query_path_adjacent_acceptance_interpolation
cam0,371,,0.00,abstain,,False,unsupported_between_supported_segments,,,,,frozen_query_path_adjacent_acceptance_interpolation
cam0,372,,0.00,abstain,,False,unsupported_between_supported_segments,,,,,frozen_query_path_adjacent_acceptance_interpolation
cam0,373,,0.00,abstain,,False,unsupported_between_supported_segments,,,,,frozen_query_path_adjacent_acceptance_interpolation
cam0,374,,0.00,abstain,,False,unsupported_between_supported_segments,,,,,frozen_query_path_adjacent_acceptance_interpolation
cam0,375,,0.00,abstain,,False,unsupported_between_supported_segments,,,,,frozen_query_path_adjacent_acceptance_interpolation
cam0,376,,0.00,abstain,,False,unsupported_between_supported_segments,,,,,frozen_query_path_adjacent_acceptance_interpolation
cam0,377,,0.00,abstain,,False,unsupported_between_supported_segments,,,,,frozen_query_path_adjacent_acceptance_interpolation
cam0,378,,0.00,abstain,,False,unsupported_between_supported_segments,,,,,frozen_query_path_adjacent_acceptance_interpolation
cam0,379,,0.00,abstain,,False,unsupported_between_supported_segments,,,,,frozen_query_path_adjacent_acceptance_interpolation
cam0,380,,0.00,abstain,,False,unsupported_between_supported_segments,,,,,frozen_query_path_adjacent_acceptance_interpolation
cam0,381,,0.00,abstain,,False,unsupported_between_supported_segments,,,,,frozen_query_path_adjacent_acceptance_interpolation
cam0,382,,0.00,abstain,,False,unsupported_between_supported_segments,,,,,frozen_query_path_adjacent_acceptance_interpolation
cam0,383,,0.00,abstain,,False,unsupported_between_supported_segments,,,,,frozen_query_path_adjacent_acceptance_interpolation
cam0,384,,0.00,abstain,,False,unsupported_between_supported_segments,,,,,frozen_query_path_adjacent_acceptance_interpolation
cam0,385,,0.00,abstain,,False,unsupported_between_supported_segments,,,,,frozen_query_path_adjacent_acceptance_interpolation
cam0,386,,0.00,abstain,,False,unsupported_between_supported_segments,,,,,frozen_query_path_adjacent_acceptance_interpolation
cam0,387,,0.00,abstain,,False,unsupported_between_supported_segments,,,,,frozen_query_path_adjacent_acceptance_interpolation
cam0,388,,0.00,abstain,,False,unsupported_between_supported_segments,,,,,frozen_query_path_adjacent_acceptance_interpolation
cam0,389,,0.00,abstain,,False,unsupported_between_supported_segments,,,,,frozen_query_path_adjacent_acceptance_interpolation
cam0,390,,0.00,abstain,,False,unsupported_anchor_abstention,,,cam0_A04,abstain_weak_or_ambiguous_geometry,frozen_query_path_adjacent_acceptance_interpolation
cam0,391,,0.00,abstain,,False,unsupported_between_supported_segments,,,,,frozen_query_path_adjacent_acceptance_interpolation
cam0,392,,0.00,abstain,,False,unsupported_between_supported_segments,,,,,frozen_query_path_adjacent_acceptance_interpolation
cam0,393,,0.00,abstain,,False,unsupported_between_supported_segments,,,,,frozen_query_path_adjacent_acceptance_interpolation
cam0,394,,0.00,abstain,,False,unsupported_between_supported_segments,,,,,frozen_query_path_adjacent_acceptance_interpolation
cam0,395,,0.00,abstain,,False,unsupported_between_supported_segments,,,,,frozen_query_path_adjacent_acceptance_interpolation
cam0,396,,0.00,abstain,,False,unsupported_between_supported_segments,,,,,frozen_query_path_adjacent_acceptance_interpolation
cam0,397,,0.00,abstain,,False,unsupported_between_supported_segments,,,,,frozen_query_path_adjacent_acceptance_interpolation
cam0,398,,0.00,abstain,,False,unsupported_between_supported_segments,,,,,frozen_query_path_adjacent_acceptance_interpolation
cam0,399,,0.00,abstain,,False,unsupported_between_supported_segments,,,,,frozen_query_path_adjacent_acceptance_interpolation
cam0,400,,0.00,abstain,,False,unsupported_between_supported_segments,,,,,frozen_query_path_adjacent_acceptance_interpolation
cam0,401,,0.00,abstain,,False,unsupported_between_supported_segments,,,,,frozen_query_path_adjacent_acceptance_interpolation
cam0,402,,0.00,abstain,,False,unsupported_between_supported_segments,,,,,frozen_query_path_adjacent_acceptance_interpolation
cam0,403,,0.00,abstain,,False,unsupported_between_supported_segments,,,,,frozen_query_path_adjacent_acceptance_interpolation
cam0,404,,0.00,abstain,,False,unsupported_between_supported_segments,,,,,frozen_query_path_adjacent_acceptance_interpolation
cam0,405,,0.00,abstain,,False,unsupported_between_supported_segments,,,,,frozen_query_path_adjacent_acceptance_interpolation
cam0,406,,0.00,abstain,,False,unsupported_between_supported_segments,,,,,frozen_query_path_adjacent_acceptance_interpolation
cam0,407,,0.00,abstain,,False,unsupported_between_supported_segments,,,,,frozen_query_path_adjacent_acceptance_interpolation
cam0,408,,0.00,abstain,,False,unsupported_between_supported_segments,,,,,frozen_query_path_adjacent_acceptance_interpolation
cam0,409,,0.00,abstain,,False,unsupported_between_supported_segments,,,,,frozen_query_path_adjacent_acceptance_interpolation
cam0,410,,0.00,abstain,,False,unsupported_between_supported_segments,,,,,frozen_query_path_adjacent_acceptance_interpolation
cam0,411,,0.00,abstain,,False,unsupported_between_supported_segments,,,,,frozen_query_path_adjacent_acceptance_interpolation
cam0,412,,0.00,abstain,,False,unsupported_between_supported_segments,,,,,frozen_query_path_adjacent_acceptance_interpolation
cam0,413,,0.00,abstain,,False,unsupported_between_supported_segments,,,,,frozen_query_path_adjacent_acceptance_interpolation
cam0,414,,0.00,abstain,,False,unsupported_between_supported_segments,,,,,frozen_query_path_adjacent_acceptance_interpolation
cam0,415,,0.00,abstain,,False,unsupported_between_supported_segments,,,,,frozen_query_path_adjacent_acceptance_interpolation
cam0,416,,0.00,abstain,,False,unsupported_between_supported_segments,,,,,frozen_query_path_adjacent_acceptance_interpolation
cam0,417,,0.00,abstain,,False,unsupported_between_supported_segments,,,,,frozen_query_path_adjacent_acceptance_interpolation
cam0,418,,0.00,abstain,,False,unsupported_between_supported_segments,,,,,frozen_query_path_adjacent_acceptance_interpolation
cam0,419,,0.00,abstain,,False,unsupported_between_supported_segments,,,,,frozen_query_path_adjacent_acceptance_interpolation
cam0,420,,0.00,abstain,,False,unsupported_between_supported_segments,,,,,frozen_query_path_adjacent_acceptance_interpolation
cam0,421,,0.00,abstain,,False,unsupported_between_supported_segments,,,,,frozen_query_path_adjacent_acceptance_interpolation
cam0,422,,0.00,abstain,,False,unsupported_between_supported_segments,,,,,frozen_query_path_adjacent_acceptance_interpolation
cam0,423,,0.00,abstain,,False,unsupported_between_supported_segments,,,,,frozen_query_path_adjacent_acceptance_interpolation
cam0,424,,0.00,abstain,,False,unsupported_between_supported_segments,,,,,frozen_query_path_adjacent_acceptance_interpolation
cam0,425,,0.00,abstain,,False,unsupported_between_supported_segments,,,,,frozen_query_path_adjacent_acceptance_interpolation
cam0,426,,0.00,abstain,,False,unsupported_between_supported_segments,,,,,frozen_query_path_adjacent_acceptance_interpolation
cam0,427,,0.00,abstain,,False,unsupported_between_supported_segments,,,,,frozen_query_path_adjacent_acceptance_interpolation
cam0,428,,0.00,abstain,,False,unsupported_between_supported_segments,,,,,frozen_query_path_adjacent_acceptance_interpolation
cam0,429,,0.00,abstain,,False,unsupported_between_supported_segments,,,,,frozen_query_path_adjacent_acceptance_interpolation
cam0,430,,0.00,abstain,,False,unsupported_between_supported_segments,,,,,frozen_query_path_adjacent_acceptance_interpolation
cam0,431,,0.00,abstain,,False,unsupported_between_supported_segments,,,,,frozen_query_path_adjacent_acceptance_interpolation
cam0,432,,0.00,abstain,,False,unsupported_between_supported_segments,,,,,frozen_query_path_adjacent_acceptance_interpolation
cam0,433,,0.00,abstain,,False,unsupported_between_supported_segments,,,,,frozen_query_path_adjacent_acceptance_interpolation
cam0,434,,0.00,abstain,,False,unsupported_between_supported_segments,,,,,frozen_query_path_adjacent_acceptance_interpolation
cam0,435,,0.00,abstain,,False,unsupported_between_supported_segments,,,,,frozen_query_path_adjacent_acceptance_interpolation
cam0,436,,0.00,abstain,,False,unsupported_between_supported_segments,,,,,frozen_query_path_adjacent_acceptance_interpolation
cam0,437,,0.00,abstain,,False,unsupported_between_supported_segments,,,,,frozen_query_path_adjacent_acceptance_interpolation
cam0,438,,0.00,abstain,,False,unsupported_between_supported_segments,,,,,frozen_query_path_adjacent_acceptance_interpolation
cam0,439,,0.00,abstain,,False,unsupported_between_supported_segments,,,,,frozen_query_path_adjacent_acceptance_interpolation
cam0,440,,0.00,abstain,,False,unsupported_between_supported_segments,,,,,frozen_query_path_adjacent_acceptance_interpolation
cam0,441,,0.00,abstain,,False,unsupported_between_supported_segments,,,,,frozen_query_path_adjacent_acceptance_interpolation
cam0,442,,0.00,abstain,,False,unsupported_between_supported_segments,,,,,frozen_query_path_adjacent_acceptance_interpolation
cam0,443,,0.00,abstain,,False,unsupported_between_supported_segments,,,,,frozen_query_path_adjacent_acceptance_interpolation
cam0,444,,0.00,abstain,,False,unsupported_between_supported_segments,,,,,frozen_query_path_adjacent_acceptance_interpolation
cam0,445,,0.00,abstain,,False,unsupported_between_supported_segments,,,,,frozen_query_path_adjacent_acceptance_interpolation
cam0,446,,0.00,abstain,,False,unsupported_between_supported_segments,,,,,frozen_query_path_adjacent_acceptance_interpolation
cam0,447,,0.00,abstain,,False,unsupported_between_supported_segments,,,,,frozen_query_path_adjacent_acceptance_interpolation
cam0,448,,0.00,abstain,,False,unsupported_between_supported_segments,,,,,frozen_query_path_adjacent_acceptance_interpolation
cam0,449,,0.00,abstain,,False,unsupported_between_supported_segments,,,,,frozen_query_path_adjacent_acceptance_interpolation
cam0,450,,0.00,abstain,,False,unsupported_between_supported_segments,,,,,frozen_query_path_adjacent_acceptance_interpolation
cam0,451,,0.00,abstain,,False,unsupported_between_supported_segments,,,,,frozen_query_path_adjacent_acceptance_interpolation
cam0,452,,0.00,abstain,,False,unsupported_between_supported_segments,,,,,frozen_query_path_adjacent_acceptance_interpolation
cam0,453,,0.00,abstain,,False,unsupported_between_supported_segments,,,,,frozen_query_path_adjacent_acceptance_interpolation
cam0,454,,0.00,abstain,,False,unsupported_between_supported_segments,,,,,frozen_query_path_adjacent_acceptance_interpolation
cam0,455,,0.00,abstain,,False,unsupported_between_supported_segments,,,,,frozen_query_path_adjacent_acceptance_interpolation
cam0,456,,0.00,abstain,,False,unsupported_between_supported_segments,,,,,frozen_query_path_adjacent_acceptance_interpolation
cam0,457,,0.00,abstain,,False,unsupported_between_supported_segments,,,,,frozen_query_path_adjacent_acceptance_interpolation
cam0,458,,0.00,abstain,,False,unsupported_between_supported_segments,,,,,frozen_query_path_adjacent_acceptance_interpolation
cam0,459,,0.00,abstain,,False,unsupported_between_supported_segments,,,,,frozen_query_path_adjacent_acceptance_interpolation
cam0,460,,0.00,abstain,,False,unsupported_between_supported_segments,,,,,frozen_query_path_adjacent_acceptance_interpolation
cam0,461,,0.00,abstain,,False,unsupported_between_supported_segments,,,,,frozen_query_path_adjacent_acceptance_interpolation
cam0,462,,0.00,abstain,,False,unsupported_between_supported_segments,,,,,frozen_query_path_adjacent_acceptance_interpolation
cam0,463,,0.00,abstain,,False,unsupported_between_supported_segments,,,,,frozen_query_path_adjacent_acceptance_interpolation
cam0,464,,0.00,abstain,,False,unsupported_isolated_acceptance,,,cam0_A05,match_unverified_geometry_supported,frozen_query_path_adjacent_acceptance_interpolation
cam0,465,,0.00,abstain,,False,unsupported_between_supported_segments,,,,,frozen_query_path_adjacent_acceptance_interpolation
cam0,466,,0.00,abstain,,False,unsupported_between_supported_segments,,,,,frozen_query_path_adjacent_acceptance_interpolation
cam0,467,,0.00,abstain,,False,unsupported_between_supported_segments,,,,,frozen_query_path_adjacent_acceptance_interpolation
cam0,468,,0.00,abstain,,False,unsupported_between_supported_segments,,,,,frozen_query_path_adjacent_acceptance_interpolation
cam0,469,,0.00,abstain,,False,unsupported_between_supported_segments,,,,,frozen_query_path_adjacent_acceptance_interpolation
cam0,470,,0.00,abstain,,False,unsupported_between_supported_segments,,,,,frozen_query_path_adjacent_acceptance_interpolation
cam0,471,,0.00,abstain,,False,unsupported_between_supported_segments,,,,,frozen_query_path_adjacent_acceptance_interpolation
cam0,472,,0.00,abstain,,False,unsupported_between_supported_segments,,,,,frozen_query_path_adjacent_acceptance_interpolation
cam0,473,,0.00,abstain,,False,unsupported_between_supported_segments,,,,,frozen_query_path_adjacent_acceptance_interpolation
cam0,474,,0.00,abstain,,False,unsupported_between_supported_segments,,,,,frozen_query_path_adjacent_acceptance_interpolation
cam0,475,,0.00,abstain,,False,unsupported_between_supported_segments,,,,,frozen_query_path_adjacent_acceptance_interpolation
cam0,476,,0.00,abstain,,False,unsupported_between_supported_segments,,,,,frozen_query_path_adjacent_acceptance_interpolation
cam0,477,,0.00,abstain,,False,unsupported_between_supported_segments,,,,,frozen_query_path_adjacent_acceptance_interpolation
cam0,478,,0.00,abstain,,False,unsupported_between_supported_segments,,,,,frozen_query_path_adjacent_acceptance_interpolation
cam0,479,,0.00,abstain,,False,unsupported_between_supported_segments,,,,,frozen_query_path_adjacent_acceptance_interpolation
cam0,480,,0.00,abstain,,False,unsupported_between_supported_segments,,,,,frozen_query_path_adjacent_acceptance_interpolation
cam0,481,,0.00,abstain,,False,unsupported_between_supported_segments,,,,,frozen_query_path_adjacent_acceptance_interpolation
cam0,482,,0.00,abstain,,False,unsupported_between_supported_segments,,,,,frozen_query_path_adjacent_acceptance_interpolation
cam0,483,,0.00,abstain,,False,unsupported_between_supported_segments,,,,,frozen_query_path_adjacent_acceptance_interpolation
cam0,484,,0.00,abstain,,False,unsupported_between_supported_segments,,,,,frozen_query_path_adjacent_acceptance_interpolation
cam0,485,,0.00,abstain,,False,unsupported_between_supported_segments,,,,,frozen_query_path_adjacent_acceptance_interpolation
cam0,486,,0.00,abstain,,False,unsupported_between_supported_segments,,,,,frozen_query_path_adjacent_acceptance_interpolation
cam0,487,,0.00,abstain,,False,unsupported_between_supported_segments,,,,,frozen_query_path_adjacent_acceptance_interpolation
cam0,488,,0.00,abstain,,False,unsupported_between_supported_segments,,,,,frozen_query_path_adjacent_acceptance_interpolation
cam0,489,,0.00,abstain,,False,unsupported_between_supported_segments,,,,,frozen_query_path_adjacent_acceptance_interpolation
cam0,490,,0.00,abstain,,False,unsupported_between_supported_segments,,,,,frozen_query_path_adjacent_acceptance_interpolation
cam0,491,,0.00,abstain,,False,unsupported_between_supported_segments,,,,,frozen_query_path_adjacent_acceptance_interpolation
cam0,492,,0.00,abstain,,False,unsupported_between_supported_segments,,,,,frozen_query_path_adjacent_acceptance_interpolation
cam0,493,,0.00,abstain,,False,unsupported_between_supported_segments,,,,,frozen_query_path_adjacent_acceptance_interpolation
cam0,494,,0.00,abstain,,False,unsupported_between_supported_segments,,,,,frozen_query_path_adjacent_acceptance_interpolation
cam0,495,,0.00,abstain,,False,unsupported_between_supported_segments,,,,,frozen_query_path_adjacent_acceptance_interpolation
cam0,496,,0.00,abstain,,False,unsupported_between_supported_segments,,,,,frozen_query_path_adjacent_acceptance_interpolation
cam0,497,,0.00,abstain,,False,unsupported_between_supported_segments,,,,,frozen_query_path_adjacent_acceptance_interpolation
cam0,498,,0.00,abstain,,False,unsupported_between_supported_segments,,,,,frozen_query_path_adjacent_acceptance_interpolation
cam0,499,,0.00,abstain,,False,unsupported_between_supported_segments,,,,,frozen_query_path_adjacent_acceptance_interpolation
cam0,500,,0.00,abstain,,False,unsupported_between_supported_segments,,,,,frozen_query_path_adjacent_acceptance_interpolation
cam0,501,,0.00,abstain,,False,unsupported_between_supported_segments,,,,,frozen_query_path_adjacent_acceptance_interpolation
cam0,502,,0.00,abstain,,False,unsupported_between_supported_segments,,,,,frozen_query_path_adjacent_acceptance_interpolation
cam0,503,,0.00,abstain,,False,unsupported_between_supported_segments,,,,,frozen_query_path_adjacent_acceptance_interpolation
cam0,504,,0.00,abstain,,False,unsupported_between_supported_segments,,,,,frozen_query_path_adjacent_acceptance_interpolation
cam0,505,,0.00,abstain,,False,unsupported_between_supported_segments,,,,,frozen_query_path_adjacent_acceptance_interpolation
cam0,506,,0.00,abstain,,False,unsupported_between_supported_segments,,,,,frozen_query_path_adjacent_acceptance_interpolation
cam0,507,,0.00,abstain,,False,unsupported_between_supported_segments,,,,,frozen_query_path_adjacent_acceptance_interpolation
cam0,508,,0.00,abstain,,False,unsupported_between_supported_segments,,,,,frozen_query_path_adjacent_acceptance_interpolation
cam0,509,,0.00,abstain,,False,unsupported_between_supported_segments,,,,,frozen_query_path_adjacent_acceptance_interpolation
cam0,510,,0.00,abstain,,False,unsupported_between_supported_segments,,,,,frozen_query_path_adjacent_acceptance_interpolation
cam0,511,,0.00,abstain,,False,unsupported_between_supported_segments,,,,,frozen_query_path_adjacent_acceptance_interpolation
cam0,512,,0.00,abstain,,False,unsupported_between_supported_segments,,,,,frozen_query_path_adjacent_acceptance_interpolation
cam0,513,,0.00,abstain,,False,unsupported_between_supported_segments,,,,,frozen_query_path_adjacent_acceptance_interpolation
cam0,514,,0.00,abstain,,False,unsupported_between_supported_segments,,,,,frozen_query_path_adjacent_acceptance_interpolation
cam0,515,,0.00,abstain,,False,unsupported_between_supported_segments,,,,,frozen_query_path_adjacent_acceptance_interpolation
cam0,516,,0.00,abstain,,False,unsupported_between_supported_segments,,,,,frozen_query_path_adjacent_acceptance_interpolation
cam0,517,,0.00,abstain,,False,unsupported_between_supported_segments,,,,,frozen_query_path_adjacent_acceptance_interpolation
cam0,518,,0.00,abstain,,False,unsupported_between_supported_segments,,,,,frozen_query_path_adjacent_acceptance_interpolation
cam0,519,,0.00,abstain,,False,unsupported_between_supported_segments,,,,,frozen_query_path_adjacent_acceptance_interpolation
cam0,520,,0.00,abstain,,False,unsupported_between_supported_segments,,,,,frozen_query_path_adjacent_acceptance_interpolation
cam0,521,,0.00,abstain,,False,unsupported_between_supported_segments,,,,,frozen_query_path_adjacent_acceptance_interpolation
cam0,522,,0.00,abstain,,False,unsupported_between_supported_segments,,,,,frozen_query_path_adjacent_acceptance_interpolation
cam0,523,,0.00,abstain,,False,unsupported_between_supported_segments,,,,,frozen_query_path_adjacent_acceptance_interpolation
cam0,524,,0.00,abstain,,False,unsupported_between_supported_segments,,,,,frozen_query_path_adjacent_acceptance_interpolation
cam0,525,,0.00,abstain,,False,unsupported_between_supported_segments,,,,,frozen_query_path_adjacent_acceptance_interpolation
cam0,526,,0.00,abstain,,False,unsupported_between_supported_segments,,,,,frozen_query_path_adjacent_acceptance_interpolation
cam0,527,,0.00,abstain,,False,unsupported_between_supported_segments,,,,,frozen_query_path_adjacent_acceptance_interpolation
cam0,528,,0.00,abstain,,False,unsupported_between_supported_segments,,,,,frozen_query_path_adjacent_acceptance_interpolation
cam0,529,,0.00,abstain,,False,unsupported_between_supported_segments,,,,,frozen_query_path_adjacent_acceptance_interpolation
cam0,530,,0.00,abstain,,False,unsupported_between_supported_segments,,,,,frozen_query_path_adjacent_acceptance_interpolation
cam0,531,,0.00,abstain,,False,unsupported_between_supported_segments,,,,,frozen_query_path_adjacent_acceptance_interpolation
cam0,532,,0.00,abstain,,False,unsupported_between_supported_segments,,,,,frozen_query_path_adjacent_acceptance_interpolation
cam0,533,,0.00,abstain,,False,unsupported_between_supported_segments,,,,,frozen_query_path_adjacent_acceptance_interpolation
cam0,534,,0.00,abstain,,False,unsupported_anchor_abstention,,,cam0_A06,abstain_weak_or_ambiguous_geometry,frozen_query_path_adjacent_acceptance_interpolation
cam0,535,,0.00,abstain,,False,unsupported_between_supported_segments,,,,,frozen_query_path_adjacent_acceptance_interpolation
cam0,536,,0.00,abstain,,False,unsupported_between_supported_segments,,,,,frozen_query_path_adjacent_acceptance_interpolation
cam0,537,,0.00,abstain,,False,unsupported_between_supported_segments,,,,,frozen_query_path_adjacent_acceptance_interpolation
cam0,538,,0.00,abstain,,False,unsupported_between_supported_segments,,,,,frozen_query_path_adjacent_acceptance_interpolation
cam0,539,,0.00,abstain,,False,unsupported_between_supported_segments,,,,,frozen_query_path_adjacent_acceptance_interpolation
cam0,540,,0.00,abstain,,False,unsupported_between_supported_segments,,,,,frozen_query_path_adjacent_acceptance_interpolation
cam0,541,,0.00,abstain,,False,unsupported_between_supported_segments,,,,,frozen_query_path_adjacent_acceptance_interpolation
cam0,542,,0.00,abstain,,False,unsupported_between_supported_segments,,,,,frozen_query_path_adjacent_acceptance_interpolation
cam0,543,,0.00,abstain,,False,unsupported_between_supported_segments,,,,,frozen_query_path_adjacent_acceptance_interpolation
cam0,544,,0.00,abstain,,False,unsupported_between_supported_segments,,,,,frozen_query_path_adjacent_acceptance_interpolation
cam0,545,,0.00,abstain,,False,unsupported_between_supported_segments,,,,,frozen_query_path_adjacent_acceptance_interpolation
cam0,546,,0.00,abstain,,False,unsupported_between_supported_segments,,,,,frozen_query_path_adjacent_acceptance_interpolation
cam0,547,,0.00,abstain,,False,unsupported_between_supported_segments,,,,,frozen_query_path_adjacent_acceptance_interpolation
cam0,548,,0.00,abstain,,False,unsupported_between_supported_segments,,,,,frozen_query_path_adjacent_acceptance_interpolation
cam0,549,,0.00,abstain,,False,unsupported_between_supported_segments,,,,,frozen_query_path_adjacent_acceptance_interpolation
cam0,550,,0.00,abstain,,False,unsupported_between_supported_segments,,,,,frozen_query_path_adjacent_acceptance_interpolation
cam0,551,,0.00,abstain,,False,unsupported_between_supported_segments,,,,,frozen_query_path_adjacent_acceptance_interpolation
cam0,552,,0.00,abstain,,False,unsupported_between_supported_segments,,,,,frozen_query_path_adjacent_acceptance_interpolation
cam0,553,,0.00,abstain,,False,unsupported_between_supported_segments,,,,,frozen_query_path_adjacent_acceptance_interpolation
cam0,554,,0.00,abstain,,False,unsupported_between_supported_segments,,,,,frozen_query_path_adjacent_acceptance_interpolation
cam0,555,,0.00,abstain,,False,unsupported_between_supported_segments,,,,,frozen_query_path_adjacent_acceptance_interpolation
cam0,556,,0.00,abstain,,False,unsupported_between_supported_segments,,,,,frozen_query_path_adjacent_acceptance_interpolation
cam0,557,,0.00,abstain,,False,unsupported_between_supported_segments,,,,,frozen_query_path_adjacent_acceptance_interpolation
cam0,558,,0.00,abstain,,False,unsupported_between_supported_segments,,,,,frozen_query_path_adjacent_acceptance_interpolation
cam0,559,,0.00,abstain,,False,unsupported_between_supported_segments,,,,,frozen_query_path_adjacent_acceptance_interpolation
cam0,560,,0.00,abstain,,False,unsupported_between_supported_segments,,,,,frozen_query_path_adjacent_acceptance_interpolation
cam0,561,,0.00,abstain,,False,unsupported_between_supported_segments,,,,,frozen_query_path_adjacent_acceptance_interpolation
cam0,562,,0.00,abstain,,False,unsupported_between_supported_segments,,,,,frozen_query_path_adjacent_acceptance_interpolation
cam0,563,,0.00,abstain,,False,unsupported_between_supported_segments,,,,,frozen_query_path_adjacent_acceptance_interpolation
cam0,564,,0.00,abstain,,False,unsupported_between_supported_segments,,,,,frozen_query_path_adjacent_acceptance_interpolation
cam0,565,,0.00,abstain,,False,unsupported_between_supported_segments,,,,,frozen_query_path_adjacent_acceptance_interpolation
cam0,566,,0.00,abstain,,False,unsupported_between_supported_segments,,,,,frozen_query_path_adjacent_acceptance_interpolation
cam0,567,,0.00,abstain,,False,unsupported_between_supported_segments,,,,,frozen_query_path_adjacent_acceptance_interpolation
cam0,568,,0.00,abstain,,False,unsupported_between_supported_segments,,,,,frozen_query_path_adjacent_acceptance_interpolation
cam0,569,,0.00,abstain,,False,unsupported_between_supported_segments,,,,,frozen_query_path_adjacent_acceptance_interpolation
cam0,570,,0.00,abstain,,False,unsupported_between_supported_segments,,,,,frozen_query_path_adjacent_acceptance_interpolation
cam0,571,,0.00,abstain,,False,unsupported_between_supported_segments,,,,,frozen_query_path_adjacent_acceptance_interpolation
cam0,572,,0.00,abstain,,False,unsupported_between_supported_segments,,,,,frozen_query_path_adjacent_acceptance_interpolation
cam0,573,,0.00,abstain,,False,unsupported_between_supported_segments,,,,,frozen_query_path_adjacent_acceptance_interpolation
cam0,574,,0.00,abstain,,False,unsupported_between_supported_segments,,,,,frozen_query_path_adjacent_acceptance_interpolation
cam0,575,,0.00,abstain,,False,unsupported_between_supported_segments,,,,,frozen_query_path_adjacent_acceptance_interpolation
cam0,576,,0.00,abstain,,False,unsupported_between_supported_segments,,,,,frozen_query_path_adjacent_acceptance_interpolation
cam0,577,,0.00,abstain,,False,unsupported_between_supported_segments,,,,,frozen_query_path_adjacent_acceptance_interpolation
cam0,578,,0.00,abstain,,False,unsupported_between_supported_segments,,,,,frozen_query_path_adjacent_acceptance_interpolation
cam0,579,,0.00,abstain,,False,unsupported_between_supported_segments,,,,,frozen_query_path_adjacent_acceptance_interpolation
cam0,580,,0.00,abstain,,False,unsupported_between_supported_segments,,,,,frozen_query_path_adjacent_acceptance_interpolation
cam0,581,,0.00,abstain,,False,unsupported_between_supported_segments,,,,,frozen_query_path_adjacent_acceptance_interpolation
cam0,582,,0.00,abstain,,False,unsupported_between_supported_segments,,,,,frozen_query_path_adjacent_acceptance_interpolation
cam0,583,,0.00,abstain,,False,unsupported_between_supported_segments,,,,,frozen_query_path_adjacent_acceptance_interpolation
cam0,584,,0.00,abstain,,False,unsupported_between_supported_segments,,,,,frozen_query_path_adjacent_acceptance_interpolation
cam0,585,,0.00,abstain,,False,unsupported_between_supported_segments,,,,,frozen_query_path_adjacent_acceptance_interpolation
cam0,586,,0.00,abstain,,False,unsupported_between_supported_segments,,,,,frozen_query_path_adjacent_acceptance_interpolation
cam0,587,,0.00,abstain,,False,unsupported_between_supported_segments,,,,,frozen_query_path_adjacent_acceptance_interpolation
cam0,588,,0.00,abstain,,False,unsupported_between_supported_segments,,,,,frozen_query_path_adjacent_acceptance_interpolation
cam0,589,,0.00,abstain,,False,unsupported_between_supported_segments,,,,,frozen_query_path_adjacent_acceptance_interpolation
cam0,590,,0.00,abstain,,False,unsupported_between_supported_segments,,,,,frozen_query_path_adjacent_acceptance_interpolation
cam0,591,,0.00,abstain,,False,unsupported_between_supported_segments,,,,,frozen_query_path_adjacent_acceptance_interpolation
cam0,592,,0.00,abstain,,False,unsupported_between_supported_segments,,,,,frozen_query_path_adjacent_acceptance_interpolation
cam0,593,,0.00,abstain,,False,unsupported_between_supported_segments,,,,,frozen_query_path_adjacent_acceptance_interpolation
cam0,594,,0.00,abstain,,False,unsupported_between_supported_segments,,,,,frozen_query_path_adjacent_acceptance_interpolation
cam0,595,,0.00,abstain,,False,unsupported_between_supported_segments,,,,,frozen_query_path_adjacent_acceptance_interpolation
cam0,596,,0.00,abstain,,False,unsupported_between_supported_segments,,,,,frozen_query_path_adjacent_acceptance_interpolation
cam0,597,,0.00,abstain,,False,unsupported_between_supported_segments,,,,,frozen_query_path_adjacent_acceptance_interpolation
cam0,598,,0.00,abstain,,False,unsupported_between_supported_segments,,,,,frozen_query_path_adjacent_acceptance_interpolation
cam0,599,,0.00,abstain,,False,unsupported_between_supported_segments,,,,,frozen_query_path_adjacent_acceptance_interpolation
cam0,600,,0.00,abstain,,False,unsupported_between_supported_segments,,,,,frozen_query_path_adjacent_acceptance_interpolation
cam0,601,,0.00,abstain,,False,unsupported_between_supported_segments,,,,,frozen_query_path_adjacent_acceptance_interpolation
cam0,602,,0.00,abstain,,False,unsupported_between_supported_segments,,,,,frozen_query_path_adjacent_acceptance_interpolation
cam0,603,,0.00,abstain,,False,unsupported_between_supported_segments,,,,,frozen_query_path_adjacent_acceptance_interpolation
cam0,604,,0.00,abstain,,False,unsupported_between_supported_segments,,,,,frozen_query_path_adjacent_acceptance_interpolation
cam0,605,,0.00,abstain,,False,unsupported_between_supported_segments,,,,,frozen_query_path_adjacent_acceptance_interpolation
cam0,606,,0.00,abstain,,False,unsupported_between_supported_segments,,,,,frozen_query_path_adjacent_acceptance_interpolation
cam0,607,,0.00,abstain,,False,unsupported_between_supported_segments,,,,,frozen_query_path_adjacent_acceptance_interpolation
cam0,608,,0.00,abstain,,False,unsupported_between_supported_segments,,,,,frozen_query_path_adjacent_acceptance_interpolation
cam0,609,,0.00,abstain,,False,unsupported_between_supported_segments,,,,,frozen_query_path_adjacent_acceptance_interpolation
cam0,610,,0.00,abstain,,False,unsupported_between_supported_segments,,,,,frozen_query_path_adjacent_acceptance_interpolation
cam0,611,515,1.00,uncalibrated_geometry_anchor,0.49625,False,geometry_supported_anchor,cam0_A07,cam0_A07,cam0_A07,match_unverified_geometry_supported,frozen_query_path_adjacent_acceptance_interpolation
cam0,612,516,0.50,uncalibrated_bounded_interpolation,0.490625,False,bounded_interpolation,cam0_A07,cam0_A08,,,frozen_query_path_adjacent_acceptance_interpolation
cam0,613,517,0.50,uncalibrated_bounded_interpolation,0.490625,False,bounded_interpolation,cam0_A07,cam0_A08,,,frozen_query_path_adjacent_acceptance_interpolation
cam0,614,518,0.50,uncalibrated_bounded_interpolation,0.490625,False,bounded_interpolation,cam0_A07,cam0_A08,,,frozen_query_path_adjacent_acceptance_interpolation
cam0,615,519,0.50,uncalibrated_bounded_interpolation,0.490625,False,bounded_interpolation,cam0_A07,cam0_A08,,,frozen_query_path_adjacent_acceptance_interpolation
cam0,616,519,0.50,uncalibrated_bounded_interpolation,0.490625,False,bounded_interpolation,cam0_A07,cam0_A08,,,frozen_query_path_adjacent_acceptance_interpolation
cam0,617,520,0.50,uncalibrated_bounded_interpolation,0.490625,False,bounded_interpolation,cam0_A07,cam0_A08,,,frozen_query_path_adjacent_acceptance_interpolation
cam0,618,521,0.50,uncalibrated_bounded_interpolation,0.490625,False,bounded_interpolation,cam0_A07,cam0_A08,,,frozen_query_path_adjacent_acceptance_interpolation
cam0,619,522,0.50,uncalibrated_bounded_interpolation,0.490625,False,bounded_interpolation,cam0_A07,cam0_A08,,,frozen_query_path_adjacent_acceptance_interpolation
cam0,620,523,0.50,uncalibrated_bounded_interpolation,0.490625,False,bounded_interpolation,cam0_A07,cam0_A08,,,frozen_query_path_adjacent_acceptance_interpolation
cam0,621,524,0.50,uncalibrated_bounded_interpolation,0.490625,False,bounded_interpolation,cam0_A07,cam0_A08,,,frozen_query_path_adjacent_acceptance_interpolation
cam0,622,525,0.50,uncalibrated_bounded_interpolation,0.490625,False,bounded_interpolation,cam0_A07,cam0_A08,,,frozen_query_path_adjacent_acceptance_interpolation
cam0,623,526,0.50,uncalibrated_bounded_interpolation,0.490625,False,bounded_interpolation,cam0_A07,cam0_A08,,,frozen_query_path_adjacent_acceptance_interpolation
cam0,624,527,0.50,uncalibrated_bounded_interpolation,0.490625,False,bounded_interpolation,cam0_A07,cam0_A08,,,frozen_query_path_adjacent_acceptance_interpolation
cam0,625,528,0.50,uncalibrated_bounded_interpolation,0.490625,False,bounded_interpolation,cam0_A07,cam0_A08,,,frozen_query_path_adjacent_acceptance_interpolation
cam0,626,528,0.50,uncalibrated_bounded_interpolation,0.490625,False,bounded_interpolation,cam0_A07,cam0_A08,,,frozen_query_path_adjacent_acceptance_interpolation
cam0,627,529,0.50,uncalibrated_bounded_interpolation,0.490625,False,bounded_interpolation,cam0_A07,cam0_A08,,,frozen_query_path_adjacent_acceptance_interpolation
cam0,628,530,0.50,uncalibrated_bounded_interpolation,0.490625,False,bounded_interpolation,cam0_A07,cam0_A08,,,frozen_query_path_adjacent_acceptance_interpolation
cam0,629,531,0.50,uncalibrated_bounded_interpolation,0.490625,False,bounded_interpolation,cam0_A07,cam0_A08,,,frozen_query_path_adjacent_acceptance_interpolation
cam0,630,532,0.50,uncalibrated_bounded_interpolation,0.490625,False,bounded_interpolation,cam0_A07,cam0_A08,,,frozen_query_path_adjacent_acceptance_interpolation
cam0,631,533,0.50,uncalibrated_bounded_interpolation,0.490625,False,bounded_interpolation,cam0_A07,cam0_A08,,,frozen_query_path_adjacent_acceptance_interpolation
cam0,632,534,0.50,uncalibrated_bounded_interpolation,0.490625,False,bounded_interpolation,cam0_A07,cam0_A08,,,frozen_query_path_adjacent_acceptance_interpolation
cam0,633,535,0.50,uncalibrated_bounded_interpolation,0.490625,False,bounded_interpolation,cam0_A07,cam0_A08,,,frozen_query_path_adjacent_acceptance_interpolation
cam0,634,536,0.50,uncalibrated_bounded_interpolation,0.490625,False,bounded_interpolation,cam0_A07,cam0_A08,,,frozen_query_path_adjacent_acceptance_interpolation
cam0,635,536,0.50,uncalibrated_bounded_interpolation,0.490625,False,bounded_interpolation,cam0_A07,cam0_A08,,,frozen_query_path_adjacent_acceptance_interpolation
cam0,636,537,0.50,uncalibrated_bounded_interpolation,0.490625,False,bounded_interpolation,cam0_A07,cam0_A08,,,frozen_query_path_adjacent_acceptance_interpolation
cam0,637,538,0.50,uncalibrated_bounded_interpolation,0.490625,False,bounded_interpolation,cam0_A07,cam0_A08,,,frozen_query_path_adjacent_acceptance_interpolation
cam0,638,539,0.50,uncalibrated_bounded_interpolation,0.490625,False,bounded_interpolation,cam0_A07,cam0_A08,,,frozen_query_path_adjacent_acceptance_interpolation
cam0,639,540,0.50,uncalibrated_bounded_interpolation,0.490625,False,bounded_interpolation,cam0_A07,cam0_A08,,,frozen_query_path_adjacent_acceptance_interpolation
cam0,640,541,0.50,uncalibrated_bounded_interpolation,0.490625,False,bounded_interpolation,cam0_A07,cam0_A08,,,frozen_query_path_adjacent_acceptance_interpolation
cam0,641,542,0.50,uncalibrated_bounded_interpolation,0.490625,False,bounded_interpolation,cam0_A07,cam0_A08,,,frozen_query_path_adjacent_acceptance_interpolation
cam0,642,543,0.50,uncalibrated_bounded_interpolation,0.490625,False,bounded_interpolation,cam0_A07,cam0_A08,,,frozen_query_path_adjacent_acceptance_interpolation
cam0,643,544,0.50,uncalibrated_bounded_interpolation,0.490625,False,bounded_interpolation,cam0_A07,cam0_A08,,,frozen_query_path_adjacent_acceptance_interpolation
cam0,644,545,0.50,uncalibrated_bounded_interpolation,0.490625,False,bounded_interpolation,cam0_A07,cam0_A08,,,frozen_query_path_adjacent_acceptance_interpolation
cam0,645,545,0.50,uncalibrated_bounded_interpolation,0.490625,False,bounded_interpolation,cam0_A07,cam0_A08,,,frozen_query_path_adjacent_acceptance_interpolation
cam0,646,546,0.50,uncalibrated_bounded_interpolation,0.490625,False,bounded_interpolation,cam0_A07,cam0_A08,,,frozen_query_path_adjacent_acceptance_interpolation
cam0,647,547,0.50,uncalibrated_bounded_interpolation,0.490625,False,bounded_interpolation,cam0_A07,cam0_A08,,,frozen_query_path_adjacent_acceptance_interpolation
cam0,648,548,0.50,uncalibrated_bounded_interpolation,0.490625,False,bounded_interpolation,cam0_A07,cam0_A08,,,frozen_query_path_adjacent_acceptance_interpolation
cam0,649,549,0.50,uncalibrated_bounded_interpolation,0.490625,False,bounded_interpolation,cam0_A07,cam0_A08,,,frozen_query_path_adjacent_acceptance_interpolation
cam0,650,550,0.50,uncalibrated_bounded_interpolation,0.490625,False,bounded_interpolation,cam0_A07,cam0_A08,,,frozen_query_path_adjacent_acceptance_interpolation
cam0,651,551,0.50,uncalibrated_bounded_interpolation,0.490625,False,bounded_interpolation,cam0_A07,cam0_A08,,,frozen_query_path_adjacent_acceptance_interpolation
cam0,652,552,0.50,uncalibrated_bounded_interpolation,0.490625,False,bounded_interpolation,cam0_A07,cam0_A08,,,frozen_query_path_adjacent_acceptance_interpolation
cam0,653,553,0.50,uncalibrated_bounded_interpolation,0.490625,False,bounded_interpolation,cam0_A07,cam0_A08,,,frozen_query_path_adjacent_acceptance_interpolation
cam0,654,553,0.50,uncalibrated_bounded_interpolation,0.490625,False,bounded_interpolation,cam0_A07,cam0_A08,,,frozen_query_path_adjacent_acceptance_interpolation
cam0,655,554,0.50,uncalibrated_bounded_interpolation,0.490625,False,bounded_interpolation,cam0_A07,cam0_A08,,,frozen_query_path_adjacent_acceptance_interpolation
cam0,656,555,0.50,uncalibrated_bounded_interpolation,0.490625,False,bounded_interpolation,cam0_A07,cam0_A08,,,frozen_query_path_adjacent_acceptance_interpolation
cam0,657,556,0.50,uncalibrated_bounded_interpolation,0.490625,False,bounded_interpolation,cam0_A07,cam0_A08,,,frozen_query_path_adjacent_acceptance_interpolation
cam0,658,557,0.50,uncalibrated_bounded_interpolation,0.490625,False,bounded_interpolation,cam0_A07,cam0_A08,,,frozen_query_path_adjacent_acceptance_interpolation
cam0,659,558,0.50,uncalibrated_bounded_interpolation,0.490625,False,bounded_interpolation,cam0_A07,cam0_A08,,,frozen_query_path_adjacent_acceptance_interpolation
cam0,660,559,0.50,uncalibrated_bounded_interpolation,0.490625,False,bounded_interpolation,cam0_A07,cam0_A08,,,frozen_query_path_adjacent_acceptance_interpolation
cam0,661,560,0.50,uncalibrated_bounded_interpolation,0.490625,False,bounded_interpolation,cam0_A07,cam0_A08,,,frozen_query_path_adjacent_acceptance_interpolation
cam0,662,561,0.50,uncalibrated_bounded_interpolation,0.490625,False,bounded_interpolation,cam0_A07,cam0_A08,,,frozen_query_path_adjacent_acceptance_interpolation
cam0,663,561,0.50,uncalibrated_bounded_interpolation,0.490625,False,bounded_interpolation,cam0_A07,cam0_A08,,,frozen_query_path_adjacent_acceptance_interpolation
cam0,664,562,0.50,uncalibrated_bounded_interpolation,0.490625,False,bounded_interpolation,cam0_A07,cam0_A08,,,frozen_query_path_adjacent_acceptance_interpolation
cam0,665,563,0.50,uncalibrated_bounded_interpolation,0.490625,False,bounded_interpolation,cam0_A07,cam0_A08,,,frozen_query_path_adjacent_acceptance_interpolation
cam0,666,564,0.50,uncalibrated_bounded_interpolation,0.490625,False,bounded_interpolation,cam0_A07,cam0_A08,,,frozen_query_path_adjacent_acceptance_interpolation
cam0,667,565,0.50,uncalibrated_bounded_interpolation,0.490625,False,bounded_interpolation,cam0_A07,cam0_A08,,,frozen_query_path_adjacent_acceptance_interpolation
cam0,668,566,0.50,uncalibrated_bounded_interpolation,0.490625,False,bounded_interpolation,cam0_A07,cam0_A08,,,frozen_query_path_adjacent_acceptance_interpolation
cam0,669,567,0.50,uncalibrated_bounded_interpolation,0.490625,False,bounded_interpolation,cam0_A07,cam0_A08,,,frozen_query_path_adjacent_acceptance_interpolation
cam0,670,568,0.50,uncalibrated_bounded_interpolation,0.490625,False,bounded_interpolation,cam0_A07,cam0_A08,,,frozen_query_path_adjacent_acceptance_interpolation
cam0,671,569,0.50,uncalibrated_bounded_interpolation,0.490625,False,bounded_interpolation,cam0_A07,cam0_A08,,,frozen_query_path_adjacent_acceptance_interpolation
cam0,672,570,0.50,uncalibrated_bounded_interpolation,0.490625,False,bounded_interpolation,cam0_A07,cam0_A08,,,frozen_query_path_adjacent_acceptance_interpolation
cam0,673,570,0.50,uncalibrated_bounded_interpolation,0.490625,False,bounded_interpolation,cam0_A07,cam0_A08,,,frozen_query_path_adjacent_acceptance_interpolation
cam0,674,571,0.50,uncalibrated_bounded_interpolation,0.490625,False,bounded_interpolation,cam0_A07,cam0_A08,,,frozen_query_path_adjacent_acceptance_interpolation
cam0,675,572,0.50,uncalibrated_bounded_interpolation,0.490625,False,bounded_interpolation,cam0_A07,cam0_A08,,,frozen_query_path_adjacent_acceptance_interpolation
cam0,676,573,0.50,uncalibrated_bounded_interpolation,0.490625,False,bounded_interpolation,cam0_A07,cam0_A08,,,frozen_query_path_adjacent_acceptance_interpolation
cam0,677,574,1.00,uncalibrated_geometry_anchor,0.490625,False,geometry_supported_anchor,cam0_A08,cam0_A08,cam0_A08,match_unverified_geometry_supported,frozen_query_path_adjacent_acceptance_interpolation
cam0,678,,0.00,abstain,,False,unsupported_between_supported_segments,,,,,frozen_query_path_adjacent_acceptance_interpolation
cam0,679,,0.00,abstain,,False,unsupported_between_supported_segments,,,,,frozen_query_path_adjacent_acceptance_interpolation
cam0,680,,0.00,abstain,,False,unsupported_between_supported_segments,,,,,frozen_query_path_adjacent_acceptance_interpolation
cam0,681,,0.00,abstain,,False,unsupported_between_supported_segments,,,,,frozen_query_path_adjacent_acceptance_interpolation
cam0,682,,0.00,abstain,,False,unsupported_between_supported_segments,,,,,frozen_query_path_adjacent_acceptance_interpolation
cam0,683,,0.00,abstain,,False,unsupported_between_supported_segments,,,,,frozen_query_path_adjacent_acceptance_interpolation
cam0,684,,0.00,abstain,,False,unsupported_between_supported_segments,,,,,frozen_query_path_adjacent_acceptance_interpolation
cam0,685,,0.00,abstain,,False,unsupported_between_supported_segments,,,,,frozen_query_path_adjacent_acceptance_interpolation
cam0,686,,0.00,abstain,,False,unsupported_between_supported_segments,,,,,frozen_query_path_adjacent_acceptance_interpolation
cam0,687,,0.00,abstain,,False,unsupported_between_supported_segments,,,,,frozen_query_path_adjacent_acceptance_interpolation
cam0,688,,0.00,abstain,,False,unsupported_between_supported_segments,,,,,frozen_query_path_adjacent_acceptance_interpolation
cam0,689,,0.00,abstain,,False,unsupported_between_supported_segments,,,,,frozen_query_path_adjacent_acceptance_interpolation
cam0,690,,0.00,abstain,,False,unsupported_between_supported_segments,,,,,frozen_query_path_adjacent_acceptance_interpolation
cam0,691,,0.00,abstain,,False,unsupported_between_supported_segments,,,,,frozen_query_path_adjacent_acceptance_interpolation
cam0,692,,0.00,abstain,,False,unsupported_between_supported_segments,,,,,frozen_query_path_adjacent_acceptance_interpolation
cam0,693,,0.00,abstain,,False,unsupported_between_supported_segments,,,,,frozen_query_path_adjacent_acceptance_interpolation
cam0,694,,0.00,abstain,,False,unsupported_between_supported_segments,,,,,frozen_query_path_adjacent_acceptance_interpolation
cam0,695,,0.00,abstain,,False,unsupported_between_supported_segments,,,,,frozen_query_path_adjacent_acceptance_interpolation
cam0,696,,0.00,abstain,,False,unsupported_between_supported_segments,,,,,frozen_query_path_adjacent_acceptance_interpolation
cam0,697,,0.00,abstain,,False,unsupported_between_supported_segments,,,,,frozen_query_path_adjacent_acceptance_interpolation
cam0,698,,0.00,abstain,,False,unsupported_between_supported_segments,,,,,frozen_query_path_adjacent_acceptance_interpolation
cam0,699,,0.00,abstain,,False,unsupported_between_supported_segments,,,,,frozen_query_path_adjacent_acceptance_interpolation
cam0,700,,0.00,abstain,,False,unsupported_between_supported_segments,,,,,frozen_query_path_adjacent_acceptance_interpolation
cam0,701,,0.00,abstain,,False,unsupported_between_supported_segments,,,,,frozen_query_path_adjacent_acceptance_interpolation
cam0,702,,0.00,abstain,,False,unsupported_between_supported_segments,,,,,frozen_query_path_adjacent_acceptance_interpolation
cam0,703,,0.00,abstain,,False,unsupported_between_supported_segments,,,,,frozen_query_path_adjacent_acceptance_interpolation
cam0,704,,0.00,abstain,,False,unsupported_between_supported_segments,,,,,frozen_query_path_adjacent_acceptance_interpolation
cam0,705,,0.00,abstain,,False,unsupported_between_supported_segments,,,,,frozen_query_path_adjacent_acceptance_interpolation
cam0,706,,0.00,abstain,,False,unsupported_between_supported_segments,,,,,frozen_query_path_adjacent_acceptance_interpolation
cam0,707,,0.00,abstain,,False,unsupported_between_supported_segments,,,,,frozen_query_path_adjacent_acceptance_interpolation
cam0,708,,0.00,abstain,,False,unsupported_between_supported_segments,,,,,frozen_query_path_adjacent_acceptance_interpolation
cam0,709,,0.00,abstain,,False,unsupported_between_supported_segments,,,,,frozen_query_path_adjacent_acceptance_interpolation
cam0,710,,0.00,abstain,,False,unsupported_between_supported_segments,,,,,frozen_query_path_adjacent_acceptance_interpolation
cam0,711,,0.00,abstain,,False,unsupported_between_supported_segments,,,,,frozen_query_path_adjacent_acceptance_interpolation
cam0,712,,0.00,abstain,,False,unsupported_between_supported_segments,,,,,frozen_query_path_adjacent_acceptance_interpolation
cam0,713,,0.00,abstain,,False,unsupported_between_supported_segments,,,,,frozen_query_path_adjacent_acceptance_interpolation
cam0,714,,0.00,abstain,,False,unsupported_between_supported_segments,,,,,frozen_query_path_adjacent_acceptance_interpolation
cam0,715,,0.00,abstain,,False,unsupported_between_supported_segments,,,,,frozen_query_path_adjacent_acceptance_interpolation
cam0,716,,0.00,abstain,,False,unsupported_between_supported_segments,,,,,frozen_query_path_adjacent_acceptance_interpolation
cam0,717,,0.00,abstain,,False,unsupported_between_supported_segments,,,,,frozen_query_path_adjacent_acceptance_interpolation
cam0,718,,0.00,abstain,,False,unsupported_between_supported_segments,,,,,frozen_query_path_adjacent_acceptance_interpolation
cam0,719,,0.00,abstain,,False,unsupported_between_supported_segments,,,,,frozen_query_path_adjacent_acceptance_interpolation
cam0,720,,0.00,abstain,,False,unsupported_between_supported_segments,,,,,frozen_query_path_adjacent_acceptance_interpolation
cam0,721,,0.00,abstain,,False,unsupported_between_supported_segments,,,,,frozen_query_path_adjacent_acceptance_interpolation
cam0,722,,0.00,abstain,,False,unsupported_between_supported_segments,,,,,frozen_query_path_adjacent_acceptance_interpolation
cam0,723,,0.00,abstain,,False,unsupported_between_supported_segments,,,,,frozen_query_path_adjacent_acceptance_interpolation
cam0,724,,0.00,abstain,,False,unsupported_between_supported_segments,,,,,frozen_query_path_adjacent_acceptance_interpolation
cam0,725,,0.00,abstain,,False,unsupported_between_supported_segments,,,,,frozen_query_path_adjacent_acceptance_interpolation
cam0,726,,0.00,abstain,,False,unsupported_between_supported_segments,,,,,frozen_query_path_adjacent_acceptance_interpolation
cam0,727,,0.00,abstain,,False,unsupported_between_supported_segments,,,,,frozen_query_path_adjacent_acceptance_interpolation
cam0,728,,0.00,abstain,,False,unsupported_between_supported_segments,,,,,frozen_query_path_adjacent_acceptance_interpolation
cam0,729,,0.00,abstain,,False,unsupported_between_supported_segments,,,,,frozen_query_path_adjacent_acceptance_interpolation
cam0,730,,0.00,abstain,,False,unsupported_between_supported_segments,,,,,frozen_query_path_adjacent_acceptance_interpolation
cam0,731,,0.00,abstain,,False,unsupported_between_supported_segments,,,,,frozen_query_path_adjacent_acceptance_interpolation
cam0,732,,0.00,abstain,,False,unsupported_between_supported_segments,,,,,frozen_query_path_adjacent_acceptance_interpolation
cam0,733,,0.00,abstain,,False,unsupported_between_supported_segments,,,,,frozen_query_path_adjacent_acceptance_interpolation
cam0,734,,0.00,abstain,,False,unsupported_between_supported_segments,,,,,frozen_query_path_adjacent_acceptance_interpolation
cam0,735,,0.00,abstain,,False,unsupported_between_supported_segments,,,,,frozen_query_path_adjacent_acceptance_interpolation
cam0,736,,0.00,abstain,,False,unsupported_between_supported_segments,,,,,frozen_query_path_adjacent_acceptance_interpolation
cam0,737,,0.00,abstain,,False,unsupported_between_supported_segments,,,,,frozen_query_path_adjacent_acceptance_interpolation
cam0,738,,0.00,abstain,,False,unsupported_between_supported_segments,,,,,frozen_query_path_adjacent_acceptance_interpolation
cam0,739,,0.00,abstain,,False,unsupported_between_supported_segments,,,,,frozen_query_path_adjacent_acceptance_interpolation
cam0,740,,0.00,abstain,,False,unsupported_between_supported_segments,,,,,frozen_query_path_adjacent_acceptance_interpolation
cam0,741,,0.00,abstain,,False,unsupported_between_supported_segments,,,,,frozen_query_path_adjacent_acceptance_interpolation
cam0,742,,0.00,abstain,,False,unsupported_between_supported_segments,,,,,frozen_query_path_adjacent_acceptance_interpolation
cam0,743,,0.00,abstain,,False,unsupported_between_supported_segments,,,,,frozen_query_path_adjacent_acceptance_interpolation
cam0,744,,0.00,abstain,,False,unsupported_between_supported_segments,,,,,frozen_query_path_adjacent_acceptance_interpolation
cam0,745,,0.00,abstain,,False,unsupported_between_supported_segments,,,,,frozen_query_path_adjacent_acceptance_interpolation
cam0,746,,0.00,abstain,,False,unsupported_between_supported_segments,,,,,frozen_query_path_adjacent_acceptance_interpolation
cam0,747,,0.00,abstain,,False,unsupported_between_supported_segments,,,,,frozen_query_path_adjacent_acceptance_interpolation
cam0,748,,0.00,abstain,,False,unsupported_between_supported_segments,,,,,frozen_query_path_adjacent_acceptance_interpolation
cam0,749,,0.00,abstain,,False,unsupported_anchor_abstention,,,cam0_A09,abstain_weak_or_ambiguous_geometry,frozen_query_path_adjacent_acceptance_interpolation
cam0,750,,0.00,abstain,,False,unsupported_between_supported_segments,,,,,frozen_query_path_adjacent_acceptance_interpolation
cam0,751,,0.00,abstain,,False,unsupported_between_supported_segments,,,,,frozen_query_path_adjacent_acceptance_interpolation
cam0,752,,0.00,abstain,,False,unsupported_between_supported_segments,,,,,frozen_query_path_adjacent_acceptance_interpolation
cam0,753,,0.00,abstain,,False,unsupported_between_supported_segments,,,,,frozen_query_path_adjacent_acceptance_interpolation
cam0,754,,0.00,abstain,,False,unsupported_between_supported_segments,,,,,frozen_query_path_adjacent_acceptance_interpolation
cam0,755,,0.00,abstain,,False,unsupported_between_supported_segments,,,,,frozen_query_path_adjacent_acceptance_interpolation
cam0,756,,0.00,abstain,,False,unsupported_between_supported_segments,,,,,frozen_query_path_adjacent_acceptance_interpolation
cam0,757,,0.00,abstain,,False,unsupported_between_supported_segments,,,,,frozen_query_path_adjacent_acceptance_interpolation
cam0,758,,0.00,abstain,,False,unsupported_between_supported_segments,,,,,frozen_query_path_adjacent_acceptance_interpolation
cam0,759,,0.00,abstain,,False,unsupported_between_supported_segments,,,,,frozen_query_path_adjacent_acceptance_interpolation
cam0,760,,0.00,abstain,,False,unsupported_between_supported_segments,,,,,frozen_query_path_adjacent_acceptance_interpolation
cam0,761,,0.00,abstain,,False,unsupported_between_supported_segments,,,,,frozen_query_path_adjacent_acceptance_interpolation
cam0,762,,0.00,abstain,,False,unsupported_between_supported_segments,,,,,frozen_query_path_adjacent_acceptance_interpolation
cam0,763,,0.00,abstain,,False,unsupported_between_supported_segments,,,,,frozen_query_path_adjacent_acceptance_interpolation
cam0,764,,0.00,abstain,,False,unsupported_between_supported_segments,,,,,frozen_query_path_adjacent_acceptance_interpolation
cam0,765,,0.00,abstain,,False,unsupported_between_supported_segments,,,,,frozen_query_path_adjacent_acceptance_interpolation
cam0,766,,0.00,abstain,,False,unsupported_between_supported_segments,,,,,frozen_query_path_adjacent_acceptance_interpolation
cam0,767,,0.00,abstain,,False,unsupported_between_supported_segments,,,,,frozen_query_path_adjacent_acceptance_interpolation
cam0,768,,0.00,abstain,,False,unsupported_between_supported_segments,,,,,frozen_query_path_adjacent_acceptance_interpolation
cam0,769,,0.00,abstain,,False,unsupported_between_supported_segments,,,,,frozen_query_path_adjacent_acceptance_interpolation
cam0,770,,0.00,abstain,,False,unsupported_between_supported_segments,,,,,frozen_query_path_adjacent_acceptance_interpolation
cam0,771,,0.00,abstain,,False,unsupported_between_supported_segments,,,,,frozen_query_path_adjacent_acceptance_interpolation
cam0,772,,0.00,abstain,,False,unsupported_between_supported_segments,,,,,frozen_query_path_adjacent_acceptance_interpolation
cam0,773,,0.00,abstain,,False,unsupported_between_supported_segments,,,,,frozen_query_path_adjacent_acceptance_interpolation
cam0,774,,0.00,abstain,,False,unsupported_between_supported_segments,,,,,frozen_query_path_adjacent_acceptance_interpolation
cam0,775,,0.00,abstain,,False,unsupported_between_supported_segments,,,,,frozen_query_path_adjacent_acceptance_interpolation
cam0,776,,0.00,abstain,,False,unsupported_between_supported_segments,,,,,frozen_query_path_adjacent_acceptance_interpolation
cam0,777,,0.00,abstain,,False,unsupported_between_supported_segments,,,,,frozen_query_path_adjacent_acceptance_interpolation
cam0,778,,0.00,abstain,,False,unsupported_between_supported_segments,,,,,frozen_query_path_adjacent_acceptance_interpolation
cam0,779,,0.00,abstain,,False,unsupported_between_supported_segments,,,,,frozen_query_path_adjacent_acceptance_interpolation
cam0,780,,0.00,abstain,,False,unsupported_between_supported_segments,,,,,frozen_query_path_adjacent_acceptance_interpolation
cam0,781,,0.00,abstain,,False,unsupported_between_supported_segments,,,,,frozen_query_path_adjacent_acceptance_interpolation
cam0,782,,0.00,abstain,,False,unsupported_between_supported_segments,,,,,frozen_query_path_adjacent_acceptance_interpolation
cam0,783,,0.00,abstain,,False,unsupported_between_supported_segments,,,,,frozen_query_path_adjacent_acceptance_interpolation
cam0,784,,0.00,abstain,,False,unsupported_between_supported_segments,,,,,frozen_query_path_adjacent_acceptance_interpolation
cam0,785,,0.00,abstain,,False,unsupported_between_supported_segments,,,,,frozen_query_path_adjacent_acceptance_interpolation
cam0,786,,0.00,abstain,,False,unsupported_between_supported_segments,,,,,frozen_query_path_adjacent_acceptance_interpolation
cam0,787,,0.00,abstain,,False,unsupported_between_supported_segments,,,,,frozen_query_path_adjacent_acceptance_interpolation
cam0,788,,0.00,abstain,,False,unsupported_between_supported_segments,,,,,frozen_query_path_adjacent_acceptance_interpolation
cam0,789,,0.00,abstain,,False,unsupported_between_supported_segments,,,,,frozen_query_path_adjacent_acceptance_interpolation
cam0,790,,0.00,abstain,,False,unsupported_between_supported_segments,,,,,frozen_query_path_adjacent_acceptance_interpolation
cam0,791,,0.00,abstain,,False,unsupported_between_supported_segments,,,,,frozen_query_path_adjacent_acceptance_interpolation
cam0,792,,0.00,abstain,,False,unsupported_between_supported_segments,,,,,frozen_query_path_adjacent_acceptance_interpolation
cam0,793,,0.00,abstain,,False,unsupported_between_supported_segments,,,,,frozen_query_path_adjacent_acceptance_interpolation
cam0,794,,0.00,abstain,,False,unsupported_between_supported_segments,,,,,frozen_query_path_adjacent_acceptance_interpolation
cam0,795,,0.00,abstain,,False,unsupported_between_supported_segments,,,,,frozen_query_path_adjacent_acceptance_interpolation
cam0,796,,0.00,abstain,,False,unsupported_between_supported_segments,,,,,frozen_query_path_adjacent_acceptance_interpolation
cam0,797,,0.00,abstain,,False,unsupported_between_supported_segments,,,,,frozen_query_path_adjacent_acceptance_interpolation
cam0,798,,0.00,abstain,,False,unsupported_between_supported_segments,,,,,frozen_query_path_adjacent_acceptance_interpolation
cam0,799,,0.00,abstain,,False,unsupported_between_supported_segments,,,,,frozen_query_path_adjacent_acceptance_interpolation
cam0,800,,0.00,abstain,,False,unsupported_between_supported_segments,,,,,frozen_query_path_adjacent_acceptance_interpolation
cam0,801,,0.00,abstain,,False,unsupported_between_supported_segments,,,,,frozen_query_path_adjacent_acceptance_interpolation
cam0,802,,0.00,abstain,,False,unsupported_between_supported_segments,,,,,frozen_query_path_adjacent_acceptance_interpolation
cam0,803,,0.00,abstain,,False,unsupported_between_supported_segments,,,,,frozen_query_path_adjacent_acceptance_interpolation
cam0,804,,0.00,abstain,,False,unsupported_between_supported_segments,,,,,frozen_query_path_adjacent_acceptance_interpolation
cam0,805,,0.00,abstain,,False,unsupported_between_supported_segments,,,,,frozen_query_path_adjacent_acceptance_interpolation
cam0,806,,0.00,abstain,,False,unsupported_between_supported_segments,,,,,frozen_query_path_adjacent_acceptance_interpolation
cam0,807,,0.00,abstain,,False,unsupported_between_supported_segments,,,,,frozen_query_path_adjacent_acceptance_interpolation
cam0,808,,0.00,abstain,,False,unsupported_between_supported_segments,,,,,frozen_query_path_adjacent_acceptance_interpolation
cam0,809,,0.00,abstain,,False,unsupported_between_supported_segments,,,,,frozen_query_path_adjacent_acceptance_interpolation
cam0,810,,0.00,abstain,,False,unsupported_between_supported_segments,,,,,frozen_query_path_adjacent_acceptance_interpolation
cam0,811,,0.00,abstain,,False,unsupported_between_supported_segments,,,,,frozen_query_path_adjacent_acceptance_interpolation
cam0,812,,0.00,abstain,,False,unsupported_between_supported_segments,,,,,frozen_query_path_adjacent_acceptance_interpolation
cam0,813,,0.00,abstain,,False,unsupported_between_supported_segments,,,,,frozen_query_path_adjacent_acceptance_interpolation
cam0,814,,0.00,abstain,,False,unsupported_between_supported_segments,,,,,frozen_query_path_adjacent_acceptance_interpolation
cam0,815,,0.00,abstain,,False,unsupported_between_supported_segments,,,,,frozen_query_path_adjacent_acceptance_interpolation
cam0,816,,0.00,abstain,,False,unsupported_between_supported_segments,,,,,frozen_query_path_adjacent_acceptance_interpolation
cam0,817,,0.00,abstain,,False,unsupported_between_supported_segments,,,,,frozen_query_path_adjacent_acceptance_interpolation
cam0,818,,0.00,abstain,,False,unsupported_between_supported_segments,,,,,frozen_query_path_adjacent_acceptance_interpolation
cam0,819,,0.00,abstain,,False,unsupported_between_supported_segments,,,,,frozen_query_path_adjacent_acceptance_interpolation
cam0,820,,0.00,abstain,,False,unsupported_anchor_abstention,,,cam0_A10,abstain_weak_or_ambiguous_geometry,frozen_query_path_adjacent_acceptance_interpolation
cam0,821,,0.00,abstain,,False,unsupported_between_supported_segments,,,,,frozen_query_path_adjacent_acceptance_interpolation
cam0,822,,0.00,abstain,,False,unsupported_between_supported_segments,,,,,frozen_query_path_adjacent_acceptance_interpolation
cam0,823,,0.00,abstain,,False,unsupported_between_supported_segments,,,,,frozen_query_path_adjacent_acceptance_interpolation
cam0,824,,0.00,abstain,,False,unsupported_between_supported_segments,,,,,frozen_query_path_adjacent_acceptance_interpolation
cam0,825,,0.00,abstain,,False,unsupported_between_supported_segments,,,,,frozen_query_path_adjacent_acceptance_interpolation
cam0,826,,0.00,abstain,,False,unsupported_between_supported_segments,,,,,frozen_query_path_adjacent_acceptance_interpolation
cam0,827,,0.00,abstain,,False,unsupported_between_supported_segments,,,,,frozen_query_path_adjacent_acceptance_interpolation
cam0,828,,0.00,abstain,,False,unsupported_between_supported_segments,,,,,frozen_query_path_adjacent_acceptance_interpolation
cam0,829,,0.00,abstain,,False,unsupported_between_supported_segments,,,,,frozen_query_path_adjacent_acceptance_interpolation
cam0,830,,0.00,abstain,,False,unsupported_between_supported_segments,,,,,frozen_query_path_adjacent_acceptance_interpolation
cam0,831,,0.00,abstain,,False,unsupported_between_supported_segments,,,,,frozen_query_path_adjacent_acceptance_interpolation
cam0,832,,0.00,abstain,,False,unsupported_between_supported_segments,,,,,frozen_query_path_adjacent_acceptance_interpolation
cam0,833,,0.00,abstain,,False,unsupported_between_supported_segments,,,,,frozen_query_path_adjacent_acceptance_interpolation
cam0,834,,0.00,abstain,,False,unsupported_between_supported_segments,,,,,frozen_query_path_adjacent_acceptance_interpolation
cam0,835,,0.00,abstain,,False,unsupported_between_supported_segments,,,,,frozen_query_path_adjacent_acceptance_interpolation
cam0,836,,0.00,abstain,,False,unsupported_between_supported_segments,,,,,frozen_query_path_adjacent_acceptance_interpolation
cam0,837,,0.00,abstain,,False,unsupported_between_supported_segments,,,,,frozen_query_path_adjacent_acceptance_interpolation
cam0,838,,0.00,abstain,,False,unsupported_between_supported_segments,,,,,frozen_query_path_adjacent_acceptance_interpolation
cam0,839,,0.00,abstain,,False,unsupported_between_supported_segments,,,,,frozen_query_path_adjacent_acceptance_interpolation
cam0,840,,0.00,abstain,,False,unsupported_between_supported_segments,,,,,frozen_query_path_adjacent_acceptance_interpolation
cam0,841,,0.00,abstain,,False,unsupported_between_supported_segments,,,,,frozen_query_path_adjacent_acceptance_interpolation
cam0,842,,0.00,abstain,,False,unsupported_between_supported_segments,,,,,frozen_query_path_adjacent_acceptance_interpolation
cam0,843,,0.00,abstain,,False,unsupported_between_supported_segments,,,,,frozen_query_path_adjacent_acceptance_interpolation
cam0,844,,0.00,abstain,,False,unsupported_between_supported_segments,,,,,frozen_query_path_adjacent_acceptance_interpolation
cam0,845,,0.00,abstain,,False,unsupported_between_supported_segments,,,,,frozen_query_path_adjacent_acceptance_interpolation
cam0,846,,0.00,abstain,,False,unsupported_between_supported_segments,,,,,frozen_query_path_adjacent_acceptance_interpolation
cam0,847,,0.00,abstain,,False,unsupported_between_supported_segments,,,,,frozen_query_path_adjacent_acceptance_interpolation
cam0,848,,0.00,abstain,,False,unsupported_between_supported_segments,,,,,frozen_query_path_adjacent_acceptance_interpolation
cam0,849,,0.00,abstain,,False,unsupported_between_supported_segments,,,,,frozen_query_path_adjacent_acceptance_interpolation
cam0,850,,0.00,abstain,,False,unsupported_between_supported_segments,,,,,frozen_query_path_adjacent_acceptance_interpolation
cam0,851,,0.00,abstain,,False,unsupported_between_supported_segments,,,,,frozen_query_path_adjacent_acceptance_interpolation
cam0,852,,0.00,abstain,,False,unsupported_between_supported_segments,,,,,frozen_query_path_adjacent_acceptance_interpolation
cam0,853,,0.00,abstain,,False,unsupported_between_supported_segments,,,,,frozen_query_path_adjacent_acceptance_interpolation
cam0,854,,0.00,abstain,,False,unsupported_between_supported_segments,,,,,frozen_query_path_adjacent_acceptance_interpolation
cam0,855,,0.00,abstain,,False,unsupported_between_supported_segments,,,,,frozen_query_path_adjacent_acceptance_interpolation
cam0,856,,0.00,abstain,,False,unsupported_between_supported_segments,,,,,frozen_query_path_adjacent_acceptance_interpolation
cam0,857,,0.00,abstain,,False,unsupported_between_supported_segments,,,,,frozen_query_path_adjacent_acceptance_interpolation
cam0,858,,0.00,abstain,,False,unsupported_between_supported_segments,,,,,frozen_query_path_adjacent_acceptance_interpolation
cam0,859,,0.00,abstain,,False,unsupported_between_supported_segments,,,,,frozen_query_path_adjacent_acceptance_interpolation
cam0,860,,0.00,abstain,,False,unsupported_between_supported_segments,,,,,frozen_query_path_adjacent_acceptance_interpolation
cam0,861,,0.00,abstain,,False,unsupported_between_supported_segments,,,,,frozen_query_path_adjacent_acceptance_interpolation
cam0,862,,0.00,abstain,,False,unsupported_between_supported_segments,,,,,frozen_query_path_adjacent_acceptance_interpolation
cam0,863,,0.00,abstain,,False,unsupported_between_supported_segments,,,,,frozen_query_path_adjacent_acceptance_interpolation
cam0,864,,0.00,abstain,,False,unsupported_between_supported_segments,,,,,frozen_query_path_adjacent_acceptance_interpolation
cam0,865,,0.00,abstain,,False,unsupported_between_supported_segments,,,,,frozen_query_path_adjacent_acceptance_interpolation
cam0,866,,0.00,abstain,,False,unsupported_between_supported_segments,,,,,frozen_query_path_adjacent_acceptance_interpolation
cam0,867,,0.00,abstain,,False,unsupported_between_supported_segments,,,,,frozen_query_path_adjacent_acceptance_interpolation
cam0,868,,0.00,abstain,,False,unsupported_between_supported_segments,,,,,frozen_query_path_adjacent_acceptance_interpolation
cam0,869,,0.00,abstain,,False,unsupported_between_supported_segments,,,,,frozen_query_path_adjacent_acceptance_interpolation
cam0,870,,0.00,abstain,,False,unsupported_between_supported_segments,,,,,frozen_query_path_adjacent_acceptance_interpolation
cam0,871,,0.00,abstain,,False,unsupported_between_supported_segments,,,,,frozen_query_path_adjacent_acceptance_interpolation
cam0,872,,0.00,abstain,,False,unsupported_between_supported_segments,,,,,frozen_query_path_adjacent_acceptance_interpolation
cam0,873,,0.00,abstain,,False,unsupported_between_supported_segments,,,,,frozen_query_path_adjacent_acceptance_interpolation
cam0,874,,0.00,abstain,,False,unsupported_between_supported_segments,,,,,frozen_query_path_adjacent_acceptance_interpolation
cam0,875,,0.00,abstain,,False,unsupported_between_supported_segments,,,,,frozen_query_path_adjacent_acceptance_interpolation
cam0,876,,0.00,abstain,,False,unsupported_between_supported_segments,,,,,frozen_query_path_adjacent_acceptance_interpolation
cam0,877,,0.00,abstain,,False,unsupported_between_supported_segments,,,,,frozen_query_path_adjacent_acceptance_interpolation
cam0,878,,0.00,abstain,,False,unsupported_between_supported_segments,,,,,frozen_query_path_adjacent_acceptance_interpolation
cam0,879,,0.00,abstain,,False,unsupported_between_supported_segments,,,,,frozen_query_path_adjacent_acceptance_interpolation
cam0,880,,0.00,abstain,,False,unsupported_between_supported_segments,,,,,frozen_query_path_adjacent_acceptance_interpolation
cam0,881,,0.00,abstain,,False,unsupported_between_supported_segments,,,,,frozen_query_path_adjacent_acceptance_interpolation
cam0,882,,0.00,abstain,,False,unsupported_between_supported_segments,,,,,frozen_query_path_adjacent_acceptance_interpolation
cam0,883,,0.00,abstain,,False,unsupported_between_supported_segments,,,,,frozen_query_path_adjacent_acceptance_interpolation
cam0,884,,0.00,abstain,,False,unsupported_between_supported_segments,,,,,frozen_query_path_adjacent_acceptance_interpolation
cam0,885,,0.00,abstain,,False,unsupported_between_supported_segments,,,,,frozen_query_path_adjacent_acceptance_interpolation
cam0,886,,0.00,abstain,,False,unsupported_between_supported_segments,,,,,frozen_query_path_adjacent_acceptance_interpolation
cam0,887,,0.00,abstain,,False,unsupported_between_supported_segments,,,,,frozen_query_path_adjacent_acceptance_interpolation
cam0,888,,0.00,abstain,,False,unsupported_between_supported_segments,,,,,frozen_query_path_adjacent_acceptance_interpolation
cam0,889,,0.00,abstain,,False,unsupported_between_supported_segments,,,,,frozen_query_path_adjacent_acceptance_interpolation
cam0,890,779,1.00,uncalibrated_geometry_anchor,0.71875,False,geometry_supported_anchor,cam0_A11,cam0_A11,cam0_A11,match_unverified_geometry_supported,frozen_query_path_adjacent_acceptance_interpolation
cam0,891,780,0.50,uncalibrated_bounded_interpolation,0.424432,False,bounded_interpolation,cam0_A11,cam0_A12,,,frozen_query_path_adjacent_acceptance_interpolation
cam0,892,781,0.50,uncalibrated_bounded_interpolation,0.424432,False,bounded_interpolation,cam0_A11,cam0_A12,,,frozen_query_path_adjacent_acceptance_interpolation
cam0,893,782,0.50,uncalibrated_bounded_interpolation,0.424432,False,bounded_interpolation,cam0_A11,cam0_A12,,,frozen_query_path_adjacent_acceptance_interpolation
cam0,894,783,0.50,uncalibrated_bounded_interpolation,0.424432,False,bounded_interpolation,cam0_A11,cam0_A12,,,frozen_query_path_adjacent_acceptance_interpolation
cam0,895,784,0.50,uncalibrated_bounded_interpolation,0.424432,False,bounded_interpolation,cam0_A11,cam0_A12,,,frozen_query_path_adjacent_acceptance_interpolation
cam0,896,785,0.50,uncalibrated_bounded_interpolation,0.424432,False,bounded_interpolation,cam0_A11,cam0_A12,,,frozen_query_path_adjacent_acceptance_interpolation
cam0,897,786,0.50,uncalibrated_bounded_interpolation,0.424432,False,bounded_interpolation,cam0_A11,cam0_A12,,,frozen_query_path_adjacent_acceptance_interpolation
cam0,898,787,0.50,uncalibrated_bounded_interpolation,0.424432,False,bounded_interpolation,cam0_A11,cam0_A12,,,frozen_query_path_adjacent_acceptance_interpolation
cam0,899,788,0.50,uncalibrated_bounded_interpolation,0.424432,False,bounded_interpolation,cam0_A11,cam0_A12,,,frozen_query_path_adjacent_acceptance_interpolation
cam0,900,790,0.50,uncalibrated_bounded_interpolation,0.424432,False,bounded_interpolation,cam0_A11,cam0_A12,,,frozen_query_path_adjacent_acceptance_interpolation
cam0,901,791,0.50,uncalibrated_bounded_interpolation,0.424432,False,bounded_interpolation,cam0_A11,cam0_A12,,,frozen_query_path_adjacent_acceptance_interpolation
cam0,902,792,0.50,uncalibrated_bounded_interpolation,0.424432,False,bounded_interpolation,cam0_A11,cam0_A12,,,frozen_query_path_adjacent_acceptance_interpolation
cam0,903,793,0.50,uncalibrated_bounded_interpolation,0.424432,False,bounded_interpolation,cam0_A11,cam0_A12,,,frozen_query_path_adjacent_acceptance_interpolation
cam0,904,794,0.50,uncalibrated_bounded_interpolation,0.424432,False,bounded_interpolation,cam0_A11,cam0_A12,,,frozen_query_path_adjacent_acceptance_interpolation
cam0,905,795,0.50,uncalibrated_bounded_interpolation,0.424432,False,bounded_interpolation,cam0_A11,cam0_A12,,,frozen_query_path_adjacent_acceptance_interpolation
cam0,906,796,0.50,uncalibrated_bounded_interpolation,0.424432,False,bounded_interpolation,cam0_A11,cam0_A12,,,frozen_query_path_adjacent_acceptance_interpolation
cam0,907,797,0.50,uncalibrated_bounded_interpolation,0.424432,False,bounded_interpolation,cam0_A11,cam0_A12,,,frozen_query_path_adjacent_acceptance_interpolation
cam0,908,798,0.50,uncalibrated_bounded_interpolation,0.424432,False,bounded_interpolation,cam0_A11,cam0_A12,,,frozen_query_path_adjacent_acceptance_interpolation
cam0,909,799,0.50,uncalibrated_bounded_interpolation,0.424432,False,bounded_interpolation,cam0_A11,cam0_A12,,,frozen_query_path_adjacent_acceptance_interpolation
cam0,910,800,0.50,uncalibrated_bounded_interpolation,0.424432,False,bounded_interpolation,cam0_A11,cam0_A12,,,frozen_query_path_adjacent_acceptance_interpolation
cam0,911,801,0.50,uncalibrated_bounded_interpolation,0.424432,False,bounded_interpolation,cam0_A11,cam0_A12,,,frozen_query_path_adjacent_acceptance_interpolation
cam0,912,802,0.50,uncalibrated_bounded_interpolation,0.424432,False,bounded_interpolation,cam0_A11,cam0_A12,,,frozen_query_path_adjacent_acceptance_interpolation
cam0,913,803,0.50,uncalibrated_bounded_interpolation,0.424432,False,bounded_interpolation,cam0_A11,cam0_A12,,,frozen_query_path_adjacent_acceptance_interpolation
cam0,914,804,0.50,uncalibrated_bounded_interpolation,0.424432,False,bounded_interpolation,cam0_A11,cam0_A12,,,frozen_query_path_adjacent_acceptance_interpolation
cam0,915,805,0.50,uncalibrated_bounded_interpolation,0.424432,False,bounded_interpolation,cam0_A11,cam0_A12,,,frozen_query_path_adjacent_acceptance_interpolation
cam0,916,806,0.50,uncalibrated_bounded_interpolation,0.424432,False,bounded_interpolation,cam0_A11,cam0_A12,,,frozen_query_path_adjacent_acceptance_interpolation
cam0,917,807,0.50,uncalibrated_bounded_interpolation,0.424432,False,bounded_interpolation,cam0_A11,cam0_A12,,,frozen_query_path_adjacent_acceptance_interpolation
cam0,918,809,0.50,uncalibrated_bounded_interpolation,0.424432,False,bounded_interpolation,cam0_A11,cam0_A12,,,frozen_query_path_adjacent_acceptance_interpolation
cam0,919,810,0.50,uncalibrated_bounded_interpolation,0.424432,False,bounded_interpolation,cam0_A11,cam0_A12,,,frozen_query_path_adjacent_acceptance_interpolation
cam0,920,811,0.50,uncalibrated_bounded_interpolation,0.424432,False,bounded_interpolation,cam0_A11,cam0_A12,,,frozen_query_path_adjacent_acceptance_interpolation
cam0,921,812,0.50,uncalibrated_bounded_interpolation,0.424432,False,bounded_interpolation,cam0_A11,cam0_A12,,,frozen_query_path_adjacent_acceptance_interpolation
cam0,922,813,0.50,uncalibrated_bounded_interpolation,0.424432,False,bounded_interpolation,cam0_A11,cam0_A12,,,frozen_query_path_adjacent_acceptance_interpolation
cam0,923,814,0.50,uncalibrated_bounded_interpolation,0.424432,False,bounded_interpolation,cam0_A11,cam0_A12,,,frozen_query_path_adjacent_acceptance_interpolation
cam0,924,815,0.50,uncalibrated_bounded_interpolation,0.424432,False,bounded_interpolation,cam0_A11,cam0_A12,,,frozen_query_path_adjacent_acceptance_interpolation
cam0,925,816,0.50,uncalibrated_bounded_interpolation,0.424432,False,bounded_interpolation,cam0_A11,cam0_A12,,,frozen_query_path_adjacent_acceptance_interpolation
cam0,926,817,0.50,uncalibrated_bounded_interpolation,0.424432,False,bounded_interpolation,cam0_A11,cam0_A12,,,frozen_query_path_adjacent_acceptance_interpolation
cam0,927,818,0.50,uncalibrated_bounded_interpolation,0.424432,False,bounded_interpolation,cam0_A11,cam0_A12,,,frozen_query_path_adjacent_acceptance_interpolation
cam0,928,819,0.50,uncalibrated_bounded_interpolation,0.424432,False,bounded_interpolation,cam0_A11,cam0_A12,,,frozen_query_path_adjacent_acceptance_interpolation
cam0,929,820,0.50,uncalibrated_bounded_interpolation,0.424432,False,bounded_interpolation,cam0_A11,cam0_A12,,,frozen_query_path_adjacent_acceptance_interpolation
cam0,930,821,0.50,uncalibrated_bounded_interpolation,0.424432,False,bounded_interpolation,cam0_A11,cam0_A12,,,frozen_query_path_adjacent_acceptance_interpolation
cam0,931,822,0.50,uncalibrated_bounded_interpolation,0.424432,False,bounded_interpolation,cam0_A11,cam0_A12,,,frozen_query_path_adjacent_acceptance_interpolation
cam0,932,823,0.50,uncalibrated_bounded_interpolation,0.424432,False,bounded_interpolation,cam0_A11,cam0_A12,,,frozen_query_path_adjacent_acceptance_interpolation
cam0,933,824,0.50,uncalibrated_bounded_interpolation,0.424432,False,bounded_interpolation,cam0_A11,cam0_A12,,,frozen_query_path_adjacent_acceptance_interpolation
cam0,934,825,0.50,uncalibrated_bounded_interpolation,0.424432,False,bounded_interpolation,cam0_A11,cam0_A12,,,frozen_query_path_adjacent_acceptance_interpolation
cam0,935,826,0.50,uncalibrated_bounded_interpolation,0.424432,False,bounded_interpolation,cam0_A11,cam0_A12,,,frozen_query_path_adjacent_acceptance_interpolation
cam0,936,827,0.50,uncalibrated_bounded_interpolation,0.424432,False,bounded_interpolation,cam0_A11,cam0_A12,,,frozen_query_path_adjacent_acceptance_interpolation
cam0,937,829,0.50,uncalibrated_bounded_interpolation,0.424432,False,bounded_interpolation,cam0_A11,cam0_A12,,,frozen_query_path_adjacent_acceptance_interpolation
cam0,938,830,0.50,uncalibrated_bounded_interpolation,0.424432,False,bounded_interpolation,cam0_A11,cam0_A12,,,frozen_query_path_adjacent_acceptance_interpolation
cam0,939,831,0.50,uncalibrated_bounded_interpolation,0.424432,False,bounded_interpolation,cam0_A11,cam0_A12,,,frozen_query_path_adjacent_acceptance_interpolation
cam0,940,832,0.50,uncalibrated_bounded_interpolation,0.424432,False,bounded_interpolation,cam0_A11,cam0_A12,,,frozen_query_path_adjacent_acceptance_interpolation
cam0,941,833,0.50,uncalibrated_bounded_interpolation,0.424432,False,bounded_interpolation,cam0_A11,cam0_A12,,,frozen_query_path_adjacent_acceptance_interpolation
cam0,942,834,0.50,uncalibrated_bounded_interpolation,0.424432,False,bounded_interpolation,cam0_A11,cam0_A12,,,frozen_query_path_adjacent_acceptance_interpolation
cam0,943,835,0.50,uncalibrated_bounded_interpolation,0.424432,False,bounded_interpolation,cam0_A11,cam0_A12,,,frozen_query_path_adjacent_acceptance_interpolation
cam0,944,836,0.50,uncalibrated_bounded_interpolation,0.424432,False,bounded_interpolation,cam0_A11,cam0_A12,,,frozen_query_path_adjacent_acceptance_interpolation
cam0,945,837,0.50,uncalibrated_bounded_interpolation,0.424432,False,bounded_interpolation,cam0_A11,cam0_A12,,,frozen_query_path_adjacent_acceptance_interpolation
cam0,946,838,0.50,uncalibrated_bounded_interpolation,0.424432,False,bounded_interpolation,cam0_A11,cam0_A12,,,frozen_query_path_adjacent_acceptance_interpolation
cam0,947,839,0.50,uncalibrated_bounded_interpolation,0.424432,False,bounded_interpolation,cam0_A11,cam0_A12,,,frozen_query_path_adjacent_acceptance_interpolation
cam0,948,840,0.50,uncalibrated_bounded_interpolation,0.424432,False,bounded_interpolation,cam0_A11,cam0_A12,,,frozen_query_path_adjacent_acceptance_interpolation
cam0,949,841,0.50,uncalibrated_bounded_interpolation,0.424432,False,bounded_interpolation,cam0_A11,cam0_A12,,,frozen_query_path_adjacent_acceptance_interpolation
cam0,950,842,0.50,uncalibrated_bounded_interpolation,0.424432,False,bounded_interpolation,cam0_A11,cam0_A12,,,frozen_query_path_adjacent_acceptance_interpolation
cam0,951,843,0.50,uncalibrated_bounded_interpolation,0.424432,False,bounded_interpolation,cam0_A11,cam0_A12,,,frozen_query_path_adjacent_acceptance_interpolation
cam0,952,844,0.50,uncalibrated_bounded_interpolation,0.424432,False,bounded_interpolation,cam0_A11,cam0_A12,,,frozen_query_path_adjacent_acceptance_interpolation
cam0,953,845,0.50,uncalibrated_bounded_interpolation,0.424432,False,bounded_interpolation,cam0_A11,cam0_A12,,,frozen_query_path_adjacent_acceptance_interpolation
cam0,954,846,0.50,uncalibrated_bounded_interpolation,0.424432,False,bounded_interpolation,cam0_A11,cam0_A12,,,frozen_query_path_adjacent_acceptance_interpolation
cam0,955,848,0.50,uncalibrated_bounded_interpolation,0.424432,False,bounded_interpolation,cam0_A11,cam0_A12,,,frozen_query_path_adjacent_acceptance_interpolation
cam0,956,849,0.50,uncalibrated_bounded_interpolation,0.424432,False,bounded_interpolation,cam0_A11,cam0_A12,,,frozen_query_path_adjacent_acceptance_interpolation
cam0,957,850,0.50,uncalibrated_bounded_interpolation,0.424432,False,bounded_interpolation,cam0_A11,cam0_A12,,,frozen_query_path_adjacent_acceptance_interpolation
cam0,958,851,0.50,uncalibrated_bounded_interpolation,0.424432,False,bounded_interpolation,cam0_A11,cam0_A12,,,frozen_query_path_adjacent_acceptance_interpolation
cam0,959,852,0.50,uncalibrated_bounded_interpolation,0.424432,False,bounded_interpolation,cam0_A11,cam0_A12,,,frozen_query_path_adjacent_acceptance_interpolation
cam0,960,853,0.50,uncalibrated_bounded_interpolation,0.424432,False,bounded_interpolation,cam0_A11,cam0_A12,,,frozen_query_path_adjacent_acceptance_interpolation
cam0,961,854,0.50,uncalibrated_bounded_interpolation,0.424432,False,bounded_interpolation,cam0_A11,cam0_A12,,,frozen_query_path_adjacent_acceptance_interpolation
cam0,962,855,0.50,uncalibrated_bounded_interpolation,0.424432,False,bounded_interpolation,cam0_A11,cam0_A12,,,frozen_query_path_adjacent_acceptance_interpolation
cam0,963,856,0.50,uncalibrated_bounded_interpolation,0.424432,False,bounded_interpolation,cam0_A11,cam0_A12,,,frozen_query_path_adjacent_acceptance_interpolation
cam0,964,857,1.00,uncalibrated_geometry_anchor,0.424432,False,geometry_supported_anchor,cam0_A12,cam0_A12,cam0_A12,match_unverified_geometry_supported,frozen_query_path_adjacent_acceptance_interpolation
cam0,965,858,0.50,uncalibrated_bounded_interpolation,0.424432,False,bounded_interpolation,cam0_A12,cam0_A13,,,frozen_query_path_adjacent_acceptance_interpolation
cam0,966,859,0.50,uncalibrated_bounded_interpolation,0.424432,False,bounded_interpolation,cam0_A12,cam0_A13,,,frozen_query_path_adjacent_acceptance_interpolation
cam0,967,860,0.50,uncalibrated_bounded_interpolation,0.424432,False,bounded_interpolation,cam0_A12,cam0_A13,,,frozen_query_path_adjacent_acceptance_interpolation
cam0,968,861,0.50,uncalibrated_bounded_interpolation,0.424432,False,bounded_interpolation,cam0_A12,cam0_A13,,,frozen_query_path_adjacent_acceptance_interpolation
cam0,969,862,0.50,uncalibrated_bounded_interpolation,0.424432,False,bounded_interpolation,cam0_A12,cam0_A13,,,frozen_query_path_adjacent_acceptance_interpolation
cam0,970,864,0.50,uncalibrated_bounded_interpolation,0.424432,False,bounded_interpolation,cam0_A12,cam0_A13,,,frozen_query_path_adjacent_acceptance_interpolation
cam0,971,865,0.50,uncalibrated_bounded_interpolation,0.424432,False,bounded_interpolation,cam0_A12,cam0_A13,,,frozen_query_path_adjacent_acceptance_interpolation
cam0,972,866,0.50,uncalibrated_bounded_interpolation,0.424432,False,bounded_interpolation,cam0_A12,cam0_A13,,,frozen_query_path_adjacent_acceptance_interpolation
cam0,973,867,0.50,uncalibrated_bounded_interpolation,0.424432,False,bounded_interpolation,cam0_A12,cam0_A13,,,frozen_query_path_adjacent_acceptance_interpolation
cam0,974,868,0.50,uncalibrated_bounded_interpolation,0.424432,False,bounded_interpolation,cam0_A12,cam0_A13,,,frozen_query_path_adjacent_acceptance_interpolation
cam0,975,869,0.50,uncalibrated_bounded_interpolation,0.424432,False,bounded_interpolation,cam0_A12,cam0_A13,,,frozen_query_path_adjacent_acceptance_interpolation
cam0,976,870,0.50,uncalibrated_bounded_interpolation,0.424432,False,bounded_interpolation,cam0_A12,cam0_A13,,,frozen_query_path_adjacent_acceptance_interpolation
cam0,977,871,0.50,uncalibrated_bounded_interpolation,0.424432,False,bounded_interpolation,cam0_A12,cam0_A13,,,frozen_query_path_adjacent_acceptance_interpolation
cam0,978,872,0.50,uncalibrated_bounded_interpolation,0.424432,False,bounded_interpolation,cam0_A12,cam0_A13,,,frozen_query_path_adjacent_acceptance_interpolation
cam0,979,873,0.50,uncalibrated_bounded_interpolation,0.424432,False,bounded_interpolation,cam0_A12,cam0_A13,,,frozen_query_path_adjacent_acceptance_interpolation
cam0,980,875,0.50,uncalibrated_bounded_interpolation,0.424432,False,bounded_interpolation,cam0_A12,cam0_A13,,,frozen_query_path_adjacent_acceptance_interpolation
cam0,981,876,0.50,uncalibrated_bounded_interpolation,0.424432,False,bounded_interpolation,cam0_A12,cam0_A13,,,frozen_query_path_adjacent_acceptance_interpolation
cam0,982,877,0.50,uncalibrated_bounded_interpolation,0.424432,False,bounded_interpolation,cam0_A12,cam0_A13,,,frozen_query_path_adjacent_acceptance_interpolation
cam0,983,878,0.50,uncalibrated_bounded_interpolation,0.424432,False,bounded_interpolation,cam0_A12,cam0_A13,,,frozen_query_path_adjacent_acceptance_interpolation
cam0,984,879,0.50,uncalibrated_bounded_interpolation,0.424432,False,bounded_interpolation,cam0_A12,cam0_A13,,,frozen_query_path_adjacent_acceptance_interpolation
cam0,985,880,0.50,uncalibrated_bounded_interpolation,0.424432,False,bounded_interpolation,cam0_A12,cam0_A13,,,frozen_query_path_adjacent_acceptance_interpolation
cam0,986,881,0.50,uncalibrated_bounded_interpolation,0.424432,False,bounded_interpolation,cam0_A12,cam0_A13,,,frozen_query_path_adjacent_acceptance_interpolation
cam0,987,882,0.50,uncalibrated_bounded_interpolation,0.424432,False,bounded_interpolation,cam0_A12,cam0_A13,,,frozen_query_path_adjacent_acceptance_interpolation
cam0,988,883,0.50,uncalibrated_bounded_interpolation,0.424432,False,bounded_interpolation,cam0_A12,cam0_A13,,,frozen_query_path_adjacent_acceptance_interpolation
cam0,989,884,0.50,uncalibrated_bounded_interpolation,0.424432,False,bounded_interpolation,cam0_A12,cam0_A13,,,frozen_query_path_adjacent_acceptance_interpolation
cam0,990,886,0.50,uncalibrated_bounded_interpolation,0.424432,False,bounded_interpolation,cam0_A12,cam0_A13,,,frozen_query_path_adjacent_acceptance_interpolation
cam0,991,887,0.50,uncalibrated_bounded_interpolation,0.424432,False,bounded_interpolation,cam0_A12,cam0_A13,,,frozen_query_path_adjacent_acceptance_interpolation
cam0,992,888,0.50,uncalibrated_bounded_interpolation,0.424432,False,bounded_interpolation,cam0_A12,cam0_A13,,,frozen_query_path_adjacent_acceptance_interpolation
cam0,993,889,0.50,uncalibrated_bounded_interpolation,0.424432,False,bounded_interpolation,cam0_A12,cam0_A13,,,frozen_query_path_adjacent_acceptance_interpolation
cam0,994,890,0.50,uncalibrated_bounded_interpolation,0.424432,False,bounded_interpolation,cam0_A12,cam0_A13,,,frozen_query_path_adjacent_acceptance_interpolation
cam0,995,891,0.50,uncalibrated_bounded_interpolation,0.424432,False,bounded_interpolation,cam0_A12,cam0_A13,,,frozen_query_path_adjacent_acceptance_interpolation
cam0,996,892,0.50,uncalibrated_bounded_interpolation,0.424432,False,bounded_interpolation,cam0_A12,cam0_A13,,,frozen_query_path_adjacent_acceptance_interpolation
cam0,997,893,0.50,uncalibrated_bounded_interpolation,0.424432,False,bounded_interpolation,cam0_A12,cam0_A13,,,frozen_query_path_adjacent_acceptance_interpolation
cam0,998,894,0.50,uncalibrated_bounded_interpolation,0.424432,False,bounded_interpolation,cam0_A12,cam0_A13,,,frozen_query_path_adjacent_acceptance_interpolation
cam0,999,895,0.50,uncalibrated_bounded_interpolation,0.424432,False,bounded_interpolation,cam0_A12,cam0_A13,,,frozen_query_path_adjacent_acceptance_interpolation
cam0,1000,897,0.50,uncalibrated_bounded_interpolation,0.424432,False,bounded_interpolation,cam0_A12,cam0_A13,,,frozen_query_path_adjacent_acceptance_interpolation
cam0,1001,898,0.50,uncalibrated_bounded_interpolation,0.424432,False,bounded_interpolation,cam0_A12,cam0_A13,,,frozen_query_path_adjacent_acceptance_interpolation
cam0,1002,899,0.50,uncalibrated_bounded_interpolation,0.424432,False,bounded_interpolation,cam0_A12,cam0_A13,,,frozen_query_path_adjacent_acceptance_interpolation
cam0,1003,900,0.50,uncalibrated_bounded_interpolation,0.424432,False,bounded_interpolation,cam0_A12,cam0_A13,,,frozen_query_path_adjacent_acceptance_interpolation
cam0,1004,901,0.50,uncalibrated_bounded_interpolation,0.424432,False,bounded_interpolation,cam0_A12,cam0_A13,,,frozen_query_path_adjacent_acceptance_interpolation
cam0,1005,902,0.50,uncalibrated_bounded_interpolation,0.424432,False,bounded_interpolation,cam0_A12,cam0_A13,,,frozen_query_path_adjacent_acceptance_interpolation
cam0,1006,903,0.50,uncalibrated_bounded_interpolation,0.424432,False,bounded_interpolation,cam0_A12,cam0_A13,,,frozen_query_path_adjacent_acceptance_interpolation
cam0,1007,904,0.50,uncalibrated_bounded_interpolation,0.424432,False,bounded_interpolation,cam0_A12,cam0_A13,,,frozen_query_path_adjacent_acceptance_interpolation
cam0,1008,905,0.50,uncalibrated_bounded_interpolation,0.424432,False,bounded_interpolation,cam0_A12,cam0_A13,,,frozen_query_path_adjacent_acceptance_interpolation
cam0,1009,906,0.50,uncalibrated_bounded_interpolation,0.424432,False,bounded_interpolation,cam0_A12,cam0_A13,,,frozen_query_path_adjacent_acceptance_interpolation
cam0,1010,908,0.50,uncalibrated_bounded_interpolation,0.424432,False,bounded_interpolation,cam0_A12,cam0_A13,,,frozen_query_path_adjacent_acceptance_interpolation
cam0,1011,909,0.50,uncalibrated_bounded_interpolation,0.424432,False,bounded_interpolation,cam0_A12,cam0_A13,,,frozen_query_path_adjacent_acceptance_interpolation
cam0,1012,910,0.50,uncalibrated_bounded_interpolation,0.424432,False,bounded_interpolation,cam0_A12,cam0_A13,,,frozen_query_path_adjacent_acceptance_interpolation
cam0,1013,911,0.50,uncalibrated_bounded_interpolation,0.424432,False,bounded_interpolation,cam0_A12,cam0_A13,,,frozen_query_path_adjacent_acceptance_interpolation
cam0,1014,912,0.50,uncalibrated_bounded_interpolation,0.424432,False,bounded_interpolation,cam0_A12,cam0_A13,,,frozen_query_path_adjacent_acceptance_interpolation
cam0,1015,913,0.50,uncalibrated_bounded_interpolation,0.424432,False,bounded_interpolation,cam0_A12,cam0_A13,,,frozen_query_path_adjacent_acceptance_interpolation
cam0,1016,914,0.50,uncalibrated_bounded_interpolation,0.424432,False,bounded_interpolation,cam0_A12,cam0_A13,,,frozen_query_path_adjacent_acceptance_interpolation
cam0,1017,915,0.50,uncalibrated_bounded_interpolation,0.424432,False,bounded_interpolation,cam0_A12,cam0_A13,,,frozen_query_path_adjacent_acceptance_interpolation
cam0,1018,916,0.50,uncalibrated_bounded_interpolation,0.424432,False,bounded_interpolation,cam0_A12,cam0_A13,,,frozen_query_path_adjacent_acceptance_interpolation
cam0,1019,917,0.50,uncalibrated_bounded_interpolation,0.424432,False,bounded_interpolation,cam0_A12,cam0_A13,,,frozen_query_path_adjacent_acceptance_interpolation
cam0,1020,919,0.50,uncalibrated_bounded_interpolation,0.424432,False,bounded_interpolation,cam0_A12,cam0_A13,,,frozen_query_path_adjacent_acceptance_interpolation
cam0,1021,920,0.50,uncalibrated_bounded_interpolation,0.424432,False,bounded_interpolation,cam0_A12,cam0_A13,,,frozen_query_path_adjacent_acceptance_interpolation
cam0,1022,921,0.50,uncalibrated_bounded_interpolation,0.424432,False,bounded_interpolation,cam0_A12,cam0_A13,,,frozen_query_path_adjacent_acceptance_interpolation
cam0,1023,922,0.50,uncalibrated_bounded_interpolation,0.424432,False,bounded_interpolation,cam0_A12,cam0_A13,,,frozen_query_path_adjacent_acceptance_interpolation
cam0,1024,923,0.50,uncalibrated_bounded_interpolation,0.424432,False,bounded_interpolation,cam0_A12,cam0_A13,,,frozen_query_path_adjacent_acceptance_interpolation
cam0,1025,924,0.50,uncalibrated_bounded_interpolation,0.424432,False,bounded_interpolation,cam0_A12,cam0_A13,,,frozen_query_path_adjacent_acceptance_interpolation
cam0,1026,925,0.50,uncalibrated_bounded_interpolation,0.424432,False,bounded_interpolation,cam0_A12,cam0_A13,,,frozen_query_path_adjacent_acceptance_interpolation
cam0,1027,926,0.50,uncalibrated_bounded_interpolation,0.424432,False,bounded_interpolation,cam0_A12,cam0_A13,,,frozen_query_path_adjacent_acceptance_interpolation
cam0,1028,927,0.50,uncalibrated_bounded_interpolation,0.424432,False,bounded_interpolation,cam0_A12,cam0_A13,,,frozen_query_path_adjacent_acceptance_interpolation
cam0,1029,928,0.50,uncalibrated_bounded_interpolation,0.424432,False,bounded_interpolation,cam0_A12,cam0_A13,,,frozen_query_path_adjacent_acceptance_interpolation
cam0,1030,930,0.50,uncalibrated_bounded_interpolation,0.424432,False,bounded_interpolation,cam0_A12,cam0_A13,,,frozen_query_path_adjacent_acceptance_interpolation
cam0,1031,931,0.50,uncalibrated_bounded_interpolation,0.424432,False,bounded_interpolation,cam0_A12,cam0_A13,,,frozen_query_path_adjacent_acceptance_interpolation
cam0,1032,932,0.50,uncalibrated_bounded_interpolation,0.424432,False,bounded_interpolation,cam0_A12,cam0_A13,,,frozen_query_path_adjacent_acceptance_interpolation
cam0,1033,933,0.50,uncalibrated_bounded_interpolation,0.424432,False,bounded_interpolation,cam0_A12,cam0_A13,,,frozen_query_path_adjacent_acceptance_interpolation
cam0,1034,934,0.50,uncalibrated_bounded_interpolation,0.424432,False,bounded_interpolation,cam0_A12,cam0_A13,,,frozen_query_path_adjacent_acceptance_interpolation
cam0,1035,935,1.00,uncalibrated_geometry_anchor,0.510119,False,geometry_supported_anchor,cam0_A13,cam0_A13,cam0_A13,match_unverified_geometry_supported,frozen_query_path_adjacent_acceptance_interpolation
cam0,1036,,0.00,abstain,,False,unsupported_between_supported_segments,,,,,frozen_query_path_adjacent_acceptance_interpolation
cam0,1037,,0.00,abstain,,False,unsupported_between_supported_segments,,,,,frozen_query_path_adjacent_acceptance_interpolation
cam0,1038,,0.00,abstain,,False,unsupported_between_supported_segments,,,,,frozen_query_path_adjacent_acceptance_interpolation
cam0,1039,,0.00,abstain,,False,unsupported_between_supported_segments,,,,,frozen_query_path_adjacent_acceptance_interpolation
cam0,1040,,0.00,abstain,,False,unsupported_between_supported_segments,,,,,frozen_query_path_adjacent_acceptance_interpolation
cam0,1041,,0.00,abstain,,False,unsupported_between_supported_segments,,,,,frozen_query_path_adjacent_acceptance_interpolation
cam0,1042,,0.00,abstain,,False,unsupported_between_supported_segments,,,,,frozen_query_path_adjacent_acceptance_interpolation
cam0,1043,,0.00,abstain,,False,unsupported_between_supported_segments,,,,,frozen_query_path_adjacent_acceptance_interpolation
cam0,1044,,0.00,abstain,,False,unsupported_between_supported_segments,,,,,frozen_query_path_adjacent_acceptance_interpolation
cam0,1045,,0.00,abstain,,False,unsupported_between_supported_segments,,,,,frozen_query_path_adjacent_acceptance_interpolation
cam0,1046,,0.00,abstain,,False,unsupported_between_supported_segments,,,,,frozen_query_path_adjacent_acceptance_interpolation
cam0,1047,,0.00,abstain,,False,unsupported_between_supported_segments,,,,,frozen_query_path_adjacent_acceptance_interpolation
cam0,1048,,0.00,abstain,,False,unsupported_between_supported_segments,,,,,frozen_query_path_adjacent_acceptance_interpolation
cam0,1049,,0.00,abstain,,False,unsupported_between_supported_segments,,,,,frozen_query_path_adjacent_acceptance_interpolation
cam0,1050,,0.00,abstain,,False,unsupported_between_supported_segments,,,,,frozen_query_path_adjacent_acceptance_interpolation
cam0,1051,,0.00,abstain,,False,unsupported_between_supported_segments,,,,,frozen_query_path_adjacent_acceptance_interpolation
cam0,1052,,0.00,abstain,,False,unsupported_between_supported_segments,,,,,frozen_query_path_adjacent_acceptance_interpolation
cam0,1053,,0.00,abstain,,False,unsupported_between_supported_segments,,,,,frozen_query_path_adjacent_acceptance_interpolation
cam0,1054,,0.00,abstain,,False,unsupported_between_supported_segments,,,,,frozen_query_path_adjacent_acceptance_interpolation
cam0,1055,,0.00,abstain,,False,unsupported_between_supported_segments,,,,,frozen_query_path_adjacent_acceptance_interpolation
cam0,1056,,0.00,abstain,,False,unsupported_between_supported_segments,,,,,frozen_query_path_adjacent_acceptance_interpolation
cam0,1057,,0.00,abstain,,False,unsupported_between_supported_segments,,,,,frozen_query_path_adjacent_acceptance_interpolation
cam0,1058,,0.00,abstain,,False,unsupported_between_supported_segments,,,,,frozen_query_path_adjacent_acceptance_interpolation
cam0,1059,,0.00,abstain,,False,unsupported_between_supported_segments,,,,,frozen_query_path_adjacent_acceptance_interpolation
cam0,1060,,0.00,abstain,,False,unsupported_between_supported_segments,,,,,frozen_query_path_adjacent_acceptance_interpolation
cam0,1061,,0.00,abstain,,False,unsupported_between_supported_segments,,,,,frozen_query_path_adjacent_acceptance_interpolation
cam0,1062,,0.00,abstain,,False,unsupported_between_supported_segments,,,,,frozen_query_path_adjacent_acceptance_interpolation
cam0,1063,,0.00,abstain,,False,unsupported_between_supported_segments,,,,,frozen_query_path_adjacent_acceptance_interpolation
cam0,1064,,0.00,abstain,,False,unsupported_between_supported_segments,,,,,frozen_query_path_adjacent_acceptance_interpolation
cam0,1065,,0.00,abstain,,False,unsupported_between_supported_segments,,,,,frozen_query_path_adjacent_acceptance_interpolation
cam0,1066,,0.00,abstain,,False,unsupported_between_supported_segments,,,,,frozen_query_path_adjacent_acceptance_interpolation
cam0,1067,,0.00,abstain,,False,unsupported_between_supported_segments,,,,,frozen_query_path_adjacent_acceptance_interpolation
cam0,1068,,0.00,abstain,,False,unsupported_between_supported_segments,,,,,frozen_query_path_adjacent_acceptance_interpolation
cam0,1069,,0.00,abstain,,False,unsupported_between_supported_segments,,,,,frozen_query_path_adjacent_acceptance_interpolation
cam0,1070,,0.00,abstain,,False,unsupported_between_supported_segments,,,,,frozen_query_path_adjacent_acceptance_interpolation
cam0,1071,,0.00,abstain,,False,unsupported_between_supported_segments,,,,,frozen_query_path_adjacent_acceptance_interpolation
cam0,1072,,0.00,abstain,,False,unsupported_between_supported_segments,,,,,frozen_query_path_adjacent_acceptance_interpolation
cam0,1073,,0.00,abstain,,False,unsupported_between_supported_segments,,,,,frozen_query_path_adjacent_acceptance_interpolation
cam0,1074,,0.00,abstain,,False,unsupported_between_supported_segments,,,,,frozen_query_path_adjacent_acceptance_interpolation
cam0,1075,,0.00,abstain,,False,unsupported_between_supported_segments,,,,,frozen_query_path_adjacent_acceptance_interpolation
cam0,1076,,0.00,abstain,,False,unsupported_between_supported_segments,,,,,frozen_query_path_adjacent_acceptance_interpolation
cam0,1077,,0.00,abstain,,False,unsupported_between_supported_segments,,,,,frozen_query_path_adjacent_acceptance_interpolation
cam0,1078,,0.00,abstain,,False,unsupported_between_supported_segments,,,,,frozen_query_path_adjacent_acceptance_interpolation
cam0,1079,,0.00,abstain,,False,unsupported_between_supported_segments,,,,,frozen_query_path_adjacent_acceptance_interpolation
cam0,1080,,0.00,abstain,,False,unsupported_between_supported_segments,,,,,frozen_query_path_adjacent_acceptance_interpolation
cam0,1081,,0.00,abstain,,False,unsupported_between_supported_segments,,,,,frozen_query_path_adjacent_acceptance_interpolation
cam0,1082,,0.00,abstain,,False,unsupported_between_supported_segments,,,,,frozen_query_path_adjacent_acceptance_interpolation
cam0,1083,,0.00,abstain,,False,unsupported_between_supported_segments,,,,,frozen_query_path_adjacent_acceptance_interpolation
cam0,1084,,0.00,abstain,,False,unsupported_between_supported_segments,,,,,frozen_query_path_adjacent_acceptance_interpolation
cam0,1085,,0.00,abstain,,False,unsupported_between_supported_segments,,,,,frozen_query_path_adjacent_acceptance_interpolation
cam0,1086,,0.00,abstain,,False,unsupported_between_supported_segments,,,,,frozen_query_path_adjacent_acceptance_interpolation
cam0,1087,,0.00,abstain,,False,unsupported_between_supported_segments,,,,,frozen_query_path_adjacent_acceptance_interpolation
cam0,1088,,0.00,abstain,,False,unsupported_between_supported_segments,,,,,frozen_query_path_adjacent_acceptance_interpolation
cam0,1089,,0.00,abstain,,False,unsupported_between_supported_segments,,,,,frozen_query_path_adjacent_acceptance_interpolation
cam0,1090,,0.00,abstain,,False,unsupported_between_supported_segments,,,,,frozen_query_path_adjacent_acceptance_interpolation
cam0,1091,,0.00,abstain,,False,unsupported_between_supported_segments,,,,,frozen_query_path_adjacent_acceptance_interpolation
cam0,1092,,0.00,abstain,,False,unsupported_between_supported_segments,,,,,frozen_query_path_adjacent_acceptance_interpolation
cam0,1093,,0.00,abstain,,False,unsupported_between_supported_segments,,,,,frozen_query_path_adjacent_acceptance_interpolation
cam0,1094,,0.00,abstain,,False,unsupported_between_supported_segments,,,,,frozen_query_path_adjacent_acceptance_interpolation
cam0,1095,,0.00,abstain,,False,unsupported_between_supported_segments,,,,,frozen_query_path_adjacent_acceptance_interpolation
cam0,1096,,0.00,abstain,,False,unsupported_between_supported_segments,,,,,frozen_query_path_adjacent_acceptance_interpolation
cam0,1097,,0.00,abstain,,False,unsupported_between_supported_segments,,,,,frozen_query_path_adjacent_acceptance_interpolation
cam0,1098,,0.00,abstain,,False,unsupported_between_supported_segments,,,,,frozen_query_path_adjacent_acceptance_interpolation
cam0,1099,,0.00,abstain,,False,unsupported_between_supported_segments,,,,,frozen_query_path_adjacent_acceptance_interpolation
cam0,1100,,0.00,abstain,,False,unsupported_between_supported_segments,,,,,frozen_query_path_adjacent_acceptance_interpolation
cam0,1101,,0.00,abstain,,False,unsupported_between_supported_segments,,,,,frozen_query_path_adjacent_acceptance_interpolation
cam0,1102,,0.00,abstain,,False,unsupported_anchor_abstention,,,cam0_A14,abstain_weak_or_ambiguous_geometry,frozen_query_path_adjacent_acceptance_interpolation
cam0,1103,,0.00,abstain,,False,unsupported_between_supported_segments,,,,,frozen_query_path_adjacent_acceptance_interpolation
cam0,1104,,0.00,abstain,,False,unsupported_between_supported_segments,,,,,frozen_query_path_adjacent_acceptance_interpolation
cam0,1105,,0.00,abstain,,False,unsupported_between_supported_segments,,,,,frozen_query_path_adjacent_acceptance_interpolation
cam0,1106,,0.00,abstain,,False,unsupported_between_supported_segments,,,,,frozen_query_path_adjacent_acceptance_interpolation
cam0,1107,,0.00,abstain,,False,unsupported_between_supported_segments,,,,,frozen_query_path_adjacent_acceptance_interpolation
cam0,1108,,0.00,abstain,,False,unsupported_between_supported_segments,,,,,frozen_query_path_adjacent_acceptance_interpolation
cam0,1109,,0.00,abstain,,False,unsupported_between_supported_segments,,,,,frozen_query_path_adjacent_acceptance_interpolation
cam0,1110,,0.00,abstain,,False,unsupported_between_supported_segments,,,,,frozen_query_path_adjacent_acceptance_interpolation
cam0,1111,,0.00,abstain,,False,unsupported_between_supported_segments,,,,,frozen_query_path_adjacent_acceptance_interpolation
cam0,1112,,0.00,abstain,,False,unsupported_between_supported_segments,,,,,frozen_query_path_adjacent_acceptance_interpolation
cam0,1113,,0.00,abstain,,False,unsupported_between_supported_segments,,,,,frozen_query_path_adjacent_acceptance_interpolation
cam0,1114,,0.00,abstain,,False,unsupported_between_supported_segments,,,,,frozen_query_path_adjacent_acceptance_interpolation
cam0,1115,,0.00,abstain,,False,unsupported_between_supported_segments,,,,,frozen_query_path_adjacent_acceptance_interpolation
cam0,1116,,0.00,abstain,,False,unsupported_between_supported_segments,,,,,frozen_query_path_adjacent_acceptance_interpolation
cam0,1117,,0.00,abstain,,False,unsupported_between_supported_segments,,,,,frozen_query_path_adjacent_acceptance_interpolation
cam0,1118,,0.00,abstain,,False,unsupported_between_supported_segments,,,,,frozen_query_path_adjacent_acceptance_interpolation
cam0,1119,,0.00,abstain,,False,unsupported_between_supported_segments,,,,,frozen_query_path_adjacent_acceptance_interpolation
cam0,1120,,0.00,abstain,,False,unsupported_between_supported_segments,,,,,frozen_query_path_adjacent_acceptance_interpolation
cam0,1121,,0.00,abstain,,False,unsupported_between_supported_segments,,,,,frozen_query_path_adjacent_acceptance_interpolation
cam0,1122,,0.00,abstain,,False,unsupported_between_supported_segments,,,,,frozen_query_path_adjacent_acceptance_interpolation
cam0,1123,,0.00,abstain,,False,unsupported_between_supported_segments,,,,,frozen_query_path_adjacent_acceptance_interpolation
cam0,1124,,0.00,abstain,,False,unsupported_between_supported_segments,,,,,frozen_query_path_adjacent_acceptance_interpolation
cam0,1125,,0.00,abstain,,False,unsupported_between_supported_segments,,,,,frozen_query_path_adjacent_acceptance_interpolation
cam0,1126,,0.00,abstain,,False,unsupported_between_supported_segments,,,,,frozen_query_path_adjacent_acceptance_interpolation
cam0,1127,,0.00,abstain,,False,unsupported_between_supported_segments,,,,,frozen_query_path_adjacent_acceptance_interpolation
cam0,1128,,0.00,abstain,,False,unsupported_between_supported_segments,,,,,frozen_query_path_adjacent_acceptance_interpolation
cam0,1129,,0.00,abstain,,False,unsupported_between_supported_segments,,,,,frozen_query_path_adjacent_acceptance_interpolation
cam0,1130,,0.00,abstain,,False,unsupported_between_supported_segments,,,,,frozen_query_path_adjacent_acceptance_interpolation
cam0,1131,,0.00,abstain,,False,unsupported_between_supported_segments,,,,,frozen_query_path_adjacent_acceptance_interpolation
cam0,1132,,0.00,abstain,,False,unsupported_between_supported_segments,,,,,frozen_query_path_adjacent_acceptance_interpolation
cam0,1133,,0.00,abstain,,False,unsupported_between_supported_segments,,,,,frozen_query_path_adjacent_acceptance_interpolation
cam0,1134,,0.00,abstain,,False,unsupported_between_supported_segments,,,,,frozen_query_path_adjacent_acceptance_interpolation
cam0,1135,,0.00,abstain,,False,unsupported_between_supported_segments,,,,,frozen_query_path_adjacent_acceptance_interpolation
cam0,1136,,0.00,abstain,,False,unsupported_between_supported_segments,,,,,frozen_query_path_adjacent_acceptance_interpolation
cam0,1137,,0.00,abstain,,False,unsupported_between_supported_segments,,,,,frozen_query_path_adjacent_acceptance_interpolation
cam0,1138,,0.00,abstain,,False,unsupported_between_supported_segments,,,,,frozen_query_path_adjacent_acceptance_interpolation
cam0,1139,,0.00,abstain,,False,unsupported_between_supported_segments,,,,,frozen_query_path_adjacent_acceptance_interpolation
cam0,1140,,0.00,abstain,,False,unsupported_between_supported_segments,,,,,frozen_query_path_adjacent_acceptance_interpolation
cam0,1141,,0.00,abstain,,False,unsupported_between_supported_segments,,,,,frozen_query_path_adjacent_acceptance_interpolation
cam0,1142,,0.00,abstain,,False,unsupported_between_supported_segments,,,,,frozen_query_path_adjacent_acceptance_interpolation
cam0,1143,,0.00,abstain,,False,unsupported_between_supported_segments,,,,,frozen_query_path_adjacent_acceptance_interpolation
cam0,1144,,0.00,abstain,,False,unsupported_between_supported_segments,,,,,frozen_query_path_adjacent_acceptance_interpolation
cam0,1145,,0.00,abstain,,False,unsupported_between_supported_segments,,,,,frozen_query_path_adjacent_acceptance_interpolation
cam0,1146,,0.00,abstain,,False,unsupported_between_supported_segments,,,,,frozen_query_path_adjacent_acceptance_interpolation
cam0,1147,,0.00,abstain,,False,unsupported_between_supported_segments,,,,,frozen_query_path_adjacent_acceptance_interpolation
cam0,1148,,0.00,abstain,,False,unsupported_between_supported_segments,,,,,frozen_query_path_adjacent_acceptance_interpolation
cam0,1149,,0.00,abstain,,False,unsupported_between_supported_segments,,,,,frozen_query_path_adjacent_acceptance_interpolation
cam0,1150,,0.00,abstain,,False,unsupported_between_supported_segments,,,,,frozen_query_path_adjacent_acceptance_interpolation
cam0,1151,,0.00,abstain,,False,unsupported_between_supported_segments,,,,,frozen_query_path_adjacent_acceptance_interpolation
cam0,1152,,0.00,abstain,,False,unsupported_between_supported_segments,,,,,frozen_query_path_adjacent_acceptance_interpolation
cam0,1153,,0.00,abstain,,False,unsupported_between_supported_segments,,,,,frozen_query_path_adjacent_acceptance_interpolation
cam0,1154,,0.00,abstain,,False,unsupported_between_supported_segments,,,,,frozen_query_path_adjacent_acceptance_interpolation
cam0,1155,,0.00,abstain,,False,unsupported_between_supported_segments,,,,,frozen_query_path_adjacent_acceptance_interpolation
cam0,1156,,0.00,abstain,,False,unsupported_between_supported_segments,,,,,frozen_query_path_adjacent_acceptance_interpolation
cam0,1157,,0.00,abstain,,False,unsupported_between_supported_segments,,,,,frozen_query_path_adjacent_acceptance_interpolation
cam0,1158,,0.00,abstain,,False,unsupported_between_supported_segments,,,,,frozen_query_path_adjacent_acceptance_interpolation
cam0,1159,,0.00,abstain,,False,unsupported_between_supported_segments,,,,,frozen_query_path_adjacent_acceptance_interpolation
cam0,1160,,0.00,abstain,,False,unsupported_between_supported_segments,,,,,frozen_query_path_adjacent_acceptance_interpolation
cam0,1161,,0.00,abstain,,False,unsupported_between_supported_segments,,,,,frozen_query_path_adjacent_acceptance_interpolation
cam0,1162,,0.00,abstain,,False,unsupported_between_supported_segments,,,,,frozen_query_path_adjacent_acceptance_interpolation
cam0,1163,,0.00,abstain,,False,unsupported_between_supported_segments,,,,,frozen_query_path_adjacent_acceptance_interpolation
cam0,1164,,0.00,abstain,,False,unsupported_between_supported_segments,,,,,frozen_query_path_adjacent_acceptance_interpolation
cam0,1165,,0.00,abstain,,False,unsupported_between_supported_segments,,,,,frozen_query_path_adjacent_acceptance_interpolation
cam0,1166,,0.00,abstain,,False,unsupported_between_supported_segments,,,,,frozen_query_path_adjacent_acceptance_interpolation
cam0,1167,,0.00,abstain,,False,unsupported_between_supported_segments,,,,,frozen_query_path_adjacent_acceptance_interpolation
cam0,1168,,0.00,abstain,,False,unsupported_between_supported_segments,,,,,frozen_query_path_adjacent_acceptance_interpolation
cam0,1169,,0.00,abstain,,False,unsupported_between_supported_segments,,,,,frozen_query_path_adjacent_acceptance_interpolation
cam0,1170,,0.00,abstain,,False,unsupported_between_supported_segments,,,,,frozen_query_path_adjacent_acceptance_interpolation
cam0,1171,,0.00,abstain,,False,unsupported_between_supported_segments,,,,,frozen_query_path_adjacent_acceptance_interpolation
cam0,1172,,0.00,abstain,,False,unsupported_between_supported_segments,,,,,frozen_query_path_adjacent_acceptance_interpolation
cam0,1173,,0.00,abstain,,False,unsupported_between_supported_segments,,,,,frozen_query_path_adjacent_acceptance_interpolation
cam0,1174,,0.00,abstain,,False,unsupported_between_supported_segments,,,,,frozen_query_path_adjacent_acceptance_interpolation
cam0,1175,,0.00,abstain,,False,unsupported_between_supported_segments,,,,,frozen_query_path_adjacent_acceptance_interpolation
cam0,1176,,0.00,abstain,,False,unsupported_between_supported_segments,,,,,frozen_query_path_adjacent_acceptance_interpolation
cam0,1177,,0.00,abstain,,False,unsupported_between_supported_segments,,,,,frozen_query_path_adjacent_acceptance_interpolation
cam0,1178,,0.00,abstain,,False,unsupported_between_supported_segments,,,,,frozen_query_path_adjacent_acceptance_interpolation
cam0,1179,,0.00,abstain,,False,unsupported_between_supported_segments,,,,,frozen_query_path_adjacent_acceptance_interpolation
cam0,1180,,0.00,abstain,,False,unsupported_between_supported_segments,,,,,frozen_query_path_adjacent_acceptance_interpolation
cam0,1181,,0.00,abstain,,False,unsupported_between_supported_segments,,,,,frozen_query_path_adjacent_acceptance_interpolation
cam0,1182,,0.00,abstain,,False,unsupported_anchor_abstention,,,cam0_A15,abstain_weak_or_ambiguous_geometry,frozen_query_path_adjacent_acceptance_interpolation
cam0,1183,,0.00,abstain,,False,unsupported_between_supported_segments,,,,,frozen_query_path_adjacent_acceptance_interpolation
cam0,1184,,0.00,abstain,,False,unsupported_between_supported_segments,,,,,frozen_query_path_adjacent_acceptance_interpolation
cam0,1185,,0.00,abstain,,False,unsupported_between_supported_segments,,,,,frozen_query_path_adjacent_acceptance_interpolation
cam0,1186,,0.00,abstain,,False,unsupported_between_supported_segments,,,,,frozen_query_path_adjacent_acceptance_interpolation
cam0,1187,,0.00,abstain,,False,unsupported_between_supported_segments,,,,,frozen_query_path_adjacent_acceptance_interpolation
cam0,1188,,0.00,abstain,,False,unsupported_between_supported_segments,,,,,frozen_query_path_adjacent_acceptance_interpolation
cam0,1189,,0.00,abstain,,False,unsupported_between_supported_segments,,,,,frozen_query_path_adjacent_acceptance_interpolation
cam0,1190,,0.00,abstain,,False,unsupported_between_supported_segments,,,,,frozen_query_path_adjacent_acceptance_interpolation
cam0,1191,,0.00,abstain,,False,unsupported_between_supported_segments,,,,,frozen_query_path_adjacent_acceptance_interpolation
cam0,1192,,0.00,abstain,,False,unsupported_between_supported_segments,,,,,frozen_query_path_adjacent_acceptance_interpolation
cam0,1193,,0.00,abstain,,False,unsupported_between_supported_segments,,,,,frozen_query_path_adjacent_acceptance_interpolation
cam0,1194,,0.00,abstain,,False,unsupported_between_supported_segments,,,,,frozen_query_path_adjacent_acceptance_interpolation
cam0,1195,,0.00,abstain,,False,unsupported_between_supported_segments,,,,,frozen_query_path_adjacent_acceptance_interpolation
cam0,1196,,0.00,abstain,,False,unsupported_between_supported_segments,,,,,frozen_query_path_adjacent_acceptance_interpolation
cam0,1197,,0.00,abstain,,False,unsupported_between_supported_segments,,,,,frozen_query_path_adjacent_acceptance_interpolation
cam0,1198,,0.00,abstain,,False,unsupported_between_supported_segments,,,,,frozen_query_path_adjacent_acceptance_interpolation
cam0,1199,,0.00,abstain,,False,unsupported_between_supported_segments,,,,,frozen_query_path_adjacent_acceptance_interpolation
cam0,1200,,0.00,abstain,,False,unsupported_between_supported_segments,,,,,frozen_query_path_adjacent_acceptance_interpolation
cam0,1201,,0.00,abstain,,False,unsupported_between_supported_segments,,,,,frozen_query_path_adjacent_acceptance_interpolation
cam0,1202,,0.00,abstain,,False,unsupported_between_supported_segments,,,,,frozen_query_path_adjacent_acceptance_interpolation
cam0,1203,,0.00,abstain,,False,unsupported_between_supported_segments,,,,,frozen_query_path_adjacent_acceptance_interpolation
cam0,1204,,0.00,abstain,,False,unsupported_between_supported_segments,,,,,frozen_query_path_adjacent_acceptance_interpolation
cam0,1205,,0.00,abstain,,False,unsupported_between_supported_segments,,,,,frozen_query_path_adjacent_acceptance_interpolation
cam0,1206,,0.00,abstain,,False,unsupported_between_supported_segments,,,,,frozen_query_path_adjacent_acceptance_interpolation
cam0,1207,,0.00,abstain,,False,unsupported_between_supported_segments,,,,,frozen_query_path_adjacent_acceptance_interpolation
cam0,1208,,0.00,abstain,,False,unsupported_between_supported_segments,,,,,frozen_query_path_adjacent_acceptance_interpolation
cam0,1209,,0.00,abstain,,False,unsupported_between_supported_segments,,,,,frozen_query_path_adjacent_acceptance_interpolation
cam0,1210,,0.00,abstain,,False,unsupported_between_supported_segments,,,,,frozen_query_path_adjacent_acceptance_interpolation
cam0,1211,,0.00,abstain,,False,unsupported_between_supported_segments,,,,,frozen_query_path_adjacent_acceptance_interpolation
cam0,1212,,0.00,abstain,,False,unsupported_between_supported_segments,,,,,frozen_query_path_adjacent_acceptance_interpolation
cam0,1213,,0.00,abstain,,False,unsupported_between_supported_segments,,,,,frozen_query_path_adjacent_acceptance_interpolation
cam0,1214,,0.00,abstain,,False,unsupported_between_supported_segments,,,,,frozen_query_path_adjacent_acceptance_interpolation
cam0,1215,,0.00,abstain,,False,unsupported_between_supported_segments,,,,,frozen_query_path_adjacent_acceptance_interpolation
cam0,1216,,0.00,abstain,,False,unsupported_between_supported_segments,,,,,frozen_query_path_adjacent_acceptance_interpolation
cam0,1217,,0.00,abstain,,False,unsupported_between_supported_segments,,,,,frozen_query_path_adjacent_acceptance_interpolation
cam0,1218,,0.00,abstain,,False,unsupported_between_supported_segments,,,,,frozen_query_path_adjacent_acceptance_interpolation
cam0,1219,,0.00,abstain,,False,unsupported_between_supported_segments,,,,,frozen_query_path_adjacent_acceptance_interpolation
cam0,1220,,0.00,abstain,,False,unsupported_between_supported_segments,,,,,frozen_query_path_adjacent_acceptance_interpolation
cam0,1221,,0.00,abstain,,False,unsupported_between_supported_segments,,,,,frozen_query_path_adjacent_acceptance_interpolation
cam0,1222,,0.00,abstain,,False,unsupported_between_supported_segments,,,,,frozen_query_path_adjacent_acceptance_interpolation
cam0,1223,,0.00,abstain,,False,unsupported_between_supported_segments,,,,,frozen_query_path_adjacent_acceptance_interpolation
cam0,1224,,0.00,abstain,,False,unsupported_between_supported_segments,,,,,frozen_query_path_adjacent_acceptance_interpolation
cam0,1225,,0.00,abstain,,False,unsupported_between_supported_segments,,,,,frozen_query_path_adjacent_acceptance_interpolation
cam0,1226,,0.00,abstain,,False,unsupported_between_supported_segments,,,,,frozen_query_path_adjacent_acceptance_interpolation
cam0,1227,,0.00,abstain,,False,unsupported_between_supported_segments,,,,,frozen_query_path_adjacent_acceptance_interpolation
cam0,1228,,0.00,abstain,,False,unsupported_between_supported_segments,,,,,frozen_query_path_adjacent_acceptance_interpolation
cam0,1229,,0.00,abstain,,False,unsupported_between_supported_segments,,,,,frozen_query_path_adjacent_acceptance_interpolation
cam0,1230,,0.00,abstain,,False,unsupported_between_supported_segments,,,,,frozen_query_path_adjacent_acceptance_interpolation
cam0,1231,,0.00,abstain,,False,unsupported_between_supported_segments,,,,,frozen_query_path_adjacent_acceptance_interpolation
cam0,1232,,0.00,abstain,,False,unsupported_between_supported_segments,,,,,frozen_query_path_adjacent_acceptance_interpolation
cam0,1233,,0.00,abstain,,False,unsupported_between_supported_segments,,,,,frozen_query_path_adjacent_acceptance_interpolation
cam0,1234,,0.00,abstain,,False,unsupported_between_supported_segments,,,,,frozen_query_path_adjacent_acceptance_interpolation
cam0,1235,,0.00,abstain,,False,unsupported_between_supported_segments,,,,,frozen_query_path_adjacent_acceptance_interpolation
cam0,1236,,0.00,abstain,,False,unsupported_between_supported_segments,,,,,frozen_query_path_adjacent_acceptance_interpolation
cam0,1237,,0.00,abstain,,False,unsupported_between_supported_segments,,,,,frozen_query_path_adjacent_acceptance_interpolation
cam0,1238,,0.00,abstain,,False,unsupported_between_supported_segments,,,,,frozen_query_path_adjacent_acceptance_interpolation
cam0,1239,,0.00,abstain,,False,unsupported_between_supported_segments,,,,,frozen_query_path_adjacent_acceptance_interpolation
cam0,1240,,0.00,abstain,,False,unsupported_between_supported_segments,,,,,frozen_query_path_adjacent_acceptance_interpolation
cam0,1241,,0.00,abstain,,False,unsupported_between_supported_segments,,,,,frozen_query_path_adjacent_acceptance_interpolation
cam0,1242,,0.00,abstain,,False,unsupported_between_supported_segments,,,,,frozen_query_path_adjacent_acceptance_interpolation
cam0,1243,,0.00,abstain,,False,unsupported_between_supported_segments,,,,,frozen_query_path_adjacent_acceptance_interpolation
cam0,1244,,0.00,abstain,,False,unsupported_between_supported_segments,,,,,frozen_query_path_adjacent_acceptance_interpolation
cam0,1245,,0.00,abstain,,False,unsupported_between_supported_segments,,,,,frozen_query_path_adjacent_acceptance_interpolation
cam0,1246,,0.00,abstain,,False,unsupported_between_supported_segments,,,,,frozen_query_path_adjacent_acceptance_interpolation
cam0,1247,,0.00,abstain,,False,unsupported_between_supported_segments,,,,,frozen_query_path_adjacent_acceptance_interpolation
cam0,1248,,0.00,abstain,,False,unsupported_between_supported_segments,,,,,frozen_query_path_adjacent_acceptance_interpolation
cam0,1249,,0.00,abstain,,False,unsupported_between_supported_segments,,,,,frozen_query_path_adjacent_acceptance_interpolation
cam0,1250,,0.00,abstain,,False,unsupported_between_supported_segments,,,,,frozen_query_path_adjacent_acceptance_interpolation
cam0,1251,,0.00,abstain,,False,unsupported_between_supported_segments,,,,,frozen_query_path_adjacent_acceptance_interpolation
cam0,1252,,0.00,abstain,,False,unsupported_isolated_acceptance,,,cam0_A16,match_unverified_geometry_supported,frozen_query_path_adjacent_acceptance_interpolation
cam0,1253,,0.00,abstain,,False,unsupported_between_supported_segments,,,,,frozen_query_path_adjacent_acceptance_interpolation
cam0,1254,,0.00,abstain,,False,unsupported_between_supported_segments,,,,,frozen_query_path_adjacent_acceptance_interpolation
cam0,1255,,0.00,abstain,,False,unsupported_between_supported_segments,,,,,frozen_query_path_adjacent_acceptance_interpolation
cam0,1256,,0.00,abstain,,False,unsupported_between_supported_segments,,,,,frozen_query_path_adjacent_acceptance_interpolation
cam0,1257,,0.00,abstain,,False,unsupported_between_supported_segments,,,,,frozen_query_path_adjacent_acceptance_interpolation
cam0,1258,,0.00,abstain,,False,unsupported_between_supported_segments,,,,,frozen_query_path_adjacent_acceptance_interpolation
cam0,1259,,0.00,abstain,,False,unsupported_between_supported_segments,,,,,frozen_query_path_adjacent_acceptance_interpolation
cam0,1260,,0.00,abstain,,False,unsupported_between_supported_segments,,,,,frozen_query_path_adjacent_acceptance_interpolation
cam0,1261,,0.00,abstain,,False,unsupported_between_supported_segments,,,,,frozen_query_path_adjacent_acceptance_interpolation
cam0,1262,,0.00,abstain,,False,unsupported_between_supported_segments,,,,,frozen_query_path_adjacent_acceptance_interpolation
cam0,1263,,0.00,abstain,,False,unsupported_between_supported_segments,,,,,frozen_query_path_adjacent_acceptance_interpolation
cam0,1264,,0.00,abstain,,False,unsupported_between_supported_segments,,,,,frozen_query_path_adjacent_acceptance_interpolation
cam0,1265,,0.00,abstain,,False,unsupported_between_supported_segments,,,,,frozen_query_path_adjacent_acceptance_interpolation
cam0,1266,,0.00,abstain,,False,unsupported_between_supported_segments,,,,,frozen_query_path_adjacent_acceptance_interpolation
cam0,1267,,0.00,abstain,,False,unsupported_between_supported_segments,,,,,frozen_query_path_adjacent_acceptance_interpolation
cam0,1268,,0.00,abstain,,False,unsupported_between_supported_segments,,,,,frozen_query_path_adjacent_acceptance_interpolation
cam0,1269,,0.00,abstain,,False,unsupported_between_supported_segments,,,,,frozen_query_path_adjacent_acceptance_interpolation
cam0,1270,,0.00,abstain,,False,unsupported_between_supported_segments,,,,,frozen_query_path_adjacent_acceptance_interpolation
cam0,1271,,0.00,abstain,,False,unsupported_between_supported_segments,,,,,frozen_query_path_adjacent_acceptance_interpolation
cam0,1272,,0.00,abstain,,False,unsupported_between_supported_segments,,,,,frozen_query_path_adjacent_acceptance_interpolation
cam0,1273,,0.00,abstain,,False,unsupported_between_supported_segments,,,,,frozen_query_path_adjacent_acceptance_interpolation
cam0,1274,,0.00,abstain,,False,unsupported_between_supported_segments,,,,,frozen_query_path_adjacent_acceptance_interpolation
cam0,1275,,0.00,abstain,,False,unsupported_between_supported_segments,,,,,frozen_query_path_adjacent_acceptance_interpolation
cam0,1276,,0.00,abstain,,False,unsupported_between_supported_segments,,,,,frozen_query_path_adjacent_acceptance_interpolation
cam0,1277,,0.00,abstain,,False,unsupported_between_supported_segments,,,,,frozen_query_path_adjacent_acceptance_interpolation
cam0,1278,,0.00,abstain,,False,unsupported_between_supported_segments,,,,,frozen_query_path_adjacent_acceptance_interpolation
cam0,1279,,0.00,abstain,,False,unsupported_between_supported_segments,,,,,frozen_query_path_adjacent_acceptance_interpolation
cam0,1280,,0.00,abstain,,False,unsupported_between_supported_segments,,,,,frozen_query_path_adjacent_acceptance_interpolation
cam0,1281,,0.00,abstain,,False,unsupported_between_supported_segments,,,,,frozen_query_path_adjacent_acceptance_interpolation
cam0,1282,,0.00,abstain,,False,unsupported_between_supported_segments,,,,,frozen_query_path_adjacent_acceptance_interpolation
cam0,1283,,0.00,abstain,,False,unsupported_between_supported_segments,,,,,frozen_query_path_adjacent_acceptance_interpolation
cam0,1284,,0.00,abstain,,False,unsupported_between_supported_segments,,,,,frozen_query_path_adjacent_acceptance_interpolation
cam0,1285,,0.00,abstain,,False,unsupported_between_supported_segments,,,,,frozen_query_path_adjacent_acceptance_interpolation
cam0,1286,,0.00,abstain,,False,unsupported_between_supported_segments,,,,,frozen_query_path_adjacent_acceptance_interpolation
cam0,1287,,0.00,abstain,,False,unsupported_between_supported_segments,,,,,frozen_query_path_adjacent_acceptance_interpolation
cam0,1288,,0.00,abstain,,False,unsupported_between_supported_segments,,,,,frozen_query_path_adjacent_acceptance_interpolation
cam0,1289,,0.00,abstain,,False,unsupported_between_supported_segments,,,,,frozen_query_path_adjacent_acceptance_interpolation
cam0,1290,,0.00,abstain,,False,unsupported_between_supported_segments,,,,,frozen_query_path_adjacent_acceptance_interpolation
cam0,1291,,0.00,abstain,,False,unsupported_between_supported_segments,,,,,frozen_query_path_adjacent_acceptance_interpolation
cam0,1292,,0.00,abstain,,False,unsupported_between_supported_segments,,,,,frozen_query_path_adjacent_acceptance_interpolation
cam0,1293,,0.00,abstain,,False,unsupported_between_supported_segments,,,,,frozen_query_path_adjacent_acceptance_interpolation
cam0,1294,,0.00,abstain,,False,unsupported_between_supported_segments,,,,,frozen_query_path_adjacent_acceptance_interpolation
cam0,1295,,0.00,abstain,,False,unsupported_between_supported_segments,,,,,frozen_query_path_adjacent_acceptance_interpolation
cam0,1296,,0.00,abstain,,False,unsupported_between_supported_segments,,,,,frozen_query_path_adjacent_acceptance_interpolation
cam0,1297,,0.00,abstain,,False,unsupported_between_supported_segments,,,,,frozen_query_path_adjacent_acceptance_interpolation
cam0,1298,,0.00,abstain,,False,unsupported_between_supported_segments,,,,,frozen_query_path_adjacent_acceptance_interpolation
cam0,1299,,0.00,abstain,,False,unsupported_between_supported_segments,,,,,frozen_query_path_adjacent_acceptance_interpolation
cam0,1300,,0.00,abstain,,False,unsupported_between_supported_segments,,,,,frozen_query_path_adjacent_acceptance_interpolation
cam0,1301,,0.00,abstain,,False,unsupported_between_supported_segments,,,,,frozen_query_path_adjacent_acceptance_interpolation
cam0,1302,,0.00,abstain,,False,unsupported_between_supported_segments,,,,,frozen_query_path_adjacent_acceptance_interpolation
cam0,1303,,0.00,abstain,,False,unsupported_between_supported_segments,,,,,frozen_query_path_adjacent_acceptance_interpolation
cam0,1304,,0.00,abstain,,False,unsupported_between_supported_segments,,,,,frozen_query_path_adjacent_acceptance_interpolation
cam0,1305,,0.00,abstain,,False,unsupported_between_supported_segments,,,,,frozen_query_path_adjacent_acceptance_interpolation
cam0,1306,,0.00,abstain,,False,unsupported_between_supported_segments,,,,,frozen_query_path_adjacent_acceptance_interpolation
cam0,1307,,0.00,abstain,,False,unsupported_between_supported_segments,,,,,frozen_query_path_adjacent_acceptance_interpolation
cam0,1308,,0.00,abstain,,False,unsupported_between_supported_segments,,,,,frozen_query_path_adjacent_acceptance_interpolation
cam0,1309,,0.00,abstain,,False,unsupported_between_supported_segments,,,,,frozen_query_path_adjacent_acceptance_interpolation
cam0,1310,,0.00,abstain,,False,unsupported_between_supported_segments,,,,,frozen_query_path_adjacent_acceptance_interpolation
cam0,1311,,0.00,abstain,,False,unsupported_between_supported_segments,,,,,frozen_query_path_adjacent_acceptance_interpolation
cam0,1312,,0.00,abstain,,False,unsupported_between_supported_segments,,,,,frozen_query_path_adjacent_acceptance_interpolation
cam0,1313,,0.00,abstain,,False,unsupported_between_supported_segments,,,,,frozen_query_path_adjacent_acceptance_interpolation
cam0,1314,,0.00,abstain,,False,unsupported_between_supported_segments,,,,,frozen_query_path_adjacent_acceptance_interpolation
cam0,1315,,0.00,abstain,,False,unsupported_between_supported_segments,,,,,frozen_query_path_adjacent_acceptance_interpolation
cam0,1316,,0.00,abstain,,False,unsupported_between_supported_segments,,,,,frozen_query_path_adjacent_acceptance_interpolation
cam0,1317,,0.00,abstain,,False,unsupported_between_supported_segments,,,,,frozen_query_path_adjacent_acceptance_interpolation
cam0,1318,,0.00,abstain,,False,unsupported_between_supported_segments,,,,,frozen_query_path_adjacent_acceptance_interpolation
cam0,1319,,0.00,abstain,,False,unsupported_between_supported_segments,,,,,frozen_query_path_adjacent_acceptance_interpolation
cam0,1320,,0.00,abstain,,False,unsupported_between_supported_segments,,,,,frozen_query_path_adjacent_acceptance_interpolation
cam0,1321,,0.00,abstain,,False,unsupported_between_supported_segments,,,,,frozen_query_path_adjacent_acceptance_interpolation
cam0,1322,,0.00,abstain,,False,unsupported_anchor_abstention,,,cam0_A17,abstain_weak_or_ambiguous_geometry,frozen_query_path_adjacent_acceptance_interpolation
cam0,1323,,0.00,abstain,,False,unsupported_between_supported_segments,,,,,frozen_query_path_adjacent_acceptance_interpolation
cam0,1324,,0.00,abstain,,False,unsupported_between_supported_segments,,,,,frozen_query_path_adjacent_acceptance_interpolation
cam0,1325,,0.00,abstain,,False,unsupported_between_supported_segments,,,,,frozen_query_path_adjacent_acceptance_interpolation
cam0,1326,,0.00,abstain,,False,unsupported_between_supported_segments,,,,,frozen_query_path_adjacent_acceptance_interpolation
cam0,1327,,0.00,abstain,,False,unsupported_between_supported_segments,,,,,frozen_query_path_adjacent_acceptance_interpolation
cam0,1328,,0.00,abstain,,False,unsupported_between_supported_segments,,,,,frozen_query_path_adjacent_acceptance_interpolation
cam0,1329,,0.00,abstain,,False,unsupported_between_supported_segments,,,,,frozen_query_path_adjacent_acceptance_interpolation
cam0,1330,,0.00,abstain,,False,unsupported_between_supported_segments,,,,,frozen_query_path_adjacent_acceptance_interpolation
cam0,1331,,0.00,abstain,,False,unsupported_between_supported_segments,,,,,frozen_query_path_adjacent_acceptance_interpolation
cam0,1332,,0.00,abstain,,False,unsupported_between_supported_segments,,,,,frozen_query_path_adjacent_acceptance_interpolation
cam0,1333,,0.00,abstain,,False,unsupported_between_supported_segments,,,,,frozen_query_path_adjacent_acceptance_interpolation
cam0,1334,,0.00,abstain,,False,unsupported_between_supported_segments,,,,,frozen_query_path_adjacent_acceptance_interpolation
cam0,1335,,0.00,abstain,,False,unsupported_between_supported_segments,,,,,frozen_query_path_adjacent_acceptance_interpolation
cam0,1336,,0.00,abstain,,False,unsupported_between_supported_segments,,,,,frozen_query_path_adjacent_acceptance_interpolation
cam0,1337,,0.00,abstain,,False,unsupported_between_supported_segments,,,,,frozen_query_path_adjacent_acceptance_interpolation
cam0,1338,,0.00,abstain,,False,unsupported_between_supported_segments,,,,,frozen_query_path_adjacent_acceptance_interpolation
cam0,1339,,0.00,abstain,,False,unsupported_between_supported_segments,,,,,frozen_query_path_adjacent_acceptance_interpolation
cam0,1340,,0.00,abstain,,False,unsupported_between_supported_segments,,,,,frozen_query_path_adjacent_acceptance_interpolation
cam0,1341,,0.00,abstain,,False,unsupported_between_supported_segments,,,,,frozen_query_path_adjacent_acceptance_interpolation
cam0,1342,,0.00,abstain,,False,unsupported_between_supported_segments,,,,,frozen_query_path_adjacent_acceptance_interpolation
cam0,1343,,0.00,abstain,,False,unsupported_between_supported_segments,,,,,frozen_query_path_adjacent_acceptance_interpolation
cam0,1344,,0.00,abstain,,False,unsupported_between_supported_segments,,,,,frozen_query_path_adjacent_acceptance_interpolation
cam0,1345,,0.00,abstain,,False,unsupported_between_supported_segments,,,,,frozen_query_path_adjacent_acceptance_interpolation
cam0,1346,,0.00,abstain,,False,unsupported_between_supported_segments,,,,,frozen_query_path_adjacent_acceptance_interpolation
cam0,1347,,0.00,abstain,,False,unsupported_between_supported_segments,,,,,frozen_query_path_adjacent_acceptance_interpolation
cam0,1348,,0.00,abstain,,False,unsupported_between_supported_segments,,,,,frozen_query_path_adjacent_acceptance_interpolation
cam0,1349,,0.00,abstain,,False,unsupported_between_supported_segments,,,,,frozen_query_path_adjacent_acceptance_interpolation
cam0,1350,,0.00,abstain,,False,unsupported_between_supported_segments,,,,,frozen_query_path_adjacent_acceptance_interpolation
cam0,1351,,0.00,abstain,,False,unsupported_between_supported_segments,,,,,frozen_query_path_adjacent_acceptance_interpolation
cam0,1352,,0.00,abstain,,False,unsupported_between_supported_segments,,,,,frozen_query_path_adjacent_acceptance_interpolation
cam0,1353,,0.00,abstain,,False,unsupported_between_supported_segments,,,,,frozen_query_path_adjacent_acceptance_interpolation
cam0,1354,,0.00,abstain,,False,unsupported_between_supported_segments,,,,,frozen_query_path_adjacent_acceptance_interpolation
cam0,1355,,0.00,abstain,,False,unsupported_between_supported_segments,,,,,frozen_query_path_adjacent_acceptance_interpolation
cam0,1356,,0.00,abstain,,False,unsupported_between_supported_segments,,,,,frozen_query_path_adjacent_acceptance_interpolation
cam0,1357,,0.00,abstain,,False,unsupported_between_supported_segments,,,,,frozen_query_path_adjacent_acceptance_interpolation
cam0,1358,,0.00,abstain,,False,unsupported_between_supported_segments,,,,,frozen_query_path_adjacent_acceptance_interpolation
cam0,1359,,0.00,abstain,,False,unsupported_between_supported_segments,,,,,frozen_query_path_adjacent_acceptance_interpolation
cam0,1360,,0.00,abstain,,False,unsupported_between_supported_segments,,,,,frozen_query_path_adjacent_acceptance_interpolation
cam0,1361,,0.00,abstain,,False,unsupported_between_supported_segments,,,,,frozen_query_path_adjacent_acceptance_interpolation
cam0,1362,,0.00,abstain,,False,unsupported_between_supported_segments,,,,,frozen_query_path_adjacent_acceptance_interpolation
cam0,1363,,0.00,abstain,,False,unsupported_between_supported_segments,,,,,frozen_query_path_adjacent_acceptance_interpolation
cam0,1364,,0.00,abstain,,False,unsupported_between_supported_segments,,,,,frozen_query_path_adjacent_acceptance_interpolation
cam0,1365,,0.00,abstain,,False,unsupported_between_supported_segments,,,,,frozen_query_path_adjacent_acceptance_interpolation
cam0,1366,,0.00,abstain,,False,unsupported_between_supported_segments,,,,,frozen_query_path_adjacent_acceptance_interpolation
cam0,1367,,0.00,abstain,,False,unsupported_between_supported_segments,,,,,frozen_query_path_adjacent_acceptance_interpolation
cam0,1368,,0.00,abstain,,False,unsupported_between_supported_segments,,,,,frozen_query_path_adjacent_acceptance_interpolation
cam0,1369,,0.00,abstain,,False,unsupported_between_supported_segments,,,,,frozen_query_path_adjacent_acceptance_interpolation
cam0,1370,,0.00,abstain,,False,unsupported_between_supported_segments,,,,,frozen_query_path_adjacent_acceptance_interpolation
cam0,1371,,0.00,abstain,,False,unsupported_between_supported_segments,,,,,frozen_query_path_adjacent_acceptance_interpolation
cam0,1372,,0.00,abstain,,False,unsupported_between_supported_segments,,,,,frozen_query_path_adjacent_acceptance_interpolation
cam0,1373,,0.00,abstain,,False,unsupported_between_supported_segments,,,,,frozen_query_path_adjacent_acceptance_interpolation
cam0,1374,,0.00,abstain,,False,unsupported_between_supported_segments,,,,,frozen_query_path_adjacent_acceptance_interpolation
cam0,1375,,0.00,abstain,,False,unsupported_between_supported_segments,,,,,frozen_query_path_adjacent_acceptance_interpolation
cam0,1376,,0.00,abstain,,False,unsupported_between_supported_segments,,,,,frozen_query_path_adjacent_acceptance_interpolation
cam0,1377,,0.00,abstain,,False,unsupported_between_supported_segments,,,,,frozen_query_path_adjacent_acceptance_interpolation
cam0,1378,,0.00,abstain,,False,unsupported_between_supported_segments,,,,,frozen_query_path_adjacent_acceptance_interpolation
cam0,1379,,0.00,abstain,,False,unsupported_between_supported_segments,,,,,frozen_query_path_adjacent_acceptance_interpolation
cam0,1380,,0.00,abstain,,False,unsupported_between_supported_segments,,,,,frozen_query_path_adjacent_acceptance_interpolation
cam0,1381,,0.00,abstain,,False,unsupported_between_supported_segments,,,,,frozen_query_path_adjacent_acceptance_interpolation
cam0,1382,,0.00,abstain,,False,unsupported_between_supported_segments,,,,,frozen_query_path_adjacent_acceptance_interpolation
cam0,1383,,0.00,abstain,,False,unsupported_between_supported_segments,,,,,frozen_query_path_adjacent_acceptance_interpolation
cam0,1384,,0.00,abstain,,False,unsupported_between_supported_segments,,,,,frozen_query_path_adjacent_acceptance_interpolation
cam0,1385,,0.00,abstain,,False,unsupported_between_supported_segments,,,,,frozen_query_path_adjacent_acceptance_interpolation
cam0,1386,,0.00,abstain,,False,unsupported_between_supported_segments,,,,,frozen_query_path_adjacent_acceptance_interpolation
cam0,1387,,0.00,abstain,,False,unsupported_anchor_abstention,,,cam0_A18,abstain_weak_or_ambiguous_geometry,frozen_query_path_adjacent_acceptance_interpolation
cam0,1388,,0.00,abstain,,False,unsupported_between_supported_segments,,,,,frozen_query_path_adjacent_acceptance_interpolation
cam0,1389,,0.00,abstain,,False,unsupported_between_supported_segments,,,,,frozen_query_path_adjacent_acceptance_interpolation
cam0,1390,,0.00,abstain,,False,unsupported_between_supported_segments,,,,,frozen_query_path_adjacent_acceptance_interpolation
cam0,1391,,0.00,abstain,,False,unsupported_between_supported_segments,,,,,frozen_query_path_adjacent_acceptance_interpolation
cam0,1392,,0.00,abstain,,False,unsupported_between_supported_segments,,,,,frozen_query_path_adjacent_acceptance_interpolation
cam0,1393,,0.00,abstain,,False,unsupported_between_supported_segments,,,,,frozen_query_path_adjacent_acceptance_interpolation
cam0,1394,,0.00,abstain,,False,unsupported_between_supported_segments,,,,,frozen_query_path_adjacent_acceptance_interpolation
cam0,1395,,0.00,abstain,,False,unsupported_between_supported_segments,,,,,frozen_query_path_adjacent_acceptance_interpolation
cam0,1396,,0.00,abstain,,False,unsupported_between_supported_segments,,,,,frozen_query_path_adjacent_acceptance_interpolation
cam0,1397,,0.00,abstain,,False,unsupported_between_supported_segments,,,,,frozen_query_path_adjacent_acceptance_interpolation
cam0,1398,,0.00,abstain,,False,unsupported_between_supported_segments,,,,,frozen_query_path_adjacent_acceptance_interpolation
cam0,1399,,0.00,abstain,,False,unsupported_between_supported_segments,,,,,frozen_query_path_adjacent_acceptance_interpolation
cam0,1400,,0.00,abstain,,False,unsupported_between_supported_segments,,,,,frozen_query_path_adjacent_acceptance_interpolation
cam0,1401,,0.00,abstain,,False,unsupported_between_supported_segments,,,,,frozen_query_path_adjacent_acceptance_interpolation
cam0,1402,,0.00,abstain,,False,unsupported_between_supported_segments,,,,,frozen_query_path_adjacent_acceptance_interpolation
cam0,1403,,0.00,abstain,,False,unsupported_between_supported_segments,,,,,frozen_query_path_adjacent_acceptance_interpolation
cam0,1404,,0.00,abstain,,False,unsupported_between_supported_segments,,,,,frozen_query_path_adjacent_acceptance_interpolation
cam0,1405,,0.00,abstain,,False,unsupported_between_supported_segments,,,,,frozen_query_path_adjacent_acceptance_interpolation
cam0,1406,,0.00,abstain,,False,unsupported_between_supported_segments,,,,,frozen_query_path_adjacent_acceptance_interpolation
cam0,1407,,0.00,abstain,,False,unsupported_between_supported_segments,,,,,frozen_query_path_adjacent_acceptance_interpolation
cam0,1408,,0.00,abstain,,False,unsupported_between_supported_segments,,,,,frozen_query_path_adjacent_acceptance_interpolation
cam0,1409,,0.00,abstain,,False,unsupported_between_supported_segments,,,,,frozen_query_path_adjacent_acceptance_interpolation
cam0,1410,,0.00,abstain,,False,unsupported_between_supported_segments,,,,,frozen_query_path_adjacent_acceptance_interpolation
cam0,1411,,0.00,abstain,,False,unsupported_between_supported_segments,,,,,frozen_query_path_adjacent_acceptance_interpolation
cam0,1412,,0.00,abstain,,False,unsupported_between_supported_segments,,,,,frozen_query_path_adjacent_acceptance_interpolation
cam0,1413,,0.00,abstain,,False,unsupported_between_supported_segments,,,,,frozen_query_path_adjacent_acceptance_interpolation
cam0,1414,,0.00,abstain,,False,unsupported_between_supported_segments,,,,,frozen_query_path_adjacent_acceptance_interpolation
cam0,1415,,0.00,abstain,,False,unsupported_between_supported_segments,,,,,frozen_query_path_adjacent_acceptance_interpolation
cam0,1416,,0.00,abstain,,False,unsupported_between_supported_segments,,,,,frozen_query_path_adjacent_acceptance_interpolation
cam0,1417,,0.00,abstain,,False,unsupported_between_supported_segments,,,,,frozen_query_path_adjacent_acceptance_interpolation
cam0,1418,,0.00,abstain,,False,unsupported_between_supported_segments,,,,,frozen_query_path_adjacent_acceptance_interpolation
cam0,1419,,0.00,abstain,,False,unsupported_between_supported_segments,,,,,frozen_query_path_adjacent_acceptance_interpolation
cam0,1420,,0.00,abstain,,False,unsupported_between_supported_segments,,,,,frozen_query_path_adjacent_acceptance_interpolation
cam0,1421,,0.00,abstain,,False,unsupported_between_supported_segments,,,,,frozen_query_path_adjacent_acceptance_interpolation
cam0,1422,,0.00,abstain,,False,unsupported_between_supported_segments,,,,,frozen_query_path_adjacent_acceptance_interpolation
cam0,1423,,0.00,abstain,,False,unsupported_between_supported_segments,,,,,frozen_query_path_adjacent_acceptance_interpolation
cam0,1424,,0.00,abstain,,False,unsupported_between_supported_segments,,,,,frozen_query_path_adjacent_acceptance_interpolation
cam0,1425,,0.00,abstain,,False,unsupported_between_supported_segments,,,,,frozen_query_path_adjacent_acceptance_interpolation
cam0,1426,,0.00,abstain,,False,unsupported_between_supported_segments,,,,,frozen_query_path_adjacent_acceptance_interpolation
cam0,1427,,0.00,abstain,,False,unsupported_between_supported_segments,,,,,frozen_query_path_adjacent_acceptance_interpolation
cam0,1428,,0.00,abstain,,False,unsupported_between_supported_segments,,,,,frozen_query_path_adjacent_acceptance_interpolation
cam0,1429,,0.00,abstain,,False,unsupported_between_supported_segments,,,,,frozen_query_path_adjacent_acceptance_interpolation
cam0,1430,,0.00,abstain,,False,unsupported_between_supported_segments,,,,,frozen_query_path_adjacent_acceptance_interpolation
cam0,1431,,0.00,abstain,,False,unsupported_between_supported_segments,,,,,frozen_query_path_adjacent_acceptance_interpolation
cam0,1432,,0.00,abstain,,False,unsupported_between_supported_segments,,,,,frozen_query_path_adjacent_acceptance_interpolation
cam0,1433,,0.00,abstain,,False,unsupported_between_supported_segments,,,,,frozen_query_path_adjacent_acceptance_interpolation
cam0,1434,,0.00,abstain,,False,unsupported_between_supported_segments,,,,,frozen_query_path_adjacent_acceptance_interpolation
cam0,1435,,0.00,abstain,,False,unsupported_between_supported_segments,,,,,frozen_query_path_adjacent_acceptance_interpolation
cam0,1436,,0.00,abstain,,False,unsupported_between_supported_segments,,,,,frozen_query_path_adjacent_acceptance_interpolation
cam0,1437,,0.00,abstain,,False,unsupported_between_supported_segments,,,,,frozen_query_path_adjacent_acceptance_interpolation
cam0,1438,,0.00,abstain,,False,unsupported_between_supported_segments,,,,,frozen_query_path_adjacent_acceptance_interpolation
cam0,1439,,0.00,abstain,,False,unsupported_between_supported_segments,,,,,frozen_query_path_adjacent_acceptance_interpolation
cam0,1440,,0.00,abstain,,False,unsupported_between_supported_segments,,,,,frozen_query_path_adjacent_acceptance_interpolation
cam0,1441,,0.00,abstain,,False,unsupported_between_supported_segments,,,,,frozen_query_path_adjacent_acceptance_interpolation
cam0,1442,,0.00,abstain,,False,unsupported_between_supported_segments,,,,,frozen_query_path_adjacent_acceptance_interpolation
cam0,1443,,0.00,abstain,,False,unsupported_between_supported_segments,,,,,frozen_query_path_adjacent_acceptance_interpolation
cam0,1444,,0.00,abstain,,False,unsupported_between_supported_segments,,,,,frozen_query_path_adjacent_acceptance_interpolation
cam0,1445,,0.00,abstain,,False,unsupported_between_supported_segments,,,,,frozen_query_path_adjacent_acceptance_interpolation
cam0,1446,,0.00,abstain,,False,unsupported_between_supported_segments,,,,,frozen_query_path_adjacent_acceptance_interpolation
cam0,1447,,0.00,abstain,,False,unsupported_between_supported_segments,,,,,frozen_query_path_adjacent_acceptance_interpolation
cam0,1448,,0.00,abstain,,False,unsupported_between_supported_segments,,,,,frozen_query_path_adjacent_acceptance_interpolation
cam0,1449,,0.00,abstain,,False,unsupported_between_supported_segments,,,,,frozen_query_path_adjacent_acceptance_interpolation
cam0,1450,,0.00,abstain,,False,unsupported_between_supported_segments,,,,,frozen_query_path_adjacent_acceptance_interpolation
cam0,1451,,0.00,abstain,,False,unsupported_between_supported_segments,,,,,frozen_query_path_adjacent_acceptance_interpolation
cam0,1452,,0.00,abstain,,False,unsupported_between_supported_segments,,,,,frozen_query_path_adjacent_acceptance_interpolation
cam0,1453,,0.00,abstain,,False,unsupported_between_supported_segments,,,,,frozen_query_path_adjacent_acceptance_interpolation
cam0,1454,,0.00,abstain,,False,unsupported_between_supported_segments,,,,,frozen_query_path_adjacent_acceptance_interpolation
cam0,1455,,0.00,abstain,,False,unsupported_between_supported_segments,,,,,frozen_query_path_adjacent_acceptance_interpolation
cam0,1456,,0.00,abstain,,False,unsupported_between_supported_segments,,,,,frozen_query_path_adjacent_acceptance_interpolation
cam0,1457,,0.00,abstain,,False,unsupported_between_supported_segments,,,,,frozen_query_path_adjacent_acceptance_interpolation
cam0,1458,,0.00,abstain,,False,unsupported_between_supported_segments,,,,,frozen_query_path_adjacent_acceptance_interpolation
cam0,1459,,0.00,abstain,,False,unsupported_between_supported_segments,,,,,frozen_query_path_adjacent_acceptance_interpolation
cam0,1460,,0.00,abstain,,False,unsupported_between_supported_segments,,,,,frozen_query_path_adjacent_acceptance_interpolation
cam0,1461,,0.00,abstain,,False,unsupported_between_supported_segments,,,,,frozen_query_path_adjacent_acceptance_interpolation
cam0,1462,,0.00,abstain,,False,unsupported_between_supported_segments,,,,,frozen_query_path_adjacent_acceptance_interpolation
cam0,1463,,0.00,abstain,,False,unsupported_between_supported_segments,,,,,frozen_query_path_adjacent_acceptance_interpolation
cam0,1464,,0.00,abstain,,False,unsupported_between_supported_segments,,,,,frozen_query_path_adjacent_acceptance_interpolation
cam0,1465,,0.00,abstain,,False,unsupported_between_supported_segments,,,,,frozen_query_path_adjacent_acceptance_interpolation
cam0,1466,,0.00,abstain,,False,unsupported_between_supported_segments,,,,,frozen_query_path_adjacent_acceptance_interpolation
cam0,1467,,0.00,abstain,,False,unsupported_anchor_abstention,,,cam0_A19,abstain_weak_or_ambiguous_geometry,frozen_query_path_adjacent_acceptance_interpolation
cam0,1468,,0.00,abstain,,False,unsupported_between_supported_segments,,,,,frozen_query_path_adjacent_acceptance_interpolation
cam0,1469,,0.00,abstain,,False,unsupported_between_supported_segments,,,,,frozen_query_path_adjacent_acceptance_interpolation
cam0,1470,,0.00,abstain,,False,unsupported_between_supported_segments,,,,,frozen_query_path_adjacent_acceptance_interpolation
cam0,1471,,0.00,abstain,,False,unsupported_between_supported_segments,,,,,frozen_query_path_adjacent_acceptance_interpolation
cam0,1472,,0.00,abstain,,False,unsupported_between_supported_segments,,,,,frozen_query_path_adjacent_acceptance_interpolation
cam0,1473,,0.00,abstain,,False,unsupported_between_supported_segments,,,,,frozen_query_path_adjacent_acceptance_interpolation
cam0,1474,,0.00,abstain,,False,unsupported_between_supported_segments,,,,,frozen_query_path_adjacent_acceptance_interpolation
cam0,1475,,0.00,abstain,,False,unsupported_between_supported_segments,,,,,frozen_query_path_adjacent_acceptance_interpolation
cam0,1476,,0.00,abstain,,False,unsupported_between_supported_segments,,,,,frozen_query_path_adjacent_acceptance_interpolation
cam0,1477,,0.00,abstain,,False,unsupported_between_supported_segments,,,,,frozen_query_path_adjacent_acceptance_interpolation
cam0,1478,,0.00,abstain,,False,unsupported_between_supported_segments,,,,,frozen_query_path_adjacent_acceptance_interpolation
cam0,1479,,0.00,abstain,,False,unsupported_between_supported_segments,,,,,frozen_query_path_adjacent_acceptance_interpolation
cam0,1480,,0.00,abstain,,False,unsupported_between_supported_segments,,,,,frozen_query_path_adjacent_acceptance_interpolation
cam0,1481,,0.00,abstain,,False,unsupported_between_supported_segments,,,,,frozen_query_path_adjacent_acceptance_interpolation
cam0,1482,,0.00,abstain,,False,unsupported_between_supported_segments,,,,,frozen_query_path_adjacent_acceptance_interpolation
cam0,1483,,0.00,abstain,,False,unsupported_between_supported_segments,,,,,frozen_query_path_adjacent_acceptance_interpolation
cam0,1484,,0.00,abstain,,False,unsupported_between_supported_segments,,,,,frozen_query_path_adjacent_acceptance_interpolation
cam0,1485,,0.00,abstain,,False,unsupported_between_supported_segments,,,,,frozen_query_path_adjacent_acceptance_interpolation
cam0,1486,,0.00,abstain,,False,unsupported_between_supported_segments,,,,,frozen_query_path_adjacent_acceptance_interpolation
cam0,1487,,0.00,abstain,,False,unsupported_between_supported_segments,,,,,frozen_query_path_adjacent_acceptance_interpolation
cam0,1488,,0.00,abstain,,False,unsupported_between_supported_segments,,,,,frozen_query_path_adjacent_acceptance_interpolation
cam0,1489,,0.00,abstain,,False,unsupported_between_supported_segments,,,,,frozen_query_path_adjacent_acceptance_interpolation
cam0,1490,,0.00,abstain,,False,unsupported_between_supported_segments,,,,,frozen_query_path_adjacent_acceptance_interpolation
cam0,1491,,0.00,abstain,,False,unsupported_between_supported_segments,,,,,frozen_query_path_adjacent_acceptance_interpolation
cam0,1492,,0.00,abstain,,False,unsupported_between_supported_segments,,,,,frozen_query_path_adjacent_acceptance_interpolation
cam0,1493,,0.00,abstain,,False,unsupported_between_supported_segments,,,,,frozen_query_path_adjacent_acceptance_interpolation
cam0,1494,,0.00,abstain,,False,unsupported_between_supported_segments,,,,,frozen_query_path_adjacent_acceptance_interpolation
cam0,1495,,0.00,abstain,,False,unsupported_between_supported_segments,,,,,frozen_query_path_adjacent_acceptance_interpolation
cam0,1496,,0.00,abstain,,False,unsupported_between_supported_segments,,,,,frozen_query_path_adjacent_acceptance_interpolation
cam0,1497,,0.00,abstain,,False,unsupported_between_supported_segments,,,,,frozen_query_path_adjacent_acceptance_interpolation
cam0,1498,,0.00,abstain,,False,unsupported_between_supported_segments,,,,,frozen_query_path_adjacent_acceptance_interpolation
cam0,1499,,0.00,abstain,,False,unsupported_between_supported_segments,,,,,frozen_query_path_adjacent_acceptance_interpolation
cam0,1500,,0.00,abstain,,False,unsupported_between_supported_segments,,,,,frozen_query_path_adjacent_acceptance_interpolation
cam0,1501,,0.00,abstain,,False,unsupported_between_supported_segments,,,,,frozen_query_path_adjacent_acceptance_interpolation
cam0,1502,,0.00,abstain,,False,unsupported_between_supported_segments,,,,,frozen_query_path_adjacent_acceptance_interpolation
cam0,1503,,0.00,abstain,,False,unsupported_between_supported_segments,,,,,frozen_query_path_adjacent_acceptance_interpolation
cam0,1504,,0.00,abstain,,False,unsupported_between_supported_segments,,,,,frozen_query_path_adjacent_acceptance_interpolation
cam0,1505,,0.00,abstain,,False,unsupported_between_supported_segments,,,,,frozen_query_path_adjacent_acceptance_interpolation
cam0,1506,,0.00,abstain,,False,unsupported_between_supported_segments,,,,,frozen_query_path_adjacent_acceptance_interpolation
cam0,1507,,0.00,abstain,,False,unsupported_between_supported_segments,,,,,frozen_query_path_adjacent_acceptance_interpolation
cam0,1508,,0.00,abstain,,False,unsupported_between_supported_segments,,,,,frozen_query_path_adjacent_acceptance_interpolation
cam0,1509,,0.00,abstain,,False,unsupported_between_supported_segments,,,,,frozen_query_path_adjacent_acceptance_interpolation
cam0,1510,,0.00,abstain,,False,unsupported_between_supported_segments,,,,,frozen_query_path_adjacent_acceptance_interpolation
cam0,1511,,0.00,abstain,,False,unsupported_between_supported_segments,,,,,frozen_query_path_adjacent_acceptance_interpolation
cam0,1512,,0.00,abstain,,False,unsupported_between_supported_segments,,,,,frozen_query_path_adjacent_acceptance_interpolation
cam0,1513,,0.00,abstain,,False,unsupported_between_supported_segments,,,,,frozen_query_path_adjacent_acceptance_interpolation
cam0,1514,,0.00,abstain,,False,unsupported_between_supported_segments,,,,,frozen_query_path_adjacent_acceptance_interpolation
cam0,1515,,0.00,abstain,,False,unsupported_between_supported_segments,,,,,frozen_query_path_adjacent_acceptance_interpolation
cam0,1516,,0.00,abstain,,False,unsupported_between_supported_segments,,,,,frozen_query_path_adjacent_acceptance_interpolation
cam0,1517,,0.00,abstain,,False,unsupported_between_supported_segments,,,,,frozen_query_path_adjacent_acceptance_interpolation
cam0,1518,,0.00,abstain,,False,unsupported_between_supported_segments,,,,,frozen_query_path_adjacent_acceptance_interpolation
cam0,1519,,0.00,abstain,,False,unsupported_between_supported_segments,,,,,frozen_query_path_adjacent_acceptance_interpolation
cam0,1520,,0.00,abstain,,False,unsupported_between_supported_segments,,,,,frozen_query_path_adjacent_acceptance_interpolation
cam0,1521,,0.00,abstain,,False,unsupported_between_supported_segments,,,,,frozen_query_path_adjacent_acceptance_interpolation
cam0,1522,,0.00,abstain,,False,unsupported_between_supported_segments,,,,,frozen_query_path_adjacent_acceptance_interpolation
cam0,1523,,0.00,abstain,,False,unsupported_between_supported_segments,,,,,frozen_query_path_adjacent_acceptance_interpolation
cam0,1524,,0.00,abstain,,False,unsupported_between_supported_segments,,,,,frozen_query_path_adjacent_acceptance_interpolation
cam0,1525,,0.00,abstain,,False,unsupported_between_supported_segments,,,,,frozen_query_path_adjacent_acceptance_interpolation
cam0,1526,,0.00,abstain,,False,unsupported_between_supported_segments,,,,,frozen_query_path_adjacent_acceptance_interpolation
cam0,1527,,0.00,abstain,,False,unsupported_between_supported_segments,,,,,frozen_query_path_adjacent_acceptance_interpolation
cam0,1528,,0.00,abstain,,False,unsupported_between_supported_segments,,,,,frozen_query_path_adjacent_acceptance_interpolation
cam0,1529,,0.00,abstain,,False,unsupported_between_supported_segments,,,,,frozen_query_path_adjacent_acceptance_interpolation
cam0,1530,,0.00,abstain,,False,unsupported_between_supported_segments,,,,,frozen_query_path_adjacent_acceptance_interpolation
cam0,1531,,0.00,abstain,,False,unsupported_between_supported_segments,,,,,frozen_query_path_adjacent_acceptance_interpolation
cam0,1532,,0.00,abstain,,False,unsupported_between_supported_segments,,,,,frozen_query_path_adjacent_acceptance_interpolation
cam0,1533,,0.00,abstain,,False,unsupported_between_supported_segments,,,,,frozen_query_path_adjacent_acceptance_interpolation
cam0,1534,,0.00,abstain,,False,unsupported_between_supported_segments,,,,,frozen_query_path_adjacent_acceptance_interpolation
cam0,1535,,0.00,abstain,,False,unsupported_between_supported_segments,,,,,frozen_query_path_adjacent_acceptance_interpolation
cam0,1536,,0.00,abstain,,False,unsupported_between_supported_segments,,,,,frozen_query_path_adjacent_acceptance_interpolation
cam0,1537,,0.00,abstain,,False,unsupported_anchor_abstention,,,cam0_A20,abstain_weak_or_ambiguous_geometry,frozen_query_path_adjacent_acceptance_interpolation
cam0,1538,,0.00,abstain,,False,unsupported_between_supported_segments,,,,,frozen_query_path_adjacent_acceptance_interpolation
cam0,1539,,0.00,abstain,,False,unsupported_between_supported_segments,,,,,frozen_query_path_adjacent_acceptance_interpolation
cam0,1540,,0.00,abstain,,False,unsupported_between_supported_segments,,,,,frozen_query_path_adjacent_acceptance_interpolation
cam0,1541,,0.00,abstain,,False,unsupported_between_supported_segments,,,,,frozen_query_path_adjacent_acceptance_interpolation
cam0,1542,,0.00,abstain,,False,unsupported_between_supported_segments,,,,,frozen_query_path_adjacent_acceptance_interpolation
cam0,1543,,0.00,abstain,,False,unsupported_between_supported_segments,,,,,frozen_query_path_adjacent_acceptance_interpolation
cam0,1544,,0.00,abstain,,False,unsupported_between_supported_segments,,,,,frozen_query_path_adjacent_acceptance_interpolation
cam0,1545,,0.00,abstain,,False,unsupported_between_supported_segments,,,,,frozen_query_path_adjacent_acceptance_interpolation
cam0,1546,,0.00,abstain,,False,unsupported_between_supported_segments,,,,,frozen_query_path_adjacent_acceptance_interpolation
cam0,1547,,0.00,abstain,,False,unsupported_between_supported_segments,,,,,frozen_query_path_adjacent_acceptance_interpolation
cam0,1548,,0.00,abstain,,False,unsupported_between_supported_segments,,,,,frozen_query_path_adjacent_acceptance_interpolation
cam0,1549,,0.00,abstain,,False,unsupported_between_supported_segments,,,,,frozen_query_path_adjacent_acceptance_interpolation
cam0,1550,,0.00,abstain,,False,unsupported_between_supported_segments,,,,,frozen_query_path_adjacent_acceptance_interpolation
cam0,1551,,0.00,abstain,,False,unsupported_between_supported_segments,,,,,frozen_query_path_adjacent_acceptance_interpolation
cam0,1552,,0.00,abstain,,False,unsupported_between_supported_segments,,,,,frozen_query_path_adjacent_acceptance_interpolation
cam0,1553,,0.00,abstain,,False,unsupported_between_supported_segments,,,,,frozen_query_path_adjacent_acceptance_interpolation
cam0,1554,,0.00,abstain,,False,unsupported_between_supported_segments,,,,,frozen_query_path_adjacent_acceptance_interpolation
cam0,1555,,0.00,abstain,,False,unsupported_between_supported_segments,,,,,frozen_query_path_adjacent_acceptance_interpolation
cam0,1556,,0.00,abstain,,False,unsupported_between_supported_segments,,,,,frozen_query_path_adjacent_acceptance_interpolation
cam0,1557,,0.00,abstain,,False,unsupported_between_supported_segments,,,,,frozen_query_path_adjacent_acceptance_interpolation
cam0,1558,,0.00,abstain,,False,unsupported_between_supported_segments,,,,,frozen_query_path_adjacent_acceptance_interpolation
cam0,1559,,0.00,abstain,,False,unsupported_between_supported_segments,,,,,frozen_query_path_adjacent_acceptance_interpolation
cam0,1560,,0.00,abstain,,False,unsupported_between_supported_segments,,,,,frozen_query_path_adjacent_acceptance_interpolation
cam0,1561,,0.00,abstain,,False,unsupported_between_supported_segments,,,,,frozen_query_path_adjacent_acceptance_interpolation
cam0,1562,,0.00,abstain,,False,unsupported_between_supported_segments,,,,,frozen_query_path_adjacent_acceptance_interpolation
cam0,1563,,0.00,abstain,,False,unsupported_between_supported_segments,,,,,frozen_query_path_adjacent_acceptance_interpolation
cam0,1564,,0.00,abstain,,False,unsupported_between_supported_segments,,,,,frozen_query_path_adjacent_acceptance_interpolation
cam0,1565,,0.00,abstain,,False,unsupported_between_supported_segments,,,,,frozen_query_path_adjacent_acceptance_interpolation
cam0,1566,,0.00,abstain,,False,unsupported_between_supported_segments,,,,,frozen_query_path_adjacent_acceptance_interpolation
cam0,1567,,0.00,abstain,,False,unsupported_between_supported_segments,,,,,frozen_query_path_adjacent_acceptance_interpolation
cam0,1568,,0.00,abstain,,False,unsupported_between_supported_segments,,,,,frozen_query_path_adjacent_acceptance_interpolation
cam0,1569,,0.00,abstain,,False,unsupported_between_supported_segments,,,,,frozen_query_path_adjacent_acceptance_interpolation
cam0,1570,,0.00,abstain,,False,unsupported_between_supported_segments,,,,,frozen_query_path_adjacent_acceptance_interpolation
cam0,1571,,0.00,abstain,,False,unsupported_between_supported_segments,,,,,frozen_query_path_adjacent_acceptance_interpolation
cam0,1572,,0.00,abstain,,False,unsupported_between_supported_segments,,,,,frozen_query_path_adjacent_acceptance_interpolation
cam0,1573,,0.00,abstain,,False,unsupported_between_supported_segments,,,,,frozen_query_path_adjacent_acceptance_interpolation
cam0,1574,,0.00,abstain,,False,unsupported_between_supported_segments,,,,,frozen_query_path_adjacent_acceptance_interpolation
cam0,1575,,0.00,abstain,,False,unsupported_between_supported_segments,,,,,frozen_query_path_adjacent_acceptance_interpolation
cam0,1576,,0.00,abstain,,False,unsupported_between_supported_segments,,,,,frozen_query_path_adjacent_acceptance_interpolation
cam0,1577,,0.00,abstain,,False,unsupported_between_supported_segments,,,,,frozen_query_path_adjacent_acceptance_interpolation
cam0,1578,,0.00,abstain,,False,unsupported_between_supported_segments,,,,,frozen_query_path_adjacent_acceptance_interpolation
cam0,1579,,0.00,abstain,,False,unsupported_between_supported_segments,,,,,frozen_query_path_adjacent_acceptance_interpolation
cam0,1580,,0.00,abstain,,False,unsupported_between_supported_segments,,,,,frozen_query_path_adjacent_acceptance_interpolation
cam0,1581,,0.00,abstain,,False,unsupported_between_supported_segments,,,,,frozen_query_path_adjacent_acceptance_interpolation
cam0,1582,,0.00,abstain,,False,unsupported_between_supported_segments,,,,,frozen_query_path_adjacent_acceptance_interpolation
cam0,1583,,0.00,abstain,,False,unsupported_between_supported_segments,,,,,frozen_query_path_adjacent_acceptance_interpolation
cam0,1584,,0.00,abstain,,False,unsupported_between_supported_segments,,,,,frozen_query_path_adjacent_acceptance_interpolation
cam0,1585,,0.00,abstain,,False,unsupported_between_supported_segments,,,,,frozen_query_path_adjacent_acceptance_interpolation
cam0,1586,,0.00,abstain,,False,unsupported_between_supported_segments,,,,,frozen_query_path_adjacent_acceptance_interpolation
cam0,1587,,0.00,abstain,,False,unsupported_between_supported_segments,,,,,frozen_query_path_adjacent_acceptance_interpolation
cam0,1588,,0.00,abstain,,False,unsupported_between_supported_segments,,,,,frozen_query_path_adjacent_acceptance_interpolation
cam0,1589,,0.00,abstain,,False,unsupported_between_supported_segments,,,,,frozen_query_path_adjacent_acceptance_interpolation
cam0,1590,,0.00,abstain,,False,unsupported_between_supported_segments,,,,,frozen_query_path_adjacent_acceptance_interpolation
cam0,1591,,0.00,abstain,,False,unsupported_between_supported_segments,,,,,frozen_query_path_adjacent_acceptance_interpolation
cam0,1592,,0.00,abstain,,False,unsupported_between_supported_segments,,,,,frozen_query_path_adjacent_acceptance_interpolation
cam0,1593,,0.00,abstain,,False,unsupported_between_supported_segments,,,,,frozen_query_path_adjacent_acceptance_interpolation
cam0,1594,,0.00,abstain,,False,unsupported_between_supported_segments,,,,,frozen_query_path_adjacent_acceptance_interpolation
cam0,1595,,0.00,abstain,,False,unsupported_between_supported_segments,,,,,frozen_query_path_adjacent_acceptance_interpolation
cam0,1596,,0.00,abstain,,False,unsupported_between_supported_segments,,,,,frozen_query_path_adjacent_acceptance_interpolation
cam0,1597,,0.00,abstain,,False,unsupported_between_supported_segments,,,,,frozen_query_path_adjacent_acceptance_interpolation
cam0,1598,,0.00,abstain,,False,unsupported_between_supported_segments,,,,,frozen_query_path_adjacent_acceptance_interpolation
cam0,1599,,0.00,abstain,,False,unsupported_between_supported_segments,,,,,frozen_query_path_adjacent_acceptance_interpolation
cam0,1600,,0.00,abstain,,False,unsupported_between_supported_segments,,,,,frozen_query_path_adjacent_acceptance_interpolation
cam0,1601,,0.00,abstain,,False,unsupported_between_supported_segments,,,,,frozen_query_path_adjacent_acceptance_interpolation
cam0,1602,,0.00,abstain,,False,unsupported_between_supported_segments,,,,,frozen_query_path_adjacent_acceptance_interpolation
cam0,1603,,0.00,abstain,,False,unsupported_anchor_abstention,,,cam0_A21,abstain_weak_or_ambiguous_geometry,frozen_query_path_adjacent_acceptance_interpolation
cam0,1604,,0.00,abstain,,False,unsupported_between_supported_segments,,,,,frozen_query_path_adjacent_acceptance_interpolation
cam0,1605,,0.00,abstain,,False,unsupported_between_supported_segments,,,,,frozen_query_path_adjacent_acceptance_interpolation
cam0,1606,,0.00,abstain,,False,unsupported_between_supported_segments,,,,,frozen_query_path_adjacent_acceptance_interpolation
cam0,1607,,0.00,abstain,,False,unsupported_between_supported_segments,,,,,frozen_query_path_adjacent_acceptance_interpolation
cam0,1608,,0.00,abstain,,False,unsupported_between_supported_segments,,,,,frozen_query_path_adjacent_acceptance_interpolation
cam0,1609,,0.00,abstain,,False,unsupported_between_supported_segments,,,,,frozen_query_path_adjacent_acceptance_interpolation
cam0,1610,,0.00,abstain,,False,unsupported_between_supported_segments,,,,,frozen_query_path_adjacent_acceptance_interpolation
cam0,1611,,0.00,abstain,,False,unsupported_between_supported_segments,,,,,frozen_query_path_adjacent_acceptance_interpolation
cam0,1612,,0.00,abstain,,False,unsupported_between_supported_segments,,,,,frozen_query_path_adjacent_acceptance_interpolation
cam0,1613,,0.00,abstain,,False,unsupported_between_supported_segments,,,,,frozen_query_path_adjacent_acceptance_interpolation
cam0,1614,,0.00,abstain,,False,unsupported_between_supported_segments,,,,,frozen_query_path_adjacent_acceptance_interpolation
cam0,1615,,0.00,abstain,,False,unsupported_between_supported_segments,,,,,frozen_query_path_adjacent_acceptance_interpolation
cam0,1616,,0.00,abstain,,False,unsupported_between_supported_segments,,,,,frozen_query_path_adjacent_acceptance_interpolation
cam0,1617,,0.00,abstain,,False,unsupported_between_supported_segments,,,,,frozen_query_path_adjacent_acceptance_interpolation
cam0,1618,,0.00,abstain,,False,unsupported_between_supported_segments,,,,,frozen_query_path_adjacent_acceptance_interpolation
cam0,1619,,0.00,abstain,,False,unsupported_between_supported_segments,,,,,frozen_query_path_adjacent_acceptance_interpolation
cam0,1620,,0.00,abstain,,False,unsupported_between_supported_segments,,,,,frozen_query_path_adjacent_acceptance_interpolation
cam0,1621,,0.00,abstain,,False,unsupported_between_supported_segments,,,,,frozen_query_path_adjacent_acceptance_interpolation
cam0,1622,,0.00,abstain,,False,unsupported_between_supported_segments,,,,,frozen_query_path_adjacent_acceptance_interpolation
cam0,1623,,0.00,abstain,,False,unsupported_between_supported_segments,,,,,frozen_query_path_adjacent_acceptance_interpolation
cam0,1624,,0.00,abstain,,False,unsupported_between_supported_segments,,,,,frozen_query_path_adjacent_acceptance_interpolation
cam0,1625,,0.00,abstain,,False,unsupported_between_supported_segments,,,,,frozen_query_path_adjacent_acceptance_interpolation
cam0,1626,,0.00,abstain,,False,unsupported_between_supported_segments,,,,,frozen_query_path_adjacent_acceptance_interpolation
cam0,1627,,0.00,abstain,,False,unsupported_between_supported_segments,,,,,frozen_query_path_adjacent_acceptance_interpolation
cam0,1628,,0.00,abstain,,False,unsupported_between_supported_segments,,,,,frozen_query_path_adjacent_acceptance_interpolation
cam0,1629,,0.00,abstain,,False,unsupported_between_supported_segments,,,,,frozen_query_path_adjacent_acceptance_interpolation
cam0,1630,,0.00,abstain,,False,unsupported_between_supported_segments,,,,,frozen_query_path_adjacent_acceptance_interpolation
cam0,1631,,0.00,abstain,,False,unsupported_between_supported_segments,,,,,frozen_query_path_adjacent_acceptance_interpolation
cam0,1632,,0.00,abstain,,False,unsupported_between_supported_segments,,,,,frozen_query_path_adjacent_acceptance_interpolation
cam0,1633,,0.00,abstain,,False,unsupported_between_supported_segments,,,,,frozen_query_path_adjacent_acceptance_interpolation
cam0,1634,,0.00,abstain,,False,unsupported_between_supported_segments,,,,,frozen_query_path_adjacent_acceptance_interpolation
cam0,1635,,0.00,abstain,,False,unsupported_between_supported_segments,,,,,frozen_query_path_adjacent_acceptance_interpolation
cam0,1636,,0.00,abstain,,False,unsupported_between_supported_segments,,,,,frozen_query_path_adjacent_acceptance_interpolation
cam0,1637,,0.00,abstain,,False,unsupported_between_supported_segments,,,,,frozen_query_path_adjacent_acceptance_interpolation
cam0,1638,,0.00,abstain,,False,unsupported_between_supported_segments,,,,,frozen_query_path_adjacent_acceptance_interpolation
cam0,1639,,0.00,abstain,,False,unsupported_between_supported_segments,,,,,frozen_query_path_adjacent_acceptance_interpolation
cam0,1640,,0.00,abstain,,False,unsupported_between_supported_segments,,,,,frozen_query_path_adjacent_acceptance_interpolation
cam0,1641,,0.00,abstain,,False,unsupported_between_supported_segments,,,,,frozen_query_path_adjacent_acceptance_interpolation
cam0,1642,,0.00,abstain,,False,unsupported_between_supported_segments,,,,,frozen_query_path_adjacent_acceptance_interpolation
cam0,1643,,0.00,abstain,,False,unsupported_between_supported_segments,,,,,frozen_query_path_adjacent_acceptance_interpolation
cam0,1644,,0.00,abstain,,False,unsupported_between_supported_segments,,,,,frozen_query_path_adjacent_acceptance_interpolation
cam0,1645,,0.00,abstain,,False,unsupported_between_supported_segments,,,,,frozen_query_path_adjacent_acceptance_interpolation
cam0,1646,,0.00,abstain,,False,unsupported_between_supported_segments,,,,,frozen_query_path_adjacent_acceptance_interpolation
cam0,1647,,0.00,abstain,,False,unsupported_between_supported_segments,,,,,frozen_query_path_adjacent_acceptance_interpolation
cam0,1648,,0.00,abstain,,False,unsupported_between_supported_segments,,,,,frozen_query_path_adjacent_acceptance_interpolation
cam0,1649,,0.00,abstain,,False,unsupported_between_supported_segments,,,,,frozen_query_path_adjacent_acceptance_interpolation
cam0,1650,,0.00,abstain,,False,unsupported_between_supported_segments,,,,,frozen_query_path_adjacent_acceptance_interpolation
cam0,1651,,0.00,abstain,,False,unsupported_between_supported_segments,,,,,frozen_query_path_adjacent_acceptance_interpolation
cam0,1652,,0.00,abstain,,False,unsupported_between_supported_segments,,,,,frozen_query_path_adjacent_acceptance_interpolation
cam0,1653,,0.00,abstain,,False,unsupported_between_supported_segments,,,,,frozen_query_path_adjacent_acceptance_interpolation
cam0,1654,,0.00,abstain,,False,unsupported_between_supported_segments,,,,,frozen_query_path_adjacent_acceptance_interpolation
cam0,1655,,0.00,abstain,,False,unsupported_between_supported_segments,,,,,frozen_query_path_adjacent_acceptance_interpolation
cam0,1656,,0.00,abstain,,False,unsupported_between_supported_segments,,,,,frozen_query_path_adjacent_acceptance_interpolation
cam0,1657,,0.00,abstain,,False,unsupported_between_supported_segments,,,,,frozen_query_path_adjacent_acceptance_interpolation
cam0,1658,,0.00,abstain,,False,unsupported_between_supported_segments,,,,,frozen_query_path_adjacent_acceptance_interpolation
cam0,1659,,0.00,abstain,,False,unsupported_between_supported_segments,,,,,frozen_query_path_adjacent_acceptance_interpolation
cam0,1660,,0.00,abstain,,False,unsupported_between_supported_segments,,,,,frozen_query_path_adjacent_acceptance_interpolation
cam0,1661,,0.00,abstain,,False,unsupported_between_supported_segments,,,,,frozen_query_path_adjacent_acceptance_interpolation
cam0,1662,,0.00,abstain,,False,unsupported_between_supported_segments,,,,,frozen_query_path_adjacent_acceptance_interpolation
cam0,1663,,0.00,abstain,,False,unsupported_between_supported_segments,,,,,frozen_query_path_adjacent_acceptance_interpolation
cam0,1664,,0.00,abstain,,False,unsupported_between_supported_segments,,,,,frozen_query_path_adjacent_acceptance_interpolation
cam0,1665,,0.00,abstain,,False,unsupported_between_supported_segments,,,,,frozen_query_path_adjacent_acceptance_interpolation
cam0,1666,,0.00,abstain,,False,unsupported_between_supported_segments,,,,,frozen_query_path_adjacent_acceptance_interpolation
cam0,1667,,0.00,abstain,,False,unsupported_between_supported_segments,,,,,frozen_query_path_adjacent_acceptance_interpolation
cam0,1668,,0.00,abstain,,False,unsupported_between_supported_segments,,,,,frozen_query_path_adjacent_acceptance_interpolation
cam0,1669,,0.00,abstain,,False,unsupported_between_supported_segments,,,,,frozen_query_path_adjacent_acceptance_interpolation
cam0,1670,,0.00,abstain,,False,unsupported_between_supported_segments,,,,,frozen_query_path_adjacent_acceptance_interpolation
cam0,1671,,0.00,abstain,,False,unsupported_between_supported_segments,,,,,frozen_query_path_adjacent_acceptance_interpolation
cam0,1672,,0.00,abstain,,False,unsupported_between_supported_segments,,,,,frozen_query_path_adjacent_acceptance_interpolation
cam0,1673,,0.00,abstain,,False,unsupported_anchor_abstention,,,cam0_A22,abstain_weak_or_ambiguous_geometry,frozen_query_path_adjacent_acceptance_interpolation
cam0,1674,,0.00,abstain,,False,unsupported_between_supported_segments,,,,,frozen_query_path_adjacent_acceptance_interpolation
cam0,1675,,0.00,abstain,,False,unsupported_between_supported_segments,,,,,frozen_query_path_adjacent_acceptance_interpolation
cam0,1676,,0.00,abstain,,False,unsupported_between_supported_segments,,,,,frozen_query_path_adjacent_acceptance_interpolation
cam0,1677,,0.00,abstain,,False,unsupported_between_supported_segments,,,,,frozen_query_path_adjacent_acceptance_interpolation
cam0,1678,,0.00,abstain,,False,unsupported_between_supported_segments,,,,,frozen_query_path_adjacent_acceptance_interpolation
cam0,1679,,0.00,abstain,,False,unsupported_between_supported_segments,,,,,frozen_query_path_adjacent_acceptance_interpolation
cam0,1680,,0.00,abstain,,False,unsupported_between_supported_segments,,,,,frozen_query_path_adjacent_acceptance_interpolation
cam0,1681,,0.00,abstain,,False,unsupported_between_supported_segments,,,,,frozen_query_path_adjacent_acceptance_interpolation
cam0,1682,,0.00,abstain,,False,unsupported_between_supported_segments,,,,,frozen_query_path_adjacent_acceptance_interpolation
cam0,1683,,0.00,abstain,,False,unsupported_between_supported_segments,,,,,frozen_query_path_adjacent_acceptance_interpolation
cam0,1684,,0.00,abstain,,False,unsupported_between_supported_segments,,,,,frozen_query_path_adjacent_acceptance_interpolation
cam0,1685,,0.00,abstain,,False,unsupported_between_supported_segments,,,,,frozen_query_path_adjacent_acceptance_interpolation
cam0,1686,,0.00,abstain,,False,unsupported_between_supported_segments,,,,,frozen_query_path_adjacent_acceptance_interpolation
cam0,1687,,0.00,abstain,,False,unsupported_between_supported_segments,,,,,frozen_query_path_adjacent_acceptance_interpolation
cam0,1688,,0.00,abstain,,False,unsupported_between_supported_segments,,,,,frozen_query_path_adjacent_acceptance_interpolation
cam0,1689,,0.00,abstain,,False,unsupported_between_supported_segments,,,,,frozen_query_path_adjacent_acceptance_interpolation
cam0,1690,,0.00,abstain,,False,unsupported_between_supported_segments,,,,,frozen_query_path_adjacent_acceptance_interpolation
cam0,1691,,0.00,abstain,,False,unsupported_between_supported_segments,,,,,frozen_query_path_adjacent_acceptance_interpolation
cam0,1692,,0.00,abstain,,False,unsupported_between_supported_segments,,,,,frozen_query_path_adjacent_acceptance_interpolation
cam0,1693,,0.00,abstain,,False,unsupported_between_supported_segments,,,,,frozen_query_path_adjacent_acceptance_interpolation
cam0,1694,,0.00,abstain,,False,unsupported_between_supported_segments,,,,,frozen_query_path_adjacent_acceptance_interpolation
cam0,1695,,0.00,abstain,,False,unsupported_between_supported_segments,,,,,frozen_query_path_adjacent_acceptance_interpolation
cam0,1696,,0.00,abstain,,False,unsupported_between_supported_segments,,,,,frozen_query_path_adjacent_acceptance_interpolation
cam0,1697,,0.00,abstain,,False,unsupported_between_supported_segments,,,,,frozen_query_path_adjacent_acceptance_interpolation
cam0,1698,,0.00,abstain,,False,unsupported_between_supported_segments,,,,,frozen_query_path_adjacent_acceptance_interpolation
cam0,1699,,0.00,abstain,,False,unsupported_between_supported_segments,,,,,frozen_query_path_adjacent_acceptance_interpolation
cam0,1700,,0.00,abstain,,False,unsupported_between_supported_segments,,,,,frozen_query_path_adjacent_acceptance_interpolation
cam0,1701,,0.00,abstain,,False,unsupported_between_supported_segments,,,,,frozen_query_path_adjacent_acceptance_interpolation
cam0,1702,,0.00,abstain,,False,unsupported_between_supported_segments,,,,,frozen_query_path_adjacent_acceptance_interpolation
cam0,1703,,0.00,abstain,,False,unsupported_between_supported_segments,,,,,frozen_query_path_adjacent_acceptance_interpolation
cam0,1704,,0.00,abstain,,False,unsupported_between_supported_segments,,,,,frozen_query_path_adjacent_acceptance_interpolation
cam0,1705,,0.00,abstain,,False,unsupported_between_supported_segments,,,,,frozen_query_path_adjacent_acceptance_interpolation
cam0,1706,,0.00,abstain,,False,unsupported_between_supported_segments,,,,,frozen_query_path_adjacent_acceptance_interpolation
cam0,1707,,0.00,abstain,,False,unsupported_between_supported_segments,,,,,frozen_query_path_adjacent_acceptance_interpolation
cam0,1708,,0.00,abstain,,False,unsupported_between_supported_segments,,,,,frozen_query_path_adjacent_acceptance_interpolation
cam0,1709,,0.00,abstain,,False,unsupported_between_supported_segments,,,,,frozen_query_path_adjacent_acceptance_interpolation
cam0,1710,,0.00,abstain,,False,unsupported_between_supported_segments,,,,,frozen_query_path_adjacent_acceptance_interpolation
cam0,1711,,0.00,abstain,,False,unsupported_between_supported_segments,,,,,frozen_query_path_adjacent_acceptance_interpolation
cam0,1712,,0.00,abstain,,False,unsupported_between_supported_segments,,,,,frozen_query_path_adjacent_acceptance_interpolation
cam0,1713,,0.00,abstain,,False,unsupported_between_supported_segments,,,,,frozen_query_path_adjacent_acceptance_interpolation
cam0,1714,,0.00,abstain,,False,unsupported_between_supported_segments,,,,,frozen_query_path_adjacent_acceptance_interpolation
cam0,1715,,0.00,abstain,,False,unsupported_between_supported_segments,,,,,frozen_query_path_adjacent_acceptance_interpolation
cam0,1716,,0.00,abstain,,False,unsupported_between_supported_segments,,,,,frozen_query_path_adjacent_acceptance_interpolation
cam0,1717,,0.00,abstain,,False,unsupported_between_supported_segments,,,,,frozen_query_path_adjacent_acceptance_interpolation
cam0,1718,,0.00,abstain,,False,unsupported_between_supported_segments,,,,,frozen_query_path_adjacent_acceptance_interpolation
cam0,1719,,0.00,abstain,,False,unsupported_between_supported_segments,,,,,frozen_query_path_adjacent_acceptance_interpolation
cam0,1720,,0.00,abstain,,False,unsupported_between_supported_segments,,,,,frozen_query_path_adjacent_acceptance_interpolation
cam0,1721,,0.00,abstain,,False,unsupported_between_supported_segments,,,,,frozen_query_path_adjacent_acceptance_interpolation
cam0,1722,,0.00,abstain,,False,unsupported_between_supported_segments,,,,,frozen_query_path_adjacent_acceptance_interpolation
cam0,1723,,0.00,abstain,,False,unsupported_between_supported_segments,,,,,frozen_query_path_adjacent_acceptance_interpolation
cam0,1724,,0.00,abstain,,False,unsupported_between_supported_segments,,,,,frozen_query_path_adjacent_acceptance_interpolation
cam0,1725,,0.00,abstain,,False,unsupported_between_supported_segments,,,,,frozen_query_path_adjacent_acceptance_interpolation
cam0,1726,,0.00,abstain,,False,unsupported_between_supported_segments,,,,,frozen_query_path_adjacent_acceptance_interpolation
cam0,1727,,0.00,abstain,,False,unsupported_between_supported_segments,,,,,frozen_query_path_adjacent_acceptance_interpolation
cam0,1728,,0.00,abstain,,False,unsupported_between_supported_segments,,,,,frozen_query_path_adjacent_acceptance_interpolation
cam0,1729,,0.00,abstain,,False,unsupported_between_supported_segments,,,,,frozen_query_path_adjacent_acceptance_interpolation
cam0,1730,,0.00,abstain,,False,unsupported_between_supported_segments,,,,,frozen_query_path_adjacent_acceptance_interpolation
cam0,1731,,0.00,abstain,,False,unsupported_between_supported_segments,,,,,frozen_query_path_adjacent_acceptance_interpolation
cam0,1732,,0.00,abstain,,False,unsupported_between_supported_segments,,,,,frozen_query_path_adjacent_acceptance_interpolation
cam0,1733,,0.00,abstain,,False,unsupported_between_supported_segments,,,,,frozen_query_path_adjacent_acceptance_interpolation
cam0,1734,,0.00,abstain,,False,unsupported_between_supported_segments,,,,,frozen_query_path_adjacent_acceptance_interpolation
cam0,1735,,0.00,abstain,,False,unsupported_between_supported_segments,,,,,frozen_query_path_adjacent_acceptance_interpolation
cam0,1736,,0.00,abstain,,False,unsupported_between_supported_segments,,,,,frozen_query_path_adjacent_acceptance_interpolation
cam0,1737,,0.00,abstain,,False,unsupported_between_supported_segments,,,,,frozen_query_path_adjacent_acceptance_interpolation
cam0,1738,,0.00,abstain,,False,unsupported_between_supported_segments,,,,,frozen_query_path_adjacent_acceptance_interpolation
cam0,1739,,0.00,abstain,,False,unsupported_between_supported_segments,,,,,frozen_query_path_adjacent_acceptance_interpolation
cam0,1740,,0.00,abstain,,False,unsupported_between_supported_segments,,,,,frozen_query_path_adjacent_acceptance_interpolation
cam0,1741,,0.00,abstain,,False,unsupported_between_supported_segments,,,,,frozen_query_path_adjacent_acceptance_interpolation
cam0,1742,,0.00,abstain,,False,unsupported_between_supported_segments,,,,,frozen_query_path_adjacent_acceptance_interpolation
cam0,1743,,0.00,abstain,,False,unsupported_between_supported_segments,,,,,frozen_query_path_adjacent_acceptance_interpolation
cam0,1744,,0.00,abstain,,False,unsupported_between_supported_segments,,,,,frozen_query_path_adjacent_acceptance_interpolation
cam0,1745,,0.00,abstain,,False,unsupported_between_supported_segments,,,,,frozen_query_path_adjacent_acceptance_interpolation
cam0,1746,,0.00,abstain,,False,unsupported_between_supported_segments,,,,,frozen_query_path_adjacent_acceptance_interpolation
cam0,1747,,0.00,abstain,,False,unsupported_between_supported_segments,,,,,frozen_query_path_adjacent_acceptance_interpolation
cam0,1748,1688,1.00,uncalibrated_geometry_anchor,0.498982,False,geometry_supported_anchor,cam0_A23,cam0_A23,cam0_A23,match_unverified_geometry_supported,frozen_query_path_adjacent_acceptance_interpolation
cam0,1749,1689,0.50,uncalibrated_bounded_interpolation,0.498982,False,bounded_interpolation,cam0_A23,cam0_A24,,,frozen_query_path_adjacent_acceptance_interpolation
cam0,1750,1690,0.50,uncalibrated_bounded_interpolation,0.498982,False,bounded_interpolation,cam0_A23,cam0_A24,,,frozen_query_path_adjacent_acceptance_interpolation
cam0,1751,1691,0.50,uncalibrated_bounded_interpolation,0.498982,False,bounded_interpolation,cam0_A23,cam0_A24,,,frozen_query_path_adjacent_acceptance_interpolation
cam0,1752,1692,0.50,uncalibrated_bounded_interpolation,0.498982,False,bounded_interpolation,cam0_A23,cam0_A24,,,frozen_query_path_adjacent_acceptance_interpolation
cam0,1753,1693,0.50,uncalibrated_bounded_interpolation,0.498982,False,bounded_interpolation,cam0_A23,cam0_A24,,,frozen_query_path_adjacent_acceptance_interpolation
cam0,1754,1695,0.50,uncalibrated_bounded_interpolation,0.498982,False,bounded_interpolation,cam0_A23,cam0_A24,,,frozen_query_path_adjacent_acceptance_interpolation
cam0,1755,1696,0.50,uncalibrated_bounded_interpolation,0.498982,False,bounded_interpolation,cam0_A23,cam0_A24,,,frozen_query_path_adjacent_acceptance_interpolation
cam0,1756,1697,0.50,uncalibrated_bounded_interpolation,0.498982,False,bounded_interpolation,cam0_A23,cam0_A24,,,frozen_query_path_adjacent_acceptance_interpolation
cam0,1757,1698,0.50,uncalibrated_bounded_interpolation,0.498982,False,bounded_interpolation,cam0_A23,cam0_A24,,,frozen_query_path_adjacent_acceptance_interpolation
cam0,1758,1699,0.50,uncalibrated_bounded_interpolation,0.498982,False,bounded_interpolation,cam0_A23,cam0_A24,,,frozen_query_path_adjacent_acceptance_interpolation
cam0,1759,1700,0.50,uncalibrated_bounded_interpolation,0.498982,False,bounded_interpolation,cam0_A23,cam0_A24,,,frozen_query_path_adjacent_acceptance_interpolation
cam0,1760,1701,0.50,uncalibrated_bounded_interpolation,0.498982,False,bounded_interpolation,cam0_A23,cam0_A24,,,frozen_query_path_adjacent_acceptance_interpolation
cam0,1761,1702,0.50,uncalibrated_bounded_interpolation,0.498982,False,bounded_interpolation,cam0_A23,cam0_A24,,,frozen_query_path_adjacent_acceptance_interpolation
cam0,1762,1703,0.50,uncalibrated_bounded_interpolation,0.498982,False,bounded_interpolation,cam0_A23,cam0_A24,,,frozen_query_path_adjacent_acceptance_interpolation
cam0,1763,1704,0.50,uncalibrated_bounded_interpolation,0.498982,False,bounded_interpolation,cam0_A23,cam0_A24,,,frozen_query_path_adjacent_acceptance_interpolation
cam0,1764,1705,0.50,uncalibrated_bounded_interpolation,0.498982,False,bounded_interpolation,cam0_A23,cam0_A24,,,frozen_query_path_adjacent_acceptance_interpolation
cam0,1765,1706,0.50,uncalibrated_bounded_interpolation,0.498982,False,bounded_interpolation,cam0_A23,cam0_A24,,,frozen_query_path_adjacent_acceptance_interpolation
cam0,1766,1708,0.50,uncalibrated_bounded_interpolation,0.498982,False,bounded_interpolation,cam0_A23,cam0_A24,,,frozen_query_path_adjacent_acceptance_interpolation
cam0,1767,1709,0.50,uncalibrated_bounded_interpolation,0.498982,False,bounded_interpolation,cam0_A23,cam0_A24,,,frozen_query_path_adjacent_acceptance_interpolation
cam0,1768,1710,0.50,uncalibrated_bounded_interpolation,0.498982,False,bounded_interpolation,cam0_A23,cam0_A24,,,frozen_query_path_adjacent_acceptance_interpolation
cam0,1769,1711,0.50,uncalibrated_bounded_interpolation,0.498982,False,bounded_interpolation,cam0_A23,cam0_A24,,,frozen_query_path_adjacent_acceptance_interpolation
cam0,1770,1712,0.50,uncalibrated_bounded_interpolation,0.498982,False,bounded_interpolation,cam0_A23,cam0_A24,,,frozen_query_path_adjacent_acceptance_interpolation
cam0,1771,1713,0.50,uncalibrated_bounded_interpolation,0.498982,False,bounded_interpolation,cam0_A23,cam0_A24,,,frozen_query_path_adjacent_acceptance_interpolation
cam0,1772,1714,0.50,uncalibrated_bounded_interpolation,0.498982,False,bounded_interpolation,cam0_A23,cam0_A24,,,frozen_query_path_adjacent_acceptance_interpolation
cam0,1773,1715,0.50,uncalibrated_bounded_interpolation,0.498982,False,bounded_interpolation,cam0_A23,cam0_A24,,,frozen_query_path_adjacent_acceptance_interpolation
cam0,1774,1716,0.50,uncalibrated_bounded_interpolation,0.498982,False,bounded_interpolation,cam0_A23,cam0_A24,,,frozen_query_path_adjacent_acceptance_interpolation
cam0,1775,1717,0.50,uncalibrated_bounded_interpolation,0.498982,False,bounded_interpolation,cam0_A23,cam0_A24,,,frozen_query_path_adjacent_acceptance_interpolation
cam0,1776,1718,0.50,uncalibrated_bounded_interpolation,0.498982,False,bounded_interpolation,cam0_A23,cam0_A24,,,frozen_query_path_adjacent_acceptance_interpolation
cam0,1777,1719,0.50,uncalibrated_bounded_interpolation,0.498982,False,bounded_interpolation,cam0_A23,cam0_A24,,,frozen_query_path_adjacent_acceptance_interpolation
cam0,1778,1721,0.50,uncalibrated_bounded_interpolation,0.498982,False,bounded_interpolation,cam0_A23,cam0_A24,,,frozen_query_path_adjacent_acceptance_interpolation
cam0,1779,1722,0.50,uncalibrated_bounded_interpolation,0.498982,False,bounded_interpolation,cam0_A23,cam0_A24,,,frozen_query_path_adjacent_acceptance_interpolation
cam0,1780,1723,0.50,uncalibrated_bounded_interpolation,0.498982,False,bounded_interpolation,cam0_A23,cam0_A24,,,frozen_query_path_adjacent_acceptance_interpolation
cam0,1781,1724,0.50,uncalibrated_bounded_interpolation,0.498982,False,bounded_interpolation,cam0_A23,cam0_A24,,,frozen_query_path_adjacent_acceptance_interpolation
cam0,1782,1725,0.50,uncalibrated_bounded_interpolation,0.498982,False,bounded_interpolation,cam0_A23,cam0_A24,,,frozen_query_path_adjacent_acceptance_interpolation
cam0,1783,1726,0.50,uncalibrated_bounded_interpolation,0.498982,False,bounded_interpolation,cam0_A23,cam0_A24,,,frozen_query_path_adjacent_acceptance_interpolation
cam0,1784,1727,0.50,uncalibrated_bounded_interpolation,0.498982,False,bounded_interpolation,cam0_A23,cam0_A24,,,frozen_query_path_adjacent_acceptance_interpolation
cam0,1785,1728,0.50,uncalibrated_bounded_interpolation,0.498982,False,bounded_interpolation,cam0_A23,cam0_A24,,,frozen_query_path_adjacent_acceptance_interpolation
cam0,1786,1729,0.50,uncalibrated_bounded_interpolation,0.498982,False,bounded_interpolation,cam0_A23,cam0_A24,,,frozen_query_path_adjacent_acceptance_interpolation
cam0,1787,1730,0.50,uncalibrated_bounded_interpolation,0.498982,False,bounded_interpolation,cam0_A23,cam0_A24,,,frozen_query_path_adjacent_acceptance_interpolation
cam0,1788,1731,0.50,uncalibrated_bounded_interpolation,0.498982,False,bounded_interpolation,cam0_A23,cam0_A24,,,frozen_query_path_adjacent_acceptance_interpolation
cam0,1789,1733,0.50,uncalibrated_bounded_interpolation,0.498982,False,bounded_interpolation,cam0_A23,cam0_A24,,,frozen_query_path_adjacent_acceptance_interpolation
cam0,1790,1734,0.50,uncalibrated_bounded_interpolation,0.498982,False,bounded_interpolation,cam0_A23,cam0_A24,,,frozen_query_path_adjacent_acceptance_interpolation
cam0,1791,1735,0.50,uncalibrated_bounded_interpolation,0.498982,False,bounded_interpolation,cam0_A23,cam0_A24,,,frozen_query_path_adjacent_acceptance_interpolation
cam0,1792,1736,0.50,uncalibrated_bounded_interpolation,0.498982,False,bounded_interpolation,cam0_A23,cam0_A24,,,frozen_query_path_adjacent_acceptance_interpolation
cam0,1793,1737,0.50,uncalibrated_bounded_interpolation,0.498982,False,bounded_interpolation,cam0_A23,cam0_A24,,,frozen_query_path_adjacent_acceptance_interpolation
cam0,1794,1738,0.50,uncalibrated_bounded_interpolation,0.498982,False,bounded_interpolation,cam0_A23,cam0_A24,,,frozen_query_path_adjacent_acceptance_interpolation
cam0,1795,1739,0.50,uncalibrated_bounded_interpolation,0.498982,False,bounded_interpolation,cam0_A23,cam0_A24,,,frozen_query_path_adjacent_acceptance_interpolation
cam0,1796,1740,0.50,uncalibrated_bounded_interpolation,0.498982,False,bounded_interpolation,cam0_A23,cam0_A24,,,frozen_query_path_adjacent_acceptance_interpolation
cam0,1797,1741,0.50,uncalibrated_bounded_interpolation,0.498982,False,bounded_interpolation,cam0_A23,cam0_A24,,,frozen_query_path_adjacent_acceptance_interpolation
cam0,1798,1742,0.50,uncalibrated_bounded_interpolation,0.498982,False,bounded_interpolation,cam0_A23,cam0_A24,,,frozen_query_path_adjacent_acceptance_interpolation
cam0,1799,1743,0.50,uncalibrated_bounded_interpolation,0.498982,False,bounded_interpolation,cam0_A23,cam0_A24,,,frozen_query_path_adjacent_acceptance_interpolation
cam0,1800,1744,0.50,uncalibrated_bounded_interpolation,0.498982,False,bounded_interpolation,cam0_A23,cam0_A24,,,frozen_query_path_adjacent_acceptance_interpolation
cam0,1801,1746,0.50,uncalibrated_bounded_interpolation,0.498982,False,bounded_interpolation,cam0_A23,cam0_A24,,,frozen_query_path_adjacent_acceptance_interpolation
cam0,1802,1747,0.50,uncalibrated_bounded_interpolation,0.498982,False,bounded_interpolation,cam0_A23,cam0_A24,,,frozen_query_path_adjacent_acceptance_interpolation
cam0,1803,1748,0.50,uncalibrated_bounded_interpolation,0.498982,False,bounded_interpolation,cam0_A23,cam0_A24,,,frozen_query_path_adjacent_acceptance_interpolation
cam0,1804,1749,0.50,uncalibrated_bounded_interpolation,0.498982,False,bounded_interpolation,cam0_A23,cam0_A24,,,frozen_query_path_adjacent_acceptance_interpolation
cam0,1805,1750,0.50,uncalibrated_bounded_interpolation,0.498982,False,bounded_interpolation,cam0_A23,cam0_A24,,,frozen_query_path_adjacent_acceptance_interpolation
cam0,1806,1751,0.50,uncalibrated_bounded_interpolation,0.498982,False,bounded_interpolation,cam0_A23,cam0_A24,,,frozen_query_path_adjacent_acceptance_interpolation
cam0,1807,1752,0.50,uncalibrated_bounded_interpolation,0.498982,False,bounded_interpolation,cam0_A23,cam0_A24,,,frozen_query_path_adjacent_acceptance_interpolation
cam0,1808,1753,0.50,uncalibrated_bounded_interpolation,0.498982,False,bounded_interpolation,cam0_A23,cam0_A24,,,frozen_query_path_adjacent_acceptance_interpolation
cam0,1809,1754,0.50,uncalibrated_bounded_interpolation,0.498982,False,bounded_interpolation,cam0_A23,cam0_A24,,,frozen_query_path_adjacent_acceptance_interpolation
cam0,1810,1755,0.50,uncalibrated_bounded_interpolation,0.498982,False,bounded_interpolation,cam0_A23,cam0_A24,,,frozen_query_path_adjacent_acceptance_interpolation
cam0,1811,1756,0.50,uncalibrated_bounded_interpolation,0.498982,False,bounded_interpolation,cam0_A23,cam0_A24,,,frozen_query_path_adjacent_acceptance_interpolation
cam0,1812,1757,0.50,uncalibrated_bounded_interpolation,0.498982,False,bounded_interpolation,cam0_A23,cam0_A24,,,frozen_query_path_adjacent_acceptance_interpolation
cam0,1813,1759,0.50,uncalibrated_bounded_interpolation,0.498982,False,bounded_interpolation,cam0_A23,cam0_A24,,,frozen_query_path_adjacent_acceptance_interpolation
cam0,1814,1760,0.50,uncalibrated_bounded_interpolation,0.498982,False,bounded_interpolation,cam0_A23,cam0_A24,,,frozen_query_path_adjacent_acceptance_interpolation
cam0,1815,1761,0.50,uncalibrated_bounded_interpolation,0.498982,False,bounded_interpolation,cam0_A23,cam0_A24,,,frozen_query_path_adjacent_acceptance_interpolation
cam0,1816,1762,0.50,uncalibrated_bounded_interpolation,0.498982,False,bounded_interpolation,cam0_A23,cam0_A24,,,frozen_query_path_adjacent_acceptance_interpolation
cam0,1817,1763,0.50,uncalibrated_bounded_interpolation,0.498982,False,bounded_interpolation,cam0_A23,cam0_A24,,,frozen_query_path_adjacent_acceptance_interpolation
cam0,1818,1764,1.00,uncalibrated_geometry_anchor,0.55687,False,geometry_supported_anchor,cam0_A24,cam0_A24,cam0_A24,match_unverified_geometry_supported,frozen_query_path_adjacent_acceptance_interpolation
cam0,1819,1765,0.50,uncalibrated_bounded_interpolation,0.55687,False,bounded_interpolation,cam0_A24,cam0_A25,,,frozen_query_path_adjacent_acceptance_interpolation
cam0,1820,1766,0.50,uncalibrated_bounded_interpolation,0.55687,False,bounded_interpolation,cam0_A24,cam0_A25,,,frozen_query_path_adjacent_acceptance_interpolation
cam0,1821,1767,0.50,uncalibrated_bounded_interpolation,0.55687,False,bounded_interpolation,cam0_A24,cam0_A25,,,frozen_query_path_adjacent_acceptance_interpolation
cam0,1822,1768,0.50,uncalibrated_bounded_interpolation,0.55687,False,bounded_interpolation,cam0_A24,cam0_A25,,,frozen_query_path_adjacent_acceptance_interpolation
cam0,1823,1769,0.50,uncalibrated_bounded_interpolation,0.55687,False,bounded_interpolation,cam0_A24,cam0_A25,,,frozen_query_path_adjacent_acceptance_interpolation
cam0,1824,1770,0.50,uncalibrated_bounded_interpolation,0.55687,False,bounded_interpolation,cam0_A24,cam0_A25,,,frozen_query_path_adjacent_acceptance_interpolation
cam0,1825,1771,0.50,uncalibrated_bounded_interpolation,0.55687,False,bounded_interpolation,cam0_A24,cam0_A25,,,frozen_query_path_adjacent_acceptance_interpolation
cam0,1826,1772,0.50,uncalibrated_bounded_interpolation,0.55687,False,bounded_interpolation,cam0_A24,cam0_A25,,,frozen_query_path_adjacent_acceptance_interpolation
cam0,1827,1773,0.50,uncalibrated_bounded_interpolation,0.55687,False,bounded_interpolation,cam0_A24,cam0_A25,,,frozen_query_path_adjacent_acceptance_interpolation
cam0,1828,1774,0.50,uncalibrated_bounded_interpolation,0.55687,False,bounded_interpolation,cam0_A24,cam0_A25,,,frozen_query_path_adjacent_acceptance_interpolation
cam0,1829,1775,0.50,uncalibrated_bounded_interpolation,0.55687,False,bounded_interpolation,cam0_A24,cam0_A25,,,frozen_query_path_adjacent_acceptance_interpolation
cam0,1830,1776,0.50,uncalibrated_bounded_interpolation,0.55687,False,bounded_interpolation,cam0_A24,cam0_A25,,,frozen_query_path_adjacent_acceptance_interpolation
cam0,1831,1777,0.50,uncalibrated_bounded_interpolation,0.55687,False,bounded_interpolation,cam0_A24,cam0_A25,,,frozen_query_path_adjacent_acceptance_interpolation
cam0,1832,1778,0.50,uncalibrated_bounded_interpolation,0.55687,False,bounded_interpolation,cam0_A24,cam0_A25,,,frozen_query_path_adjacent_acceptance_interpolation
cam0,1833,1779,0.50,uncalibrated_bounded_interpolation,0.55687,False,bounded_interpolation,cam0_A24,cam0_A25,,,frozen_query_path_adjacent_acceptance_interpolation
cam0,1834,1780,0.50,uncalibrated_bounded_interpolation,0.55687,False,bounded_interpolation,cam0_A24,cam0_A25,,,frozen_query_path_adjacent_acceptance_interpolation
cam0,1835,1781,0.50,uncalibrated_bounded_interpolation,0.55687,False,bounded_interpolation,cam0_A24,cam0_A25,,,frozen_query_path_adjacent_acceptance_interpolation
cam0,1836,1782,0.50,uncalibrated_bounded_interpolation,0.55687,False,bounded_interpolation,cam0_A24,cam0_A25,,,frozen_query_path_adjacent_acceptance_interpolation
cam0,1837,1784,0.50,uncalibrated_bounded_interpolation,0.55687,False,bounded_interpolation,cam0_A24,cam0_A25,,,frozen_query_path_adjacent_acceptance_interpolation
cam0,1838,1785,0.50,uncalibrated_bounded_interpolation,0.55687,False,bounded_interpolation,cam0_A24,cam0_A25,,,frozen_query_path_adjacent_acceptance_interpolation
cam0,1839,1786,0.50,uncalibrated_bounded_interpolation,0.55687,False,bounded_interpolation,cam0_A24,cam0_A25,,,frozen_query_path_adjacent_acceptance_interpolation
cam0,1840,1787,0.50,uncalibrated_bounded_interpolation,0.55687,False,bounded_interpolation,cam0_A24,cam0_A25,,,frozen_query_path_adjacent_acceptance_interpolation
cam0,1841,1788,0.50,uncalibrated_bounded_interpolation,0.55687,False,bounded_interpolation,cam0_A24,cam0_A25,,,frozen_query_path_adjacent_acceptance_interpolation
cam0,1842,1789,0.50,uncalibrated_bounded_interpolation,0.55687,False,bounded_interpolation,cam0_A24,cam0_A25,,,frozen_query_path_adjacent_acceptance_interpolation
cam0,1843,1790,0.50,uncalibrated_bounded_interpolation,0.55687,False,bounded_interpolation,cam0_A24,cam0_A25,,,frozen_query_path_adjacent_acceptance_interpolation
cam0,1844,1791,0.50,uncalibrated_bounded_interpolation,0.55687,False,bounded_interpolation,cam0_A24,cam0_A25,,,frozen_query_path_adjacent_acceptance_interpolation
cam0,1845,1792,0.50,uncalibrated_bounded_interpolation,0.55687,False,bounded_interpolation,cam0_A24,cam0_A25,,,frozen_query_path_adjacent_acceptance_interpolation
cam0,1846,1793,0.50,uncalibrated_bounded_interpolation,0.55687,False,bounded_interpolation,cam0_A24,cam0_A25,,,frozen_query_path_adjacent_acceptance_interpolation
cam0,1847,1794,0.50,uncalibrated_bounded_interpolation,0.55687,False,bounded_interpolation,cam0_A24,cam0_A25,,,frozen_query_path_adjacent_acceptance_interpolation
cam0,1848,1795,0.50,uncalibrated_bounded_interpolation,0.55687,False,bounded_interpolation,cam0_A24,cam0_A25,,,frozen_query_path_adjacent_acceptance_interpolation
cam0,1849,1796,0.50,uncalibrated_bounded_interpolation,0.55687,False,bounded_interpolation,cam0_A24,cam0_A25,,,frozen_query_path_adjacent_acceptance_interpolation
cam0,1850,1797,0.50,uncalibrated_bounded_interpolation,0.55687,False,bounded_interpolation,cam0_A24,cam0_A25,,,frozen_query_path_adjacent_acceptance_interpolation
cam0,1851,1798,0.50,uncalibrated_bounded_interpolation,0.55687,False,bounded_interpolation,cam0_A24,cam0_A25,,,frozen_query_path_adjacent_acceptance_interpolation
cam0,1852,1799,0.50,uncalibrated_bounded_interpolation,0.55687,False,bounded_interpolation,cam0_A24,cam0_A25,,,frozen_query_path_adjacent_acceptance_interpolation
cam0,1853,1800,0.50,uncalibrated_bounded_interpolation,0.55687,False,bounded_interpolation,cam0_A24,cam0_A25,,,frozen_query_path_adjacent_acceptance_interpolation
cam0,1854,1801,0.50,uncalibrated_bounded_interpolation,0.55687,False,bounded_interpolation,cam0_A24,cam0_A25,,,frozen_query_path_adjacent_acceptance_interpolation
cam0,1855,1802,0.50,uncalibrated_bounded_interpolation,0.55687,False,bounded_interpolation,cam0_A24,cam0_A25,,,frozen_query_path_adjacent_acceptance_interpolation
cam0,1856,1803,0.50,uncalibrated_bounded_interpolation,0.55687,False,bounded_interpolation,cam0_A24,cam0_A25,,,frozen_query_path_adjacent_acceptance_interpolation
cam0,1857,1804,0.50,uncalibrated_bounded_interpolation,0.55687,False,bounded_interpolation,cam0_A24,cam0_A25,,,frozen_query_path_adjacent_acceptance_interpolation
cam0,1858,1805,0.50,uncalibrated_bounded_interpolation,0.55687,False,bounded_interpolation,cam0_A24,cam0_A25,,,frozen_query_path_adjacent_acceptance_interpolation
cam0,1859,1806,0.50,uncalibrated_bounded_interpolation,0.55687,False,bounded_interpolation,cam0_A24,cam0_A25,,,frozen_query_path_adjacent_acceptance_interpolation
cam0,1860,1807,0.50,uncalibrated_bounded_interpolation,0.55687,False,bounded_interpolation,cam0_A24,cam0_A25,,,frozen_query_path_adjacent_acceptance_interpolation
cam0,1861,1808,0.50,uncalibrated_bounded_interpolation,0.55687,False,bounded_interpolation,cam0_A24,cam0_A25,,,frozen_query_path_adjacent_acceptance_interpolation
cam0,1862,1809,0.50,uncalibrated_bounded_interpolation,0.55687,False,bounded_interpolation,cam0_A24,cam0_A25,,,frozen_query_path_adjacent_acceptance_interpolation
cam0,1863,1810,0.50,uncalibrated_bounded_interpolation,0.55687,False,bounded_interpolation,cam0_A24,cam0_A25,,,frozen_query_path_adjacent_acceptance_interpolation
cam0,1864,1811,0.50,uncalibrated_bounded_interpolation,0.55687,False,bounded_interpolation,cam0_A24,cam0_A25,,,frozen_query_path_adjacent_acceptance_interpolation
cam0,1865,1812,0.50,uncalibrated_bounded_interpolation,0.55687,False,bounded_interpolation,cam0_A24,cam0_A25,,,frozen_query_path_adjacent_acceptance_interpolation
cam0,1866,1813,0.50,uncalibrated_bounded_interpolation,0.55687,False,bounded_interpolation,cam0_A24,cam0_A25,,,frozen_query_path_adjacent_acceptance_interpolation
cam0,1867,1814,0.50,uncalibrated_bounded_interpolation,0.55687,False,bounded_interpolation,cam0_A24,cam0_A25,,,frozen_query_path_adjacent_acceptance_interpolation
cam0,1868,1815,0.50,uncalibrated_bounded_interpolation,0.55687,False,bounded_interpolation,cam0_A24,cam0_A25,,,frozen_query_path_adjacent_acceptance_interpolation
cam0,1869,1816,0.50,uncalibrated_bounded_interpolation,0.55687,False,bounded_interpolation,cam0_A24,cam0_A25,,,frozen_query_path_adjacent_acceptance_interpolation
cam0,1870,1817,0.50,uncalibrated_bounded_interpolation,0.55687,False,bounded_interpolation,cam0_A24,cam0_A25,,,frozen_query_path_adjacent_acceptance_interpolation
cam0,1871,1818,0.50,uncalibrated_bounded_interpolation,0.55687,False,bounded_interpolation,cam0_A24,cam0_A25,,,frozen_query_path_adjacent_acceptance_interpolation
cam0,1872,1819,0.50,uncalibrated_bounded_interpolation,0.55687,False,bounded_interpolation,cam0_A24,cam0_A25,,,frozen_query_path_adjacent_acceptance_interpolation
cam0,1873,1820,0.50,uncalibrated_bounded_interpolation,0.55687,False,bounded_interpolation,cam0_A24,cam0_A25,,,frozen_query_path_adjacent_acceptance_interpolation
cam0,1874,1821,0.50,uncalibrated_bounded_interpolation,0.55687,False,bounded_interpolation,cam0_A24,cam0_A25,,,frozen_query_path_adjacent_acceptance_interpolation
cam0,1875,1823,0.50,uncalibrated_bounded_interpolation,0.55687,False,bounded_interpolation,cam0_A24,cam0_A25,,,frozen_query_path_adjacent_acceptance_interpolation
cam0,1876,1824,0.50,uncalibrated_bounded_interpolation,0.55687,False,bounded_interpolation,cam0_A24,cam0_A25,,,frozen_query_path_adjacent_acceptance_interpolation
cam0,1877,1825,0.50,uncalibrated_bounded_interpolation,0.55687,False,bounded_interpolation,cam0_A24,cam0_A25,,,frozen_query_path_adjacent_acceptance_interpolation
cam0,1878,1826,0.50,uncalibrated_bounded_interpolation,0.55687,False,bounded_interpolation,cam0_A24,cam0_A25,,,frozen_query_path_adjacent_acceptance_interpolation
cam0,1879,1827,0.50,uncalibrated_bounded_interpolation,0.55687,False,bounded_interpolation,cam0_A24,cam0_A25,,,frozen_query_path_adjacent_acceptance_interpolation
cam0,1880,1828,0.50,uncalibrated_bounded_interpolation,0.55687,False,bounded_interpolation,cam0_A24,cam0_A25,,,frozen_query_path_adjacent_acceptance_interpolation
cam0,1881,1829,0.50,uncalibrated_bounded_interpolation,0.55687,False,bounded_interpolation,cam0_A24,cam0_A25,,,frozen_query_path_adjacent_acceptance_interpolation
cam0,1882,1830,0.50,uncalibrated_bounded_interpolation,0.55687,False,bounded_interpolation,cam0_A24,cam0_A25,,,frozen_query_path_adjacent_acceptance_interpolation
cam0,1883,1831,0.50,uncalibrated_bounded_interpolation,0.55687,False,bounded_interpolation,cam0_A24,cam0_A25,,,frozen_query_path_adjacent_acceptance_interpolation
cam0,1884,1832,0.50,uncalibrated_bounded_interpolation,0.55687,False,bounded_interpolation,cam0_A24,cam0_A25,,,frozen_query_path_adjacent_acceptance_interpolation
cam0,1885,1833,0.50,uncalibrated_bounded_interpolation,0.55687,False,bounded_interpolation,cam0_A24,cam0_A25,,,frozen_query_path_adjacent_acceptance_interpolation
cam0,1886,1834,0.50,uncalibrated_bounded_interpolation,0.55687,False,bounded_interpolation,cam0_A24,cam0_A25,,,frozen_query_path_adjacent_acceptance_interpolation
cam0,1887,1835,0.50,uncalibrated_bounded_interpolation,0.55687,False,bounded_interpolation,cam0_A24,cam0_A25,,,frozen_query_path_adjacent_acceptance_interpolation
cam0,1888,1836,0.50,uncalibrated_bounded_interpolation,0.55687,False,bounded_interpolation,cam0_A24,cam0_A25,,,frozen_query_path_adjacent_acceptance_interpolation
cam0,1889,1837,0.50,uncalibrated_bounded_interpolation,0.55687,False,bounded_interpolation,cam0_A24,cam0_A25,,,frozen_query_path_adjacent_acceptance_interpolation
cam0,1890,1838,0.50,uncalibrated_bounded_interpolation,0.55687,False,bounded_interpolation,cam0_A24,cam0_A25,,,frozen_query_path_adjacent_acceptance_interpolation
cam0,1891,1839,0.50,uncalibrated_bounded_interpolation,0.55687,False,bounded_interpolation,cam0_A24,cam0_A25,,,frozen_query_path_adjacent_acceptance_interpolation
cam0,1892,1840,0.50,uncalibrated_bounded_interpolation,0.55687,False,bounded_interpolation,cam0_A24,cam0_A25,,,frozen_query_path_adjacent_acceptance_interpolation
cam0,1893,1841,1.00,uncalibrated_geometry_anchor,0.78483,False,geometry_supported_anchor,cam0_A25,cam0_A25,cam0_A25,match_unverified_geometry_supported,frozen_query_path_adjacent_acceptance_interpolation
cam0,1894,1842,0.50,uncalibrated_bounded_interpolation,0.494941,False,bounded_interpolation,cam0_A25,cam0_A26,,,frozen_query_path_adjacent_acceptance_interpolation
cam0,1895,1843,0.50,uncalibrated_bounded_interpolation,0.494941,False,bounded_interpolation,cam0_A25,cam0_A26,,,frozen_query_path_adjacent_acceptance_interpolation
cam0,1896,1844,0.50,uncalibrated_bounded_interpolation,0.494941,False,bounded_interpolation,cam0_A25,cam0_A26,,,frozen_query_path_adjacent_acceptance_interpolation
cam0,1897,1845,0.50,uncalibrated_bounded_interpolation,0.494941,False,bounded_interpolation,cam0_A25,cam0_A26,,,frozen_query_path_adjacent_acceptance_interpolation
cam0,1898,1846,0.50,uncalibrated_bounded_interpolation,0.494941,False,bounded_interpolation,cam0_A25,cam0_A26,,,frozen_query_path_adjacent_acceptance_interpolation
cam0,1899,1847,0.50,uncalibrated_bounded_interpolation,0.494941,False,bounded_interpolation,cam0_A25,cam0_A26,,,frozen_query_path_adjacent_acceptance_interpolation
cam0,1900,1848,0.50,uncalibrated_bounded_interpolation,0.494941,False,bounded_interpolation,cam0_A25,cam0_A26,,,frozen_query_path_adjacent_acceptance_interpolation
cam0,1901,1849,0.50,uncalibrated_bounded_interpolation,0.494941,False,bounded_interpolation,cam0_A25,cam0_A26,,,frozen_query_path_adjacent_acceptance_interpolation
cam0,1902,1850,0.50,uncalibrated_bounded_interpolation,0.494941,False,bounded_interpolation,cam0_A25,cam0_A26,,,frozen_query_path_adjacent_acceptance_interpolation
cam0,1903,1851,0.50,uncalibrated_bounded_interpolation,0.494941,False,bounded_interpolation,cam0_A25,cam0_A26,,,frozen_query_path_adjacent_acceptance_interpolation
cam0,1904,1852,0.50,uncalibrated_bounded_interpolation,0.494941,False,bounded_interpolation,cam0_A25,cam0_A26,,,frozen_query_path_adjacent_acceptance_interpolation
cam0,1905,1853,0.50,uncalibrated_bounded_interpolation,0.494941,False,bounded_interpolation,cam0_A25,cam0_A26,,,frozen_query_path_adjacent_acceptance_interpolation
cam0,1906,1854,0.50,uncalibrated_bounded_interpolation,0.494941,False,bounded_interpolation,cam0_A25,cam0_A26,,,frozen_query_path_adjacent_acceptance_interpolation
cam0,1907,1855,0.50,uncalibrated_bounded_interpolation,0.494941,False,bounded_interpolation,cam0_A25,cam0_A26,,,frozen_query_path_adjacent_acceptance_interpolation
cam0,1908,1856,0.50,uncalibrated_bounded_interpolation,0.494941,False,bounded_interpolation,cam0_A25,cam0_A26,,,frozen_query_path_adjacent_acceptance_interpolation
cam0,1909,1857,0.50,uncalibrated_bounded_interpolation,0.494941,False,bounded_interpolation,cam0_A25,cam0_A26,,,frozen_query_path_adjacent_acceptance_interpolation
cam0,1910,1858,0.50,uncalibrated_bounded_interpolation,0.494941,False,bounded_interpolation,cam0_A25,cam0_A26,,,frozen_query_path_adjacent_acceptance_interpolation
cam0,1911,1859,0.50,uncalibrated_bounded_interpolation,0.494941,False,bounded_interpolation,cam0_A25,cam0_A26,,,frozen_query_path_adjacent_acceptance_interpolation
cam0,1912,1860,0.50,uncalibrated_bounded_interpolation,0.494941,False,bounded_interpolation,cam0_A25,cam0_A26,,,frozen_query_path_adjacent_acceptance_interpolation
cam0,1913,1861,0.50,uncalibrated_bounded_interpolation,0.494941,False,bounded_interpolation,cam0_A25,cam0_A26,,,frozen_query_path_adjacent_acceptance_interpolation
cam0,1914,1862,0.50,uncalibrated_bounded_interpolation,0.494941,False,bounded_interpolation,cam0_A25,cam0_A26,,,frozen_query_path_adjacent_acceptance_interpolation
cam0,1915,1863,0.50,uncalibrated_bounded_interpolation,0.494941,False,bounded_interpolation,cam0_A25,cam0_A26,,,frozen_query_path_adjacent_acceptance_interpolation
cam0,1916,1864,0.50,uncalibrated_bounded_interpolation,0.494941,False,bounded_interpolation,cam0_A25,cam0_A26,,,frozen_query_path_adjacent_acceptance_interpolation
cam0,1917,1865,0.50,uncalibrated_bounded_interpolation,0.494941,False,bounded_interpolation,cam0_A25,cam0_A26,,,frozen_query_path_adjacent_acceptance_interpolation
cam0,1918,1866,0.50,uncalibrated_bounded_interpolation,0.494941,False,bounded_interpolation,cam0_A25,cam0_A26,,,frozen_query_path_adjacent_acceptance_interpolation
cam0,1919,1867,0.50,uncalibrated_bounded_interpolation,0.494941,False,bounded_interpolation,cam0_A25,cam0_A26,,,frozen_query_path_adjacent_acceptance_interpolation
cam0,1920,1868,0.50,uncalibrated_bounded_interpolation,0.494941,False,bounded_interpolation,cam0_A25,cam0_A26,,,frozen_query_path_adjacent_acceptance_interpolation
cam0,1921,1869,0.50,uncalibrated_bounded_interpolation,0.494941,False,bounded_interpolation,cam0_A25,cam0_A26,,,frozen_query_path_adjacent_acceptance_interpolation
cam0,1922,1870,0.50,uncalibrated_bounded_interpolation,0.494941,False,bounded_interpolation,cam0_A25,cam0_A26,,,frozen_query_path_adjacent_acceptance_interpolation
cam0,1923,1871,0.50,uncalibrated_bounded_interpolation,0.494941,False,bounded_interpolation,cam0_A25,cam0_A26,,,frozen_query_path_adjacent_acceptance_interpolation
cam0,1924,1872,0.50,uncalibrated_bounded_interpolation,0.494941,False,bounded_interpolation,cam0_A25,cam0_A26,,,frozen_query_path_adjacent_acceptance_interpolation
cam0,1925,1873,0.50,uncalibrated_bounded_interpolation,0.494941,False,bounded_interpolation,cam0_A25,cam0_A26,,,frozen_query_path_adjacent_acceptance_interpolation
cam0,1926,1874,0.50,uncalibrated_bounded_interpolation,0.494941,False,bounded_interpolation,cam0_A25,cam0_A26,,,frozen_query_path_adjacent_acceptance_interpolation
cam0,1927,1875,0.50,uncalibrated_bounded_interpolation,0.494941,False,bounded_interpolation,cam0_A25,cam0_A26,,,frozen_query_path_adjacent_acceptance_interpolation
cam0,1928,1877,0.50,uncalibrated_bounded_interpolation,0.494941,False,bounded_interpolation,cam0_A25,cam0_A26,,,frozen_query_path_adjacent_acceptance_interpolation
cam0,1929,1878,0.50,uncalibrated_bounded_interpolation,0.494941,False,bounded_interpolation,cam0_A25,cam0_A26,,,frozen_query_path_adjacent_acceptance_interpolation
cam0,1930,1879,0.50,uncalibrated_bounded_interpolation,0.494941,False,bounded_interpolation,cam0_A25,cam0_A26,,,frozen_query_path_adjacent_acceptance_interpolation
cam0,1931,1880,0.50,uncalibrated_bounded_interpolation,0.494941,False,bounded_interpolation,cam0_A25,cam0_A26,,,frozen_query_path_adjacent_acceptance_interpolation
cam0,1932,1881,0.50,uncalibrated_bounded_interpolation,0.494941,False,bounded_interpolation,cam0_A25,cam0_A26,,,frozen_query_path_adjacent_acceptance_interpolation
cam0,1933,1882,0.50,uncalibrated_bounded_interpolation,0.494941,False,bounded_interpolation,cam0_A25,cam0_A26,,,frozen_query_path_adjacent_acceptance_interpolation
cam0,1934,1883,0.50,uncalibrated_bounded_interpolation,0.494941,False,bounded_interpolation,cam0_A25,cam0_A26,,,frozen_query_path_adjacent_acceptance_interpolation
cam0,1935,1884,0.50,uncalibrated_bounded_interpolation,0.494941,False,bounded_interpolation,cam0_A25,cam0_A26,,,frozen_query_path_adjacent_acceptance_interpolation
cam0,1936,1885,0.50,uncalibrated_bounded_interpolation,0.494941,False,bounded_interpolation,cam0_A25,cam0_A26,,,frozen_query_path_adjacent_acceptance_interpolation
cam0,1937,1886,0.50,uncalibrated_bounded_interpolation,0.494941,False,bounded_interpolation,cam0_A25,cam0_A26,,,frozen_query_path_adjacent_acceptance_interpolation
cam0,1938,1887,0.50,uncalibrated_bounded_interpolation,0.494941,False,bounded_interpolation,cam0_A25,cam0_A26,,,frozen_query_path_adjacent_acceptance_interpolation
cam0,1939,1888,0.50,uncalibrated_bounded_interpolation,0.494941,False,bounded_interpolation,cam0_A25,cam0_A26,,,frozen_query_path_adjacent_acceptance_interpolation
cam0,1940,1889,0.50,uncalibrated_bounded_interpolation,0.494941,False,bounded_interpolation,cam0_A25,cam0_A26,,,frozen_query_path_adjacent_acceptance_interpolation
cam0,1941,1890,0.50,uncalibrated_bounded_interpolation,0.494941,False,bounded_interpolation,cam0_A25,cam0_A26,,,frozen_query_path_adjacent_acceptance_interpolation
cam0,1942,1891,0.50,uncalibrated_bounded_interpolation,0.494941,False,bounded_interpolation,cam0_A25,cam0_A26,,,frozen_query_path_adjacent_acceptance_interpolation
cam0,1943,1892,0.50,uncalibrated_bounded_interpolation,0.494941,False,bounded_interpolation,cam0_A25,cam0_A26,,,frozen_query_path_adjacent_acceptance_interpolation
cam0,1944,1893,0.50,uncalibrated_bounded_interpolation,0.494941,False,bounded_interpolation,cam0_A25,cam0_A26,,,frozen_query_path_adjacent_acceptance_interpolation
cam0,1945,1894,0.50,uncalibrated_bounded_interpolation,0.494941,False,bounded_interpolation,cam0_A25,cam0_A26,,,frozen_query_path_adjacent_acceptance_interpolation
cam0,1946,1895,0.50,uncalibrated_bounded_interpolation,0.494941,False,bounded_interpolation,cam0_A25,cam0_A26,,,frozen_query_path_adjacent_acceptance_interpolation
cam0,1947,1896,0.50,uncalibrated_bounded_interpolation,0.494941,False,bounded_interpolation,cam0_A25,cam0_A26,,,frozen_query_path_adjacent_acceptance_interpolation
cam0,1948,1897,0.50,uncalibrated_bounded_interpolation,0.494941,False,bounded_interpolation,cam0_A25,cam0_A26,,,frozen_query_path_adjacent_acceptance_interpolation
cam0,1949,1898,0.50,uncalibrated_bounded_interpolation,0.494941,False,bounded_interpolation,cam0_A25,cam0_A26,,,frozen_query_path_adjacent_acceptance_interpolation
cam0,1950,1899,0.50,uncalibrated_bounded_interpolation,0.494941,False,bounded_interpolation,cam0_A25,cam0_A26,,,frozen_query_path_adjacent_acceptance_interpolation
cam0,1951,1900,0.50,uncalibrated_bounded_interpolation,0.494941,False,bounded_interpolation,cam0_A25,cam0_A26,,,frozen_query_path_adjacent_acceptance_interpolation
cam0,1952,1901,0.50,uncalibrated_bounded_interpolation,0.494941,False,bounded_interpolation,cam0_A25,cam0_A26,,,frozen_query_path_adjacent_acceptance_interpolation
cam0,1953,1902,0.50,uncalibrated_bounded_interpolation,0.494941,False,bounded_interpolation,cam0_A25,cam0_A26,,,frozen_query_path_adjacent_acceptance_interpolation
cam0,1954,1903,0.50,uncalibrated_bounded_interpolation,0.494941,False,bounded_interpolation,cam0_A25,cam0_A26,,,frozen_query_path_adjacent_acceptance_interpolation
cam0,1955,1904,0.50,uncalibrated_bounded_interpolation,0.494941,False,bounded_interpolation,cam0_A25,cam0_A26,,,frozen_query_path_adjacent_acceptance_interpolation
cam0,1956,1905,0.50,uncalibrated_bounded_interpolation,0.494941,False,bounded_interpolation,cam0_A25,cam0_A26,,,frozen_query_path_adjacent_acceptance_interpolation
cam0,1957,1906,0.50,uncalibrated_bounded_interpolation,0.494941,False,bounded_interpolation,cam0_A25,cam0_A26,,,frozen_query_path_adjacent_acceptance_interpolation
cam0,1958,1907,0.50,uncalibrated_bounded_interpolation,0.494941,False,bounded_interpolation,cam0_A25,cam0_A26,,,frozen_query_path_adjacent_acceptance_interpolation
cam0,1959,1908,0.50,uncalibrated_bounded_interpolation,0.494941,False,bounded_interpolation,cam0_A25,cam0_A26,,,frozen_query_path_adjacent_acceptance_interpolation
cam0,1960,1909,0.50,uncalibrated_bounded_interpolation,0.494941,False,bounded_interpolation,cam0_A25,cam0_A26,,,frozen_query_path_adjacent_acceptance_interpolation
cam0,1961,1910,0.50,uncalibrated_bounded_interpolation,0.494941,False,bounded_interpolation,cam0_A25,cam0_A26,,,frozen_query_path_adjacent_acceptance_interpolation
cam0,1962,1911,1.00,uncalibrated_geometry_anchor,0.494941,False,geometry_supported_anchor,cam0_A26,cam0_A26,cam0_A26,match_unverified_geometry_supported,frozen_query_path_adjacent_acceptance_interpolation
cam0,1963,1912,0.50,uncalibrated_bounded_interpolation,0.494941,False,bounded_interpolation,cam0_A26,cam0_A27,,,frozen_query_path_adjacent_acceptance_interpolation
cam0,1964,1913,0.50,uncalibrated_bounded_interpolation,0.494941,False,bounded_interpolation,cam0_A26,cam0_A27,,,frozen_query_path_adjacent_acceptance_interpolation
cam0,1965,1914,0.50,uncalibrated_bounded_interpolation,0.494941,False,bounded_interpolation,cam0_A26,cam0_A27,,,frozen_query_path_adjacent_acceptance_interpolation
cam0,1966,1915,0.50,uncalibrated_bounded_interpolation,0.494941,False,bounded_interpolation,cam0_A26,cam0_A27,,,frozen_query_path_adjacent_acceptance_interpolation
cam0,1967,1916,0.50,uncalibrated_bounded_interpolation,0.494941,False,bounded_interpolation,cam0_A26,cam0_A27,,,frozen_query_path_adjacent_acceptance_interpolation
cam0,1968,1917,0.50,uncalibrated_bounded_interpolation,0.494941,False,bounded_interpolation,cam0_A26,cam0_A27,,,frozen_query_path_adjacent_acceptance_interpolation
cam0,1969,1918,0.50,uncalibrated_bounded_interpolation,0.494941,False,bounded_interpolation,cam0_A26,cam0_A27,,,frozen_query_path_adjacent_acceptance_interpolation
cam0,1970,1919,0.50,uncalibrated_bounded_interpolation,0.494941,False,bounded_interpolation,cam0_A26,cam0_A27,,,frozen_query_path_adjacent_acceptance_interpolation
cam0,1971,1921,0.50,uncalibrated_bounded_interpolation,0.494941,False,bounded_interpolation,cam0_A26,cam0_A27,,,frozen_query_path_adjacent_acceptance_interpolation
cam0,1972,1922,0.50,uncalibrated_bounded_interpolation,0.494941,False,bounded_interpolation,cam0_A26,cam0_A27,,,frozen_query_path_adjacent_acceptance_interpolation
cam0,1973,1923,0.50,uncalibrated_bounded_interpolation,0.494941,False,bounded_interpolation,cam0_A26,cam0_A27,,,frozen_query_path_adjacent_acceptance_interpolation
cam0,1974,1924,0.50,uncalibrated_bounded_interpolation,0.494941,False,bounded_interpolation,cam0_A26,cam0_A27,,,frozen_query_path_adjacent_acceptance_interpolation
cam0,1975,1925,0.50,uncalibrated_bounded_interpolation,0.494941,False,bounded_interpolation,cam0_A26,cam0_A27,,,frozen_query_path_adjacent_acceptance_interpolation
cam0,1976,1926,0.50,uncalibrated_bounded_interpolation,0.494941,False,bounded_interpolation,cam0_A26,cam0_A27,,,frozen_query_path_adjacent_acceptance_interpolation
cam0,1977,1927,0.50,uncalibrated_bounded_interpolation,0.494941,False,bounded_interpolation,cam0_A26,cam0_A27,,,frozen_query_path_adjacent_acceptance_interpolation
cam0,1978,1928,0.50,uncalibrated_bounded_interpolation,0.494941,False,bounded_interpolation,cam0_A26,cam0_A27,,,frozen_query_path_adjacent_acceptance_interpolation
cam0,1979,1929,0.50,uncalibrated_bounded_interpolation,0.494941,False,bounded_interpolation,cam0_A26,cam0_A27,,,frozen_query_path_adjacent_acceptance_interpolation
cam0,1980,1930,0.50,uncalibrated_bounded_interpolation,0.494941,False,bounded_interpolation,cam0_A26,cam0_A27,,,frozen_query_path_adjacent_acceptance_interpolation
cam0,1981,1931,0.50,uncalibrated_bounded_interpolation,0.494941,False,bounded_interpolation,cam0_A26,cam0_A27,,,frozen_query_path_adjacent_acceptance_interpolation
cam0,1982,1932,0.50,uncalibrated_bounded_interpolation,0.494941,False,bounded_interpolation,cam0_A26,cam0_A27,,,frozen_query_path_adjacent_acceptance_interpolation
cam0,1983,1933,0.50,uncalibrated_bounded_interpolation,0.494941,False,bounded_interpolation,cam0_A26,cam0_A27,,,frozen_query_path_adjacent_acceptance_interpolation
cam0,1984,1934,0.50,uncalibrated_bounded_interpolation,0.494941,False,bounded_interpolation,cam0_A26,cam0_A27,,,frozen_query_path_adjacent_acceptance_interpolation
cam0,1985,1935,0.50,uncalibrated_bounded_interpolation,0.494941,False,bounded_interpolation,cam0_A26,cam0_A27,,,frozen_query_path_adjacent_acceptance_interpolation
cam0,1986,1936,0.50,uncalibrated_bounded_interpolation,0.494941,False,bounded_interpolation,cam0_A26,cam0_A27,,,frozen_query_path_adjacent_acceptance_interpolation
cam0,1987,1938,0.50,uncalibrated_bounded_interpolation,0.494941,False,bounded_interpolation,cam0_A26,cam0_A27,,,frozen_query_path_adjacent_acceptance_interpolation
cam0,1988,1939,0.50,uncalibrated_bounded_interpolation,0.494941,False,bounded_interpolation,cam0_A26,cam0_A27,,,frozen_query_path_adjacent_acceptance_interpolation
cam0,1989,1940,0.50,uncalibrated_bounded_interpolation,0.494941,False,bounded_interpolation,cam0_A26,cam0_A27,,,frozen_query_path_adjacent_acceptance_interpolation
cam0,1990,1941,0.50,uncalibrated_bounded_interpolation,0.494941,False,bounded_interpolation,cam0_A26,cam0_A27,,,frozen_query_path_adjacent_acceptance_interpolation
cam0,1991,1942,0.50,uncalibrated_bounded_interpolation,0.494941,False,bounded_interpolation,cam0_A26,cam0_A27,,,frozen_query_path_adjacent_acceptance_interpolation
cam0,1992,1943,0.50,uncalibrated_bounded_interpolation,0.494941,False,bounded_interpolation,cam0_A26,cam0_A27,,,frozen_query_path_adjacent_acceptance_interpolation
cam0,1993,1944,0.50,uncalibrated_bounded_interpolation,0.494941,False,bounded_interpolation,cam0_A26,cam0_A27,,,frozen_query_path_adjacent_acceptance_interpolation
cam0,1994,1945,0.50,uncalibrated_bounded_interpolation,0.494941,False,bounded_interpolation,cam0_A26,cam0_A27,,,frozen_query_path_adjacent_acceptance_interpolation
cam0,1995,1946,0.50,uncalibrated_bounded_interpolation,0.494941,False,bounded_interpolation,cam0_A26,cam0_A27,,,frozen_query_path_adjacent_acceptance_interpolation
cam0,1996,1947,0.50,uncalibrated_bounded_interpolation,0.494941,False,bounded_interpolation,cam0_A26,cam0_A27,,,frozen_query_path_adjacent_acceptance_interpolation
cam0,1997,1948,0.50,uncalibrated_bounded_interpolation,0.494941,False,bounded_interpolation,cam0_A26,cam0_A27,,,frozen_query_path_adjacent_acceptance_interpolation
cam0,1998,1949,0.50,uncalibrated_bounded_interpolation,0.494941,False,bounded_interpolation,cam0_A26,cam0_A27,,,frozen_query_path_adjacent_acceptance_interpolation
cam0,1999,1950,0.50,uncalibrated_bounded_interpolation,0.494941,False,bounded_interpolation,cam0_A26,cam0_A27,,,frozen_query_path_adjacent_acceptance_interpolation
cam0,2000,1951,0.50,uncalibrated_bounded_interpolation,0.494941,False,bounded_interpolation,cam0_A26,cam0_A27,,,frozen_query_path_adjacent_acceptance_interpolation
cam0,2001,1952,0.50,uncalibrated_bounded_interpolation,0.494941,False,bounded_interpolation,cam0_A26,cam0_A27,,,frozen_query_path_adjacent_acceptance_interpolation
cam0,2002,1953,0.50,uncalibrated_bounded_interpolation,0.494941,False,bounded_interpolation,cam0_A26,cam0_A27,,,frozen_query_path_adjacent_acceptance_interpolation
cam0,2003,1954,0.50,uncalibrated_bounded_interpolation,0.494941,False,bounded_interpolation,cam0_A26,cam0_A27,,,frozen_query_path_adjacent_acceptance_interpolation
cam0,2004,1956,0.50,uncalibrated_bounded_interpolation,0.494941,False,bounded_interpolation,cam0_A26,cam0_A27,,,frozen_query_path_adjacent_acceptance_interpolation
cam0,2005,1957,0.50,uncalibrated_bounded_interpolation,0.494941,False,bounded_interpolation,cam0_A26,cam0_A27,,,frozen_query_path_adjacent_acceptance_interpolation
cam0,2006,1958,0.50,uncalibrated_bounded_interpolation,0.494941,False,bounded_interpolation,cam0_A26,cam0_A27,,,frozen_query_path_adjacent_acceptance_interpolation
cam0,2007,1959,0.50,uncalibrated_bounded_interpolation,0.494941,False,bounded_interpolation,cam0_A26,cam0_A27,,,frozen_query_path_adjacent_acceptance_interpolation
cam0,2008,1960,0.50,uncalibrated_bounded_interpolation,0.494941,False,bounded_interpolation,cam0_A26,cam0_A27,,,frozen_query_path_adjacent_acceptance_interpolation
cam0,2009,1961,0.50,uncalibrated_bounded_interpolation,0.494941,False,bounded_interpolation,cam0_A26,cam0_A27,,,frozen_query_path_adjacent_acceptance_interpolation
cam0,2010,1962,0.50,uncalibrated_bounded_interpolation,0.494941,False,bounded_interpolation,cam0_A26,cam0_A27,,,frozen_query_path_adjacent_acceptance_interpolation
cam0,2011,1963,0.50,uncalibrated_bounded_interpolation,0.494941,False,bounded_interpolation,cam0_A26,cam0_A27,,,frozen_query_path_adjacent_acceptance_interpolation
cam0,2012,1964,0.50,uncalibrated_bounded_interpolation,0.494941,False,bounded_interpolation,cam0_A26,cam0_A27,,,frozen_query_path_adjacent_acceptance_interpolation
cam0,2013,1965,0.50,uncalibrated_bounded_interpolation,0.494941,False,bounded_interpolation,cam0_A26,cam0_A27,,,frozen_query_path_adjacent_acceptance_interpolation
cam0,2014,1966,0.50,uncalibrated_bounded_interpolation,0.494941,False,bounded_interpolation,cam0_A26,cam0_A27,,,frozen_query_path_adjacent_acceptance_interpolation
cam0,2015,1967,0.50,uncalibrated_bounded_interpolation,0.494941,False,bounded_interpolation,cam0_A26,cam0_A27,,,frozen_query_path_adjacent_acceptance_interpolation
cam0,2016,1968,0.50,uncalibrated_bounded_interpolation,0.494941,False,bounded_interpolation,cam0_A26,cam0_A27,,,frozen_query_path_adjacent_acceptance_interpolation
cam0,2017,1969,0.50,uncalibrated_bounded_interpolation,0.494941,False,bounded_interpolation,cam0_A26,cam0_A27,,,frozen_query_path_adjacent_acceptance_interpolation
cam0,2018,1970,0.50,uncalibrated_bounded_interpolation,0.494941,False,bounded_interpolation,cam0_A26,cam0_A27,,,frozen_query_path_adjacent_acceptance_interpolation
cam0,2019,1971,0.50,uncalibrated_bounded_interpolation,0.494941,False,bounded_interpolation,cam0_A26,cam0_A27,,,frozen_query_path_adjacent_acceptance_interpolation
cam0,2020,1973,0.50,uncalibrated_bounded_interpolation,0.494941,False,bounded_interpolation,cam0_A26,cam0_A27,,,frozen_query_path_adjacent_acceptance_interpolation
cam0,2021,1974,0.50,uncalibrated_bounded_interpolation,0.494941,False,bounded_interpolation,cam0_A26,cam0_A27,,,frozen_query_path_adjacent_acceptance_interpolation
cam0,2022,1975,0.50,uncalibrated_bounded_interpolation,0.494941,False,bounded_interpolation,cam0_A26,cam0_A27,,,frozen_query_path_adjacent_acceptance_interpolation
cam0,2023,1976,0.50,uncalibrated_bounded_interpolation,0.494941,False,bounded_interpolation,cam0_A26,cam0_A27,,,frozen_query_path_adjacent_acceptance_interpolation
cam0,2024,1977,0.50,uncalibrated_bounded_interpolation,0.494941,False,bounded_interpolation,cam0_A26,cam0_A27,,,frozen_query_path_adjacent_acceptance_interpolation
cam0,2025,1978,0.50,uncalibrated_bounded_interpolation,0.494941,False,bounded_interpolation,cam0_A26,cam0_A27,,,frozen_query_path_adjacent_acceptance_interpolation
cam0,2026,1979,0.50,uncalibrated_bounded_interpolation,0.494941,False,bounded_interpolation,cam0_A26,cam0_A27,,,frozen_query_path_adjacent_acceptance_interpolation
cam0,2027,1980,0.50,uncalibrated_bounded_interpolation,0.494941,False,bounded_interpolation,cam0_A26,cam0_A27,,,frozen_query_path_adjacent_acceptance_interpolation
cam0,2028,1981,1.00,uncalibrated_geometry_anchor,0.802083,False,geometry_supported_anchor,cam0_A27,cam0_A27,cam0_A27,match_unverified_geometry_supported,frozen_query_path_adjacent_acceptance_interpolation
cam0,2029,1982,0.50,uncalibrated_bounded_interpolation,0.802083,False,bounded_interpolation,cam0_A27,cam0_A28,,,frozen_query_path_adjacent_acceptance_interpolation
cam0,2030,1983,0.50,uncalibrated_bounded_interpolation,0.802083,False,bounded_interpolation,cam0_A27,cam0_A28,,,frozen_query_path_adjacent_acceptance_interpolation
cam0,2031,1984,0.50,uncalibrated_bounded_interpolation,0.802083,False,bounded_interpolation,cam0_A27,cam0_A28,,,frozen_query_path_adjacent_acceptance_interpolation
cam0,2032,1985,0.50,uncalibrated_bounded_interpolation,0.802083,False,bounded_interpolation,cam0_A27,cam0_A28,,,frozen_query_path_adjacent_acceptance_interpolation
cam0,2033,1987,0.50,uncalibrated_bounded_interpolation,0.802083,False,bounded_interpolation,cam0_A27,cam0_A28,,,frozen_query_path_adjacent_acceptance_interpolation
cam0,2034,1988,0.50,uncalibrated_bounded_interpolation,0.802083,False,bounded_interpolation,cam0_A27,cam0_A28,,,frozen_query_path_adjacent_acceptance_interpolation
cam0,2035,1989,0.50,uncalibrated_bounded_interpolation,0.802083,False,bounded_interpolation,cam0_A27,cam0_A28,,,frozen_query_path_adjacent_acceptance_interpolation
cam0,2036,1990,0.50,uncalibrated_bounded_interpolation,0.802083,False,bounded_interpolation,cam0_A27,cam0_A28,,,frozen_query_path_adjacent_acceptance_interpolation
cam0,2037,1991,0.50,uncalibrated_bounded_interpolation,0.802083,False,bounded_interpolation,cam0_A27,cam0_A28,,,frozen_query_path_adjacent_acceptance_interpolation
cam0,2038,1992,0.50,uncalibrated_bounded_interpolation,0.802083,False,bounded_interpolation,cam0_A27,cam0_A28,,,frozen_query_path_adjacent_acceptance_interpolation
cam0,2039,1993,0.50,uncalibrated_bounded_interpolation,0.802083,False,bounded_interpolation,cam0_A27,cam0_A28,,,frozen_query_path_adjacent_acceptance_interpolation
cam0,2040,1994,0.50,uncalibrated_bounded_interpolation,0.802083,False,bounded_interpolation,cam0_A27,cam0_A28,,,frozen_query_path_adjacent_acceptance_interpolation
cam0,2041,1996,0.50,uncalibrated_bounded_interpolation,0.802083,False,bounded_interpolation,cam0_A27,cam0_A28,,,frozen_query_path_adjacent_acceptance_interpolation
cam0,2042,1997,0.50,uncalibrated_bounded_interpolation,0.802083,False,bounded_interpolation,cam0_A27,cam0_A28,,,frozen_query_path_adjacent_acceptance_interpolation
cam0,2043,1998,0.50,uncalibrated_bounded_interpolation,0.802083,False,bounded_interpolation,cam0_A27,cam0_A28,,,frozen_query_path_adjacent_acceptance_interpolation
cam0,2044,1999,0.50,uncalibrated_bounded_interpolation,0.802083,False,bounded_interpolation,cam0_A27,cam0_A28,,,frozen_query_path_adjacent_acceptance_interpolation
cam0,2045,2000,0.50,uncalibrated_bounded_interpolation,0.802083,False,bounded_interpolation,cam0_A27,cam0_A28,,,frozen_query_path_adjacent_acceptance_interpolation
cam0,2046,2001,0.50,uncalibrated_bounded_interpolation,0.802083,False,bounded_interpolation,cam0_A27,cam0_A28,,,frozen_query_path_adjacent_acceptance_interpolation
cam0,2047,2002,0.50,uncalibrated_bounded_interpolation,0.802083,False,bounded_interpolation,cam0_A27,cam0_A28,,,frozen_query_path_adjacent_acceptance_interpolation
cam0,2048,2003,0.50,uncalibrated_bounded_interpolation,0.802083,False,bounded_interpolation,cam0_A27,cam0_A28,,,frozen_query_path_adjacent_acceptance_interpolation
cam0,2049,2005,0.50,uncalibrated_bounded_interpolation,0.802083,False,bounded_interpolation,cam0_A27,cam0_A28,,,frozen_query_path_adjacent_acceptance_interpolation
cam0,2050,2006,0.50,uncalibrated_bounded_interpolation,0.802083,False,bounded_interpolation,cam0_A27,cam0_A28,,,frozen_query_path_adjacent_acceptance_interpolation
cam0,2051,2007,0.50,uncalibrated_bounded_interpolation,0.802083,False,bounded_interpolation,cam0_A27,cam0_A28,,,frozen_query_path_adjacent_acceptance_interpolation
cam0,2052,2008,0.50,uncalibrated_bounded_interpolation,0.802083,False,bounded_interpolation,cam0_A27,cam0_A28,,,frozen_query_path_adjacent_acceptance_interpolation
cam0,2053,2009,0.50,uncalibrated_bounded_interpolation,0.802083,False,bounded_interpolation,cam0_A27,cam0_A28,,,frozen_query_path_adjacent_acceptance_interpolation
cam0,2054,2010,0.50,uncalibrated_bounded_interpolation,0.802083,False,bounded_interpolation,cam0_A27,cam0_A28,,,frozen_query_path_adjacent_acceptance_interpolation
cam0,2055,2011,0.50,uncalibrated_bounded_interpolation,0.802083,False,bounded_interpolation,cam0_A27,cam0_A28,,,frozen_query_path_adjacent_acceptance_interpolation
cam0,2056,2012,0.50,uncalibrated_bounded_interpolation,0.802083,False,bounded_interpolation,cam0_A27,cam0_A28,,,frozen_query_path_adjacent_acceptance_interpolation
cam0,2057,2013,0.50,uncalibrated_bounded_interpolation,0.802083,False,bounded_interpolation,cam0_A27,cam0_A28,,,frozen_query_path_adjacent_acceptance_interpolation
cam0,2058,2015,0.50,uncalibrated_bounded_interpolation,0.802083,False,bounded_interpolation,cam0_A27,cam0_A28,,,frozen_query_path_adjacent_acceptance_interpolation
cam0,2059,2016,0.50,uncalibrated_bounded_interpolation,0.802083,False,bounded_interpolation,cam0_A27,cam0_A28,,,frozen_query_path_adjacent_acceptance_interpolation
cam0,2060,2017,0.50,uncalibrated_bounded_interpolation,0.802083,False,bounded_interpolation,cam0_A27,cam0_A28,,,frozen_query_path_adjacent_acceptance_interpolation
cam0,2061,2018,0.50,uncalibrated_bounded_interpolation,0.802083,False,bounded_interpolation,cam0_A27,cam0_A28,,,frozen_query_path_adjacent_acceptance_interpolation
cam0,2062,2019,0.50,uncalibrated_bounded_interpolation,0.802083,False,bounded_interpolation,cam0_A27,cam0_A28,,,frozen_query_path_adjacent_acceptance_interpolation
cam0,2063,2020,0.50,uncalibrated_bounded_interpolation,0.802083,False,bounded_interpolation,cam0_A27,cam0_A28,,,frozen_query_path_adjacent_acceptance_interpolation
cam0,2064,2021,0.50,uncalibrated_bounded_interpolation,0.802083,False,bounded_interpolation,cam0_A27,cam0_A28,,,frozen_query_path_adjacent_acceptance_interpolation
cam0,2065,2022,0.50,uncalibrated_bounded_interpolation,0.802083,False,bounded_interpolation,cam0_A27,cam0_A28,,,frozen_query_path_adjacent_acceptance_interpolation
cam0,2066,2024,0.50,uncalibrated_bounded_interpolation,0.802083,False,bounded_interpolation,cam0_A27,cam0_A28,,,frozen_query_path_adjacent_acceptance_interpolation
cam0,2067,2025,0.50,uncalibrated_bounded_interpolation,0.802083,False,bounded_interpolation,cam0_A27,cam0_A28,,,frozen_query_path_adjacent_acceptance_interpolation
cam0,2068,2026,0.50,uncalibrated_bounded_interpolation,0.802083,False,bounded_interpolation,cam0_A27,cam0_A28,,,frozen_query_path_adjacent_acceptance_interpolation
cam0,2069,2027,0.50,uncalibrated_bounded_interpolation,0.802083,False,bounded_interpolation,cam0_A27,cam0_A28,,,frozen_query_path_adjacent_acceptance_interpolation
cam0,2070,2028,0.50,uncalibrated_bounded_interpolation,0.802083,False,bounded_interpolation,cam0_A27,cam0_A28,,,frozen_query_path_adjacent_acceptance_interpolation
cam0,2071,2029,0.50,uncalibrated_bounded_interpolation,0.802083,False,bounded_interpolation,cam0_A27,cam0_A28,,,frozen_query_path_adjacent_acceptance_interpolation
cam0,2072,2030,0.50,uncalibrated_bounded_interpolation,0.802083,False,bounded_interpolation,cam0_A27,cam0_A28,,,frozen_query_path_adjacent_acceptance_interpolation
cam0,2073,2031,0.50,uncalibrated_bounded_interpolation,0.802083,False,bounded_interpolation,cam0_A27,cam0_A28,,,frozen_query_path_adjacent_acceptance_interpolation
cam0,2074,2033,0.50,uncalibrated_bounded_interpolation,0.802083,False,bounded_interpolation,cam0_A27,cam0_A28,,,frozen_query_path_adjacent_acceptance_interpolation
cam0,2075,2034,0.50,uncalibrated_bounded_interpolation,0.802083,False,bounded_interpolation,cam0_A27,cam0_A28,,,frozen_query_path_adjacent_acceptance_interpolation
cam0,2076,2035,0.50,uncalibrated_bounded_interpolation,0.802083,False,bounded_interpolation,cam0_A27,cam0_A28,,,frozen_query_path_adjacent_acceptance_interpolation
cam0,2077,2036,0.50,uncalibrated_bounded_interpolation,0.802083,False,bounded_interpolation,cam0_A27,cam0_A28,,,frozen_query_path_adjacent_acceptance_interpolation
cam0,2078,2037,0.50,uncalibrated_bounded_interpolation,0.802083,False,bounded_interpolation,cam0_A27,cam0_A28,,,frozen_query_path_adjacent_acceptance_interpolation
cam0,2079,2038,0.50,uncalibrated_bounded_interpolation,0.802083,False,bounded_interpolation,cam0_A27,cam0_A28,,,frozen_query_path_adjacent_acceptance_interpolation
cam0,2080,2039,0.50,uncalibrated_bounded_interpolation,0.802083,False,bounded_interpolation,cam0_A27,cam0_A28,,,frozen_query_path_adjacent_acceptance_interpolation
cam0,2081,2040,0.50,uncalibrated_bounded_interpolation,0.802083,False,bounded_interpolation,cam0_A27,cam0_A28,,,frozen_query_path_adjacent_acceptance_interpolation
cam0,2082,2041,0.50,uncalibrated_bounded_interpolation,0.802083,False,bounded_interpolation,cam0_A27,cam0_A28,,,frozen_query_path_adjacent_acceptance_interpolation
cam0,2083,2043,0.50,uncalibrated_bounded_interpolation,0.802083,False,bounded_interpolation,cam0_A27,cam0_A28,,,frozen_query_path_adjacent_acceptance_interpolation
cam0,2084,2044,0.50,uncalibrated_bounded_interpolation,0.802083,False,bounded_interpolation,cam0_A27,cam0_A28,,,frozen_query_path_adjacent_acceptance_interpolation
cam0,2085,2045,0.50,uncalibrated_bounded_interpolation,0.802083,False,bounded_interpolation,cam0_A27,cam0_A28,,,frozen_query_path_adjacent_acceptance_interpolation
cam0,2086,2046,0.50,uncalibrated_bounded_interpolation,0.802083,False,bounded_interpolation,cam0_A27,cam0_A28,,,frozen_query_path_adjacent_acceptance_interpolation
cam0,2087,2047,0.50,uncalibrated_bounded_interpolation,0.802083,False,bounded_interpolation,cam0_A27,cam0_A28,,,frozen_query_path_adjacent_acceptance_interpolation
cam0,2088,2048,0.50,uncalibrated_bounded_interpolation,0.802083,False,bounded_interpolation,cam0_A27,cam0_A28,,,frozen_query_path_adjacent_acceptance_interpolation
cam0,2089,2049,0.50,uncalibrated_bounded_interpolation,0.802083,False,bounded_interpolation,cam0_A27,cam0_A28,,,frozen_query_path_adjacent_acceptance_interpolation
cam0,2090,2050,0.50,uncalibrated_bounded_interpolation,0.802083,False,bounded_interpolation,cam0_A27,cam0_A28,,,frozen_query_path_adjacent_acceptance_interpolation
cam0,2091,2052,0.50,uncalibrated_bounded_interpolation,0.802083,False,bounded_interpolation,cam0_A27,cam0_A28,,,frozen_query_path_adjacent_acceptance_interpolation
cam0,2092,2053,0.50,uncalibrated_bounded_interpolation,0.802083,False,bounded_interpolation,cam0_A27,cam0_A28,,,frozen_query_path_adjacent_acceptance_interpolation
cam0,2093,2054,0.50,uncalibrated_bounded_interpolation,0.802083,False,bounded_interpolation,cam0_A27,cam0_A28,,,frozen_query_path_adjacent_acceptance_interpolation
cam0,2094,2055,0.50,uncalibrated_bounded_interpolation,0.802083,False,bounded_interpolation,cam0_A27,cam0_A28,,,frozen_query_path_adjacent_acceptance_interpolation
cam0,2095,2056,0.50,uncalibrated_bounded_interpolation,0.802083,False,bounded_interpolation,cam0_A27,cam0_A28,,,frozen_query_path_adjacent_acceptance_interpolation
cam0,2096,2057,0.50,uncalibrated_bounded_interpolation,0.802083,False,bounded_interpolation,cam0_A27,cam0_A28,,,frozen_query_path_adjacent_acceptance_interpolation
cam0,2097,2058,0.50,uncalibrated_bounded_interpolation,0.802083,False,bounded_interpolation,cam0_A27,cam0_A28,,,frozen_query_path_adjacent_acceptance_interpolation
cam0,2098,2059,0.50,uncalibrated_bounded_interpolation,0.802083,False,bounded_interpolation,cam0_A27,cam0_A28,,,frozen_query_path_adjacent_acceptance_interpolation
cam0,2099,2061,0.50,uncalibrated_bounded_interpolation,0.802083,False,bounded_interpolation,cam0_A27,cam0_A28,,,frozen_query_path_adjacent_acceptance_interpolation
cam0,2100,2062,0.50,uncalibrated_bounded_interpolation,0.802083,False,bounded_interpolation,cam0_A27,cam0_A28,,,frozen_query_path_adjacent_acceptance_interpolation
cam0,2101,2063,0.50,uncalibrated_bounded_interpolation,0.802083,False,bounded_interpolation,cam0_A27,cam0_A28,,,frozen_query_path_adjacent_acceptance_interpolation
cam0,2102,2064,0.50,uncalibrated_bounded_interpolation,0.802083,False,bounded_interpolation,cam0_A27,cam0_A28,,,frozen_query_path_adjacent_acceptance_interpolation
cam0,2103,2065,1.00,uncalibrated_geometry_anchor,0.889744,False,geometry_supported_anchor,cam0_A28,cam0_A28,cam0_A28,match_unverified_geometry_supported,frozen_query_path_adjacent_acceptance_interpolation
cam0,2104,2066,0.50,uncalibrated_bounded_interpolation,0.589368,False,bounded_interpolation,cam0_A28,cam0_A29,,,frozen_query_path_adjacent_acceptance_interpolation
cam0,2105,2067,0.50,uncalibrated_bounded_interpolation,0.589368,False,bounded_interpolation,cam0_A28,cam0_A29,,,frozen_query_path_adjacent_acceptance_interpolation
cam0,2106,2068,0.50,uncalibrated_bounded_interpolation,0.589368,False,bounded_interpolation,cam0_A28,cam0_A29,,,frozen_query_path_adjacent_acceptance_interpolation
cam0,2107,2069,0.50,uncalibrated_bounded_interpolation,0.589368,False,bounded_interpolation,cam0_A28,cam0_A29,,,frozen_query_path_adjacent_acceptance_interpolation
cam0,2108,2070,0.50,uncalibrated_bounded_interpolation,0.589368,False,bounded_interpolation,cam0_A28,cam0_A29,,,frozen_query_path_adjacent_acceptance_interpolation
cam0,2109,2071,0.50,uncalibrated_bounded_interpolation,0.589368,False,bounded_interpolation,cam0_A28,cam0_A29,,,frozen_query_path_adjacent_acceptance_interpolation
cam0,2110,2072,0.50,uncalibrated_bounded_interpolation,0.589368,False,bounded_interpolation,cam0_A28,cam0_A29,,,frozen_query_path_adjacent_acceptance_interpolation
cam0,2111,2073,0.50,uncalibrated_bounded_interpolation,0.589368,False,bounded_interpolation,cam0_A28,cam0_A29,,,frozen_query_path_adjacent_acceptance_interpolation
cam0,2112,2074,0.50,uncalibrated_bounded_interpolation,0.589368,False,bounded_interpolation,cam0_A28,cam0_A29,,,frozen_query_path_adjacent_acceptance_interpolation
cam0,2113,2075,0.50,uncalibrated_bounded_interpolation,0.589368,False,bounded_interpolation,cam0_A28,cam0_A29,,,frozen_query_path_adjacent_acceptance_interpolation
cam0,2114,2076,0.50,uncalibrated_bounded_interpolation,0.589368,False,bounded_interpolation,cam0_A28,cam0_A29,,,frozen_query_path_adjacent_acceptance_interpolation
cam0,2115,2077,0.50,uncalibrated_bounded_interpolation,0.589368,False,bounded_interpolation,cam0_A28,cam0_A29,,,frozen_query_path_adjacent_acceptance_interpolation
cam0,2116,2078,0.50,uncalibrated_bounded_interpolation,0.589368,False,bounded_interpolation,cam0_A28,cam0_A29,,,frozen_query_path_adjacent_acceptance_interpolation
cam0,2117,2079,0.50,uncalibrated_bounded_interpolation,0.589368,False,bounded_interpolation,cam0_A28,cam0_A29,,,frozen_query_path_adjacent_acceptance_interpolation
cam0,2118,2080,0.50,uncalibrated_bounded_interpolation,0.589368,False,bounded_interpolation,cam0_A28,cam0_A29,,,frozen_query_path_adjacent_acceptance_interpolation
cam0,2119,2081,0.50,uncalibrated_bounded_interpolation,0.589368,False,bounded_interpolation,cam0_A28,cam0_A29,,,frozen_query_path_adjacent_acceptance_interpolation
cam0,2120,2082,0.50,uncalibrated_bounded_interpolation,0.589368,False,bounded_interpolation,cam0_A28,cam0_A29,,,frozen_query_path_adjacent_acceptance_interpolation
cam0,2121,2083,0.50,uncalibrated_bounded_interpolation,0.589368,False,bounded_interpolation,cam0_A28,cam0_A29,,,frozen_query_path_adjacent_acceptance_interpolation
cam0,2122,2085,0.50,uncalibrated_bounded_interpolation,0.589368,False,bounded_interpolation,cam0_A28,cam0_A29,,,frozen_query_path_adjacent_acceptance_interpolation
cam0,2123,2086,0.50,uncalibrated_bounded_interpolation,0.589368,False,bounded_interpolation,cam0_A28,cam0_A29,,,frozen_query_path_adjacent_acceptance_interpolation
cam0,2124,2087,0.50,uncalibrated_bounded_interpolation,0.589368,False,bounded_interpolation,cam0_A28,cam0_A29,,,frozen_query_path_adjacent_acceptance_interpolation
cam0,2125,2088,0.50,uncalibrated_bounded_interpolation,0.589368,False,bounded_interpolation,cam0_A28,cam0_A29,,,frozen_query_path_adjacent_acceptance_interpolation
cam0,2126,2089,0.50,uncalibrated_bounded_interpolation,0.589368,False,bounded_interpolation,cam0_A28,cam0_A29,,,frozen_query_path_adjacent_acceptance_interpolation
cam0,2127,2090,0.50,uncalibrated_bounded_interpolation,0.589368,False,bounded_interpolation,cam0_A28,cam0_A29,,,frozen_query_path_adjacent_acceptance_interpolation
cam0,2128,2091,0.50,uncalibrated_bounded_interpolation,0.589368,False,bounded_interpolation,cam0_A28,cam0_A29,,,frozen_query_path_adjacent_acceptance_interpolation
cam0,2129,2092,0.50,uncalibrated_bounded_interpolation,0.589368,False,bounded_interpolation,cam0_A28,cam0_A29,,,frozen_query_path_adjacent_acceptance_interpolation
cam0,2130,2093,0.50,uncalibrated_bounded_interpolation,0.589368,False,bounded_interpolation,cam0_A28,cam0_A29,,,frozen_query_path_adjacent_acceptance_interpolation
cam0,2131,2094,0.50,uncalibrated_bounded_interpolation,0.589368,False,bounded_interpolation,cam0_A28,cam0_A29,,,frozen_query_path_adjacent_acceptance_interpolation
cam0,2132,2095,0.50,uncalibrated_bounded_interpolation,0.589368,False,bounded_interpolation,cam0_A28,cam0_A29,,,frozen_query_path_adjacent_acceptance_interpolation
cam0,2133,2096,0.50,uncalibrated_bounded_interpolation,0.589368,False,bounded_interpolation,cam0_A28,cam0_A29,,,frozen_query_path_adjacent_acceptance_interpolation
cam0,2134,2097,0.50,uncalibrated_bounded_interpolation,0.589368,False,bounded_interpolation,cam0_A28,cam0_A29,,,frozen_query_path_adjacent_acceptance_interpolation
cam0,2135,2098,0.50,uncalibrated_bounded_interpolation,0.589368,False,bounded_interpolation,cam0_A28,cam0_A29,,,frozen_query_path_adjacent_acceptance_interpolation
cam0,2136,2099,0.50,uncalibrated_bounded_interpolation,0.589368,False,bounded_interpolation,cam0_A28,cam0_A29,,,frozen_query_path_adjacent_acceptance_interpolation
cam0,2137,2100,0.50,uncalibrated_bounded_interpolation,0.589368,False,bounded_interpolation,cam0_A28,cam0_A29,,,frozen_query_path_adjacent_acceptance_interpolation
cam0,2138,2101,0.50,uncalibrated_bounded_interpolation,0.589368,False,bounded_interpolation,cam0_A28,cam0_A29,,,frozen_query_path_adjacent_acceptance_interpolation
cam0,2139,2102,0.50,uncalibrated_bounded_interpolation,0.589368,False,bounded_interpolation,cam0_A28,cam0_A29,,,frozen_query_path_adjacent_acceptance_interpolation
cam0,2140,2103,0.50,uncalibrated_bounded_interpolation,0.589368,False,bounded_interpolation,cam0_A28,cam0_A29,,,frozen_query_path_adjacent_acceptance_interpolation
cam0,2141,2104,0.50,uncalibrated_bounded_interpolation,0.589368,False,bounded_interpolation,cam0_A28,cam0_A29,,,frozen_query_path_adjacent_acceptance_interpolation
cam0,2142,2105,0.50,uncalibrated_bounded_interpolation,0.589368,False,bounded_interpolation,cam0_A28,cam0_A29,,,frozen_query_path_adjacent_acceptance_interpolation
cam0,2143,2106,0.50,uncalibrated_bounded_interpolation,0.589368,False,bounded_interpolation,cam0_A28,cam0_A29,,,frozen_query_path_adjacent_acceptance_interpolation
cam0,2144,2107,0.50,uncalibrated_bounded_interpolation,0.589368,False,bounded_interpolation,cam0_A28,cam0_A29,,,frozen_query_path_adjacent_acceptance_interpolation
cam0,2145,2108,0.50,uncalibrated_bounded_interpolation,0.589368,False,bounded_interpolation,cam0_A28,cam0_A29,,,frozen_query_path_adjacent_acceptance_interpolation
cam0,2146,2109,0.50,uncalibrated_bounded_interpolation,0.589368,False,bounded_interpolation,cam0_A28,cam0_A29,,,frozen_query_path_adjacent_acceptance_interpolation
cam0,2147,2110,0.50,uncalibrated_bounded_interpolation,0.589368,False,bounded_interpolation,cam0_A28,cam0_A29,,,frozen_query_path_adjacent_acceptance_interpolation
cam0,2148,2111,0.50,uncalibrated_bounded_interpolation,0.589368,False,bounded_interpolation,cam0_A28,cam0_A29,,,frozen_query_path_adjacent_acceptance_interpolation
cam0,2149,2112,0.50,uncalibrated_bounded_interpolation,0.589368,False,bounded_interpolation,cam0_A28,cam0_A29,,,frozen_query_path_adjacent_acceptance_interpolation
cam0,2150,2113,0.50,uncalibrated_bounded_interpolation,0.589368,False,bounded_interpolation,cam0_A28,cam0_A29,,,frozen_query_path_adjacent_acceptance_interpolation
cam0,2151,2114,0.50,uncalibrated_bounded_interpolation,0.589368,False,bounded_interpolation,cam0_A28,cam0_A29,,,frozen_query_path_adjacent_acceptance_interpolation
cam0,2152,2115,0.50,uncalibrated_bounded_interpolation,0.589368,False,bounded_interpolation,cam0_A28,cam0_A29,,,frozen_query_path_adjacent_acceptance_interpolation
cam0,2153,2116,0.50,uncalibrated_bounded_interpolation,0.589368,False,bounded_interpolation,cam0_A28,cam0_A29,,,frozen_query_path_adjacent_acceptance_interpolation
cam0,2154,2117,0.50,uncalibrated_bounded_interpolation,0.589368,False,bounded_interpolation,cam0_A28,cam0_A29,,,frozen_query_path_adjacent_acceptance_interpolation
cam0,2155,2118,0.50,uncalibrated_bounded_interpolation,0.589368,False,bounded_interpolation,cam0_A28,cam0_A29,,,frozen_query_path_adjacent_acceptance_interpolation
cam0,2156,2119,0.50,uncalibrated_bounded_interpolation,0.589368,False,bounded_interpolation,cam0_A28,cam0_A29,,,frozen_query_path_adjacent_acceptance_interpolation
cam0,2157,2120,0.50,uncalibrated_bounded_interpolation,0.589368,False,bounded_interpolation,cam0_A28,cam0_A29,,,frozen_query_path_adjacent_acceptance_interpolation
cam0,2158,2121,0.50,uncalibrated_bounded_interpolation,0.589368,False,bounded_interpolation,cam0_A28,cam0_A29,,,frozen_query_path_adjacent_acceptance_interpolation
cam0,2159,2123,0.50,uncalibrated_bounded_interpolation,0.589368,False,bounded_interpolation,cam0_A28,cam0_A29,,,frozen_query_path_adjacent_acceptance_interpolation
cam0,2160,2124,0.50,uncalibrated_bounded_interpolation,0.589368,False,bounded_interpolation,cam0_A28,cam0_A29,,,frozen_query_path_adjacent_acceptance_interpolation
cam0,2161,2125,0.50,uncalibrated_bounded_interpolation,0.589368,False,bounded_interpolation,cam0_A28,cam0_A29,,,frozen_query_path_adjacent_acceptance_interpolation
cam0,2162,2126,0.50,uncalibrated_bounded_interpolation,0.589368,False,bounded_interpolation,cam0_A28,cam0_A29,,,frozen_query_path_adjacent_acceptance_interpolation
cam0,2163,2127,0.50,uncalibrated_bounded_interpolation,0.589368,False,bounded_interpolation,cam0_A28,cam0_A29,,,frozen_query_path_adjacent_acceptance_interpolation
cam0,2164,2128,0.50,uncalibrated_bounded_interpolation,0.589368,False,bounded_interpolation,cam0_A28,cam0_A29,,,frozen_query_path_adjacent_acceptance_interpolation
cam0,2165,2129,0.50,uncalibrated_bounded_interpolation,0.589368,False,bounded_interpolation,cam0_A28,cam0_A29,,,frozen_query_path_adjacent_acceptance_interpolation
cam0,2166,2130,0.50,uncalibrated_bounded_interpolation,0.589368,False,bounded_interpolation,cam0_A28,cam0_A29,,,frozen_query_path_adjacent_acceptance_interpolation
cam0,2167,2131,0.50,uncalibrated_bounded_interpolation,0.589368,False,bounded_interpolation,cam0_A28,cam0_A29,,,frozen_query_path_adjacent_acceptance_interpolation
cam0,2168,2132,0.50,uncalibrated_bounded_interpolation,0.589368,False,bounded_interpolation,cam0_A28,cam0_A29,,,frozen_query_path_adjacent_acceptance_interpolation
cam0,2169,2133,0.50,uncalibrated_bounded_interpolation,0.589368,False,bounded_interpolation,cam0_A28,cam0_A29,,,frozen_query_path_adjacent_acceptance_interpolation
cam0,2170,2134,0.50,uncalibrated_bounded_interpolation,0.589368,False,bounded_interpolation,cam0_A28,cam0_A29,,,frozen_query_path_adjacent_acceptance_interpolation
cam0,2171,2135,0.50,uncalibrated_bounded_interpolation,0.589368,False,bounded_interpolation,cam0_A28,cam0_A29,,,frozen_query_path_adjacent_acceptance_interpolation
cam0,2172,2136,0.50,uncalibrated_bounded_interpolation,0.589368,False,bounded_interpolation,cam0_A28,cam0_A29,,,frozen_query_path_adjacent_acceptance_interpolation
cam0,2173,2137,0.50,uncalibrated_bounded_interpolation,0.589368,False,bounded_interpolation,cam0_A28,cam0_A29,,,frozen_query_path_adjacent_acceptance_interpolation
cam0,2174,2138,0.50,uncalibrated_bounded_interpolation,0.589368,False,bounded_interpolation,cam0_A28,cam0_A29,,,frozen_query_path_adjacent_acceptance_interpolation
cam0,2175,2139,0.50,uncalibrated_bounded_interpolation,0.589368,False,bounded_interpolation,cam0_A28,cam0_A29,,,frozen_query_path_adjacent_acceptance_interpolation
cam0,2176,2140,0.50,uncalibrated_bounded_interpolation,0.589368,False,bounded_interpolation,cam0_A28,cam0_A29,,,frozen_query_path_adjacent_acceptance_interpolation
cam0,2177,2141,1.00,uncalibrated_geometry_anchor,0.589368,False,geometry_supported_anchor,cam0_A29,cam0_A29,cam0_A29,match_unverified_geometry_supported,frozen_query_path_adjacent_acceptance_interpolation
cam0,2178,2142,0.50,uncalibrated_bounded_interpolation,0.589368,False,bounded_interpolation,cam0_A29,cam0_A30,,,frozen_query_path_adjacent_acceptance_interpolation
cam0,2179,2143,0.50,uncalibrated_bounded_interpolation,0.589368,False,bounded_interpolation,cam0_A29,cam0_A30,,,frozen_query_path_adjacent_acceptance_interpolation
cam0,2180,2144,0.50,uncalibrated_bounded_interpolation,0.589368,False,bounded_interpolation,cam0_A29,cam0_A30,,,frozen_query_path_adjacent_acceptance_interpolation
cam0,2181,2145,0.50,uncalibrated_bounded_interpolation,0.589368,False,bounded_interpolation,cam0_A29,cam0_A30,,,frozen_query_path_adjacent_acceptance_interpolation
cam0,2182,2146,0.50,uncalibrated_bounded_interpolation,0.589368,False,bounded_interpolation,cam0_A29,cam0_A30,,,frozen_query_path_adjacent_acceptance_interpolation
cam0,2183,2147,0.50,uncalibrated_bounded_interpolation,0.589368,False,bounded_interpolation,cam0_A29,cam0_A30,,,frozen_query_path_adjacent_acceptance_interpolation
cam0,2184,2148,0.50,uncalibrated_bounded_interpolation,0.589368,False,bounded_interpolation,cam0_A29,cam0_A30,,,frozen_query_path_adjacent_acceptance_interpolation
cam0,2185,2149,0.50,uncalibrated_bounded_interpolation,0.589368,False,bounded_interpolation,cam0_A29,cam0_A30,,,frozen_query_path_adjacent_acceptance_interpolation
cam0,2186,2150,0.50,uncalibrated_bounded_interpolation,0.589368,False,bounded_interpolation,cam0_A29,cam0_A30,,,frozen_query_path_adjacent_acceptance_interpolation
cam0,2187,2151,0.50,uncalibrated_bounded_interpolation,0.589368,False,bounded_interpolation,cam0_A29,cam0_A30,,,frozen_query_path_adjacent_acceptance_interpolation
cam0,2188,2152,0.50,uncalibrated_bounded_interpolation,0.589368,False,bounded_interpolation,cam0_A29,cam0_A30,,,frozen_query_path_adjacent_acceptance_interpolation
cam0,2189,2153,0.50,uncalibrated_bounded_interpolation,0.589368,False,bounded_interpolation,cam0_A29,cam0_A30,,,frozen_query_path_adjacent_acceptance_interpolation
cam0,2190,2154,0.50,uncalibrated_bounded_interpolation,0.589368,False,bounded_interpolation,cam0_A29,cam0_A30,,,frozen_query_path_adjacent_acceptance_interpolation
cam0,2191,2155,0.50,uncalibrated_bounded_interpolation,0.589368,False,bounded_interpolation,cam0_A29,cam0_A30,,,frozen_query_path_adjacent_acceptance_interpolation
cam0,2192,2156,0.50,uncalibrated_bounded_interpolation,0.589368,False,bounded_interpolation,cam0_A29,cam0_A30,,,frozen_query_path_adjacent_acceptance_interpolation
cam0,2193,2157,0.50,uncalibrated_bounded_interpolation,0.589368,False,bounded_interpolation,cam0_A29,cam0_A30,,,frozen_query_path_adjacent_acceptance_interpolation
cam0,2194,2158,0.50,uncalibrated_bounded_interpolation,0.589368,False,bounded_interpolation,cam0_A29,cam0_A30,,,frozen_query_path_adjacent_acceptance_interpolation
cam0,2195,2159,0.50,uncalibrated_bounded_interpolation,0.589368,False,bounded_interpolation,cam0_A29,cam0_A30,,,frozen_query_path_adjacent_acceptance_interpolation
cam0,2196,2160,0.50,uncalibrated_bounded_interpolation,0.589368,False,bounded_interpolation,cam0_A29,cam0_A30,,,frozen_query_path_adjacent_acceptance_interpolation
cam0,2197,2161,0.50,uncalibrated_bounded_interpolation,0.589368,False,bounded_interpolation,cam0_A29,cam0_A30,,,frozen_query_path_adjacent_acceptance_interpolation
cam0,2198,2162,0.50,uncalibrated_bounded_interpolation,0.589368,False,bounded_interpolation,cam0_A29,cam0_A30,,,frozen_query_path_adjacent_acceptance_interpolation
cam0,2199,2163,0.50,uncalibrated_bounded_interpolation,0.589368,False,bounded_interpolation,cam0_A29,cam0_A30,,,frozen_query_path_adjacent_acceptance_interpolation
cam0,2200,2164,0.50,uncalibrated_bounded_interpolation,0.589368,False,bounded_interpolation,cam0_A29,cam0_A30,,,frozen_query_path_adjacent_acceptance_interpolation
cam0,2201,2165,0.50,uncalibrated_bounded_interpolation,0.589368,False,bounded_interpolation,cam0_A29,cam0_A30,,,frozen_query_path_adjacent_acceptance_interpolation
cam0,2202,2166,0.50,uncalibrated_bounded_interpolation,0.589368,False,bounded_interpolation,cam0_A29,cam0_A30,,,frozen_query_path_adjacent_acceptance_interpolation
cam0,2203,2167,0.50,uncalibrated_bounded_interpolation,0.589368,False,bounded_interpolation,cam0_A29,cam0_A30,,,frozen_query_path_adjacent_acceptance_interpolation
cam0,2204,2168,0.50,uncalibrated_bounded_interpolation,0.589368,False,bounded_interpolation,cam0_A29,cam0_A30,,,frozen_query_path_adjacent_acceptance_interpolation
cam0,2205,2169,0.50,uncalibrated_bounded_interpolation,0.589368,False,bounded_interpolation,cam0_A29,cam0_A30,,,frozen_query_path_adjacent_acceptance_interpolation
cam0,2206,2170,0.50,uncalibrated_bounded_interpolation,0.589368,False,bounded_interpolation,cam0_A29,cam0_A30,,,frozen_query_path_adjacent_acceptance_interpolation
cam0,2207,2171,0.50,uncalibrated_bounded_interpolation,0.589368,False,bounded_interpolation,cam0_A29,cam0_A30,,,frozen_query_path_adjacent_acceptance_interpolation
cam0,2208,2172,0.50,uncalibrated_bounded_interpolation,0.589368,False,bounded_interpolation,cam0_A29,cam0_A30,,,frozen_query_path_adjacent_acceptance_interpolation
cam0,2209,2173,0.50,uncalibrated_bounded_interpolation,0.589368,False,bounded_interpolation,cam0_A29,cam0_A30,,,frozen_query_path_adjacent_acceptance_interpolation
cam0,2210,2174,0.50,uncalibrated_bounded_interpolation,0.589368,False,bounded_interpolation,cam0_A29,cam0_A30,,,frozen_query_path_adjacent_acceptance_interpolation
cam0,2211,2175,0.50,uncalibrated_bounded_interpolation,0.589368,False,bounded_interpolation,cam0_A29,cam0_A30,,,frozen_query_path_adjacent_acceptance_interpolation
cam0,2212,2176,0.50,uncalibrated_bounded_interpolation,0.589368,False,bounded_interpolation,cam0_A29,cam0_A30,,,frozen_query_path_adjacent_acceptance_interpolation
cam0,2213,2178,0.50,uncalibrated_bounded_interpolation,0.589368,False,bounded_interpolation,cam0_A29,cam0_A30,,,frozen_query_path_adjacent_acceptance_interpolation
cam0,2214,2179,0.50,uncalibrated_bounded_interpolation,0.589368,False,bounded_interpolation,cam0_A29,cam0_A30,,,frozen_query_path_adjacent_acceptance_interpolation
cam0,2215,2180,0.50,uncalibrated_bounded_interpolation,0.589368,False,bounded_interpolation,cam0_A29,cam0_A30,,,frozen_query_path_adjacent_acceptance_interpolation
cam0,2216,2181,0.50,uncalibrated_bounded_interpolation,0.589368,False,bounded_interpolation,cam0_A29,cam0_A30,,,frozen_query_path_adjacent_acceptance_interpolation
cam0,2217,2182,0.50,uncalibrated_bounded_interpolation,0.589368,False,bounded_interpolation,cam0_A29,cam0_A30,,,frozen_query_path_adjacent_acceptance_interpolation
cam0,2218,2183,0.50,uncalibrated_bounded_interpolation,0.589368,False,bounded_interpolation,cam0_A29,cam0_A30,,,frozen_query_path_adjacent_acceptance_interpolation
cam0,2219,2184,0.50,uncalibrated_bounded_interpolation,0.589368,False,bounded_interpolation,cam0_A29,cam0_A30,,,frozen_query_path_adjacent_acceptance_interpolation
cam0,2220,2185,0.50,uncalibrated_bounded_interpolation,0.589368,False,bounded_interpolation,cam0_A29,cam0_A30,,,frozen_query_path_adjacent_acceptance_interpolation
cam0,2221,2186,0.50,uncalibrated_bounded_interpolation,0.589368,False,bounded_interpolation,cam0_A29,cam0_A30,,,frozen_query_path_adjacent_acceptance_interpolation
cam0,2222,2187,0.50,uncalibrated_bounded_interpolation,0.589368,False,bounded_interpolation,cam0_A29,cam0_A30,,,frozen_query_path_adjacent_acceptance_interpolation
cam0,2223,2188,0.50,uncalibrated_bounded_interpolation,0.589368,False,bounded_interpolation,cam0_A29,cam0_A30,,,frozen_query_path_adjacent_acceptance_interpolation
cam0,2224,2189,0.50,uncalibrated_bounded_interpolation,0.589368,False,bounded_interpolation,cam0_A29,cam0_A30,,,frozen_query_path_adjacent_acceptance_interpolation
cam0,2225,2190,0.50,uncalibrated_bounded_interpolation,0.589368,False,bounded_interpolation,cam0_A29,cam0_A30,,,frozen_query_path_adjacent_acceptance_interpolation
cam0,2226,2191,0.50,uncalibrated_bounded_interpolation,0.589368,False,bounded_interpolation,cam0_A29,cam0_A30,,,frozen_query_path_adjacent_acceptance_interpolation
cam0,2227,2192,0.50,uncalibrated_bounded_interpolation,0.589368,False,bounded_interpolation,cam0_A29,cam0_A30,,,frozen_query_path_adjacent_acceptance_interpolation
cam0,2228,2193,0.50,uncalibrated_bounded_interpolation,0.589368,False,bounded_interpolation,cam0_A29,cam0_A30,,,frozen_query_path_adjacent_acceptance_interpolation
cam0,2229,2194,0.50,uncalibrated_bounded_interpolation,0.589368,False,bounded_interpolation,cam0_A29,cam0_A30,,,frozen_query_path_adjacent_acceptance_interpolation
cam0,2230,2195,0.50,uncalibrated_bounded_interpolation,0.589368,False,bounded_interpolation,cam0_A29,cam0_A30,,,frozen_query_path_adjacent_acceptance_interpolation
cam0,2231,2196,0.50,uncalibrated_bounded_interpolation,0.589368,False,bounded_interpolation,cam0_A29,cam0_A30,,,frozen_query_path_adjacent_acceptance_interpolation
cam0,2232,2197,0.50,uncalibrated_bounded_interpolation,0.589368,False,bounded_interpolation,cam0_A29,cam0_A30,,,frozen_query_path_adjacent_acceptance_interpolation
cam0,2233,2198,0.50,uncalibrated_bounded_interpolation,0.589368,False,bounded_interpolation,cam0_A29,cam0_A30,,,frozen_query_path_adjacent_acceptance_interpolation
cam0,2234,2199,0.50,uncalibrated_bounded_interpolation,0.589368,False,bounded_interpolation,cam0_A29,cam0_A30,,,frozen_query_path_adjacent_acceptance_interpolation
cam0,2235,2200,0.50,uncalibrated_bounded_interpolation,0.589368,False,bounded_interpolation,cam0_A29,cam0_A30,,,frozen_query_path_adjacent_acceptance_interpolation
cam0,2236,2201,0.50,uncalibrated_bounded_interpolation,0.589368,False,bounded_interpolation,cam0_A29,cam0_A30,,,frozen_query_path_adjacent_acceptance_interpolation
cam0,2237,2202,0.50,uncalibrated_bounded_interpolation,0.589368,False,bounded_interpolation,cam0_A29,cam0_A30,,,frozen_query_path_adjacent_acceptance_interpolation
cam0,2238,2203,0.50,uncalibrated_bounded_interpolation,0.589368,False,bounded_interpolation,cam0_A29,cam0_A30,,,frozen_query_path_adjacent_acceptance_interpolation
cam0,2239,2204,0.50,uncalibrated_bounded_interpolation,0.589368,False,bounded_interpolation,cam0_A29,cam0_A30,,,frozen_query_path_adjacent_acceptance_interpolation
cam0,2240,2205,0.50,uncalibrated_bounded_interpolation,0.589368,False,bounded_interpolation,cam0_A29,cam0_A30,,,frozen_query_path_adjacent_acceptance_interpolation
cam0,2241,2206,0.50,uncalibrated_bounded_interpolation,0.589368,False,bounded_interpolation,cam0_A29,cam0_A30,,,frozen_query_path_adjacent_acceptance_interpolation
cam0,2242,2207,0.50,uncalibrated_bounded_interpolation,0.589368,False,bounded_interpolation,cam0_A29,cam0_A30,,,frozen_query_path_adjacent_acceptance_interpolation
cam0,2243,2208,0.50,uncalibrated_bounded_interpolation,0.589368,False,bounded_interpolation,cam0_A29,cam0_A30,,,frozen_query_path_adjacent_acceptance_interpolation
cam0,2244,2209,0.50,uncalibrated_bounded_interpolation,0.589368,False,bounded_interpolation,cam0_A29,cam0_A30,,,frozen_query_path_adjacent_acceptance_interpolation
cam0,2245,2210,0.50,uncalibrated_bounded_interpolation,0.589368,False,bounded_interpolation,cam0_A29,cam0_A30,,,frozen_query_path_adjacent_acceptance_interpolation
cam0,2246,2211,0.50,uncalibrated_bounded_interpolation,0.589368,False,bounded_interpolation,cam0_A29,cam0_A30,,,frozen_query_path_adjacent_acceptance_interpolation
cam0,2247,2212,0.50,uncalibrated_bounded_interpolation,0.589368,False,bounded_interpolation,cam0_A29,cam0_A30,,,frozen_query_path_adjacent_acceptance_interpolation
cam0,2248,2213,1.00,uncalibrated_geometry_anchor,0.868055,False,geometry_supported_anchor,cam0_A30,cam0_A30,cam0_A30,match_unverified_geometry_supported,frozen_query_path_adjacent_acceptance_interpolation
cam0,2249,2214,0.50,uncalibrated_bounded_interpolation,0.868055,False,bounded_interpolation,cam0_A30,cam0_A31,,,frozen_query_path_adjacent_acceptance_interpolation
cam0,2250,2215,0.50,uncalibrated_bounded_interpolation,0.868055,False,bounded_interpolation,cam0_A30,cam0_A31,,,frozen_query_path_adjacent_acceptance_interpolation
cam0,2251,2216,0.50,uncalibrated_bounded_interpolation,0.868055,False,bounded_interpolation,cam0_A30,cam0_A31,,,frozen_query_path_adjacent_acceptance_interpolation
cam0,2252,2217,0.50,uncalibrated_bounded_interpolation,0.868055,False,bounded_interpolation,cam0_A30,cam0_A31,,,frozen_query_path_adjacent_acceptance_interpolation
cam0,2253,2218,0.50,uncalibrated_bounded_interpolation,0.868055,False,bounded_interpolation,cam0_A30,cam0_A31,,,frozen_query_path_adjacent_acceptance_interpolation
cam0,2254,2219,0.50,uncalibrated_bounded_interpolation,0.868055,False,bounded_interpolation,cam0_A30,cam0_A31,,,frozen_query_path_adjacent_acceptance_interpolation
cam0,2255,2220,0.50,uncalibrated_bounded_interpolation,0.868055,False,bounded_interpolation,cam0_A30,cam0_A31,,,frozen_query_path_adjacent_acceptance_interpolation
cam0,2256,2221,0.50,uncalibrated_bounded_interpolation,0.868055,False,bounded_interpolation,cam0_A30,cam0_A31,,,frozen_query_path_adjacent_acceptance_interpolation
cam0,2257,2222,0.50,uncalibrated_bounded_interpolation,0.868055,False,bounded_interpolation,cam0_A30,cam0_A31,,,frozen_query_path_adjacent_acceptance_interpolation
cam0,2258,2224,0.50,uncalibrated_bounded_interpolation,0.868055,False,bounded_interpolation,cam0_A30,cam0_A31,,,frozen_query_path_adjacent_acceptance_interpolation
cam0,2259,2225,0.50,uncalibrated_bounded_interpolation,0.868055,False,bounded_interpolation,cam0_A30,cam0_A31,,,frozen_query_path_adjacent_acceptance_interpolation
cam0,2260,2226,0.50,uncalibrated_bounded_interpolation,0.868055,False,bounded_interpolation,cam0_A30,cam0_A31,,,frozen_query_path_adjacent_acceptance_interpolation
cam0,2261,2227,0.50,uncalibrated_bounded_interpolation,0.868055,False,bounded_interpolation,cam0_A30,cam0_A31,,,frozen_query_path_adjacent_acceptance_interpolation
cam0,2262,2228,0.50,uncalibrated_bounded_interpolation,0.868055,False,bounded_interpolation,cam0_A30,cam0_A31,,,frozen_query_path_adjacent_acceptance_interpolation
cam0,2263,2229,0.50,uncalibrated_bounded_interpolation,0.868055,False,bounded_interpolation,cam0_A30,cam0_A31,,,frozen_query_path_adjacent_acceptance_interpolation
cam0,2264,2230,0.50,uncalibrated_bounded_interpolation,0.868055,False,bounded_interpolation,cam0_A30,cam0_A31,,,frozen_query_path_adjacent_acceptance_interpolation
cam0,2265,2231,0.50,uncalibrated_bounded_interpolation,0.868055,False,bounded_interpolation,cam0_A30,cam0_A31,,,frozen_query_path_adjacent_acceptance_interpolation
cam0,2266,2232,0.50,uncalibrated_bounded_interpolation,0.868055,False,bounded_interpolation,cam0_A30,cam0_A31,,,frozen_query_path_adjacent_acceptance_interpolation
cam0,2267,2233,0.50,uncalibrated_bounded_interpolation,0.868055,False,bounded_interpolation,cam0_A30,cam0_A31,,,frozen_query_path_adjacent_acceptance_interpolation
cam0,2268,2234,0.50,uncalibrated_bounded_interpolation,0.868055,False,bounded_interpolation,cam0_A30,cam0_A31,,,frozen_query_path_adjacent_acceptance_interpolation
cam0,2269,2235,0.50,uncalibrated_bounded_interpolation,0.868055,False,bounded_interpolation,cam0_A30,cam0_A31,,,frozen_query_path_adjacent_acceptance_interpolation
cam0,2270,2236,0.50,uncalibrated_bounded_interpolation,0.868055,False,bounded_interpolation,cam0_A30,cam0_A31,,,frozen_query_path_adjacent_acceptance_interpolation
cam0,2271,2237,0.50,uncalibrated_bounded_interpolation,0.868055,False,bounded_interpolation,cam0_A30,cam0_A31,,,frozen_query_path_adjacent_acceptance_interpolation
cam0,2272,2238,0.50,uncalibrated_bounded_interpolation,0.868055,False,bounded_interpolation,cam0_A30,cam0_A31,,,frozen_query_path_adjacent_acceptance_interpolation
cam0,2273,2239,0.50,uncalibrated_bounded_interpolation,0.868055,False,bounded_interpolation,cam0_A30,cam0_A31,,,frozen_query_path_adjacent_acceptance_interpolation
cam0,2274,2240,0.50,uncalibrated_bounded_interpolation,0.868055,False,bounded_interpolation,cam0_A30,cam0_A31,,,frozen_query_path_adjacent_acceptance_interpolation
cam0,2275,2241,0.50,uncalibrated_bounded_interpolation,0.868055,False,bounded_interpolation,cam0_A30,cam0_A31,,,frozen_query_path_adjacent_acceptance_interpolation
cam0,2276,2242,0.50,uncalibrated_bounded_interpolation,0.868055,False,bounded_interpolation,cam0_A30,cam0_A31,,,frozen_query_path_adjacent_acceptance_interpolation
cam0,2277,2243,0.50,uncalibrated_bounded_interpolation,0.868055,False,bounded_interpolation,cam0_A30,cam0_A31,,,frozen_query_path_adjacent_acceptance_interpolation
cam0,2278,2245,0.50,uncalibrated_bounded_interpolation,0.868055,False,bounded_interpolation,cam0_A30,cam0_A31,,,frozen_query_path_adjacent_acceptance_interpolation
cam0,2279,2246,0.50,uncalibrated_bounded_interpolation,0.868055,False,bounded_interpolation,cam0_A30,cam0_A31,,,frozen_query_path_adjacent_acceptance_interpolation
cam0,2280,2247,0.50,uncalibrated_bounded_interpolation,0.868055,False,bounded_interpolation,cam0_A30,cam0_A31,,,frozen_query_path_adjacent_acceptance_interpolation
cam0,2281,2248,0.50,uncalibrated_bounded_interpolation,0.868055,False,bounded_interpolation,cam0_A30,cam0_A31,,,frozen_query_path_adjacent_acceptance_interpolation
cam0,2282,2249,0.50,uncalibrated_bounded_interpolation,0.868055,False,bounded_interpolation,cam0_A30,cam0_A31,,,frozen_query_path_adjacent_acceptance_interpolation
cam0,2283,2250,0.50,uncalibrated_bounded_interpolation,0.868055,False,bounded_interpolation,cam0_A30,cam0_A31,,,frozen_query_path_adjacent_acceptance_interpolation
cam0,2284,2251,0.50,uncalibrated_bounded_interpolation,0.868055,False,bounded_interpolation,cam0_A30,cam0_A31,,,frozen_query_path_adjacent_acceptance_interpolation
cam0,2285,2252,0.50,uncalibrated_bounded_interpolation,0.868055,False,bounded_interpolation,cam0_A30,cam0_A31,,,frozen_query_path_adjacent_acceptance_interpolation
cam0,2286,2253,0.50,uncalibrated_bounded_interpolation,0.868055,False,bounded_interpolation,cam0_A30,cam0_A31,,,frozen_query_path_adjacent_acceptance_interpolation
cam0,2287,2254,0.50,uncalibrated_bounded_interpolation,0.868055,False,bounded_interpolation,cam0_A30,cam0_A31,,,frozen_query_path_adjacent_acceptance_interpolation
cam0,2288,2255,1.00,uncalibrated_geometry_anchor,0.877315,False,geometry_supported_anchor,cam0_A31,cam0_A31,cam0_A31,match_unverified_geometry_supported,frozen_query_path_adjacent_acceptance_interpolation
cam0,2289,2256,0.50,uncalibrated_bounded_interpolation,0.746131,False,bounded_interpolation,cam0_A31,cam0_A32,,,frozen_query_path_adjacent_acceptance_interpolation
cam0,2290,2257,0.50,uncalibrated_bounded_interpolation,0.746131,False,bounded_interpolation,cam0_A31,cam0_A32,,,frozen_query_path_adjacent_acceptance_interpolation
cam0,2291,2258,0.50,uncalibrated_bounded_interpolation,0.746131,False,bounded_interpolation,cam0_A31,cam0_A32,,,frozen_query_path_adjacent_acceptance_interpolation
cam0,2292,2259,0.50,uncalibrated_bounded_interpolation,0.746131,False,bounded_interpolation,cam0_A31,cam0_A32,,,frozen_query_path_adjacent_acceptance_interpolation
cam0,2293,2261,0.50,uncalibrated_bounded_interpolation,0.746131,False,bounded_interpolation,cam0_A31,cam0_A32,,,frozen_query_path_adjacent_acceptance_interpolation
cam0,2294,2262,0.50,uncalibrated_bounded_interpolation,0.746131,False,bounded_interpolation,cam0_A31,cam0_A32,,,frozen_query_path_adjacent_acceptance_interpolation
cam0,2295,2263,0.50,uncalibrated_bounded_interpolation,0.746131,False,bounded_interpolation,cam0_A31,cam0_A32,,,frozen_query_path_adjacent_acceptance_interpolation
cam0,2296,2264,0.50,uncalibrated_bounded_interpolation,0.746131,False,bounded_interpolation,cam0_A31,cam0_A32,,,frozen_query_path_adjacent_acceptance_interpolation
cam0,2297,2265,0.50,uncalibrated_bounded_interpolation,0.746131,False,bounded_interpolation,cam0_A31,cam0_A32,,,frozen_query_path_adjacent_acceptance_interpolation
cam0,2298,2266,0.50,uncalibrated_bounded_interpolation,0.746131,False,bounded_interpolation,cam0_A31,cam0_A32,,,frozen_query_path_adjacent_acceptance_interpolation
cam0,2299,2267,0.50,uncalibrated_bounded_interpolation,0.746131,False,bounded_interpolation,cam0_A31,cam0_A32,,,frozen_query_path_adjacent_acceptance_interpolation
cam0,2300,2268,0.50,uncalibrated_bounded_interpolation,0.746131,False,bounded_interpolation,cam0_A31,cam0_A32,,,frozen_query_path_adjacent_acceptance_interpolation
cam0,2301,2269,0.50,uncalibrated_bounded_interpolation,0.746131,False,bounded_interpolation,cam0_A31,cam0_A32,,,frozen_query_path_adjacent_acceptance_interpolation
cam0,2302,2270,0.50,uncalibrated_bounded_interpolation,0.746131,False,bounded_interpolation,cam0_A31,cam0_A32,,,frozen_query_path_adjacent_acceptance_interpolation
cam0,2303,2272,0.50,uncalibrated_bounded_interpolation,0.746131,False,bounded_interpolation,cam0_A31,cam0_A32,,,frozen_query_path_adjacent_acceptance_interpolation
cam0,2304,2273,0.50,uncalibrated_bounded_interpolation,0.746131,False,bounded_interpolation,cam0_A31,cam0_A32,,,frozen_query_path_adjacent_acceptance_interpolation
cam0,2305,2274,0.50,uncalibrated_bounded_interpolation,0.746131,False,bounded_interpolation,cam0_A31,cam0_A32,,,frozen_query_path_adjacent_acceptance_interpolation
cam0,2306,2275,0.50,uncalibrated_bounded_interpolation,0.746131,False,bounded_interpolation,cam0_A31,cam0_A32,,,frozen_query_path_adjacent_acceptance_interpolation
cam0,2307,2276,0.50,uncalibrated_bounded_interpolation,0.746131,False,bounded_interpolation,cam0_A31,cam0_A32,,,frozen_query_path_adjacent_acceptance_interpolation
cam0,2308,2277,0.50,uncalibrated_bounded_interpolation,0.746131,False,bounded_interpolation,cam0_A31,cam0_A32,,,frozen_query_path_adjacent_acceptance_interpolation
cam0,2309,2278,0.50,uncalibrated_bounded_interpolation,0.746131,False,bounded_interpolation,cam0_A31,cam0_A32,,,frozen_query_path_adjacent_acceptance_interpolation
cam0,2310,2279,0.50,uncalibrated_bounded_interpolation,0.746131,False,bounded_interpolation,cam0_A31,cam0_A32,,,frozen_query_path_adjacent_acceptance_interpolation
cam0,2311,2280,0.50,uncalibrated_bounded_interpolation,0.746131,False,bounded_interpolation,cam0_A31,cam0_A32,,,frozen_query_path_adjacent_acceptance_interpolation
cam0,2312,2281,0.50,uncalibrated_bounded_interpolation,0.746131,False,bounded_interpolation,cam0_A31,cam0_A32,,,frozen_query_path_adjacent_acceptance_interpolation
cam0,2313,2283,0.50,uncalibrated_bounded_interpolation,0.746131,False,bounded_interpolation,cam0_A31,cam0_A32,,,frozen_query_path_adjacent_acceptance_interpolation
cam0,2314,2284,0.50,uncalibrated_bounded_interpolation,0.746131,False,bounded_interpolation,cam0_A31,cam0_A32,,,frozen_query_path_adjacent_acceptance_interpolation
cam0,2315,2285,0.50,uncalibrated_bounded_interpolation,0.746131,False,bounded_interpolation,cam0_A31,cam0_A32,,,frozen_query_path_adjacent_acceptance_interpolation
cam0,2316,2286,0.50,uncalibrated_bounded_interpolation,0.746131,False,bounded_interpolation,cam0_A31,cam0_A32,,,frozen_query_path_adjacent_acceptance_interpolation
cam0,2317,2287,0.50,uncalibrated_bounded_interpolation,0.746131,False,bounded_interpolation,cam0_A31,cam0_A32,,,frozen_query_path_adjacent_acceptance_interpolation
cam0,2318,2288,0.50,uncalibrated_bounded_interpolation,0.746131,False,bounded_interpolation,cam0_A31,cam0_A32,,,frozen_query_path_adjacent_acceptance_interpolation
cam0,2319,2289,0.50,uncalibrated_bounded_interpolation,0.746131,False,bounded_interpolation,cam0_A31,cam0_A32,,,frozen_query_path_adjacent_acceptance_interpolation
cam0,2320,2290,0.50,uncalibrated_bounded_interpolation,0.746131,False,bounded_interpolation,cam0_A31,cam0_A32,,,frozen_query_path_adjacent_acceptance_interpolation
cam0,2321,2291,0.50,uncalibrated_bounded_interpolation,0.746131,False,bounded_interpolation,cam0_A31,cam0_A32,,,frozen_query_path_adjacent_acceptance_interpolation
cam0,2322,2292,0.50,uncalibrated_bounded_interpolation,0.746131,False,bounded_interpolation,cam0_A31,cam0_A32,,,frozen_query_path_adjacent_acceptance_interpolation
cam0,2323,2294,0.50,uncalibrated_bounded_interpolation,0.746131,False,bounded_interpolation,cam0_A31,cam0_A32,,,frozen_query_path_adjacent_acceptance_interpolation
cam0,2324,2295,0.50,uncalibrated_bounded_interpolation,0.746131,False,bounded_interpolation,cam0_A31,cam0_A32,,,frozen_query_path_adjacent_acceptance_interpolation
cam0,2325,2296,0.50,uncalibrated_bounded_interpolation,0.746131,False,bounded_interpolation,cam0_A31,cam0_A32,,,frozen_query_path_adjacent_acceptance_interpolation
cam0,2326,2297,0.50,uncalibrated_bounded_interpolation,0.746131,False,bounded_interpolation,cam0_A31,cam0_A32,,,frozen_query_path_adjacent_acceptance_interpolation
cam0,2327,2298,0.50,uncalibrated_bounded_interpolation,0.746131,False,bounded_interpolation,cam0_A31,cam0_A32,,,frozen_query_path_adjacent_acceptance_interpolation
cam0,2328,2299,0.50,uncalibrated_bounded_interpolation,0.746131,False,bounded_interpolation,cam0_A31,cam0_A32,,,frozen_query_path_adjacent_acceptance_interpolation
cam0,2329,2300,0.50,uncalibrated_bounded_interpolation,0.746131,False,bounded_interpolation,cam0_A31,cam0_A32,,,frozen_query_path_adjacent_acceptance_interpolation
cam0,2330,2301,0.50,uncalibrated_bounded_interpolation,0.746131,False,bounded_interpolation,cam0_A31,cam0_A32,,,frozen_query_path_adjacent_acceptance_interpolation
cam0,2331,2302,0.50,uncalibrated_bounded_interpolation,0.746131,False,bounded_interpolation,cam0_A31,cam0_A32,,,frozen_query_path_adjacent_acceptance_interpolation
cam0,2332,2303,0.50,uncalibrated_bounded_interpolation,0.746131,False,bounded_interpolation,cam0_A31,cam0_A32,,,frozen_query_path_adjacent_acceptance_interpolation
cam0,2333,2305,0.50,uncalibrated_bounded_interpolation,0.746131,False,bounded_interpolation,cam0_A31,cam0_A32,,,frozen_query_path_adjacent_acceptance_interpolation
cam0,2334,2306,0.50,uncalibrated_bounded_interpolation,0.746131,False,bounded_interpolation,cam0_A31,cam0_A32,,,frozen_query_path_adjacent_acceptance_interpolation
cam0,2335,2307,0.50,uncalibrated_bounded_interpolation,0.746131,False,bounded_interpolation,cam0_A31,cam0_A32,,,frozen_query_path_adjacent_acceptance_interpolation
cam0,2336,2308,0.50,uncalibrated_bounded_interpolation,0.746131,False,bounded_interpolation,cam0_A31,cam0_A32,,,frozen_query_path_adjacent_acceptance_interpolation
cam0,2337,2309,0.50,uncalibrated_bounded_interpolation,0.746131,False,bounded_interpolation,cam0_A31,cam0_A32,,,frozen_query_path_adjacent_acceptance_interpolation
cam0,2338,2310,0.50,uncalibrated_bounded_interpolation,0.746131,False,bounded_interpolation,cam0_A31,cam0_A32,,,frozen_query_path_adjacent_acceptance_interpolation
cam0,2339,2311,0.50,uncalibrated_bounded_interpolation,0.746131,False,bounded_interpolation,cam0_A31,cam0_A32,,,frozen_query_path_adjacent_acceptance_interpolation
cam0,2340,2312,0.50,uncalibrated_bounded_interpolation,0.746131,False,bounded_interpolation,cam0_A31,cam0_A32,,,frozen_query_path_adjacent_acceptance_interpolation
cam0,2341,2313,0.50,uncalibrated_bounded_interpolation,0.746131,False,bounded_interpolation,cam0_A31,cam0_A32,,,frozen_query_path_adjacent_acceptance_interpolation
cam0,2342,2314,0.50,uncalibrated_bounded_interpolation,0.746131,False,bounded_interpolation,cam0_A31,cam0_A32,,,frozen_query_path_adjacent_acceptance_interpolation
cam0,2343,2316,0.50,uncalibrated_bounded_interpolation,0.746131,False,bounded_interpolation,cam0_A31,cam0_A32,,,frozen_query_path_adjacent_acceptance_interpolation
cam0,2344,2317,0.50,uncalibrated_bounded_interpolation,0.746131,False,bounded_interpolation,cam0_A31,cam0_A32,,,frozen_query_path_adjacent_acceptance_interpolation
cam0,2345,2318,0.50,uncalibrated_bounded_interpolation,0.746131,False,bounded_interpolation,cam0_A31,cam0_A32,,,frozen_query_path_adjacent_acceptance_interpolation
cam0,2346,2319,0.50,uncalibrated_bounded_interpolation,0.746131,False,bounded_interpolation,cam0_A31,cam0_A32,,,frozen_query_path_adjacent_acceptance_interpolation
cam0,2347,2320,0.50,uncalibrated_bounded_interpolation,0.746131,False,bounded_interpolation,cam0_A31,cam0_A32,,,frozen_query_path_adjacent_acceptance_interpolation
cam0,2348,2321,0.50,uncalibrated_bounded_interpolation,0.746131,False,bounded_interpolation,cam0_A31,cam0_A32,,,frozen_query_path_adjacent_acceptance_interpolation
cam0,2349,2322,0.50,uncalibrated_bounded_interpolation,0.746131,False,bounded_interpolation,cam0_A31,cam0_A32,,,frozen_query_path_adjacent_acceptance_interpolation
cam0,2350,2323,0.50,uncalibrated_bounded_interpolation,0.746131,False,bounded_interpolation,cam0_A31,cam0_A32,,,frozen_query_path_adjacent_acceptance_interpolation
cam0,2351,2324,0.50,uncalibrated_bounded_interpolation,0.746131,False,bounded_interpolation,cam0_A31,cam0_A32,,,frozen_query_path_adjacent_acceptance_interpolation
cam0,2352,2325,0.50,uncalibrated_bounded_interpolation,0.746131,False,bounded_interpolation,cam0_A31,cam0_A32,,,frozen_query_path_adjacent_acceptance_interpolation
cam0,2353,2327,0.50,uncalibrated_bounded_interpolation,0.746131,False,bounded_interpolation,cam0_A31,cam0_A32,,,frozen_query_path_adjacent_acceptance_interpolation
cam0,2354,2328,0.50,uncalibrated_bounded_interpolation,0.746131,False,bounded_interpolation,cam0_A31,cam0_A32,,,frozen_query_path_adjacent_acceptance_interpolation
cam0,2355,2329,0.50,uncalibrated_bounded_interpolation,0.746131,False,bounded_interpolation,cam0_A31,cam0_A32,,,frozen_query_path_adjacent_acceptance_interpolation
cam0,2356,2330,0.50,uncalibrated_bounded_interpolation,0.746131,False,bounded_interpolation,cam0_A31,cam0_A32,,,frozen_query_path_adjacent_acceptance_interpolation
cam0,2357,2331,0.50,uncalibrated_bounded_interpolation,0.746131,False,bounded_interpolation,cam0_A31,cam0_A32,,,frozen_query_path_adjacent_acceptance_interpolation
cam0,2358,2332,0.50,uncalibrated_bounded_interpolation,0.746131,False,bounded_interpolation,cam0_A31,cam0_A32,,,frozen_query_path_adjacent_acceptance_interpolation
cam0,2359,2333,0.50,uncalibrated_bounded_interpolation,0.746131,False,bounded_interpolation,cam0_A31,cam0_A32,,,frozen_query_path_adjacent_acceptance_interpolation
cam0,2360,2334,0.50,uncalibrated_bounded_interpolation,0.746131,False,bounded_interpolation,cam0_A31,cam0_A32,,,frozen_query_path_adjacent_acceptance_interpolation
cam0,2361,2335,0.50,uncalibrated_bounded_interpolation,0.746131,False,bounded_interpolation,cam0_A31,cam0_A32,,,frozen_query_path_adjacent_acceptance_interpolation
cam0,2362,2336,0.50,uncalibrated_bounded_interpolation,0.746131,False,bounded_interpolation,cam0_A31,cam0_A32,,,frozen_query_path_adjacent_acceptance_interpolation
cam0,2363,2338,0.50,uncalibrated_bounded_interpolation,0.746131,False,bounded_interpolation,cam0_A31,cam0_A32,,,frozen_query_path_adjacent_acceptance_interpolation
cam0,2364,2339,0.50,uncalibrated_bounded_interpolation,0.746131,False,bounded_interpolation,cam0_A31,cam0_A32,,,frozen_query_path_adjacent_acceptance_interpolation
cam0,2365,2340,0.50,uncalibrated_bounded_interpolation,0.746131,False,bounded_interpolation,cam0_A31,cam0_A32,,,frozen_query_path_adjacent_acceptance_interpolation
cam0,2366,2341,0.50,uncalibrated_bounded_interpolation,0.746131,False,bounded_interpolation,cam0_A31,cam0_A32,,,frozen_query_path_adjacent_acceptance_interpolation
cam0,2367,2342,0.50,uncalibrated_bounded_interpolation,0.746131,False,bounded_interpolation,cam0_A31,cam0_A32,,,frozen_query_path_adjacent_acceptance_interpolation
cam0,2368,2343,0.50,uncalibrated_bounded_interpolation,0.746131,False,bounded_interpolation,cam0_A31,cam0_A32,,,frozen_query_path_adjacent_acceptance_interpolation
cam0,2369,2344,0.50,uncalibrated_bounded_interpolation,0.746131,False,bounded_interpolation,cam0_A31,cam0_A32,,,frozen_query_path_adjacent_acceptance_interpolation
cam0,2370,2345,0.50,uncalibrated_bounded_interpolation,0.746131,False,bounded_interpolation,cam0_A31,cam0_A32,,,frozen_query_path_adjacent_acceptance_interpolation
cam0,2371,2346,0.50,uncalibrated_bounded_interpolation,0.746131,False,bounded_interpolation,cam0_A31,cam0_A32,,,frozen_query_path_adjacent_acceptance_interpolation
cam0,2372,2347,0.50,uncalibrated_bounded_interpolation,0.746131,False,bounded_interpolation,cam0_A31,cam0_A32,,,frozen_query_path_adjacent_acceptance_interpolation
cam0,2373,2349,0.50,uncalibrated_bounded_interpolation,0.746131,False,bounded_interpolation,cam0_A31,cam0_A32,,,frozen_query_path_adjacent_acceptance_interpolation
cam0,2374,2350,0.50,uncalibrated_bounded_interpolation,0.746131,False,bounded_interpolation,cam0_A31,cam0_A32,,,frozen_query_path_adjacent_acceptance_interpolation
cam0,2375,2351,0.50,uncalibrated_bounded_interpolation,0.746131,False,bounded_interpolation,cam0_A31,cam0_A32,,,frozen_query_path_adjacent_acceptance_interpolation
cam0,2376,2352,0.50,uncalibrated_bounded_interpolation,0.746131,False,bounded_interpolation,cam0_A31,cam0_A32,,,frozen_query_path_adjacent_acceptance_interpolation
cam0,2377,2353,0.50,uncalibrated_bounded_interpolation,0.746131,False,bounded_interpolation,cam0_A31,cam0_A32,,,frozen_query_path_adjacent_acceptance_interpolation
cam0,2378,2354,0.50,uncalibrated_bounded_interpolation,0.746131,False,bounded_interpolation,cam0_A31,cam0_A32,,,frozen_query_path_adjacent_acceptance_interpolation
cam0,2379,2355,0.50,uncalibrated_bounded_interpolation,0.746131,False,bounded_interpolation,cam0_A31,cam0_A32,,,frozen_query_path_adjacent_acceptance_interpolation
cam0,2380,2356,0.50,uncalibrated_bounded_interpolation,0.746131,False,bounded_interpolation,cam0_A31,cam0_A32,,,frozen_query_path_adjacent_acceptance_interpolation
cam0,2381,2357,0.50,uncalibrated_bounded_interpolation,0.746131,False,bounded_interpolation,cam0_A31,cam0_A32,,,frozen_query_path_adjacent_acceptance_interpolation
cam0,2382,2358,0.50,uncalibrated_bounded_interpolation,0.746131,False,bounded_interpolation,cam0_A31,cam0_A32,,,frozen_query_path_adjacent_acceptance_interpolation
cam0,2383,2360,0.50,uncalibrated_bounded_interpolation,0.746131,False,bounded_interpolation,cam0_A31,cam0_A32,,,frozen_query_path_adjacent_acceptance_interpolation
cam0,2384,2361,0.50,uncalibrated_bounded_interpolation,0.746131,False,bounded_interpolation,cam0_A31,cam0_A32,,,frozen_query_path_adjacent_acceptance_interpolation
cam0,2385,2362,0.50,uncalibrated_bounded_interpolation,0.746131,False,bounded_interpolation,cam0_A31,cam0_A32,,,frozen_query_path_adjacent_acceptance_interpolation
cam0,2386,2363,0.50,uncalibrated_bounded_interpolation,0.746131,False,bounded_interpolation,cam0_A31,cam0_A32,,,frozen_query_path_adjacent_acceptance_interpolation
cam0,2387,2364,0.50,uncalibrated_bounded_interpolation,0.746131,False,bounded_interpolation,cam0_A31,cam0_A32,,,frozen_query_path_adjacent_acceptance_interpolation
cam0,2388,2365,1.00,uncalibrated_geometry_anchor,0.746131,False,geometry_supported_anchor,cam0_A32,cam0_A32,cam0_A32,match_unverified_geometry_supported,frozen_query_path_adjacent_acceptance_interpolation
cam0,2389,2366,0.50,uncalibrated_bounded_interpolation,0.604167,False,bounded_interpolation,cam0_A32,cam0_A33,,,frozen_query_path_adjacent_acceptance_interpolation
cam0,2390,2368,0.50,uncalibrated_bounded_interpolation,0.604167,False,bounded_interpolation,cam0_A32,cam0_A33,,,frozen_query_path_adjacent_acceptance_interpolation
cam0,2391,2369,0.50,uncalibrated_bounded_interpolation,0.604167,False,bounded_interpolation,cam0_A32,cam0_A33,,,frozen_query_path_adjacent_acceptance_interpolation
cam0,2392,2371,0.50,uncalibrated_bounded_interpolation,0.604167,False,bounded_interpolation,cam0_A32,cam0_A33,,,frozen_query_path_adjacent_acceptance_interpolation
cam0,2393,2372,0.50,uncalibrated_bounded_interpolation,0.604167,False,bounded_interpolation,cam0_A32,cam0_A33,,,frozen_query_path_adjacent_acceptance_interpolation
cam0,2394,2373,0.50,uncalibrated_bounded_interpolation,0.604167,False,bounded_interpolation,cam0_A32,cam0_A33,,,frozen_query_path_adjacent_acceptance_interpolation
cam0,2395,2375,0.50,uncalibrated_bounded_interpolation,0.604167,False,bounded_interpolation,cam0_A32,cam0_A33,,,frozen_query_path_adjacent_acceptance_interpolation
cam0,2396,2376,0.50,uncalibrated_bounded_interpolation,0.604167,False,bounded_interpolation,cam0_A32,cam0_A33,,,frozen_query_path_adjacent_acceptance_interpolation
cam0,2397,2377,0.50,uncalibrated_bounded_interpolation,0.604167,False,bounded_interpolation,cam0_A32,cam0_A33,,,frozen_query_path_adjacent_acceptance_interpolation
cam0,2398,2379,0.50,uncalibrated_bounded_interpolation,0.604167,False,bounded_interpolation,cam0_A32,cam0_A33,,,frozen_query_path_adjacent_acceptance_interpolation
cam0,2399,2380,0.50,uncalibrated_bounded_interpolation,0.604167,False,bounded_interpolation,cam0_A32,cam0_A33,,,frozen_query_path_adjacent_acceptance_interpolation
cam0,2400,2382,0.50,uncalibrated_bounded_interpolation,0.604167,False,bounded_interpolation,cam0_A32,cam0_A33,,,frozen_query_path_adjacent_acceptance_interpolation
cam0,2401,2383,0.50,uncalibrated_bounded_interpolation,0.604167,False,bounded_interpolation,cam0_A32,cam0_A33,,,frozen_query_path_adjacent_acceptance_interpolation
cam0,2402,2384,0.50,uncalibrated_bounded_interpolation,0.604167,False,bounded_interpolation,cam0_A32,cam0_A33,,,frozen_query_path_adjacent_acceptance_interpolation
cam0,2403,2386,0.50,uncalibrated_bounded_interpolation,0.604167,False,bounded_interpolation,cam0_A32,cam0_A33,,,frozen_query_path_adjacent_acceptance_interpolation
cam0,2404,2387,0.50,uncalibrated_bounded_interpolation,0.604167,False,bounded_interpolation,cam0_A32,cam0_A33,,,frozen_query_path_adjacent_acceptance_interpolation
cam0,2405,2389,0.50,uncalibrated_bounded_interpolation,0.604167,False,bounded_interpolation,cam0_A32,cam0_A33,,,frozen_query_path_adjacent_acceptance_interpolation
cam0,2406,2390,0.50,uncalibrated_bounded_interpolation,0.604167,False,bounded_interpolation,cam0_A32,cam0_A33,,,frozen_query_path_adjacent_acceptance_interpolation
cam0,2407,2391,0.50,uncalibrated_bounded_interpolation,0.604167,False,bounded_interpolation,cam0_A32,cam0_A33,,,frozen_query_path_adjacent_acceptance_interpolation
cam0,2408,2393,0.50,uncalibrated_bounded_interpolation,0.604167,False,bounded_interpolation,cam0_A32,cam0_A33,,,frozen_query_path_adjacent_acceptance_interpolation
cam0,2409,2394,0.50,uncalibrated_bounded_interpolation,0.604167,False,bounded_interpolation,cam0_A32,cam0_A33,,,frozen_query_path_adjacent_acceptance_interpolation
cam0,2410,2395,0.50,uncalibrated_bounded_interpolation,0.604167,False,bounded_interpolation,cam0_A32,cam0_A33,,,frozen_query_path_adjacent_acceptance_interpolation
cam0,2411,2397,0.50,uncalibrated_bounded_interpolation,0.604167,False,bounded_interpolation,cam0_A32,cam0_A33,,,frozen_query_path_adjacent_acceptance_interpolation
cam0,2412,2398,0.50,uncalibrated_bounded_interpolation,0.604167,False,bounded_interpolation,cam0_A32,cam0_A33,,,frozen_query_path_adjacent_acceptance_interpolation
cam0,2413,2400,0.50,uncalibrated_bounded_interpolation,0.604167,False,bounded_interpolation,cam0_A32,cam0_A33,,,frozen_query_path_adjacent_acceptance_interpolation
cam0,2414,2401,0.50,uncalibrated_bounded_interpolation,0.604167,False,bounded_interpolation,cam0_A32,cam0_A33,,,frozen_query_path_adjacent_acceptance_interpolation
cam0,2415,2402,0.50,uncalibrated_bounded_interpolation,0.604167,False,bounded_interpolation,cam0_A32,cam0_A33,,,frozen_query_path_adjacent_acceptance_interpolation
cam0,2416,2404,0.50,uncalibrated_bounded_interpolation,0.604167,False,bounded_interpolation,cam0_A32,cam0_A33,,,frozen_query_path_adjacent_acceptance_interpolation
cam0,2417,2405,0.50,uncalibrated_bounded_interpolation,0.604167,False,bounded_interpolation,cam0_A32,cam0_A33,,,frozen_query_path_adjacent_acceptance_interpolation
cam0,2418,2407,0.50,uncalibrated_bounded_interpolation,0.604167,False,bounded_interpolation,cam0_A32,cam0_A33,,,frozen_query_path_adjacent_acceptance_interpolation
cam0,2419,2408,0.50,uncalibrated_bounded_interpolation,0.604167,False,bounded_interpolation,cam0_A32,cam0_A33,,,frozen_query_path_adjacent_acceptance_interpolation
cam0,2420,2409,0.50,uncalibrated_bounded_interpolation,0.604167,False,bounded_interpolation,cam0_A32,cam0_A33,,,frozen_query_path_adjacent_acceptance_interpolation
cam0,2421,2411,0.50,uncalibrated_bounded_interpolation,0.604167,False,bounded_interpolation,cam0_A32,cam0_A33,,,frozen_query_path_adjacent_acceptance_interpolation
cam0,2422,2412,0.50,uncalibrated_bounded_interpolation,0.604167,False,bounded_interpolation,cam0_A32,cam0_A33,,,frozen_query_path_adjacent_acceptance_interpolation
cam0,2423,2414,0.50,uncalibrated_bounded_interpolation,0.604167,False,bounded_interpolation,cam0_A32,cam0_A33,,,frozen_query_path_adjacent_acceptance_interpolation
cam0,2424,2415,0.50,uncalibrated_bounded_interpolation,0.604167,False,bounded_interpolation,cam0_A32,cam0_A33,,,frozen_query_path_adjacent_acceptance_interpolation
cam0,2425,2416,0.50,uncalibrated_bounded_interpolation,0.604167,False,bounded_interpolation,cam0_A32,cam0_A33,,,frozen_query_path_adjacent_acceptance_interpolation
cam0,2426,2418,0.50,uncalibrated_bounded_interpolation,0.604167,False,bounded_interpolation,cam0_A32,cam0_A33,,,frozen_query_path_adjacent_acceptance_interpolation
cam0,2427,2419,0.50,uncalibrated_bounded_interpolation,0.604167,False,bounded_interpolation,cam0_A32,cam0_A33,,,frozen_query_path_adjacent_acceptance_interpolation
cam0,2428,2420,0.50,uncalibrated_bounded_interpolation,0.604167,False,bounded_interpolation,cam0_A32,cam0_A33,,,frozen_query_path_adjacent_acceptance_interpolation
cam0,2429,2422,0.50,uncalibrated_bounded_interpolation,0.604167,False,bounded_interpolation,cam0_A32,cam0_A33,,,frozen_query_path_adjacent_acceptance_interpolation
cam0,2430,2423,0.50,uncalibrated_bounded_interpolation,0.604167,False,bounded_interpolation,cam0_A32,cam0_A33,,,frozen_query_path_adjacent_acceptance_interpolation
cam0,2431,2425,0.50,uncalibrated_bounded_interpolation,0.604167,False,bounded_interpolation,cam0_A32,cam0_A33,,,frozen_query_path_adjacent_acceptance_interpolation
cam0,2432,2426,0.50,uncalibrated_bounded_interpolation,0.604167,False,bounded_interpolation,cam0_A32,cam0_A33,,,frozen_query_path_adjacent_acceptance_interpolation
cam0,2433,2427,0.50,uncalibrated_bounded_interpolation,0.604167,False,bounded_interpolation,cam0_A32,cam0_A33,,,frozen_query_path_adjacent_acceptance_interpolation
cam0,2434,2429,0.50,uncalibrated_bounded_interpolation,0.604167,False,bounded_interpolation,cam0_A32,cam0_A33,,,frozen_query_path_adjacent_acceptance_interpolation
cam0,2435,2430,0.50,uncalibrated_bounded_interpolation,0.604167,False,bounded_interpolation,cam0_A32,cam0_A33,,,frozen_query_path_adjacent_acceptance_interpolation
cam0,2436,2432,0.50,uncalibrated_bounded_interpolation,0.604167,False,bounded_interpolation,cam0_A32,cam0_A33,,,frozen_query_path_adjacent_acceptance_interpolation
cam0,2437,2433,0.50,uncalibrated_bounded_interpolation,0.604167,False,bounded_interpolation,cam0_A32,cam0_A33,,,frozen_query_path_adjacent_acceptance_interpolation
cam0,2438,2434,0.50,uncalibrated_bounded_interpolation,0.604167,False,bounded_interpolation,cam0_A32,cam0_A33,,,frozen_query_path_adjacent_acceptance_interpolation
cam0,2439,2436,0.50,uncalibrated_bounded_interpolation,0.604167,False,bounded_interpolation,cam0_A32,cam0_A33,,,frozen_query_path_adjacent_acceptance_interpolation
cam0,2440,2437,0.50,uncalibrated_bounded_interpolation,0.604167,False,bounded_interpolation,cam0_A32,cam0_A33,,,frozen_query_path_adjacent_acceptance_interpolation
cam0,2441,2438,0.50,uncalibrated_bounded_interpolation,0.604167,False,bounded_interpolation,cam0_A32,cam0_A33,,,frozen_query_path_adjacent_acceptance_interpolation
cam0,2442,2440,0.50,uncalibrated_bounded_interpolation,0.604167,False,bounded_interpolation,cam0_A32,cam0_A33,,,frozen_query_path_adjacent_acceptance_interpolation
cam0,2443,2441,0.50,uncalibrated_bounded_interpolation,0.604167,False,bounded_interpolation,cam0_A32,cam0_A33,,,frozen_query_path_adjacent_acceptance_interpolation
cam0,2444,2443,0.50,uncalibrated_bounded_interpolation,0.604167,False,bounded_interpolation,cam0_A32,cam0_A33,,,frozen_query_path_adjacent_acceptance_interpolation
cam0,2445,2444,0.50,uncalibrated_bounded_interpolation,0.604167,False,bounded_interpolation,cam0_A32,cam0_A33,,,frozen_query_path_adjacent_acceptance_interpolation
cam0,2446,2445,0.50,uncalibrated_bounded_interpolation,0.604167,False,bounded_interpolation,cam0_A32,cam0_A33,,,frozen_query_path_adjacent_acceptance_interpolation
cam0,2447,2447,0.50,uncalibrated_bounded_interpolation,0.604167,False,bounded_interpolation,cam0_A32,cam0_A33,,,frozen_query_path_adjacent_acceptance_interpolation
cam0,2448,2448,0.50,uncalibrated_bounded_interpolation,0.604167,False,bounded_interpolation,cam0_A32,cam0_A33,,,frozen_query_path_adjacent_acceptance_interpolation
cam0,2449,2450,0.50,uncalibrated_bounded_interpolation,0.604167,False,bounded_interpolation,cam0_A32,cam0_A33,,,frozen_query_path_adjacent_acceptance_interpolation
cam0,2450,2451,0.50,uncalibrated_bounded_interpolation,0.604167,False,bounded_interpolation,cam0_A32,cam0_A33,,,frozen_query_path_adjacent_acceptance_interpolation
cam0,2451,2452,0.50,uncalibrated_bounded_interpolation,0.604167,False,bounded_interpolation,cam0_A32,cam0_A33,,,frozen_query_path_adjacent_acceptance_interpolation
cam0,2452,2454,0.50,uncalibrated_bounded_interpolation,0.604167,False,bounded_interpolation,cam0_A32,cam0_A33,,,frozen_query_path_adjacent_acceptance_interpolation
cam0,2453,2455,0.50,uncalibrated_bounded_interpolation,0.604167,False,bounded_interpolation,cam0_A32,cam0_A33,,,frozen_query_path_adjacent_acceptance_interpolation
cam0,2454,2456,0.50,uncalibrated_bounded_interpolation,0.604167,False,bounded_interpolation,cam0_A32,cam0_A33,,,frozen_query_path_adjacent_acceptance_interpolation
cam0,2455,2458,0.50,uncalibrated_bounded_interpolation,0.604167,False,bounded_interpolation,cam0_A32,cam0_A33,,,frozen_query_path_adjacent_acceptance_interpolation
cam0,2456,2459,0.50,uncalibrated_bounded_interpolation,0.604167,False,bounded_interpolation,cam0_A32,cam0_A33,,,frozen_query_path_adjacent_acceptance_interpolation
cam0,2457,2461,0.50,uncalibrated_bounded_interpolation,0.604167,False,bounded_interpolation,cam0_A32,cam0_A33,,,frozen_query_path_adjacent_acceptance_interpolation
cam0,2458,2462,1.00,uncalibrated_geometry_anchor,0.604167,False,geometry_supported_anchor,cam0_A33,cam0_A33,cam0_A33,match_unverified_geometry_supported,frozen_query_path_adjacent_acceptance_interpolation
cam0,2459,2463,0.50,uncalibrated_bounded_interpolation,0.604167,False,bounded_interpolation,cam0_A33,cam0_A34,,,frozen_query_path_adjacent_acceptance_interpolation
cam0,2460,2464,0.50,uncalibrated_bounded_interpolation,0.604167,False,bounded_interpolation,cam0_A33,cam0_A34,,,frozen_query_path_adjacent_acceptance_interpolation
cam0,2461,2465,0.50,uncalibrated_bounded_interpolation,0.604167,False,bounded_interpolation,cam0_A33,cam0_A34,,,frozen_query_path_adjacent_acceptance_interpolation
cam0,2462,2466,0.50,uncalibrated_bounded_interpolation,0.604167,False,bounded_interpolation,cam0_A33,cam0_A34,,,frozen_query_path_adjacent_acceptance_interpolation
cam0,2463,2467,0.50,uncalibrated_bounded_interpolation,0.604167,False,bounded_interpolation,cam0_A33,cam0_A34,,,frozen_query_path_adjacent_acceptance_interpolation
cam0,2464,2469,0.50,uncalibrated_bounded_interpolation,0.604167,False,bounded_interpolation,cam0_A33,cam0_A34,,,frozen_query_path_adjacent_acceptance_interpolation
cam0,2465,2470,0.50,uncalibrated_bounded_interpolation,0.604167,False,bounded_interpolation,cam0_A33,cam0_A34,,,frozen_query_path_adjacent_acceptance_interpolation
cam0,2466,2471,0.50,uncalibrated_bounded_interpolation,0.604167,False,bounded_interpolation,cam0_A33,cam0_A34,,,frozen_query_path_adjacent_acceptance_interpolation
cam0,2467,2472,0.50,uncalibrated_bounded_interpolation,0.604167,False,bounded_interpolation,cam0_A33,cam0_A34,,,frozen_query_path_adjacent_acceptance_interpolation
cam0,2468,2473,0.50,uncalibrated_bounded_interpolation,0.604167,False,bounded_interpolation,cam0_A33,cam0_A34,,,frozen_query_path_adjacent_acceptance_interpolation
cam0,2469,2474,0.50,uncalibrated_bounded_interpolation,0.604167,False,bounded_interpolation,cam0_A33,cam0_A34,,,frozen_query_path_adjacent_acceptance_interpolation
cam0,2470,2475,0.50,uncalibrated_bounded_interpolation,0.604167,False,bounded_interpolation,cam0_A33,cam0_A34,,,frozen_query_path_adjacent_acceptance_interpolation
cam0,2471,2476,0.50,uncalibrated_bounded_interpolation,0.604167,False,bounded_interpolation,cam0_A33,cam0_A34,,,frozen_query_path_adjacent_acceptance_interpolation
cam0,2472,2477,0.50,uncalibrated_bounded_interpolation,0.604167,False,bounded_interpolation,cam0_A33,cam0_A34,,,frozen_query_path_adjacent_acceptance_interpolation
cam0,2473,2478,0.50,uncalibrated_bounded_interpolation,0.604167,False,bounded_interpolation,cam0_A33,cam0_A34,,,frozen_query_path_adjacent_acceptance_interpolation
cam0,2474,2479,0.50,uncalibrated_bounded_interpolation,0.604167,False,bounded_interpolation,cam0_A33,cam0_A34,,,frozen_query_path_adjacent_acceptance_interpolation
cam0,2475,2481,0.50,uncalibrated_bounded_interpolation,0.604167,False,bounded_interpolation,cam0_A33,cam0_A34,,,frozen_query_path_adjacent_acceptance_interpolation
cam0,2476,2482,0.50,uncalibrated_bounded_interpolation,0.604167,False,bounded_interpolation,cam0_A33,cam0_A34,,,frozen_query_path_adjacent_acceptance_interpolation
cam0,2477,2483,0.50,uncalibrated_bounded_interpolation,0.604167,False,bounded_interpolation,cam0_A33,cam0_A34,,,frozen_query_path_adjacent_acceptance_interpolation
cam0,2478,2484,0.50,uncalibrated_bounded_interpolation,0.604167,False,bounded_interpolation,cam0_A33,cam0_A34,,,frozen_query_path_adjacent_acceptance_interpolation
cam0,2479,2485,0.50,uncalibrated_bounded_interpolation,0.604167,False,bounded_interpolation,cam0_A33,cam0_A34,,,frozen_query_path_adjacent_acceptance_interpolation
cam0,2480,2486,0.50,uncalibrated_bounded_interpolation,0.604167,False,bounded_interpolation,cam0_A33,cam0_A34,,,frozen_query_path_adjacent_acceptance_interpolation
cam0,2481,2487,0.50,uncalibrated_bounded_interpolation,0.604167,False,bounded_interpolation,cam0_A33,cam0_A34,,,frozen_query_path_adjacent_acceptance_interpolation
cam0,2482,2488,0.50,uncalibrated_bounded_interpolation,0.604167,False,bounded_interpolation,cam0_A33,cam0_A34,,,frozen_query_path_adjacent_acceptance_interpolation
cam0,2483,2489,0.50,uncalibrated_bounded_interpolation,0.604167,False,bounded_interpolation,cam0_A33,cam0_A34,,,frozen_query_path_adjacent_acceptance_interpolation
cam0,2484,2490,0.50,uncalibrated_bounded_interpolation,0.604167,False,bounded_interpolation,cam0_A33,cam0_A34,,,frozen_query_path_adjacent_acceptance_interpolation
cam0,2485,2491,0.50,uncalibrated_bounded_interpolation,0.604167,False,bounded_interpolation,cam0_A33,cam0_A34,,,frozen_query_path_adjacent_acceptance_interpolation
cam0,2486,2493,0.50,uncalibrated_bounded_interpolation,0.604167,False,bounded_interpolation,cam0_A33,cam0_A34,,,frozen_query_path_adjacent_acceptance_interpolation
cam0,2487,2494,0.50,uncalibrated_bounded_interpolation,0.604167,False,bounded_interpolation,cam0_A33,cam0_A34,,,frozen_query_path_adjacent_acceptance_interpolation
cam0,2488,2495,0.50,uncalibrated_bounded_interpolation,0.604167,False,bounded_interpolation,cam0_A33,cam0_A34,,,frozen_query_path_adjacent_acceptance_interpolation
cam0,2489,2496,0.50,uncalibrated_bounded_interpolation,0.604167,False,bounded_interpolation,cam0_A33,cam0_A34,,,frozen_query_path_adjacent_acceptance_interpolation
cam0,2490,2497,0.50,uncalibrated_bounded_interpolation,0.604167,False,bounded_interpolation,cam0_A33,cam0_A34,,,frozen_query_path_adjacent_acceptance_interpolation
cam0,2491,2498,0.50,uncalibrated_bounded_interpolation,0.604167,False,bounded_interpolation,cam0_A33,cam0_A34,,,frozen_query_path_adjacent_acceptance_interpolation
cam0,2492,2499,0.50,uncalibrated_bounded_interpolation,0.604167,False,bounded_interpolation,cam0_A33,cam0_A34,,,frozen_query_path_adjacent_acceptance_interpolation
cam0,2493,2500,0.50,uncalibrated_bounded_interpolation,0.604167,False,bounded_interpolation,cam0_A33,cam0_A34,,,frozen_query_path_adjacent_acceptance_interpolation
cam0,2494,2501,0.50,uncalibrated_bounded_interpolation,0.604167,False,bounded_interpolation,cam0_A33,cam0_A34,,,frozen_query_path_adjacent_acceptance_interpolation
cam0,2495,2502,0.50,uncalibrated_bounded_interpolation,0.604167,False,bounded_interpolation,cam0_A33,cam0_A34,,,frozen_query_path_adjacent_acceptance_interpolation
cam0,2496,2504,0.50,uncalibrated_bounded_interpolation,0.604167,False,bounded_interpolation,cam0_A33,cam0_A34,,,frozen_query_path_adjacent_acceptance_interpolation
cam0,2497,2505,0.50,uncalibrated_bounded_interpolation,0.604167,False,bounded_interpolation,cam0_A33,cam0_A34,,,frozen_query_path_adjacent_acceptance_interpolation
cam0,2498,2506,0.50,uncalibrated_bounded_interpolation,0.604167,False,bounded_interpolation,cam0_A33,cam0_A34,,,frozen_query_path_adjacent_acceptance_interpolation
cam0,2499,2507,0.50,uncalibrated_bounded_interpolation,0.604167,False,bounded_interpolation,cam0_A33,cam0_A34,,,frozen_query_path_adjacent_acceptance_interpolation
cam0,2500,2508,0.50,uncalibrated_bounded_interpolation,0.604167,False,bounded_interpolation,cam0_A33,cam0_A34,,,frozen_query_path_adjacent_acceptance_interpolation
cam0,2501,2509,0.50,uncalibrated_bounded_interpolation,0.604167,False,bounded_interpolation,cam0_A33,cam0_A34,,,frozen_query_path_adjacent_acceptance_interpolation
cam0,2502,2510,0.50,uncalibrated_bounded_interpolation,0.604167,False,bounded_interpolation,cam0_A33,cam0_A34,,,frozen_query_path_adjacent_acceptance_interpolation
cam0,2503,2511,0.50,uncalibrated_bounded_interpolation,0.604167,False,bounded_interpolation,cam0_A33,cam0_A34,,,frozen_query_path_adjacent_acceptance_interpolation
cam0,2504,2512,0.50,uncalibrated_bounded_interpolation,0.604167,False,bounded_interpolation,cam0_A33,cam0_A34,,,frozen_query_path_adjacent_acceptance_interpolation
cam0,2505,2513,0.50,uncalibrated_bounded_interpolation,0.604167,False,bounded_interpolation,cam0_A33,cam0_A34,,,frozen_query_path_adjacent_acceptance_interpolation
cam0,2506,2514,0.50,uncalibrated_bounded_interpolation,0.604167,False,bounded_interpolation,cam0_A33,cam0_A34,,,frozen_query_path_adjacent_acceptance_interpolation
cam0,2507,2516,0.50,uncalibrated_bounded_interpolation,0.604167,False,bounded_interpolation,cam0_A33,cam0_A34,,,frozen_query_path_adjacent_acceptance_interpolation
cam0,2508,2517,0.50,uncalibrated_bounded_interpolation,0.604167,False,bounded_interpolation,cam0_A33,cam0_A34,,,frozen_query_path_adjacent_acceptance_interpolation
cam0,2509,2518,0.50,uncalibrated_bounded_interpolation,0.604167,False,bounded_interpolation,cam0_A33,cam0_A34,,,frozen_query_path_adjacent_acceptance_interpolation
cam0,2510,2519,0.50,uncalibrated_bounded_interpolation,0.604167,False,bounded_interpolation,cam0_A33,cam0_A34,,,frozen_query_path_adjacent_acceptance_interpolation
cam0,2511,2520,0.50,uncalibrated_bounded_interpolation,0.604167,False,bounded_interpolation,cam0_A33,cam0_A34,,,frozen_query_path_adjacent_acceptance_interpolation
cam0,2512,2521,0.50,uncalibrated_bounded_interpolation,0.604167,False,bounded_interpolation,cam0_A33,cam0_A34,,,frozen_query_path_adjacent_acceptance_interpolation
cam0,2513,2522,0.50,uncalibrated_bounded_interpolation,0.604167,False,bounded_interpolation,cam0_A33,cam0_A34,,,frozen_query_path_adjacent_acceptance_interpolation
cam0,2514,2523,0.50,uncalibrated_bounded_interpolation,0.604167,False,bounded_interpolation,cam0_A33,cam0_A34,,,frozen_query_path_adjacent_acceptance_interpolation
cam0,2515,2524,0.50,uncalibrated_bounded_interpolation,0.604167,False,bounded_interpolation,cam0_A33,cam0_A34,,,frozen_query_path_adjacent_acceptance_interpolation
cam0,2516,2525,0.50,uncalibrated_bounded_interpolation,0.604167,False,bounded_interpolation,cam0_A33,cam0_A34,,,frozen_query_path_adjacent_acceptance_interpolation
cam0,2517,2526,0.50,uncalibrated_bounded_interpolation,0.604167,False,bounded_interpolation,cam0_A33,cam0_A34,,,frozen_query_path_adjacent_acceptance_interpolation
cam0,2518,2528,0.50,uncalibrated_bounded_interpolation,0.604167,False,bounded_interpolation,cam0_A33,cam0_A34,,,frozen_query_path_adjacent_acceptance_interpolation
cam0,2519,2529,0.50,uncalibrated_bounded_interpolation,0.604167,False,bounded_interpolation,cam0_A33,cam0_A34,,,frozen_query_path_adjacent_acceptance_interpolation
cam0,2520,2530,0.50,uncalibrated_bounded_interpolation,0.604167,False,bounded_interpolation,cam0_A33,cam0_A34,,,frozen_query_path_adjacent_acceptance_interpolation
cam0,2521,2531,0.50,uncalibrated_bounded_interpolation,0.604167,False,bounded_interpolation,cam0_A33,cam0_A34,,,frozen_query_path_adjacent_acceptance_interpolation
cam0,2522,2532,0.50,uncalibrated_bounded_interpolation,0.604167,False,bounded_interpolation,cam0_A33,cam0_A34,,,frozen_query_path_adjacent_acceptance_interpolation
cam0,2523,2533,0.50,uncalibrated_bounded_interpolation,0.604167,False,bounded_interpolation,cam0_A33,cam0_A34,,,frozen_query_path_adjacent_acceptance_interpolation
cam0,2524,2534,0.50,uncalibrated_bounded_interpolation,0.604167,False,bounded_interpolation,cam0_A33,cam0_A34,,,frozen_query_path_adjacent_acceptance_interpolation
cam0,2525,2535,0.50,uncalibrated_bounded_interpolation,0.604167,False,bounded_interpolation,cam0_A33,cam0_A34,,,frozen_query_path_adjacent_acceptance_interpolation
cam0,2526,2536,0.50,uncalibrated_bounded_interpolation,0.604167,False,bounded_interpolation,cam0_A33,cam0_A34,,,frozen_query_path_adjacent_acceptance_interpolation
cam0,2527,2537,0.50,uncalibrated_bounded_interpolation,0.604167,False,bounded_interpolation,cam0_A33,cam0_A34,,,frozen_query_path_adjacent_acceptance_interpolation
cam0,2528,2538,0.50,uncalibrated_bounded_interpolation,0.604167,False,bounded_interpolation,cam0_A33,cam0_A34,,,frozen_query_path_adjacent_acceptance_interpolation
cam0,2529,2540,0.50,uncalibrated_bounded_interpolation,0.604167,False,bounded_interpolation,cam0_A33,cam0_A34,,,frozen_query_path_adjacent_acceptance_interpolation
cam0,2530,2541,0.50,uncalibrated_bounded_interpolation,0.604167,False,bounded_interpolation,cam0_A33,cam0_A34,,,frozen_query_path_adjacent_acceptance_interpolation
cam0,2531,2542,0.50,uncalibrated_bounded_interpolation,0.604167,False,bounded_interpolation,cam0_A33,cam0_A34,,,frozen_query_path_adjacent_acceptance_interpolation
cam0,2532,2543,0.50,uncalibrated_bounded_interpolation,0.604167,False,bounded_interpolation,cam0_A33,cam0_A34,,,frozen_query_path_adjacent_acceptance_interpolation
cam0,2533,2544,0.50,uncalibrated_bounded_interpolation,0.604167,False,bounded_interpolation,cam0_A33,cam0_A34,,,frozen_query_path_adjacent_acceptance_interpolation
cam0,2534,2545,1.00,uncalibrated_geometry_anchor,0.899405,False,geometry_supported_anchor,cam0_A34,cam0_A34,cam0_A34,match_unverified_geometry_supported,frozen_query_path_adjacent_acceptance_interpolation
cam0,2535,,0.00,abstain,,False,unsupported_after_last_supported_segment,,,,,frozen_query_path_adjacent_acceptance_interpolation
cam0,2536,,0.00,abstain,,False,unsupported_after_last_supported_segment,,,,,frozen_query_path_adjacent_acceptance_interpolation
cam0,2537,,0.00,abstain,,False,unsupported_after_last_supported_segment,,,,,frozen_query_path_adjacent_acceptance_interpolation
cam0,2538,,0.00,abstain,,False,unsupported_after_last_supported_segment,,,,,frozen_query_path_adjacent_acceptance_interpolation
cam0,2539,,0.00,abstain,,False,unsupported_after_last_supported_segment,,,,,frozen_query_path_adjacent_acceptance_interpolation
cam0,2540,,0.00,abstain,,False,unsupported_after_last_supported_segment,,,,,frozen_query_path_adjacent_acceptance_interpolation
cam0,2541,,0.00,abstain,,False,unsupported_after_last_supported_segment,,,,,frozen_query_path_adjacent_acceptance_interpolation
cam0,2542,,0.00,abstain,,False,unsupported_after_last_supported_segment,,,,,frozen_query_path_adjacent_acceptance_interpolation
cam0,2543,,0.00,abstain,,False,unsupported_after_last_supported_segment,,,,,frozen_query_path_adjacent_acceptance_interpolation
cam0,2544,,0.00,abstain,,False,unsupported_after_last_supported_segment,,,,,frozen_query_path_adjacent_acceptance_interpolation
cam0,2545,,0.00,abstain,,False,unsupported_after_last_supported_segment,,,,,frozen_query_path_adjacent_acceptance_interpolation
cam0,2546,,0.00,abstain,,False,unsupported_after_last_supported_segment,,,,,frozen_query_path_adjacent_acceptance_interpolation
cam0,2547,,0.00,abstain,,False,unsupported_after_last_supported_segment,,,,,frozen_query_path_adjacent_acceptance_interpolation
cam0,2548,,0.00,abstain,,False,unsupported_after_last_supported_segment,,,,,frozen_query_path_adjacent_acceptance_interpolation
cam0,2549,,0.00,abstain,,False,unsupported_after_last_supported_segment,,,,,frozen_query_path_adjacent_acceptance_interpolation
cam0,2550,,0.00,abstain,,False,unsupported_after_last_supported_segment,,,,,frozen_query_path_adjacent_acceptance_interpolation
cam0,2551,,0.00,abstain,,False,unsupported_after_last_supported_segment,,,,,frozen_query_path_adjacent_acceptance_interpolation
cam0,2552,,0.00,abstain,,False,unsupported_after_last_supported_segment,,,,,frozen_query_path_adjacent_acceptance_interpolation
cam0,2553,,0.00,abstain,,False,unsupported_after_last_supported_segment,,,,,frozen_query_path_adjacent_acceptance_interpolation
cam0,2554,,0.00,abstain,,False,unsupported_after_last_supported_segment,,,,,frozen_query_path_adjacent_acceptance_interpolation
cam0,2555,,0.00,abstain,,False,unsupported_after_last_supported_segment,,,,,frozen_query_path_adjacent_acceptance_interpolation
cam0,2556,,0.00,abstain,,False,unsupported_after_last_supported_segment,,,,,frozen_query_path_adjacent_acceptance_interpolation
cam0,2557,,0.00,abstain,,False,unsupported_after_last_supported_segment,,,,,frozen_query_path_adjacent_acceptance_interpolation
cam0,2558,,0.00,abstain,,False,unsupported_after_last_supported_segment,,,,,frozen_query_path_adjacent_acceptance_interpolation
cam0,2559,,0.00,abstain,,False,unsupported_after_last_supported_segment,,,,,frozen_query_path_adjacent_acceptance_interpolation
cam0,2560,,0.00,abstain,,False,unsupported_after_last_supported_segment,,,,,frozen_query_path_adjacent_acceptance_interpolation
cam0,2561,,0.00,abstain,,False,unsupported_after_last_supported_segment,,,,,frozen_query_path_adjacent_acceptance_interpolation
cam0,2562,,0.00,abstain,,False,unsupported_after_last_supported_segment,,,,,frozen_query_path_adjacent_acceptance_interpolation
cam0,2563,,0.00,abstain,,False,unsupported_after_last_supported_segment,,,,,frozen_query_path_adjacent_acceptance_interpolation
cam0,2564,,0.00,abstain,,False,unsupported_after_last_supported_segment,,,,,frozen_query_path_adjacent_acceptance_interpolation
cam0,2565,,0.00,abstain,,False,unsupported_after_last_supported_segment,,,,,frozen_query_path_adjacent_acceptance_interpolation
cam0,2566,,0.00,abstain,,False,unsupported_after_last_supported_segment,,,,,frozen_query_path_adjacent_acceptance_interpolation
cam0,2567,,0.00,abstain,,False,unsupported_after_last_supported_segment,,,,,frozen_query_path_adjacent_acceptance_interpolation
cam0,2568,,0.00,abstain,,False,unsupported_after_last_supported_segment,,,,,frozen_query_path_adjacent_acceptance_interpolation
cam0,2569,,0.00,abstain,,False,unsupported_after_last_supported_segment,,,,,frozen_query_path_adjacent_acceptance_interpolation
cam0,2570,,0.00,abstain,,False,unsupported_after_last_supported_segment,,,,,frozen_query_path_adjacent_acceptance_interpolation
cam0,2571,,0.00,abstain,,False,unsupported_after_last_supported_segment,,,,,frozen_query_path_adjacent_acceptance_interpolation
cam0,2572,,0.00,abstain,,False,unsupported_after_last_supported_segment,,,,,frozen_query_path_adjacent_acceptance_interpolation
cam0,2573,,0.00,abstain,,False,unsupported_after_last_supported_segment,,,,,frozen_query_path_adjacent_acceptance_interpolation
cam0,2574,,0.00,abstain,,False,unsupported_after_last_supported_segment,,,,,frozen_query_path_adjacent_acceptance_interpolation
cam0,2575,,0.00,abstain,,False,unsupported_after_last_supported_segment,,,,,frozen_query_path_adjacent_acceptance_interpolation
cam0,2576,,0.00,abstain,,False,unsupported_after_last_supported_segment,,,,,frozen_query_path_adjacent_acceptance_interpolation
cam0,2577,,0.00,abstain,,False,unsupported_after_last_supported_segment,,,,,frozen_query_path_adjacent_acceptance_interpolation
cam0,2578,,0.00,abstain,,False,unsupported_after_last_supported_segment,,,,,frozen_query_path_adjacent_acceptance_interpolation
cam0,2579,,0.00,abstain,,False,unsupported_after_last_supported_segment,,,,,frozen_query_path_adjacent_acceptance_interpolation
cam0,2580,,0.00,abstain,,False,unsupported_after_last_supported_segment,,,,,frozen_query_path_adjacent_acceptance_interpolation
cam0,2581,,0.00,abstain,,False,unsupported_after_last_supported_segment,,,,,frozen_query_path_adjacent_acceptance_interpolation
cam0,2582,,0.00,abstain,,False,unsupported_after_last_supported_segment,,,,,frozen_query_path_adjacent_acceptance_interpolation
cam0,2583,,0.00,abstain,,False,unsupported_after_last_supported_segment,,,,,frozen_query_path_adjacent_acceptance_interpolation
cam0,2584,,0.00,abstain,,False,unsupported_after_last_supported_segment,,,,,frozen_query_path_adjacent_acceptance_interpolation
cam0,2585,,0.00,abstain,,False,unsupported_after_last_supported_segment,,,,,frozen_query_path_adjacent_acceptance_interpolation
cam0,2586,,0.00,abstain,,False,unsupported_after_last_supported_segment,,,,,frozen_query_path_adjacent_acceptance_interpolation
cam0,2587,,0.00,abstain,,False,unsupported_after_last_supported_segment,,,,,frozen_query_path_adjacent_acceptance_interpolation
cam0,2588,,0.00,abstain,,False,unsupported_after_last_supported_segment,,,,,frozen_query_path_adjacent_acceptance_interpolation
cam0,2589,,0.00,abstain,,False,unsupported_after_last_supported_segment,,,,,frozen_query_path_adjacent_acceptance_interpolation
cam0,2590,,0.00,abstain,,False,unsupported_after_last_supported_segment,,,,,frozen_query_path_adjacent_acceptance_interpolation
cam0,2591,,0.00,abstain,,False,unsupported_after_last_supported_segment,,,,,frozen_query_path_adjacent_acceptance_interpolation
cam0,2592,,0.00,abstain,,False,unsupported_after_last_supported_segment,,,,,frozen_query_path_adjacent_acceptance_interpolation
cam0,2593,,0.00,abstain,,False,unsupported_after_last_supported_segment,,,,,frozen_query_path_adjacent_acceptance_interpolation
cam0,2594,,0.00,abstain,,False,unsupported_after_last_supported_segment,,,,,frozen_query_path_adjacent_acceptance_interpolation
cam0,2595,,0.00,abstain,,False,unsupported_after_last_supported_segment,,,,,frozen_query_path_adjacent_acceptance_interpolation
cam0,2596,,0.00,abstain,,False,unsupported_after_last_supported_segment,,,,,frozen_query_path_adjacent_acceptance_interpolation
cam0,2597,,0.00,abstain,,False,unsupported_after_last_supported_segment,,,,,frozen_query_path_adjacent_acceptance_interpolation
cam0,2598,,0.00,abstain,,False,unsupported_after_last_supported_segment,,,,,frozen_query_path_adjacent_acceptance_interpolation
cam0,2599,,0.00,abstain,,False,unsupported_after_last_supported_segment,,,,,frozen_query_path_adjacent_acceptance_interpolation
cam0,2600,,0.00,abstain,,False,unsupported_after_last_supported_segment,,,,,frozen_query_path_adjacent_acceptance_interpolation
cam0,2601,,0.00,abstain,,False,unsupported_after_last_supported_segment,,,,,frozen_query_path_adjacent_acceptance_interpolation
cam0,2602,,0.00,abstain,,False,unsupported_after_last_supported_segment,,,,,frozen_query_path_adjacent_acceptance_interpolation
cam0,2603,,0.00,abstain,,False,unsupported_after_last_supported_segment,,,,,frozen_query_path_adjacent_acceptance_interpolation
cam0,2604,,0.00,abstain,,False,unsupported_anchor_abstention,,,cam0_A35,abstain_weak_or_ambiguous_geometry,frozen_query_path_adjacent_acceptance_interpolation
cam0,2605,,0.00,abstain,,False,unsupported_after_last_supported_segment,,,,,frozen_query_path_adjacent_acceptance_interpolation
cam0,2606,,0.00,abstain,,False,unsupported_after_last_supported_segment,,,,,frozen_query_path_adjacent_acceptance_interpolation
cam0,2607,,0.00,abstain,,False,unsupported_after_last_supported_segment,,,,,frozen_query_path_adjacent_acceptance_interpolation
cam0,2608,,0.00,abstain,,False,unsupported_after_last_supported_segment,,,,,frozen_query_path_adjacent_acceptance_interpolation
cam0,2609,,0.00,abstain,,False,unsupported_after_last_supported_segment,,,,,frozen_query_path_adjacent_acceptance_interpolation
cam0,2610,,0.00,abstain,,False,unsupported_after_last_supported_segment,,,,,frozen_query_path_adjacent_acceptance_interpolation
cam0,2611,,0.00,abstain,,False,unsupported_after_last_supported_segment,,,,,frozen_query_path_adjacent_acceptance_interpolation
cam0,2612,,0.00,abstain,,False,unsupported_after_last_supported_segment,,,,,frozen_query_path_adjacent_acceptance_interpolation
cam0,2613,,0.00,abstain,,False,unsupported_after_last_supported_segment,,,,,frozen_query_path_adjacent_acceptance_interpolation
cam0,2614,,0.00,abstain,,False,unsupported_after_last_supported_segment,,,,,frozen_query_path_adjacent_acceptance_interpolation
cam0,2615,,0.00,abstain,,False,unsupported_after_last_supported_segment,,,,,frozen_query_path_adjacent_acceptance_interpolation
cam0,2616,,0.00,abstain,,False,unsupported_after_last_supported_segment,,,,,frozen_query_path_adjacent_acceptance_interpolation
cam0,2617,,0.00,abstain,,False,unsupported_after_last_supported_segment,,,,,frozen_query_path_adjacent_acceptance_interpolation
cam0,2618,,0.00,abstain,,False,unsupported_after_last_supported_segment,,,,,frozen_query_path_adjacent_acceptance_interpolation
cam0,2619,,0.00,abstain,,False,unsupported_after_last_supported_segment,,,,,frozen_query_path_adjacent_acceptance_interpolation
cam0,2620,,0.00,abstain,,False,unsupported_after_last_supported_segment,,,,,frozen_query_path_adjacent_acceptance_interpolation
cam0,2621,,0.00,abstain,,False,unsupported_after_last_supported_segment,,,,,frozen_query_path_adjacent_acceptance_interpolation
cam0,2622,,0.00,abstain,,False,unsupported_after_last_supported_segment,,,,,frozen_query_path_adjacent_acceptance_interpolation
cam0,2623,,0.00,abstain,,False,unsupported_after_last_supported_segment,,,,,frozen_query_path_adjacent_acceptance_interpolation
cam0,2624,,0.00,abstain,,False,unsupported_after_last_supported_segment,,,,,frozen_query_path_adjacent_acceptance_interpolation
cam0,2625,,0.00,abstain,,False,unsupported_after_last_supported_segment,,,,,frozen_query_path_adjacent_acceptance_interpolation
cam0,2626,,0.00,abstain,,False,unsupported_after_last_supported_segment,,,,,frozen_query_path_adjacent_acceptance_interpolation
cam0,2627,,0.00,abstain,,False,unsupported_after_last_supported_segment,,,,,frozen_query_path_adjacent_acceptance_interpolation
cam0,2628,,0.00,abstain,,False,unsupported_after_last_supported_segment,,,,,frozen_query_path_adjacent_acceptance_interpolation
cam0,2629,,0.00,abstain,,False,unsupported_after_last_supported_segment,,,,,frozen_query_path_adjacent_acceptance_interpolation
cam0,2630,,0.00,abstain,,False,unsupported_after_last_supported_segment,,,,,frozen_query_path_adjacent_acceptance_interpolation
cam0,2631,,0.00,abstain,,False,unsupported_after_last_supported_segment,,,,,frozen_query_path_adjacent_acceptance_interpolation
cam0,2632,,0.00,abstain,,False,unsupported_after_last_supported_segment,,,,,frozen_query_path_adjacent_acceptance_interpolation
cam0,2633,,0.00,abstain,,False,unsupported_after_last_supported_segment,,,,,frozen_query_path_adjacent_acceptance_interpolation
cam0,2634,,0.00,abstain,,False,unsupported_after_last_supported_segment,,,,,frozen_query_path_adjacent_acceptance_interpolation
cam0,2635,,0.00,abstain,,False,unsupported_after_last_supported_segment,,,,,frozen_query_path_adjacent_acceptance_interpolation
cam0,2636,,0.00,abstain,,False,unsupported_after_last_supported_segment,,,,,frozen_query_path_adjacent_acceptance_interpolation
cam0,2637,,0.00,abstain,,False,unsupported_after_last_supported_segment,,,,,frozen_query_path_adjacent_acceptance_interpolation
cam0,2638,,0.00,abstain,,False,unsupported_after_last_supported_segment,,,,,frozen_query_path_adjacent_acceptance_interpolation
cam0,2639,,0.00,abstain,,False,unsupported_after_last_supported_segment,,,,,frozen_query_path_adjacent_acceptance_interpolation
cam0,2640,,0.00,abstain,,False,unsupported_after_last_supported_segment,,,,,frozen_query_path_adjacent_acceptance_interpolation
cam0,2641,,0.00,abstain,,False,unsupported_after_last_supported_segment,,,,,frozen_query_path_adjacent_acceptance_interpolation
cam0,2642,,0.00,abstain,,False,unsupported_after_last_supported_segment,,,,,frozen_query_path_adjacent_acceptance_interpolation
cam0,2643,,0.00,abstain,,False,unsupported_after_last_supported_segment,,,,,frozen_query_path_adjacent_acceptance_interpolation
cam0,2644,,0.00,abstain,,False,unsupported_after_last_supported_segment,,,,,frozen_query_path_adjacent_acceptance_interpolation
cam0,2645,,0.00,abstain,,False,unsupported_after_last_supported_segment,,,,,frozen_query_path_adjacent_acceptance_interpolation
cam0,2646,,0.00,abstain,,False,unsupported_after_last_supported_segment,,,,,frozen_query_path_adjacent_acceptance_interpolation
cam0,2647,,0.00,abstain,,False,unsupported_after_last_supported_segment,,,,,frozen_query_path_adjacent_acceptance_interpolation
cam0,2648,,0.00,abstain,,False,unsupported_after_last_supported_segment,,,,,frozen_query_path_adjacent_acceptance_interpolation
cam0,2649,,0.00,abstain,,False,unsupported_after_last_supported_segment,,,,,frozen_query_path_adjacent_acceptance_interpolation
cam0,2650,,0.00,abstain,,False,unsupported_after_last_supported_segment,,,,,frozen_query_path_adjacent_acceptance_interpolation
cam0,2651,,0.00,abstain,,False,unsupported_after_last_supported_segment,,,,,frozen_query_path_adjacent_acceptance_interpolation
cam0,2652,,0.00,abstain,,False,unsupported_after_last_supported_segment,,,,,frozen_query_path_adjacent_acceptance_interpolation
cam0,2653,,0.00,abstain,,False,unsupported_after_last_supported_segment,,,,,frozen_query_path_adjacent_acceptance_interpolation
cam0,2654,,0.00,abstain,,False,unsupported_after_last_supported_segment,,,,,frozen_query_path_adjacent_acceptance_interpolation
cam0,2655,,0.00,abstain,,False,unsupported_after_last_supported_segment,,,,,frozen_query_path_adjacent_acceptance_interpolation
cam0,2656,,0.00,abstain,,False,unsupported_after_last_supported_segment,,,,,frozen_query_path_adjacent_acceptance_interpolation
cam0,2657,,0.00,abstain,,False,unsupported_after_last_supported_segment,,,,,frozen_query_path_adjacent_acceptance_interpolation
cam0,2658,,0.00,abstain,,False,unsupported_after_last_supported_segment,,,,,frozen_query_path_adjacent_acceptance_interpolation
cam0,2659,,0.00,abstain,,False,unsupported_after_last_supported_segment,,,,,frozen_query_path_adjacent_acceptance_interpolation
cam0,2660,,0.00,abstain,,False,unsupported_after_last_supported_segment,,,,,frozen_query_path_adjacent_acceptance_interpolation
cam0,2661,,0.00,abstain,,False,unsupported_after_last_supported_segment,,,,,frozen_query_path_adjacent_acceptance_interpolation
cam0,2662,,0.00,abstain,,False,unsupported_after_last_supported_segment,,,,,frozen_query_path_adjacent_acceptance_interpolation
cam0,2663,,0.00,abstain,,False,unsupported_after_last_supported_segment,,,,,frozen_query_path_adjacent_acceptance_interpolation
cam0,2664,,0.00,abstain,,False,unsupported_after_last_supported_segment,,,,,frozen_query_path_adjacent_acceptance_interpolation
cam0,2665,,0.00,abstain,,False,unsupported_after_last_supported_segment,,,,,frozen_query_path_adjacent_acceptance_interpolation
cam0,2666,,0.00,abstain,,False,unsupported_after_last_supported_segment,,,,,frozen_query_path_adjacent_acceptance_interpolation
cam0,2667,,0.00,abstain,,False,unsupported_after_last_supported_segment,,,,,frozen_query_path_adjacent_acceptance_interpolation
cam0,2668,,0.00,abstain,,False,unsupported_after_last_supported_segment,,,,,frozen_query_path_adjacent_acceptance_interpolation
cam0,2669,,0.00,abstain,,False,unsupported_after_last_supported_segment,,,,,frozen_query_path_adjacent_acceptance_interpolation
cam0,2670,,0.00,abstain,,False,unsupported_after_last_supported_segment,,,,,frozen_query_path_adjacent_acceptance_interpolation
cam0,2671,,0.00,abstain,,False,unsupported_after_last_supported_segment,,,,,frozen_query_path_adjacent_acceptance_interpolation
cam0,2672,,0.00,abstain,,False,unsupported_after_last_supported_segment,,,,,frozen_query_path_adjacent_acceptance_interpolation
cam0,2673,,0.00,abstain,,False,unsupported_isolated_acceptance,,,cam0_A36,match_unverified_geometry_supported,frozen_query_path_adjacent_acceptance_interpolation
