camera_id,runA_frame,runB_frame,confidence,tier,support_score,confidence_is_calibrated_probability,status,left_anchor_id,right_anchor_id,candidate_id,candidate_decision,method
cam5,0,,0.00,abstain,,False,pre_route_no_correspondence,,,,,frozen_query_path_adjacent_acceptance_interpolation
cam5,1,,0.00,abstain,,False,pre_route_no_correspondence,,,,,frozen_query_path_adjacent_acceptance_interpolation
cam5,2,,0.00,abstain,,False,pre_route_no_correspondence,,,,,frozen_query_path_adjacent_acceptance_interpolation
cam5,3,,0.00,abstain,,False,pre_route_no_correspondence,,,,,frozen_query_path_adjacent_acceptance_interpolation
cam5,4,,0.00,abstain,,False,pre_route_no_correspondence,,,,,frozen_query_path_adjacent_acceptance_interpolation
cam5,5,,0.00,abstain,,False,pre_route_no_correspondence,,,,,frozen_query_path_adjacent_acceptance_interpolation
cam5,6,,0.00,abstain,,False,pre_route_no_correspondence,,,,,frozen_query_path_adjacent_acceptance_interpolation
cam5,7,,0.00,abstain,,False,pre_route_no_correspondence,,,,,frozen_query_path_adjacent_acceptance_interpolation
cam5,8,,0.00,abstain,,False,pre_route_no_correspondence,,,,,frozen_query_path_adjacent_acceptance_interpolation
cam5,9,,0.00,abstain,,False,pre_route_no_correspondence,,,,,frozen_query_path_adjacent_acceptance_interpolation
cam5,10,,0.00,abstain,,False,pre_route_no_correspondence,,,,,frozen_query_path_adjacent_acceptance_interpolation
cam5,11,,0.00,abstain,,False,pre_route_no_correspondence,,,,,frozen_query_path_adjacent_acceptance_interpolation
cam5,12,,0.00,abstain,,False,pre_route_no_correspondence,,,,,frozen_query_path_adjacent_acceptance_interpolation
cam5,13,,0.00,abstain,,False,pre_route_no_correspondence,,,,,frozen_query_path_adjacent_acceptance_interpolation
cam5,14,,0.00,abstain,,False,pre_route_no_correspondence,,,,,frozen_query_path_adjacent_acceptance_interpolation
cam5,15,,0.00,abstain,,False,pre_route_no_correspondence,,,,,frozen_query_path_adjacent_acceptance_interpolation
cam5,16,,0.00,abstain,,False,pre_route_no_correspondence,,,,,frozen_query_path_adjacent_acceptance_interpolation
cam5,17,,0.00,abstain,,False,pre_route_no_correspondence,,,,,frozen_query_path_adjacent_acceptance_interpolation
cam5,18,,0.00,abstain,,False,pre_route_no_correspondence,,,,,frozen_query_path_adjacent_acceptance_interpolation
cam5,19,,0.00,abstain,,False,pre_route_no_correspondence,,,,,frozen_query_path_adjacent_acceptance_interpolation
cam5,20,,0.00,abstain,,False,pre_route_no_correspondence,,,,,frozen_query_path_adjacent_acceptance_interpolation
cam5,21,,0.00,abstain,,False,pre_route_no_correspondence,,,,,frozen_query_path_adjacent_acceptance_interpolation
cam5,22,,0.00,abstain,,False,pre_route_no_correspondence,,,,,frozen_query_path_adjacent_acceptance_interpolation
cam5,23,,0.00,abstain,,False,pre_route_no_correspondence,,,,,frozen_query_path_adjacent_acceptance_interpolation
cam5,24,,0.00,abstain,,False,pre_route_no_correspondence,,,,,frozen_query_path_adjacent_acceptance_interpolation
cam5,25,,0.00,abstain,,False,pre_route_no_correspondence,,,,,frozen_query_path_adjacent_acceptance_interpolation
cam5,26,,0.00,abstain,,False,pre_route_no_correspondence,,,,,frozen_query_path_adjacent_acceptance_interpolation
cam5,27,,0.00,abstain,,False,pre_route_no_correspondence,,,,,frozen_query_path_adjacent_acceptance_interpolation
cam5,28,,0.00,abstain,,False,pre_route_no_correspondence,,,,,frozen_query_path_adjacent_acceptance_interpolation
cam5,29,,0.00,abstain,,False,pre_route_no_correspondence,,,,,frozen_query_path_adjacent_acceptance_interpolation
cam5,30,,0.00,abstain,,False,pre_route_no_correspondence,,,,,frozen_query_path_adjacent_acceptance_interpolation
cam5,31,,0.00,abstain,,False,pre_route_no_correspondence,,,,,frozen_query_path_adjacent_acceptance_interpolation
cam5,32,,0.00,abstain,,False,pre_route_no_correspondence,,,,,frozen_query_path_adjacent_acceptance_interpolation
cam5,33,,0.00,abstain,,False,pre_route_no_correspondence,,,,,frozen_query_path_adjacent_acceptance_interpolation
cam5,34,,0.00,abstain,,False,pre_route_no_correspondence,,,,,frozen_query_path_adjacent_acceptance_interpolation
cam5,35,,0.00,abstain,,False,pre_route_no_correspondence,,,,,frozen_query_path_adjacent_acceptance_interpolation
cam5,36,,0.00,abstain,,False,pre_route_no_correspondence,,,,,frozen_query_path_adjacent_acceptance_interpolation
cam5,37,,0.00,abstain,,False,pre_route_no_correspondence,,,,,frozen_query_path_adjacent_acceptance_interpolation
cam5,38,,0.00,abstain,,False,pre_route_no_correspondence,,,,,frozen_query_path_adjacent_acceptance_interpolation
cam5,39,,0.00,abstain,,False,pre_route_no_correspondence,,,,,frozen_query_path_adjacent_acceptance_interpolation
cam5,40,,0.00,abstain,,False,pre_route_no_correspondence,,,,,frozen_query_path_adjacent_acceptance_interpolation
cam5,41,,0.00,abstain,,False,pre_route_no_correspondence,,,,,frozen_query_path_adjacent_acceptance_interpolation
cam5,42,,0.00,abstain,,False,pre_route_no_correspondence,,,,,frozen_query_path_adjacent_acceptance_interpolation
cam5,43,,0.00,abstain,,False,pre_route_no_correspondence,,,,,frozen_query_path_adjacent_acceptance_interpolation
cam5,44,,0.00,abstain,,False,pre_route_no_correspondence,,,,,frozen_query_path_adjacent_acceptance_interpolation
cam5,45,,0.00,abstain,,False,pre_route_no_correspondence,,,,,frozen_query_path_adjacent_acceptance_interpolation
cam5,46,,0.00,abstain,,False,pre_route_no_correspondence,,,,,frozen_query_path_adjacent_acceptance_interpolation
cam5,47,,0.00,abstain,,False,pre_route_no_correspondence,,,,,frozen_query_path_adjacent_acceptance_interpolation
cam5,48,,0.00,abstain,,False,pre_route_no_correspondence,,,,,frozen_query_path_adjacent_acceptance_interpolation
cam5,49,,0.00,abstain,,False,pre_route_no_correspondence,,,,,frozen_query_path_adjacent_acceptance_interpolation
cam5,50,,0.00,abstain,,False,pre_route_no_correspondence,,,,,frozen_query_path_adjacent_acceptance_interpolation
cam5,51,,0.00,abstain,,False,pre_route_no_correspondence,,,,,frozen_query_path_adjacent_acceptance_interpolation
cam5,52,,0.00,abstain,,False,pre_route_no_correspondence,,,,,frozen_query_path_adjacent_acceptance_interpolation
cam5,53,,0.00,abstain,,False,pre_route_no_correspondence,,,,,frozen_query_path_adjacent_acceptance_interpolation
cam5,54,,0.00,abstain,,False,pre_route_no_correspondence,,,,,frozen_query_path_adjacent_acceptance_interpolation
cam5,55,,0.00,abstain,,False,pre_route_no_correspondence,,,,,frozen_query_path_adjacent_acceptance_interpolation
cam5,56,,0.00,abstain,,False,pre_route_no_correspondence,,,,,frozen_query_path_adjacent_acceptance_interpolation
cam5,57,,0.00,abstain,,False,pre_route_no_correspondence,,,,,frozen_query_path_adjacent_acceptance_interpolation
cam5,58,,0.00,abstain,,False,pre_route_no_correspondence,,,,,frozen_query_path_adjacent_acceptance_interpolation
cam5,59,,0.00,abstain,,False,pre_route_no_correspondence,,,,,frozen_query_path_adjacent_acceptance_interpolation
cam5,60,,0.00,abstain,,False,pre_route_no_correspondence,,,,,frozen_query_path_adjacent_acceptance_interpolation
cam5,61,,0.00,abstain,,False,pre_route_no_correspondence,,,,,frozen_query_path_adjacent_acceptance_interpolation
cam5,62,,0.00,abstain,,False,pre_route_no_correspondence,,,,,frozen_query_path_adjacent_acceptance_interpolation
cam5,63,,0.00,abstain,,False,pre_route_no_correspondence,,,,,frozen_query_path_adjacent_acceptance_interpolation
cam5,64,,0.00,abstain,,False,pre_route_no_correspondence,,,,,frozen_query_path_adjacent_acceptance_interpolation
cam5,65,,0.00,abstain,,False,pre_route_no_correspondence,,,,,frozen_query_path_adjacent_acceptance_interpolation
cam5,66,,0.00,abstain,,False,pre_route_no_correspondence,,,,,frozen_query_path_adjacent_acceptance_interpolation
cam5,67,,0.00,abstain,,False,pre_route_no_correspondence,,,,,frozen_query_path_adjacent_acceptance_interpolation
cam5,68,,0.00,abstain,,False,pre_route_no_correspondence,,,,,frozen_query_path_adjacent_acceptance_interpolation
cam5,69,,0.00,abstain,,False,pre_route_no_correspondence,,,,,frozen_query_path_adjacent_acceptance_interpolation
cam5,70,,0.00,abstain,,False,pre_route_no_correspondence,,,,,frozen_query_path_adjacent_acceptance_interpolation
cam5,71,,0.00,abstain,,False,pre_route_no_correspondence,,,,,frozen_query_path_adjacent_acceptance_interpolation
cam5,72,,0.00,abstain,,False,pre_route_no_correspondence,,,,,frozen_query_path_adjacent_acceptance_interpolation
cam5,73,,0.00,abstain,,False,pre_route_no_correspondence,,,,,frozen_query_path_adjacent_acceptance_interpolation
cam5,74,,0.00,abstain,,False,pre_route_no_correspondence,,,,,frozen_query_path_adjacent_acceptance_interpolation
cam5,75,,0.00,abstain,,False,pre_route_no_correspondence,,,,,frozen_query_path_adjacent_acceptance_interpolation
cam5,76,,0.00,abstain,,False,pre_route_no_correspondence,,,,,frozen_query_path_adjacent_acceptance_interpolation
cam5,77,,0.00,abstain,,False,pre_route_no_correspondence,,,,,frozen_query_path_adjacent_acceptance_interpolation
cam5,78,,0.00,abstain,,False,pre_route_no_correspondence,,,,,frozen_query_path_adjacent_acceptance_interpolation
cam5,79,,0.00,abstain,,False,pre_route_no_correspondence,,,,,frozen_query_path_adjacent_acceptance_interpolation
cam5,80,,0.00,abstain,,False,pre_route_no_correspondence,,,,,frozen_query_path_adjacent_acceptance_interpolation
cam5,81,,0.00,abstain,,False,pre_route_no_correspondence,,,,,frozen_query_path_adjacent_acceptance_interpolation
cam5,82,,0.00,abstain,,False,pre_route_no_correspondence,,,,,frozen_query_path_adjacent_acceptance_interpolation
cam5,83,,0.00,abstain,,False,pre_route_no_correspondence,,,,,frozen_query_path_adjacent_acceptance_interpolation
cam5,84,,0.00,abstain,,False,pre_route_no_correspondence,,,,,frozen_query_path_adjacent_acceptance_interpolation
cam5,85,,0.00,abstain,,False,pre_route_no_correspondence,,,,,frozen_query_path_adjacent_acceptance_interpolation
cam5,86,,0.00,abstain,,False,pre_route_no_correspondence,,,,,frozen_query_path_adjacent_acceptance_interpolation
cam5,87,,0.00,abstain,,False,pre_route_no_correspondence,,,,,frozen_query_path_adjacent_acceptance_interpolation
cam5,88,,0.00,abstain,,False,pre_route_no_correspondence,,,,,frozen_query_path_adjacent_acceptance_interpolation
cam5,89,,0.00,abstain,,False,pre_route_no_correspondence,,,,,frozen_query_path_adjacent_acceptance_interpolation
cam5,90,,0.00,abstain,,False,pre_route_no_correspondence,,,,,frozen_query_path_adjacent_acceptance_interpolation
cam5,91,,0.00,abstain,,False,pre_route_no_correspondence,,,,,frozen_query_path_adjacent_acceptance_interpolation
cam5,92,,0.00,abstain,,False,pre_route_no_correspondence,,,,,frozen_query_path_adjacent_acceptance_interpolation
cam5,93,,0.00,abstain,,False,pre_route_no_correspondence,,,,,frozen_query_path_adjacent_acceptance_interpolation
cam5,94,,0.00,abstain,,False,pre_route_no_correspondence,,,,,frozen_query_path_adjacent_acceptance_interpolation
cam5,95,,0.00,abstain,,False,pre_route_no_correspondence,,,,,frozen_query_path_adjacent_acceptance_interpolation
cam5,96,,0.00,abstain,,False,pre_route_no_correspondence,,,,,frozen_query_path_adjacent_acceptance_interpolation
cam5,97,,0.00,abstain,,False,pre_route_no_correspondence,,,,,frozen_query_path_adjacent_acceptance_interpolation
cam5,98,,0.00,abstain,,False,pre_route_no_correspondence,,,,,frozen_query_path_adjacent_acceptance_interpolation
cam5,99,,0.00,abstain,,False,pre_route_no_correspondence,,,,,frozen_query_path_adjacent_acceptance_interpolation
cam5,100,,0.00,abstain,,False,pre_route_no_correspondence,,,,,frozen_query_path_adjacent_acceptance_interpolation
cam5,101,,0.00,abstain,,False,pre_route_no_correspondence,,,,,frozen_query_path_adjacent_acceptance_interpolation
cam5,102,,0.00,abstain,,False,pre_route_no_correspondence,,,,,frozen_query_path_adjacent_acceptance_interpolation
cam5,103,,0.00,abstain,,False,pre_route_no_correspondence,,,,,frozen_query_path_adjacent_acceptance_interpolation
cam5,104,,0.00,abstain,,False,pre_route_no_correspondence,,,,,frozen_query_path_adjacent_acceptance_interpolation
cam5,105,,0.00,abstain,,False,pre_route_no_correspondence,,,,,frozen_query_path_adjacent_acceptance_interpolation
cam5,106,,0.00,abstain,,False,pre_route_no_correspondence,,,,,frozen_query_path_adjacent_acceptance_interpolation
cam5,107,,0.00,abstain,,False,pre_route_no_correspondence,,,,,frozen_query_path_adjacent_acceptance_interpolation
cam5,108,,0.00,abstain,,False,pre_route_no_correspondence,,,,,frozen_query_path_adjacent_acceptance_interpolation
cam5,109,,0.00,abstain,,False,pre_route_no_correspondence,,,,,frozen_query_path_adjacent_acceptance_interpolation
cam5,110,,0.00,abstain,,False,pre_route_no_correspondence,,,,,frozen_query_path_adjacent_acceptance_interpolation
cam5,111,,0.00,abstain,,False,pre_route_no_correspondence,,,,,frozen_query_path_adjacent_acceptance_interpolation
cam5,112,,0.00,abstain,,False,pre_route_no_correspondence,,,,,frozen_query_path_adjacent_acceptance_interpolation
cam5,113,,0.00,abstain,,False,pre_route_no_correspondence,,,,,frozen_query_path_adjacent_acceptance_interpolation
cam5,114,,0.00,abstain,,False,pre_route_no_correspondence,,,,,frozen_query_path_adjacent_acceptance_interpolation
cam5,115,,0.00,abstain,,False,pre_route_no_correspondence,,,,,frozen_query_path_adjacent_acceptance_interpolation
cam5,116,,0.00,abstain,,False,pre_route_no_correspondence,,,,,frozen_query_path_adjacent_acceptance_interpolation
cam5,117,,0.00,abstain,,False,pre_route_no_correspondence,,,,,frozen_query_path_adjacent_acceptance_interpolation
cam5,118,,0.00,abstain,,False,pre_route_no_correspondence,,,,,frozen_query_path_adjacent_acceptance_interpolation
cam5,119,,0.00,abstain,,False,pre_route_no_correspondence,,,,,frozen_query_path_adjacent_acceptance_interpolation
cam5,120,,0.00,abstain,,False,pre_route_no_correspondence,,,,,frozen_query_path_adjacent_acceptance_interpolation
cam5,121,,0.00,abstain,,False,pre_route_no_correspondence,,,,,frozen_query_path_adjacent_acceptance_interpolation
cam5,122,,0.00,abstain,,False,pre_route_no_correspondence,,,,,frozen_query_path_adjacent_acceptance_interpolation
cam5,123,,0.00,abstain,,False,pre_route_no_correspondence,,,,,frozen_query_path_adjacent_acceptance_interpolation
cam5,124,,0.00,abstain,,False,pre_route_no_correspondence,,,,,frozen_query_path_adjacent_acceptance_interpolation
cam5,125,,0.00,abstain,,False,pre_route_no_correspondence,,,,,frozen_query_path_adjacent_acceptance_interpolation
cam5,126,,0.00,abstain,,False,pre_route_no_correspondence,,,,,frozen_query_path_adjacent_acceptance_interpolation
cam5,127,,0.00,abstain,,False,pre_route_no_correspondence,,,,,frozen_query_path_adjacent_acceptance_interpolation
cam5,128,,0.00,abstain,,False,pre_route_no_correspondence,,,,,frozen_query_path_adjacent_acceptance_interpolation
cam5,129,,0.00,abstain,,False,pre_route_no_correspondence,,,,,frozen_query_path_adjacent_acceptance_interpolation
cam5,130,,0.00,abstain,,False,pre_route_no_correspondence,,,,,frozen_query_path_adjacent_acceptance_interpolation
cam5,131,,0.00,abstain,,False,pre_route_no_correspondence,,,,,frozen_query_path_adjacent_acceptance_interpolation
cam5,132,,0.00,abstain,,False,pre_route_no_correspondence,,,,,frozen_query_path_adjacent_acceptance_interpolation
cam5,133,,0.00,abstain,,False,pre_route_no_correspondence,,,,,frozen_query_path_adjacent_acceptance_interpolation
cam5,134,,0.00,abstain,,False,pre_route_no_correspondence,,,,,frozen_query_path_adjacent_acceptance_interpolation
cam5,135,,0.00,abstain,,False,pre_route_no_correspondence,,,,,frozen_query_path_adjacent_acceptance_interpolation
cam5,136,,0.00,abstain,,False,pre_route_no_correspondence,,,,,frozen_query_path_adjacent_acceptance_interpolation
cam5,137,,0.00,abstain,,False,pre_route_no_correspondence,,,,,frozen_query_path_adjacent_acceptance_interpolation
cam5,138,,0.00,abstain,,False,pre_route_no_correspondence,,,,,frozen_query_path_adjacent_acceptance_interpolation
cam5,139,,0.00,abstain,,False,pre_route_no_correspondence,,,,,frozen_query_path_adjacent_acceptance_interpolation
cam5,140,,0.00,abstain,,False,pre_route_no_correspondence,,,,,frozen_query_path_adjacent_acceptance_interpolation
cam5,141,,0.00,abstain,,False,pre_route_no_correspondence,,,,,frozen_query_path_adjacent_acceptance_interpolation
cam5,142,,0.00,abstain,,False,pre_route_no_correspondence,,,,,frozen_query_path_adjacent_acceptance_interpolation
cam5,143,,0.00,abstain,,False,pre_route_no_correspondence,,,,,frozen_query_path_adjacent_acceptance_interpolation
cam5,144,,0.00,abstain,,False,pre_route_no_correspondence,,,,,frozen_query_path_adjacent_acceptance_interpolation
cam5,145,,0.00,abstain,,False,pre_route_no_correspondence,,,,,frozen_query_path_adjacent_acceptance_interpolation
cam5,146,,0.00,abstain,,False,pre_route_no_correspondence,,,,,frozen_query_path_adjacent_acceptance_interpolation
cam5,147,,0.00,abstain,,False,pre_route_no_correspondence,,,,,frozen_query_path_adjacent_acceptance_interpolation
cam5,148,,0.00,abstain,,False,pre_route_no_correspondence,,,,,frozen_query_path_adjacent_acceptance_interpolation
cam5,149,,0.00,abstain,,False,pre_route_no_correspondence,,,,,frozen_query_path_adjacent_acceptance_interpolation
cam5,150,,0.00,abstain,,False,pre_route_no_correspondence,,,,,frozen_query_path_adjacent_acceptance_interpolation
cam5,151,,0.00,abstain,,False,pre_route_no_correspondence,,,,,frozen_query_path_adjacent_acceptance_interpolation
cam5,152,,0.00,abstain,,False,pre_route_no_correspondence,,,,,frozen_query_path_adjacent_acceptance_interpolation
cam5,153,,0.00,abstain,,False,pre_route_no_correspondence,,,,,frozen_query_path_adjacent_acceptance_interpolation
cam5,154,,0.00,abstain,,False,pre_route_no_correspondence,,,,,frozen_query_path_adjacent_acceptance_interpolation
cam5,155,,0.00,abstain,,False,pre_route_no_correspondence,,,,,frozen_query_path_adjacent_acceptance_interpolation
cam5,156,,0.00,abstain,,False,pre_route_no_correspondence,,,,,frozen_query_path_adjacent_acceptance_interpolation
cam5,157,,0.00,abstain,,False,pre_route_no_correspondence,,,,,frozen_query_path_adjacent_acceptance_interpolation
cam5,158,,0.00,abstain,,False,pre_route_no_correspondence,,,,,frozen_query_path_adjacent_acceptance_interpolation
cam5,159,,0.00,abstain,,False,pre_route_no_correspondence,,,,,frozen_query_path_adjacent_acceptance_interpolation
cam5,160,,0.00,abstain,,False,pre_route_no_correspondence,,,,,frozen_query_path_adjacent_acceptance_interpolation
cam5,161,,0.00,abstain,,False,pre_route_no_correspondence,,,,,frozen_query_path_adjacent_acceptance_interpolation
cam5,162,,0.00,abstain,,False,pre_route_no_correspondence,,,,,frozen_query_path_adjacent_acceptance_interpolation
cam5,163,,0.00,abstain,,False,pre_route_no_correspondence,,,,,frozen_query_path_adjacent_acceptance_interpolation
cam5,164,,0.00,abstain,,False,pre_route_no_correspondence,,,,,frozen_query_path_adjacent_acceptance_interpolation
cam5,165,,0.00,abstain,,False,pre_route_no_correspondence,,,,,frozen_query_path_adjacent_acceptance_interpolation
cam5,166,,0.00,abstain,,False,pre_route_no_correspondence,,,,,frozen_query_path_adjacent_acceptance_interpolation
cam5,167,,0.00,abstain,,False,pre_route_no_correspondence,,,,,frozen_query_path_adjacent_acceptance_interpolation
cam5,168,,0.00,abstain,,False,pre_route_no_correspondence,,,,,frozen_query_path_adjacent_acceptance_interpolation
cam5,169,,0.00,abstain,,False,pre_route_no_correspondence,,,,,frozen_query_path_adjacent_acceptance_interpolation
cam5,170,,0.00,abstain,,False,pre_route_no_correspondence,,,,,frozen_query_path_adjacent_acceptance_interpolation
cam5,171,,0.00,abstain,,False,pre_route_no_correspondence,,,,,frozen_query_path_adjacent_acceptance_interpolation
cam5,172,,0.00,abstain,,False,pre_route_no_correspondence,,,,,frozen_query_path_adjacent_acceptance_interpolation
cam5,173,,0.00,abstain,,False,pre_route_no_correspondence,,,,,frozen_query_path_adjacent_acceptance_interpolation
cam5,174,,0.00,abstain,,False,pre_route_no_correspondence,,,,,frozen_query_path_adjacent_acceptance_interpolation
cam5,175,,0.00,abstain,,False,unsupported_before_first_supported_segment,,,,,frozen_query_path_adjacent_acceptance_interpolation
cam5,176,,0.00,abstain,,False,unsupported_before_first_supported_segment,,,,,frozen_query_path_adjacent_acceptance_interpolation
cam5,177,,0.00,abstain,,False,unsupported_before_first_supported_segment,,,,,frozen_query_path_adjacent_acceptance_interpolation
cam5,178,,0.00,abstain,,False,unsupported_before_first_supported_segment,,,,,frozen_query_path_adjacent_acceptance_interpolation
cam5,179,,0.00,abstain,,False,unsupported_before_first_supported_segment,,,,,frozen_query_path_adjacent_acceptance_interpolation
cam5,180,,0.00,abstain,,False,unsupported_anchor_abstention,,,cam5_A01,abstain_ambiguous_phase,frozen_query_path_adjacent_acceptance_interpolation
cam5,181,,0.00,abstain,,False,unsupported_before_first_supported_segment,,,,,frozen_query_path_adjacent_acceptance_interpolation
cam5,182,,0.00,abstain,,False,unsupported_before_first_supported_segment,,,,,frozen_query_path_adjacent_acceptance_interpolation
cam5,183,,0.00,abstain,,False,unsupported_before_first_supported_segment,,,,,frozen_query_path_adjacent_acceptance_interpolation
cam5,184,,0.00,abstain,,False,unsupported_before_first_supported_segment,,,,,frozen_query_path_adjacent_acceptance_interpolation
cam5,185,,0.00,abstain,,False,unsupported_before_first_supported_segment,,,,,frozen_query_path_adjacent_acceptance_interpolation
cam5,186,,0.00,abstain,,False,unsupported_before_first_supported_segment,,,,,frozen_query_path_adjacent_acceptance_interpolation
cam5,187,,0.00,abstain,,False,unsupported_before_first_supported_segment,,,,,frozen_query_path_adjacent_acceptance_interpolation
cam5,188,,0.00,abstain,,False,unsupported_before_first_supported_segment,,,,,frozen_query_path_adjacent_acceptance_interpolation
cam5,189,,0.00,abstain,,False,unsupported_before_first_supported_segment,,,,,frozen_query_path_adjacent_acceptance_interpolation
cam5,190,,0.00,abstain,,False,unsupported_before_first_supported_segment,,,,,frozen_query_path_adjacent_acceptance_interpolation
cam5,191,,0.00,abstain,,False,unsupported_before_first_supported_segment,,,,,frozen_query_path_adjacent_acceptance_interpolation
cam5,192,,0.00,abstain,,False,unsupported_before_first_supported_segment,,,,,frozen_query_path_adjacent_acceptance_interpolation
cam5,193,,0.00,abstain,,False,unsupported_before_first_supported_segment,,,,,frozen_query_path_adjacent_acceptance_interpolation
cam5,194,,0.00,abstain,,False,unsupported_before_first_supported_segment,,,,,frozen_query_path_adjacent_acceptance_interpolation
cam5,195,,0.00,abstain,,False,unsupported_before_first_supported_segment,,,,,frozen_query_path_adjacent_acceptance_interpolation
cam5,196,,0.00,abstain,,False,unsupported_before_first_supported_segment,,,,,frozen_query_path_adjacent_acceptance_interpolation
cam5,197,,0.00,abstain,,False,unsupported_before_first_supported_segment,,,,,frozen_query_path_adjacent_acceptance_interpolation
cam5,198,,0.00,abstain,,False,unsupported_before_first_supported_segment,,,,,frozen_query_path_adjacent_acceptance_interpolation
cam5,199,,0.00,abstain,,False,unsupported_before_first_supported_segment,,,,,frozen_query_path_adjacent_acceptance_interpolation
cam5,200,,0.00,abstain,,False,unsupported_before_first_supported_segment,,,,,frozen_query_path_adjacent_acceptance_interpolation
cam5,201,,0.00,abstain,,False,unsupported_before_first_supported_segment,,,,,frozen_query_path_adjacent_acceptance_interpolation
cam5,202,,0.00,abstain,,False,unsupported_before_first_supported_segment,,,,,frozen_query_path_adjacent_acceptance_interpolation
cam5,203,,0.00,abstain,,False,unsupported_before_first_supported_segment,,,,,frozen_query_path_adjacent_acceptance_interpolation
cam5,204,,0.00,abstain,,False,unsupported_before_first_supported_segment,,,,,frozen_query_path_adjacent_acceptance_interpolation
cam5,205,,0.00,abstain,,False,unsupported_before_first_supported_segment,,,,,frozen_query_path_adjacent_acceptance_interpolation
cam5,206,,0.00,abstain,,False,unsupported_before_first_supported_segment,,,,,frozen_query_path_adjacent_acceptance_interpolation
cam5,207,,0.00,abstain,,False,unsupported_before_first_supported_segment,,,,,frozen_query_path_adjacent_acceptance_interpolation
cam5,208,,0.00,abstain,,False,unsupported_before_first_supported_segment,,,,,frozen_query_path_adjacent_acceptance_interpolation
cam5,209,,0.00,abstain,,False,unsupported_before_first_supported_segment,,,,,frozen_query_path_adjacent_acceptance_interpolation
cam5,210,,0.00,abstain,,False,unsupported_before_first_supported_segment,,,,,frozen_query_path_adjacent_acceptance_interpolation
cam5,211,,0.00,abstain,,False,unsupported_before_first_supported_segment,,,,,frozen_query_path_adjacent_acceptance_interpolation
cam5,212,,0.00,abstain,,False,unsupported_before_first_supported_segment,,,,,frozen_query_path_adjacent_acceptance_interpolation
cam5,213,,0.00,abstain,,False,unsupported_before_first_supported_segment,,,,,frozen_query_path_adjacent_acceptance_interpolation
cam5,214,,0.00,abstain,,False,unsupported_before_first_supported_segment,,,,,frozen_query_path_adjacent_acceptance_interpolation
cam5,215,,0.00,abstain,,False,unsupported_before_first_supported_segment,,,,,frozen_query_path_adjacent_acceptance_interpolation
cam5,216,,0.00,abstain,,False,unsupported_before_first_supported_segment,,,,,frozen_query_path_adjacent_acceptance_interpolation
cam5,217,,0.00,abstain,,False,unsupported_before_first_supported_segment,,,,,frozen_query_path_adjacent_acceptance_interpolation
cam5,218,,0.00,abstain,,False,unsupported_before_first_supported_segment,,,,,frozen_query_path_adjacent_acceptance_interpolation
cam5,219,,0.00,abstain,,False,unsupported_before_first_supported_segment,,,,,frozen_query_path_adjacent_acceptance_interpolation
cam5,220,,0.00,abstain,,False,unsupported_before_first_supported_segment,,,,,frozen_query_path_adjacent_acceptance_interpolation
cam5,221,,0.00,abstain,,False,unsupported_before_first_supported_segment,,,,,frozen_query_path_adjacent_acceptance_interpolation
cam5,222,,0.00,abstain,,False,unsupported_before_first_supported_segment,,,,,frozen_query_path_adjacent_acceptance_interpolation
cam5,223,,0.00,abstain,,False,unsupported_before_first_supported_segment,,,,,frozen_query_path_adjacent_acceptance_interpolation
cam5,224,,0.00,abstain,,False,unsupported_before_first_supported_segment,,,,,frozen_query_path_adjacent_acceptance_interpolation
cam5,225,,0.00,abstain,,False,unsupported_before_first_supported_segment,,,,,frozen_query_path_adjacent_acceptance_interpolation
cam5,226,,0.00,abstain,,False,unsupported_before_first_supported_segment,,,,,frozen_query_path_adjacent_acceptance_interpolation
cam5,227,,0.00,abstain,,False,unsupported_before_first_supported_segment,,,,,frozen_query_path_adjacent_acceptance_interpolation
cam5,228,,0.00,abstain,,False,unsupported_before_first_supported_segment,,,,,frozen_query_path_adjacent_acceptance_interpolation
cam5,229,,0.00,abstain,,False,unsupported_before_first_supported_segment,,,,,frozen_query_path_adjacent_acceptance_interpolation
cam5,230,,0.00,abstain,,False,unsupported_before_first_supported_segment,,,,,frozen_query_path_adjacent_acceptance_interpolation
cam5,231,,0.00,abstain,,False,unsupported_before_first_supported_segment,,,,,frozen_query_path_adjacent_acceptance_interpolation
cam5,232,,0.00,abstain,,False,unsupported_before_first_supported_segment,,,,,frozen_query_path_adjacent_acceptance_interpolation
cam5,233,,0.00,abstain,,False,unsupported_before_first_supported_segment,,,,,frozen_query_path_adjacent_acceptance_interpolation
cam5,234,,0.00,abstain,,False,unsupported_before_first_supported_segment,,,,,frozen_query_path_adjacent_acceptance_interpolation
cam5,235,,0.00,abstain,,False,unsupported_before_first_supported_segment,,,,,frozen_query_path_adjacent_acceptance_interpolation
cam5,236,,0.00,abstain,,False,unsupported_before_first_supported_segment,,,,,frozen_query_path_adjacent_acceptance_interpolation
cam5,237,,0.00,abstain,,False,unsupported_before_first_supported_segment,,,,,frozen_query_path_adjacent_acceptance_interpolation
cam5,238,,0.00,abstain,,False,unsupported_before_first_supported_segment,,,,,frozen_query_path_adjacent_acceptance_interpolation
cam5,239,,0.00,abstain,,False,unsupported_before_first_supported_segment,,,,,frozen_query_path_adjacent_acceptance_interpolation
cam5,240,,0.00,abstain,,False,unsupported_before_first_supported_segment,,,,,frozen_query_path_adjacent_acceptance_interpolation
cam5,241,,0.00,abstain,,False,unsupported_before_first_supported_segment,,,,,frozen_query_path_adjacent_acceptance_interpolation
cam5,242,,0.00,abstain,,False,unsupported_before_first_supported_segment,,,,,frozen_query_path_adjacent_acceptance_interpolation
cam5,243,,0.00,abstain,,False,unsupported_before_first_supported_segment,,,,,frozen_query_path_adjacent_acceptance_interpolation
cam5,244,,0.00,abstain,,False,unsupported_before_first_supported_segment,,,,,frozen_query_path_adjacent_acceptance_interpolation
cam5,245,,0.00,abstain,,False,unsupported_before_first_supported_segment,,,,,frozen_query_path_adjacent_acceptance_interpolation
cam5,246,,0.00,abstain,,False,unsupported_before_first_supported_segment,,,,,frozen_query_path_adjacent_acceptance_interpolation
cam5,247,,0.00,abstain,,False,unsupported_before_first_supported_segment,,,,,frozen_query_path_adjacent_acceptance_interpolation
cam5,248,,0.00,abstain,,False,unsupported_before_first_supported_segment,,,,,frozen_query_path_adjacent_acceptance_interpolation
cam5,249,,0.00,abstain,,False,unsupported_before_first_supported_segment,,,,,frozen_query_path_adjacent_acceptance_interpolation
cam5,250,162,1.00,uncalibrated_geometry_anchor,0.421212,False,geometry_supported_anchor,cam5_A02,cam5_A02,cam5_A02,match_unverified_geometry_supported,frozen_query_path_adjacent_acceptance_interpolation
cam5,251,163,0.50,uncalibrated_bounded_interpolation,0.421212,False,bounded_interpolation,cam5_A02,cam5_A03,,,frozen_query_path_adjacent_acceptance_interpolation
cam5,252,164,0.50,uncalibrated_bounded_interpolation,0.421212,False,bounded_interpolation,cam5_A02,cam5_A03,,,frozen_query_path_adjacent_acceptance_interpolation
cam5,253,165,0.50,uncalibrated_bounded_interpolation,0.421212,False,bounded_interpolation,cam5_A02,cam5_A03,,,frozen_query_path_adjacent_acceptance_interpolation
cam5,254,166,0.50,uncalibrated_bounded_interpolation,0.421212,False,bounded_interpolation,cam5_A02,cam5_A03,,,frozen_query_path_adjacent_acceptance_interpolation
cam5,255,167,0.50,uncalibrated_bounded_interpolation,0.421212,False,bounded_interpolation,cam5_A02,cam5_A03,,,frozen_query_path_adjacent_acceptance_interpolation
cam5,256,168,0.50,uncalibrated_bounded_interpolation,0.421212,False,bounded_interpolation,cam5_A02,cam5_A03,,,frozen_query_path_adjacent_acceptance_interpolation
cam5,257,169,0.50,uncalibrated_bounded_interpolation,0.421212,False,bounded_interpolation,cam5_A02,cam5_A03,,,frozen_query_path_adjacent_acceptance_interpolation
cam5,258,170,0.50,uncalibrated_bounded_interpolation,0.421212,False,bounded_interpolation,cam5_A02,cam5_A03,,,frozen_query_path_adjacent_acceptance_interpolation
cam5,259,171,0.50,uncalibrated_bounded_interpolation,0.421212,False,bounded_interpolation,cam5_A02,cam5_A03,,,frozen_query_path_adjacent_acceptance_interpolation
cam5,260,172,0.50,uncalibrated_bounded_interpolation,0.421212,False,bounded_interpolation,cam5_A02,cam5_A03,,,frozen_query_path_adjacent_acceptance_interpolation
cam5,261,173,0.50,uncalibrated_bounded_interpolation,0.421212,False,bounded_interpolation,cam5_A02,cam5_A03,,,frozen_query_path_adjacent_acceptance_interpolation
cam5,262,174,0.50,uncalibrated_bounded_interpolation,0.421212,False,bounded_interpolation,cam5_A02,cam5_A03,,,frozen_query_path_adjacent_acceptance_interpolation
cam5,263,175,0.50,uncalibrated_bounded_interpolation,0.421212,False,bounded_interpolation,cam5_A02,cam5_A03,,,frozen_query_path_adjacent_acceptance_interpolation
cam5,264,176,0.50,uncalibrated_bounded_interpolation,0.421212,False,bounded_interpolation,cam5_A02,cam5_A03,,,frozen_query_path_adjacent_acceptance_interpolation
cam5,265,177,0.50,uncalibrated_bounded_interpolation,0.421212,False,bounded_interpolation,cam5_A02,cam5_A03,,,frozen_query_path_adjacent_acceptance_interpolation
cam5,266,178,0.50,uncalibrated_bounded_interpolation,0.421212,False,bounded_interpolation,cam5_A02,cam5_A03,,,frozen_query_path_adjacent_acceptance_interpolation
cam5,267,179,0.50,uncalibrated_bounded_interpolation,0.421212,False,bounded_interpolation,cam5_A02,cam5_A03,,,frozen_query_path_adjacent_acceptance_interpolation
cam5,268,180,0.50,uncalibrated_bounded_interpolation,0.421212,False,bounded_interpolation,cam5_A02,cam5_A03,,,frozen_query_path_adjacent_acceptance_interpolation
cam5,269,181,0.50,uncalibrated_bounded_interpolation,0.421212,False,bounded_interpolation,cam5_A02,cam5_A03,,,frozen_query_path_adjacent_acceptance_interpolation
cam5,270,182,0.50,uncalibrated_bounded_interpolation,0.421212,False,bounded_interpolation,cam5_A02,cam5_A03,,,frozen_query_path_adjacent_acceptance_interpolation
cam5,271,183,0.50,uncalibrated_bounded_interpolation,0.421212,False,bounded_interpolation,cam5_A02,cam5_A03,,,frozen_query_path_adjacent_acceptance_interpolation
cam5,272,184,0.50,uncalibrated_bounded_interpolation,0.421212,False,bounded_interpolation,cam5_A02,cam5_A03,,,frozen_query_path_adjacent_acceptance_interpolation
cam5,273,185,0.50,uncalibrated_bounded_interpolation,0.421212,False,bounded_interpolation,cam5_A02,cam5_A03,,,frozen_query_path_adjacent_acceptance_interpolation
cam5,274,186,0.50,uncalibrated_bounded_interpolation,0.421212,False,bounded_interpolation,cam5_A02,cam5_A03,,,frozen_query_path_adjacent_acceptance_interpolation
cam5,275,187,0.50,uncalibrated_bounded_interpolation,0.421212,False,bounded_interpolation,cam5_A02,cam5_A03,,,frozen_query_path_adjacent_acceptance_interpolation
cam5,276,188,0.50,uncalibrated_bounded_interpolation,0.421212,False,bounded_interpolation,cam5_A02,cam5_A03,,,frozen_query_path_adjacent_acceptance_interpolation
cam5,277,189,0.50,uncalibrated_bounded_interpolation,0.421212,False,bounded_interpolation,cam5_A02,cam5_A03,,,frozen_query_path_adjacent_acceptance_interpolation
cam5,278,190,0.50,uncalibrated_bounded_interpolation,0.421212,False,bounded_interpolation,cam5_A02,cam5_A03,,,frozen_query_path_adjacent_acceptance_interpolation
cam5,279,191,0.50,uncalibrated_bounded_interpolation,0.421212,False,bounded_interpolation,cam5_A02,cam5_A03,,,frozen_query_path_adjacent_acceptance_interpolation
cam5,280,192,0.50,uncalibrated_bounded_interpolation,0.421212,False,bounded_interpolation,cam5_A02,cam5_A03,,,frozen_query_path_adjacent_acceptance_interpolation
cam5,281,193,0.50,uncalibrated_bounded_interpolation,0.421212,False,bounded_interpolation,cam5_A02,cam5_A03,,,frozen_query_path_adjacent_acceptance_interpolation
cam5,282,194,0.50,uncalibrated_bounded_interpolation,0.421212,False,bounded_interpolation,cam5_A02,cam5_A03,,,frozen_query_path_adjacent_acceptance_interpolation
cam5,283,195,0.50,uncalibrated_bounded_interpolation,0.421212,False,bounded_interpolation,cam5_A02,cam5_A03,,,frozen_query_path_adjacent_acceptance_interpolation
cam5,284,196,0.50,uncalibrated_bounded_interpolation,0.421212,False,bounded_interpolation,cam5_A02,cam5_A03,,,frozen_query_path_adjacent_acceptance_interpolation
cam5,285,197,0.50,uncalibrated_bounded_interpolation,0.421212,False,bounded_interpolation,cam5_A02,cam5_A03,,,frozen_query_path_adjacent_acceptance_interpolation
cam5,286,198,0.50,uncalibrated_bounded_interpolation,0.421212,False,bounded_interpolation,cam5_A02,cam5_A03,,,frozen_query_path_adjacent_acceptance_interpolation
cam5,287,199,0.50,uncalibrated_bounded_interpolation,0.421212,False,bounded_interpolation,cam5_A02,cam5_A03,,,frozen_query_path_adjacent_acceptance_interpolation
cam5,288,201,0.50,uncalibrated_bounded_interpolation,0.421212,False,bounded_interpolation,cam5_A02,cam5_A03,,,frozen_query_path_adjacent_acceptance_interpolation
cam5,289,202,0.50,uncalibrated_bounded_interpolation,0.421212,False,bounded_interpolation,cam5_A02,cam5_A03,,,frozen_query_path_adjacent_acceptance_interpolation
cam5,290,203,0.50,uncalibrated_bounded_interpolation,0.421212,False,bounded_interpolation,cam5_A02,cam5_A03,,,frozen_query_path_adjacent_acceptance_interpolation
cam5,291,204,0.50,uncalibrated_bounded_interpolation,0.421212,False,bounded_interpolation,cam5_A02,cam5_A03,,,frozen_query_path_adjacent_acceptance_interpolation
cam5,292,205,0.50,uncalibrated_bounded_interpolation,0.421212,False,bounded_interpolation,cam5_A02,cam5_A03,,,frozen_query_path_adjacent_acceptance_interpolation
cam5,293,206,0.50,uncalibrated_bounded_interpolation,0.421212,False,bounded_interpolation,cam5_A02,cam5_A03,,,frozen_query_path_adjacent_acceptance_interpolation
cam5,294,207,0.50,uncalibrated_bounded_interpolation,0.421212,False,bounded_interpolation,cam5_A02,cam5_A03,,,frozen_query_path_adjacent_acceptance_interpolation
cam5,295,208,0.50,uncalibrated_bounded_interpolation,0.421212,False,bounded_interpolation,cam5_A02,cam5_A03,,,frozen_query_path_adjacent_acceptance_interpolation
cam5,296,209,0.50,uncalibrated_bounded_interpolation,0.421212,False,bounded_interpolation,cam5_A02,cam5_A03,,,frozen_query_path_adjacent_acceptance_interpolation
cam5,297,210,0.50,uncalibrated_bounded_interpolation,0.421212,False,bounded_interpolation,cam5_A02,cam5_A03,,,frozen_query_path_adjacent_acceptance_interpolation
cam5,298,211,0.50,uncalibrated_bounded_interpolation,0.421212,False,bounded_interpolation,cam5_A02,cam5_A03,,,frozen_query_path_adjacent_acceptance_interpolation
cam5,299,212,0.50,uncalibrated_bounded_interpolation,0.421212,False,bounded_interpolation,cam5_A02,cam5_A03,,,frozen_query_path_adjacent_acceptance_interpolation
cam5,300,213,0.50,uncalibrated_bounded_interpolation,0.421212,False,bounded_interpolation,cam5_A02,cam5_A03,,,frozen_query_path_adjacent_acceptance_interpolation
cam5,301,214,0.50,uncalibrated_bounded_interpolation,0.421212,False,bounded_interpolation,cam5_A02,cam5_A03,,,frozen_query_path_adjacent_acceptance_interpolation
cam5,302,215,0.50,uncalibrated_bounded_interpolation,0.421212,False,bounded_interpolation,cam5_A02,cam5_A03,,,frozen_query_path_adjacent_acceptance_interpolation
cam5,303,216,0.50,uncalibrated_bounded_interpolation,0.421212,False,bounded_interpolation,cam5_A02,cam5_A03,,,frozen_query_path_adjacent_acceptance_interpolation
cam5,304,217,0.50,uncalibrated_bounded_interpolation,0.421212,False,bounded_interpolation,cam5_A02,cam5_A03,,,frozen_query_path_adjacent_acceptance_interpolation
cam5,305,218,0.50,uncalibrated_bounded_interpolation,0.421212,False,bounded_interpolation,cam5_A02,cam5_A03,,,frozen_query_path_adjacent_acceptance_interpolation
cam5,306,219,0.50,uncalibrated_bounded_interpolation,0.421212,False,bounded_interpolation,cam5_A02,cam5_A03,,,frozen_query_path_adjacent_acceptance_interpolation
cam5,307,220,0.50,uncalibrated_bounded_interpolation,0.421212,False,bounded_interpolation,cam5_A02,cam5_A03,,,frozen_query_path_adjacent_acceptance_interpolation
cam5,308,221,0.50,uncalibrated_bounded_interpolation,0.421212,False,bounded_interpolation,cam5_A02,cam5_A03,,,frozen_query_path_adjacent_acceptance_interpolation
cam5,309,222,0.50,uncalibrated_bounded_interpolation,0.421212,False,bounded_interpolation,cam5_A02,cam5_A03,,,frozen_query_path_adjacent_acceptance_interpolation
cam5,310,223,0.50,uncalibrated_bounded_interpolation,0.421212,False,bounded_interpolation,cam5_A02,cam5_A03,,,frozen_query_path_adjacent_acceptance_interpolation
cam5,311,224,0.50,uncalibrated_bounded_interpolation,0.421212,False,bounded_interpolation,cam5_A02,cam5_A03,,,frozen_query_path_adjacent_acceptance_interpolation
cam5,312,225,0.50,uncalibrated_bounded_interpolation,0.421212,False,bounded_interpolation,cam5_A02,cam5_A03,,,frozen_query_path_adjacent_acceptance_interpolation
cam5,313,226,0.50,uncalibrated_bounded_interpolation,0.421212,False,bounded_interpolation,cam5_A02,cam5_A03,,,frozen_query_path_adjacent_acceptance_interpolation
cam5,314,227,0.50,uncalibrated_bounded_interpolation,0.421212,False,bounded_interpolation,cam5_A02,cam5_A03,,,frozen_query_path_adjacent_acceptance_interpolation
cam5,315,228,0.50,uncalibrated_bounded_interpolation,0.421212,False,bounded_interpolation,cam5_A02,cam5_A03,,,frozen_query_path_adjacent_acceptance_interpolation
cam5,316,229,0.50,uncalibrated_bounded_interpolation,0.421212,False,bounded_interpolation,cam5_A02,cam5_A03,,,frozen_query_path_adjacent_acceptance_interpolation
cam5,317,230,0.50,uncalibrated_bounded_interpolation,0.421212,False,bounded_interpolation,cam5_A02,cam5_A03,,,frozen_query_path_adjacent_acceptance_interpolation
cam5,318,231,0.50,uncalibrated_bounded_interpolation,0.421212,False,bounded_interpolation,cam5_A02,cam5_A03,,,frozen_query_path_adjacent_acceptance_interpolation
cam5,319,232,0.50,uncalibrated_bounded_interpolation,0.421212,False,bounded_interpolation,cam5_A02,cam5_A03,,,frozen_query_path_adjacent_acceptance_interpolation
cam5,320,233,0.50,uncalibrated_bounded_interpolation,0.421212,False,bounded_interpolation,cam5_A02,cam5_A03,,,frozen_query_path_adjacent_acceptance_interpolation
cam5,321,234,0.50,uncalibrated_bounded_interpolation,0.421212,False,bounded_interpolation,cam5_A02,cam5_A03,,,frozen_query_path_adjacent_acceptance_interpolation
cam5,322,235,0.50,uncalibrated_bounded_interpolation,0.421212,False,bounded_interpolation,cam5_A02,cam5_A03,,,frozen_query_path_adjacent_acceptance_interpolation
cam5,323,236,0.50,uncalibrated_bounded_interpolation,0.421212,False,bounded_interpolation,cam5_A02,cam5_A03,,,frozen_query_path_adjacent_acceptance_interpolation
cam5,324,237,0.50,uncalibrated_bounded_interpolation,0.421212,False,bounded_interpolation,cam5_A02,cam5_A03,,,frozen_query_path_adjacent_acceptance_interpolation
cam5,325,238,0.50,uncalibrated_bounded_interpolation,0.421212,False,bounded_interpolation,cam5_A02,cam5_A03,,,frozen_query_path_adjacent_acceptance_interpolation
cam5,326,239,1.00,uncalibrated_geometry_anchor,0.58625,False,geometry_supported_anchor,cam5_A03,cam5_A03,cam5_A03,match_unverified_geometry_supported,frozen_query_path_adjacent_acceptance_interpolation
cam5,327,240,0.50,uncalibrated_bounded_interpolation,0.511638,False,bounded_interpolation,cam5_A03,cam5_A04,,,frozen_query_path_adjacent_acceptance_interpolation
cam5,328,241,0.50,uncalibrated_bounded_interpolation,0.511638,False,bounded_interpolation,cam5_A03,cam5_A04,,,frozen_query_path_adjacent_acceptance_interpolation
cam5,329,242,0.50,uncalibrated_bounded_interpolation,0.511638,False,bounded_interpolation,cam5_A03,cam5_A04,,,frozen_query_path_adjacent_acceptance_interpolation
cam5,330,243,0.50,uncalibrated_bounded_interpolation,0.511638,False,bounded_interpolation,cam5_A03,cam5_A04,,,frozen_query_path_adjacent_acceptance_interpolation
cam5,331,244,0.50,uncalibrated_bounded_interpolation,0.511638,False,bounded_interpolation,cam5_A03,cam5_A04,,,frozen_query_path_adjacent_acceptance_interpolation
cam5,332,245,0.50,uncalibrated_bounded_interpolation,0.511638,False,bounded_interpolation,cam5_A03,cam5_A04,,,frozen_query_path_adjacent_acceptance_interpolation
cam5,333,246,0.50,uncalibrated_bounded_interpolation,0.511638,False,bounded_interpolation,cam5_A03,cam5_A04,,,frozen_query_path_adjacent_acceptance_interpolation
cam5,334,247,0.50,uncalibrated_bounded_interpolation,0.511638,False,bounded_interpolation,cam5_A03,cam5_A04,,,frozen_query_path_adjacent_acceptance_interpolation
cam5,335,248,0.50,uncalibrated_bounded_interpolation,0.511638,False,bounded_interpolation,cam5_A03,cam5_A04,,,frozen_query_path_adjacent_acceptance_interpolation
cam5,336,249,0.50,uncalibrated_bounded_interpolation,0.511638,False,bounded_interpolation,cam5_A03,cam5_A04,,,frozen_query_path_adjacent_acceptance_interpolation
cam5,337,250,0.50,uncalibrated_bounded_interpolation,0.511638,False,bounded_interpolation,cam5_A03,cam5_A04,,,frozen_query_path_adjacent_acceptance_interpolation
cam5,338,251,0.50,uncalibrated_bounded_interpolation,0.511638,False,bounded_interpolation,cam5_A03,cam5_A04,,,frozen_query_path_adjacent_acceptance_interpolation
cam5,339,252,0.50,uncalibrated_bounded_interpolation,0.511638,False,bounded_interpolation,cam5_A03,cam5_A04,,,frozen_query_path_adjacent_acceptance_interpolation
cam5,340,253,0.50,uncalibrated_bounded_interpolation,0.511638,False,bounded_interpolation,cam5_A03,cam5_A04,,,frozen_query_path_adjacent_acceptance_interpolation
cam5,341,254,0.50,uncalibrated_bounded_interpolation,0.511638,False,bounded_interpolation,cam5_A03,cam5_A04,,,frozen_query_path_adjacent_acceptance_interpolation
cam5,342,255,0.50,uncalibrated_bounded_interpolation,0.511638,False,bounded_interpolation,cam5_A03,cam5_A04,,,frozen_query_path_adjacent_acceptance_interpolation
cam5,343,257,0.50,uncalibrated_bounded_interpolation,0.511638,False,bounded_interpolation,cam5_A03,cam5_A04,,,frozen_query_path_adjacent_acceptance_interpolation
cam5,344,258,0.50,uncalibrated_bounded_interpolation,0.511638,False,bounded_interpolation,cam5_A03,cam5_A04,,,frozen_query_path_adjacent_acceptance_interpolation
cam5,345,259,0.50,uncalibrated_bounded_interpolation,0.511638,False,bounded_interpolation,cam5_A03,cam5_A04,,,frozen_query_path_adjacent_acceptance_interpolation
cam5,346,260,0.50,uncalibrated_bounded_interpolation,0.511638,False,bounded_interpolation,cam5_A03,cam5_A04,,,frozen_query_path_adjacent_acceptance_interpolation
cam5,347,261,0.50,uncalibrated_bounded_interpolation,0.511638,False,bounded_interpolation,cam5_A03,cam5_A04,,,frozen_query_path_adjacent_acceptance_interpolation
cam5,348,262,0.50,uncalibrated_bounded_interpolation,0.511638,False,bounded_interpolation,cam5_A03,cam5_A04,,,frozen_query_path_adjacent_acceptance_interpolation
cam5,349,263,0.50,uncalibrated_bounded_interpolation,0.511638,False,bounded_interpolation,cam5_A03,cam5_A04,,,frozen_query_path_adjacent_acceptance_interpolation
cam5,350,264,0.50,uncalibrated_bounded_interpolation,0.511638,False,bounded_interpolation,cam5_A03,cam5_A04,,,frozen_query_path_adjacent_acceptance_interpolation
cam5,351,265,0.50,uncalibrated_bounded_interpolation,0.511638,False,bounded_interpolation,cam5_A03,cam5_A04,,,frozen_query_path_adjacent_acceptance_interpolation
cam5,352,266,0.50,uncalibrated_bounded_interpolation,0.511638,False,bounded_interpolation,cam5_A03,cam5_A04,,,frozen_query_path_adjacent_acceptance_interpolation
cam5,353,267,0.50,uncalibrated_bounded_interpolation,0.511638,False,bounded_interpolation,cam5_A03,cam5_A04,,,frozen_query_path_adjacent_acceptance_interpolation
cam5,354,268,0.50,uncalibrated_bounded_interpolation,0.511638,False,bounded_interpolation,cam5_A03,cam5_A04,,,frozen_query_path_adjacent_acceptance_interpolation
cam5,355,269,0.50,uncalibrated_bounded_interpolation,0.511638,False,bounded_interpolation,cam5_A03,cam5_A04,,,frozen_query_path_adjacent_acceptance_interpolation
cam5,356,270,0.50,uncalibrated_bounded_interpolation,0.511638,False,bounded_interpolation,cam5_A03,cam5_A04,,,frozen_query_path_adjacent_acceptance_interpolation
cam5,357,271,0.50,uncalibrated_bounded_interpolation,0.511638,False,bounded_interpolation,cam5_A03,cam5_A04,,,frozen_query_path_adjacent_acceptance_interpolation
cam5,358,272,0.50,uncalibrated_bounded_interpolation,0.511638,False,bounded_interpolation,cam5_A03,cam5_A04,,,frozen_query_path_adjacent_acceptance_interpolation
cam5,359,273,0.50,uncalibrated_bounded_interpolation,0.511638,False,bounded_interpolation,cam5_A03,cam5_A04,,,frozen_query_path_adjacent_acceptance_interpolation
cam5,360,274,0.50,uncalibrated_bounded_interpolation,0.511638,False,bounded_interpolation,cam5_A03,cam5_A04,,,frozen_query_path_adjacent_acceptance_interpolation
cam5,361,275,0.50,uncalibrated_bounded_interpolation,0.511638,False,bounded_interpolation,cam5_A03,cam5_A04,,,frozen_query_path_adjacent_acceptance_interpolation
cam5,362,276,0.50,uncalibrated_bounded_interpolation,0.511638,False,bounded_interpolation,cam5_A03,cam5_A04,,,frozen_query_path_adjacent_acceptance_interpolation
cam5,363,277,0.50,uncalibrated_bounded_interpolation,0.511638,False,bounded_interpolation,cam5_A03,cam5_A04,,,frozen_query_path_adjacent_acceptance_interpolation
cam5,364,278,0.50,uncalibrated_bounded_interpolation,0.511638,False,bounded_interpolation,cam5_A03,cam5_A04,,,frozen_query_path_adjacent_acceptance_interpolation
cam5,365,279,0.50,uncalibrated_bounded_interpolation,0.511638,False,bounded_interpolation,cam5_A03,cam5_A04,,,frozen_query_path_adjacent_acceptance_interpolation
cam5,366,280,0.50,uncalibrated_bounded_interpolation,0.511638,False,bounded_interpolation,cam5_A03,cam5_A04,,,frozen_query_path_adjacent_acceptance_interpolation
cam5,367,281,0.50,uncalibrated_bounded_interpolation,0.511638,False,bounded_interpolation,cam5_A03,cam5_A04,,,frozen_query_path_adjacent_acceptance_interpolation
cam5,368,282,0.50,uncalibrated_bounded_interpolation,0.511638,False,bounded_interpolation,cam5_A03,cam5_A04,,,frozen_query_path_adjacent_acceptance_interpolation
cam5,369,283,0.50,uncalibrated_bounded_interpolation,0.511638,False,bounded_interpolation,cam5_A03,cam5_A04,,,frozen_query_path_adjacent_acceptance_interpolation
cam5,370,284,0.50,uncalibrated_bounded_interpolation,0.511638,False,bounded_interpolation,cam5_A03,cam5_A04,,,frozen_query_path_adjacent_acceptance_interpolation
cam5,371,285,0.50,uncalibrated_bounded_interpolation,0.511638,False,bounded_interpolation,cam5_A03,cam5_A04,,,frozen_query_path_adjacent_acceptance_interpolation
cam5,372,286,0.50,uncalibrated_bounded_interpolation,0.511638,False,bounded_interpolation,cam5_A03,cam5_A04,,,frozen_query_path_adjacent_acceptance_interpolation
cam5,373,287,0.50,uncalibrated_bounded_interpolation,0.511638,False,bounded_interpolation,cam5_A03,cam5_A04,,,frozen_query_path_adjacent_acceptance_interpolation
cam5,374,288,0.50,uncalibrated_bounded_interpolation,0.511638,False,bounded_interpolation,cam5_A03,cam5_A04,,,frozen_query_path_adjacent_acceptance_interpolation
cam5,375,289,0.50,uncalibrated_bounded_interpolation,0.511638,False,bounded_interpolation,cam5_A03,cam5_A04,,,frozen_query_path_adjacent_acceptance_interpolation
cam5,376,290,0.50,uncalibrated_bounded_interpolation,0.511638,False,bounded_interpolation,cam5_A03,cam5_A04,,,frozen_query_path_adjacent_acceptance_interpolation
cam5,377,292,0.50,uncalibrated_bounded_interpolation,0.511638,False,bounded_interpolation,cam5_A03,cam5_A04,,,frozen_query_path_adjacent_acceptance_interpolation
cam5,378,293,0.50,uncalibrated_bounded_interpolation,0.511638,False,bounded_interpolation,cam5_A03,cam5_A04,,,frozen_query_path_adjacent_acceptance_interpolation
cam5,379,294,0.50,uncalibrated_bounded_interpolation,0.511638,False,bounded_interpolation,cam5_A03,cam5_A04,,,frozen_query_path_adjacent_acceptance_interpolation
cam5,380,295,0.50,uncalibrated_bounded_interpolation,0.511638,False,bounded_interpolation,cam5_A03,cam5_A04,,,frozen_query_path_adjacent_acceptance_interpolation
cam5,381,296,0.50,uncalibrated_bounded_interpolation,0.511638,False,bounded_interpolation,cam5_A03,cam5_A04,,,frozen_query_path_adjacent_acceptance_interpolation
cam5,382,297,0.50,uncalibrated_bounded_interpolation,0.511638,False,bounded_interpolation,cam5_A03,cam5_A04,,,frozen_query_path_adjacent_acceptance_interpolation
cam5,383,298,0.50,uncalibrated_bounded_interpolation,0.511638,False,bounded_interpolation,cam5_A03,cam5_A04,,,frozen_query_path_adjacent_acceptance_interpolation
cam5,384,299,0.50,uncalibrated_bounded_interpolation,0.511638,False,bounded_interpolation,cam5_A03,cam5_A04,,,frozen_query_path_adjacent_acceptance_interpolation
cam5,385,300,0.50,uncalibrated_bounded_interpolation,0.511638,False,bounded_interpolation,cam5_A03,cam5_A04,,,frozen_query_path_adjacent_acceptance_interpolation
cam5,386,301,0.50,uncalibrated_bounded_interpolation,0.511638,False,bounded_interpolation,cam5_A03,cam5_A04,,,frozen_query_path_adjacent_acceptance_interpolation
cam5,387,302,0.50,uncalibrated_bounded_interpolation,0.511638,False,bounded_interpolation,cam5_A03,cam5_A04,,,frozen_query_path_adjacent_acceptance_interpolation
cam5,388,303,0.50,uncalibrated_bounded_interpolation,0.511638,False,bounded_interpolation,cam5_A03,cam5_A04,,,frozen_query_path_adjacent_acceptance_interpolation
cam5,389,304,0.50,uncalibrated_bounded_interpolation,0.511638,False,bounded_interpolation,cam5_A03,cam5_A04,,,frozen_query_path_adjacent_acceptance_interpolation
cam5,390,305,0.50,uncalibrated_bounded_interpolation,0.511638,False,bounded_interpolation,cam5_A03,cam5_A04,,,frozen_query_path_adjacent_acceptance_interpolation
cam5,391,306,0.50,uncalibrated_bounded_interpolation,0.511638,False,bounded_interpolation,cam5_A03,cam5_A04,,,frozen_query_path_adjacent_acceptance_interpolation
cam5,392,307,0.50,uncalibrated_bounded_interpolation,0.511638,False,bounded_interpolation,cam5_A03,cam5_A04,,,frozen_query_path_adjacent_acceptance_interpolation
cam5,393,308,0.50,uncalibrated_bounded_interpolation,0.511638,False,bounded_interpolation,cam5_A03,cam5_A04,,,frozen_query_path_adjacent_acceptance_interpolation
cam5,394,309,1.00,uncalibrated_geometry_anchor,0.511638,False,geometry_supported_anchor,cam5_A04,cam5_A04,cam5_A04,match_unverified_geometry_supported,frozen_query_path_adjacent_acceptance_interpolation
cam5,395,,0.00,abstain,,False,unsupported_between_supported_segments,,,,,frozen_query_path_adjacent_acceptance_interpolation
cam5,396,,0.00,abstain,,False,unsupported_between_supported_segments,,,,,frozen_query_path_adjacent_acceptance_interpolation
cam5,397,,0.00,abstain,,False,unsupported_between_supported_segments,,,,,frozen_query_path_adjacent_acceptance_interpolation
cam5,398,,0.00,abstain,,False,unsupported_between_supported_segments,,,,,frozen_query_path_adjacent_acceptance_interpolation
cam5,399,,0.00,abstain,,False,unsupported_between_supported_segments,,,,,frozen_query_path_adjacent_acceptance_interpolation
cam5,400,,0.00,abstain,,False,unsupported_between_supported_segments,,,,,frozen_query_path_adjacent_acceptance_interpolation
cam5,401,,0.00,abstain,,False,unsupported_between_supported_segments,,,,,frozen_query_path_adjacent_acceptance_interpolation
cam5,402,,0.00,abstain,,False,unsupported_between_supported_segments,,,,,frozen_query_path_adjacent_acceptance_interpolation
cam5,403,,0.00,abstain,,False,unsupported_between_supported_segments,,,,,frozen_query_path_adjacent_acceptance_interpolation
cam5,404,,0.00,abstain,,False,unsupported_between_supported_segments,,,,,frozen_query_path_adjacent_acceptance_interpolation
cam5,405,,0.00,abstain,,False,unsupported_between_supported_segments,,,,,frozen_query_path_adjacent_acceptance_interpolation
cam5,406,,0.00,abstain,,False,unsupported_between_supported_segments,,,,,frozen_query_path_adjacent_acceptance_interpolation
cam5,407,,0.00,abstain,,False,unsupported_between_supported_segments,,,,,frozen_query_path_adjacent_acceptance_interpolation
cam5,408,,0.00,abstain,,False,unsupported_between_supported_segments,,,,,frozen_query_path_adjacent_acceptance_interpolation
cam5,409,,0.00,abstain,,False,unsupported_between_supported_segments,,,,,frozen_query_path_adjacent_acceptance_interpolation
cam5,410,,0.00,abstain,,False,unsupported_between_supported_segments,,,,,frozen_query_path_adjacent_acceptance_interpolation
cam5,411,,0.00,abstain,,False,unsupported_between_supported_segments,,,,,frozen_query_path_adjacent_acceptance_interpolation
cam5,412,,0.00,abstain,,False,unsupported_between_supported_segments,,,,,frozen_query_path_adjacent_acceptance_interpolation
cam5,413,,0.00,abstain,,False,unsupported_between_supported_segments,,,,,frozen_query_path_adjacent_acceptance_interpolation
cam5,414,,0.00,abstain,,False,unsupported_between_supported_segments,,,,,frozen_query_path_adjacent_acceptance_interpolation
cam5,415,,0.00,abstain,,False,unsupported_between_supported_segments,,,,,frozen_query_path_adjacent_acceptance_interpolation
cam5,416,,0.00,abstain,,False,unsupported_between_supported_segments,,,,,frozen_query_path_adjacent_acceptance_interpolation
cam5,417,,0.00,abstain,,False,unsupported_between_supported_segments,,,,,frozen_query_path_adjacent_acceptance_interpolation
cam5,418,,0.00,abstain,,False,unsupported_between_supported_segments,,,,,frozen_query_path_adjacent_acceptance_interpolation
cam5,419,,0.00,abstain,,False,unsupported_between_supported_segments,,,,,frozen_query_path_adjacent_acceptance_interpolation
cam5,420,,0.00,abstain,,False,unsupported_between_supported_segments,,,,,frozen_query_path_adjacent_acceptance_interpolation
cam5,421,,0.00,abstain,,False,unsupported_between_supported_segments,,,,,frozen_query_path_adjacent_acceptance_interpolation
cam5,422,,0.00,abstain,,False,unsupported_between_supported_segments,,,,,frozen_query_path_adjacent_acceptance_interpolation
cam5,423,,0.00,abstain,,False,unsupported_between_supported_segments,,,,,frozen_query_path_adjacent_acceptance_interpolation
cam5,424,,0.00,abstain,,False,unsupported_between_supported_segments,,,,,frozen_query_path_adjacent_acceptance_interpolation
cam5,425,,0.00,abstain,,False,unsupported_between_supported_segments,,,,,frozen_query_path_adjacent_acceptance_interpolation
cam5,426,,0.00,abstain,,False,unsupported_between_supported_segments,,,,,frozen_query_path_adjacent_acceptance_interpolation
cam5,427,,0.00,abstain,,False,unsupported_between_supported_segments,,,,,frozen_query_path_adjacent_acceptance_interpolation
cam5,428,,0.00,abstain,,False,unsupported_between_supported_segments,,,,,frozen_query_path_adjacent_acceptance_interpolation
cam5,429,,0.00,abstain,,False,unsupported_between_supported_segments,,,,,frozen_query_path_adjacent_acceptance_interpolation
cam5,430,,0.00,abstain,,False,unsupported_between_supported_segments,,,,,frozen_query_path_adjacent_acceptance_interpolation
cam5,431,,0.00,abstain,,False,unsupported_between_supported_segments,,,,,frozen_query_path_adjacent_acceptance_interpolation
cam5,432,,0.00,abstain,,False,unsupported_between_supported_segments,,,,,frozen_query_path_adjacent_acceptance_interpolation
cam5,433,,0.00,abstain,,False,unsupported_between_supported_segments,,,,,frozen_query_path_adjacent_acceptance_interpolation
cam5,434,,0.00,abstain,,False,unsupported_between_supported_segments,,,,,frozen_query_path_adjacent_acceptance_interpolation
cam5,435,,0.00,abstain,,False,unsupported_between_supported_segments,,,,,frozen_query_path_adjacent_acceptance_interpolation
cam5,436,,0.00,abstain,,False,unsupported_between_supported_segments,,,,,frozen_query_path_adjacent_acceptance_interpolation
cam5,437,,0.00,abstain,,False,unsupported_between_supported_segments,,,,,frozen_query_path_adjacent_acceptance_interpolation
cam5,438,,0.00,abstain,,False,unsupported_between_supported_segments,,,,,frozen_query_path_adjacent_acceptance_interpolation
cam5,439,,0.00,abstain,,False,unsupported_between_supported_segments,,,,,frozen_query_path_adjacent_acceptance_interpolation
cam5,440,,0.00,abstain,,False,unsupported_between_supported_segments,,,,,frozen_query_path_adjacent_acceptance_interpolation
cam5,441,,0.00,abstain,,False,unsupported_between_supported_segments,,,,,frozen_query_path_adjacent_acceptance_interpolation
cam5,442,,0.00,abstain,,False,unsupported_between_supported_segments,,,,,frozen_query_path_adjacent_acceptance_interpolation
cam5,443,,0.00,abstain,,False,unsupported_between_supported_segments,,,,,frozen_query_path_adjacent_acceptance_interpolation
cam5,444,,0.00,abstain,,False,unsupported_between_supported_segments,,,,,frozen_query_path_adjacent_acceptance_interpolation
cam5,445,,0.00,abstain,,False,unsupported_between_supported_segments,,,,,frozen_query_path_adjacent_acceptance_interpolation
cam5,446,,0.00,abstain,,False,unsupported_between_supported_segments,,,,,frozen_query_path_adjacent_acceptance_interpolation
cam5,447,,0.00,abstain,,False,unsupported_between_supported_segments,,,,,frozen_query_path_adjacent_acceptance_interpolation
cam5,448,,0.00,abstain,,False,unsupported_between_supported_segments,,,,,frozen_query_path_adjacent_acceptance_interpolation
cam5,449,,0.00,abstain,,False,unsupported_between_supported_segments,,,,,frozen_query_path_adjacent_acceptance_interpolation
cam5,450,,0.00,abstain,,False,unsupported_between_supported_segments,,,,,frozen_query_path_adjacent_acceptance_interpolation
cam5,451,,0.00,abstain,,False,unsupported_between_supported_segments,,,,,frozen_query_path_adjacent_acceptance_interpolation
cam5,452,,0.00,abstain,,False,unsupported_between_supported_segments,,,,,frozen_query_path_adjacent_acceptance_interpolation
cam5,453,,0.00,abstain,,False,unsupported_between_supported_segments,,,,,frozen_query_path_adjacent_acceptance_interpolation
cam5,454,,0.00,abstain,,False,unsupported_between_supported_segments,,,,,frozen_query_path_adjacent_acceptance_interpolation
cam5,455,,0.00,abstain,,False,unsupported_between_supported_segments,,,,,frozen_query_path_adjacent_acceptance_interpolation
cam5,456,,0.00,abstain,,False,unsupported_between_supported_segments,,,,,frozen_query_path_adjacent_acceptance_interpolation
cam5,457,,0.00,abstain,,False,unsupported_between_supported_segments,,,,,frozen_query_path_adjacent_acceptance_interpolation
cam5,458,,0.00,abstain,,False,unsupported_between_supported_segments,,,,,frozen_query_path_adjacent_acceptance_interpolation
cam5,459,,0.00,abstain,,False,unsupported_between_supported_segments,,,,,frozen_query_path_adjacent_acceptance_interpolation
cam5,460,,0.00,abstain,,False,unsupported_between_supported_segments,,,,,frozen_query_path_adjacent_acceptance_interpolation
cam5,461,,0.00,abstain,,False,unsupported_between_supported_segments,,,,,frozen_query_path_adjacent_acceptance_interpolation
cam5,462,,0.00,abstain,,False,unsupported_between_supported_segments,,,,,frozen_query_path_adjacent_acceptance_interpolation
cam5,463,,0.00,abstain,,False,unsupported_between_supported_segments,,,,,frozen_query_path_adjacent_acceptance_interpolation
cam5,464,,0.00,abstain,,False,unsupported_anchor_abstention,,,cam5_A05,abstain_weak_or_ambiguous_geometry,frozen_query_path_adjacent_acceptance_interpolation
cam5,465,,0.00,abstain,,False,unsupported_between_supported_segments,,,,,frozen_query_path_adjacent_acceptance_interpolation
cam5,466,,0.00,abstain,,False,unsupported_between_supported_segments,,,,,frozen_query_path_adjacent_acceptance_interpolation
cam5,467,,0.00,abstain,,False,unsupported_between_supported_segments,,,,,frozen_query_path_adjacent_acceptance_interpolation
cam5,468,,0.00,abstain,,False,unsupported_between_supported_segments,,,,,frozen_query_path_adjacent_acceptance_interpolation
cam5,469,,0.00,abstain,,False,unsupported_between_supported_segments,,,,,frozen_query_path_adjacent_acceptance_interpolation
cam5,470,,0.00,abstain,,False,unsupported_between_supported_segments,,,,,frozen_query_path_adjacent_acceptance_interpolation
cam5,471,,0.00,abstain,,False,unsupported_between_supported_segments,,,,,frozen_query_path_adjacent_acceptance_interpolation
cam5,472,,0.00,abstain,,False,unsupported_between_supported_segments,,,,,frozen_query_path_adjacent_acceptance_interpolation
cam5,473,,0.00,abstain,,False,unsupported_between_supported_segments,,,,,frozen_query_path_adjacent_acceptance_interpolation
cam5,474,,0.00,abstain,,False,unsupported_between_supported_segments,,,,,frozen_query_path_adjacent_acceptance_interpolation
cam5,475,,0.00,abstain,,False,unsupported_between_supported_segments,,,,,frozen_query_path_adjacent_acceptance_interpolation
cam5,476,,0.00,abstain,,False,unsupported_between_supported_segments,,,,,frozen_query_path_adjacent_acceptance_interpolation
cam5,477,,0.00,abstain,,False,unsupported_between_supported_segments,,,,,frozen_query_path_adjacent_acceptance_interpolation
cam5,478,,0.00,abstain,,False,unsupported_between_supported_segments,,,,,frozen_query_path_adjacent_acceptance_interpolation
cam5,479,,0.00,abstain,,False,unsupported_between_supported_segments,,,,,frozen_query_path_adjacent_acceptance_interpolation
cam5,480,,0.00,abstain,,False,unsupported_between_supported_segments,,,,,frozen_query_path_adjacent_acceptance_interpolation
cam5,481,,0.00,abstain,,False,unsupported_between_supported_segments,,,,,frozen_query_path_adjacent_acceptance_interpolation
cam5,482,,0.00,abstain,,False,unsupported_between_supported_segments,,,,,frozen_query_path_adjacent_acceptance_interpolation
cam5,483,,0.00,abstain,,False,unsupported_between_supported_segments,,,,,frozen_query_path_adjacent_acceptance_interpolation
cam5,484,,0.00,abstain,,False,unsupported_between_supported_segments,,,,,frozen_query_path_adjacent_acceptance_interpolation
cam5,485,,0.00,abstain,,False,unsupported_between_supported_segments,,,,,frozen_query_path_adjacent_acceptance_interpolation
cam5,486,,0.00,abstain,,False,unsupported_between_supported_segments,,,,,frozen_query_path_adjacent_acceptance_interpolation
cam5,487,,0.00,abstain,,False,unsupported_between_supported_segments,,,,,frozen_query_path_adjacent_acceptance_interpolation
cam5,488,,0.00,abstain,,False,unsupported_between_supported_segments,,,,,frozen_query_path_adjacent_acceptance_interpolation
cam5,489,,0.00,abstain,,False,unsupported_between_supported_segments,,,,,frozen_query_path_adjacent_acceptance_interpolation
cam5,490,,0.00,abstain,,False,unsupported_between_supported_segments,,,,,frozen_query_path_adjacent_acceptance_interpolation
cam5,491,,0.00,abstain,,False,unsupported_between_supported_segments,,,,,frozen_query_path_adjacent_acceptance_interpolation
cam5,492,,0.00,abstain,,False,unsupported_between_supported_segments,,,,,frozen_query_path_adjacent_acceptance_interpolation
cam5,493,,0.00,abstain,,False,unsupported_between_supported_segments,,,,,frozen_query_path_adjacent_acceptance_interpolation
cam5,494,,0.00,abstain,,False,unsupported_between_supported_segments,,,,,frozen_query_path_adjacent_acceptance_interpolation
cam5,495,,0.00,abstain,,False,unsupported_between_supported_segments,,,,,frozen_query_path_adjacent_acceptance_interpolation
cam5,496,,0.00,abstain,,False,unsupported_between_supported_segments,,,,,frozen_query_path_adjacent_acceptance_interpolation
cam5,497,,0.00,abstain,,False,unsupported_between_supported_segments,,,,,frozen_query_path_adjacent_acceptance_interpolation
cam5,498,,0.00,abstain,,False,unsupported_between_supported_segments,,,,,frozen_query_path_adjacent_acceptance_interpolation
cam5,499,,0.00,abstain,,False,unsupported_between_supported_segments,,,,,frozen_query_path_adjacent_acceptance_interpolation
cam5,500,,0.00,abstain,,False,unsupported_between_supported_segments,,,,,frozen_query_path_adjacent_acceptance_interpolation
cam5,501,,0.00,abstain,,False,unsupported_between_supported_segments,,,,,frozen_query_path_adjacent_acceptance_interpolation
cam5,502,,0.00,abstain,,False,unsupported_between_supported_segments,,,,,frozen_query_path_adjacent_acceptance_interpolation
cam5,503,,0.00,abstain,,False,unsupported_between_supported_segments,,,,,frozen_query_path_adjacent_acceptance_interpolation
cam5,504,,0.00,abstain,,False,unsupported_between_supported_segments,,,,,frozen_query_path_adjacent_acceptance_interpolation
cam5,505,,0.00,abstain,,False,unsupported_between_supported_segments,,,,,frozen_query_path_adjacent_acceptance_interpolation
cam5,506,,0.00,abstain,,False,unsupported_between_supported_segments,,,,,frozen_query_path_adjacent_acceptance_interpolation
cam5,507,,0.00,abstain,,False,unsupported_between_supported_segments,,,,,frozen_query_path_adjacent_acceptance_interpolation
cam5,508,,0.00,abstain,,False,unsupported_between_supported_segments,,,,,frozen_query_path_adjacent_acceptance_interpolation
cam5,509,,0.00,abstain,,False,unsupported_between_supported_segments,,,,,frozen_query_path_adjacent_acceptance_interpolation
cam5,510,,0.00,abstain,,False,unsupported_between_supported_segments,,,,,frozen_query_path_adjacent_acceptance_interpolation
cam5,511,,0.00,abstain,,False,unsupported_between_supported_segments,,,,,frozen_query_path_adjacent_acceptance_interpolation
cam5,512,,0.00,abstain,,False,unsupported_between_supported_segments,,,,,frozen_query_path_adjacent_acceptance_interpolation
cam5,513,,0.00,abstain,,False,unsupported_between_supported_segments,,,,,frozen_query_path_adjacent_acceptance_interpolation
cam5,514,,0.00,abstain,,False,unsupported_between_supported_segments,,,,,frozen_query_path_adjacent_acceptance_interpolation
cam5,515,,0.00,abstain,,False,unsupported_between_supported_segments,,,,,frozen_query_path_adjacent_acceptance_interpolation
cam5,516,,0.00,abstain,,False,unsupported_between_supported_segments,,,,,frozen_query_path_adjacent_acceptance_interpolation
cam5,517,,0.00,abstain,,False,unsupported_between_supported_segments,,,,,frozen_query_path_adjacent_acceptance_interpolation
cam5,518,,0.00,abstain,,False,unsupported_between_supported_segments,,,,,frozen_query_path_adjacent_acceptance_interpolation
cam5,519,,0.00,abstain,,False,unsupported_between_supported_segments,,,,,frozen_query_path_adjacent_acceptance_interpolation
cam5,520,,0.00,abstain,,False,unsupported_between_supported_segments,,,,,frozen_query_path_adjacent_acceptance_interpolation
cam5,521,,0.00,abstain,,False,unsupported_between_supported_segments,,,,,frozen_query_path_adjacent_acceptance_interpolation
cam5,522,,0.00,abstain,,False,unsupported_between_supported_segments,,,,,frozen_query_path_adjacent_acceptance_interpolation
cam5,523,,0.00,abstain,,False,unsupported_between_supported_segments,,,,,frozen_query_path_adjacent_acceptance_interpolation
cam5,524,,0.00,abstain,,False,unsupported_between_supported_segments,,,,,frozen_query_path_adjacent_acceptance_interpolation
cam5,525,,0.00,abstain,,False,unsupported_between_supported_segments,,,,,frozen_query_path_adjacent_acceptance_interpolation
cam5,526,,0.00,abstain,,False,unsupported_between_supported_segments,,,,,frozen_query_path_adjacent_acceptance_interpolation
cam5,527,,0.00,abstain,,False,unsupported_between_supported_segments,,,,,frozen_query_path_adjacent_acceptance_interpolation
cam5,528,,0.00,abstain,,False,unsupported_between_supported_segments,,,,,frozen_query_path_adjacent_acceptance_interpolation
cam5,529,,0.00,abstain,,False,unsupported_between_supported_segments,,,,,frozen_query_path_adjacent_acceptance_interpolation
cam5,530,,0.00,abstain,,False,unsupported_between_supported_segments,,,,,frozen_query_path_adjacent_acceptance_interpolation
cam5,531,,0.00,abstain,,False,unsupported_between_supported_segments,,,,,frozen_query_path_adjacent_acceptance_interpolation
cam5,532,,0.00,abstain,,False,unsupported_between_supported_segments,,,,,frozen_query_path_adjacent_acceptance_interpolation
cam5,533,,0.00,abstain,,False,unsupported_between_supported_segments,,,,,frozen_query_path_adjacent_acceptance_interpolation
cam5,534,,0.00,abstain,,False,unsupported_between_supported_segments,,,,,frozen_query_path_adjacent_acceptance_interpolation
cam5,535,,0.00,abstain,,False,unsupported_between_supported_segments,,,,,frozen_query_path_adjacent_acceptance_interpolation
cam5,536,,0.00,abstain,,False,unsupported_anchor_abstention,,,cam5_A06,abstain_weak_or_ambiguous_geometry,frozen_query_path_adjacent_acceptance_interpolation
cam5,537,,0.00,abstain,,False,unsupported_between_supported_segments,,,,,frozen_query_path_adjacent_acceptance_interpolation
cam5,538,,0.00,abstain,,False,unsupported_between_supported_segments,,,,,frozen_query_path_adjacent_acceptance_interpolation
cam5,539,,0.00,abstain,,False,unsupported_between_supported_segments,,,,,frozen_query_path_adjacent_acceptance_interpolation
cam5,540,,0.00,abstain,,False,unsupported_between_supported_segments,,,,,frozen_query_path_adjacent_acceptance_interpolation
cam5,541,,0.00,abstain,,False,unsupported_between_supported_segments,,,,,frozen_query_path_adjacent_acceptance_interpolation
cam5,542,,0.00,abstain,,False,unsupported_between_supported_segments,,,,,frozen_query_path_adjacent_acceptance_interpolation
cam5,543,,0.00,abstain,,False,unsupported_between_supported_segments,,,,,frozen_query_path_adjacent_acceptance_interpolation
cam5,544,,0.00,abstain,,False,unsupported_between_supported_segments,,,,,frozen_query_path_adjacent_acceptance_interpolation
cam5,545,,0.00,abstain,,False,unsupported_between_supported_segments,,,,,frozen_query_path_adjacent_acceptance_interpolation
cam5,546,,0.00,abstain,,False,unsupported_between_supported_segments,,,,,frozen_query_path_adjacent_acceptance_interpolation
cam5,547,,0.00,abstain,,False,unsupported_between_supported_segments,,,,,frozen_query_path_adjacent_acceptance_interpolation
cam5,548,,0.00,abstain,,False,unsupported_between_supported_segments,,,,,frozen_query_path_adjacent_acceptance_interpolation
cam5,549,,0.00,abstain,,False,unsupported_between_supported_segments,,,,,frozen_query_path_adjacent_acceptance_interpolation
cam5,550,,0.00,abstain,,False,unsupported_between_supported_segments,,,,,frozen_query_path_adjacent_acceptance_interpolation
cam5,551,,0.00,abstain,,False,unsupported_between_supported_segments,,,,,frozen_query_path_adjacent_acceptance_interpolation
cam5,552,,0.00,abstain,,False,unsupported_between_supported_segments,,,,,frozen_query_path_adjacent_acceptance_interpolation
cam5,553,,0.00,abstain,,False,unsupported_between_supported_segments,,,,,frozen_query_path_adjacent_acceptance_interpolation
cam5,554,,0.00,abstain,,False,unsupported_between_supported_segments,,,,,frozen_query_path_adjacent_acceptance_interpolation
cam5,555,,0.00,abstain,,False,unsupported_between_supported_segments,,,,,frozen_query_path_adjacent_acceptance_interpolation
cam5,556,,0.00,abstain,,False,unsupported_between_supported_segments,,,,,frozen_query_path_adjacent_acceptance_interpolation
cam5,557,,0.00,abstain,,False,unsupported_between_supported_segments,,,,,frozen_query_path_adjacent_acceptance_interpolation
cam5,558,,0.00,abstain,,False,unsupported_between_supported_segments,,,,,frozen_query_path_adjacent_acceptance_interpolation
cam5,559,,0.00,abstain,,False,unsupported_between_supported_segments,,,,,frozen_query_path_adjacent_acceptance_interpolation
cam5,560,,0.00,abstain,,False,unsupported_between_supported_segments,,,,,frozen_query_path_adjacent_acceptance_interpolation
cam5,561,,0.00,abstain,,False,unsupported_between_supported_segments,,,,,frozen_query_path_adjacent_acceptance_interpolation
cam5,562,,0.00,abstain,,False,unsupported_between_supported_segments,,,,,frozen_query_path_adjacent_acceptance_interpolation
cam5,563,,0.00,abstain,,False,unsupported_between_supported_segments,,,,,frozen_query_path_adjacent_acceptance_interpolation
cam5,564,,0.00,abstain,,False,unsupported_between_supported_segments,,,,,frozen_query_path_adjacent_acceptance_interpolation
cam5,565,,0.00,abstain,,False,unsupported_between_supported_segments,,,,,frozen_query_path_adjacent_acceptance_interpolation
cam5,566,,0.00,abstain,,False,unsupported_between_supported_segments,,,,,frozen_query_path_adjacent_acceptance_interpolation
cam5,567,,0.00,abstain,,False,unsupported_between_supported_segments,,,,,frozen_query_path_adjacent_acceptance_interpolation
cam5,568,,0.00,abstain,,False,unsupported_between_supported_segments,,,,,frozen_query_path_adjacent_acceptance_interpolation
cam5,569,,0.00,abstain,,False,unsupported_between_supported_segments,,,,,frozen_query_path_adjacent_acceptance_interpolation
cam5,570,,0.00,abstain,,False,unsupported_between_supported_segments,,,,,frozen_query_path_adjacent_acceptance_interpolation
cam5,571,,0.00,abstain,,False,unsupported_between_supported_segments,,,,,frozen_query_path_adjacent_acceptance_interpolation
cam5,572,,0.00,abstain,,False,unsupported_between_supported_segments,,,,,frozen_query_path_adjacent_acceptance_interpolation
cam5,573,,0.00,abstain,,False,unsupported_between_supported_segments,,,,,frozen_query_path_adjacent_acceptance_interpolation
cam5,574,,0.00,abstain,,False,unsupported_between_supported_segments,,,,,frozen_query_path_adjacent_acceptance_interpolation
cam5,575,,0.00,abstain,,False,unsupported_between_supported_segments,,,,,frozen_query_path_adjacent_acceptance_interpolation
cam5,576,,0.00,abstain,,False,unsupported_between_supported_segments,,,,,frozen_query_path_adjacent_acceptance_interpolation
cam5,577,,0.00,abstain,,False,unsupported_between_supported_segments,,,,,frozen_query_path_adjacent_acceptance_interpolation
cam5,578,,0.00,abstain,,False,unsupported_between_supported_segments,,,,,frozen_query_path_adjacent_acceptance_interpolation
cam5,579,,0.00,abstain,,False,unsupported_between_supported_segments,,,,,frozen_query_path_adjacent_acceptance_interpolation
cam5,580,,0.00,abstain,,False,unsupported_between_supported_segments,,,,,frozen_query_path_adjacent_acceptance_interpolation
cam5,581,,0.00,abstain,,False,unsupported_between_supported_segments,,,,,frozen_query_path_adjacent_acceptance_interpolation
cam5,582,,0.00,abstain,,False,unsupported_between_supported_segments,,,,,frozen_query_path_adjacent_acceptance_interpolation
cam5,583,,0.00,abstain,,False,unsupported_between_supported_segments,,,,,frozen_query_path_adjacent_acceptance_interpolation
cam5,584,,0.00,abstain,,False,unsupported_between_supported_segments,,,,,frozen_query_path_adjacent_acceptance_interpolation
cam5,585,,0.00,abstain,,False,unsupported_between_supported_segments,,,,,frozen_query_path_adjacent_acceptance_interpolation
cam5,586,,0.00,abstain,,False,unsupported_between_supported_segments,,,,,frozen_query_path_adjacent_acceptance_interpolation
cam5,587,,0.00,abstain,,False,unsupported_between_supported_segments,,,,,frozen_query_path_adjacent_acceptance_interpolation
cam5,588,,0.00,abstain,,False,unsupported_between_supported_segments,,,,,frozen_query_path_adjacent_acceptance_interpolation
cam5,589,,0.00,abstain,,False,unsupported_between_supported_segments,,,,,frozen_query_path_adjacent_acceptance_interpolation
cam5,590,,0.00,abstain,,False,unsupported_between_supported_segments,,,,,frozen_query_path_adjacent_acceptance_interpolation
cam5,591,,0.00,abstain,,False,unsupported_between_supported_segments,,,,,frozen_query_path_adjacent_acceptance_interpolation
cam5,592,,0.00,abstain,,False,unsupported_between_supported_segments,,,,,frozen_query_path_adjacent_acceptance_interpolation
cam5,593,,0.00,abstain,,False,unsupported_between_supported_segments,,,,,frozen_query_path_adjacent_acceptance_interpolation
cam5,594,,0.00,abstain,,False,unsupported_between_supported_segments,,,,,frozen_query_path_adjacent_acceptance_interpolation
cam5,595,,0.00,abstain,,False,unsupported_between_supported_segments,,,,,frozen_query_path_adjacent_acceptance_interpolation
cam5,596,,0.00,abstain,,False,unsupported_between_supported_segments,,,,,frozen_query_path_adjacent_acceptance_interpolation
cam5,597,,0.00,abstain,,False,unsupported_between_supported_segments,,,,,frozen_query_path_adjacent_acceptance_interpolation
cam5,598,,0.00,abstain,,False,unsupported_between_supported_segments,,,,,frozen_query_path_adjacent_acceptance_interpolation
cam5,599,,0.00,abstain,,False,unsupported_between_supported_segments,,,,,frozen_query_path_adjacent_acceptance_interpolation
cam5,600,,0.00,abstain,,False,unsupported_between_supported_segments,,,,,frozen_query_path_adjacent_acceptance_interpolation
cam5,601,,0.00,abstain,,False,unsupported_between_supported_segments,,,,,frozen_query_path_adjacent_acceptance_interpolation
cam5,602,,0.00,abstain,,False,unsupported_between_supported_segments,,,,,frozen_query_path_adjacent_acceptance_interpolation
cam5,603,,0.00,abstain,,False,unsupported_between_supported_segments,,,,,frozen_query_path_adjacent_acceptance_interpolation
cam5,604,,0.00,abstain,,False,unsupported_between_supported_segments,,,,,frozen_query_path_adjacent_acceptance_interpolation
cam5,605,,0.00,abstain,,False,unsupported_isolated_acceptance,,,cam5_A07,match_unverified_geometry_supported,frozen_query_path_adjacent_acceptance_interpolation
cam5,606,,0.00,abstain,,False,unsupported_between_supported_segments,,,,,frozen_query_path_adjacent_acceptance_interpolation
cam5,607,,0.00,abstain,,False,unsupported_between_supported_segments,,,,,frozen_query_path_adjacent_acceptance_interpolation
cam5,608,,0.00,abstain,,False,unsupported_between_supported_segments,,,,,frozen_query_path_adjacent_acceptance_interpolation
cam5,609,,0.00,abstain,,False,unsupported_between_supported_segments,,,,,frozen_query_path_adjacent_acceptance_interpolation
cam5,610,,0.00,abstain,,False,unsupported_between_supported_segments,,,,,frozen_query_path_adjacent_acceptance_interpolation
cam5,611,,0.00,abstain,,False,unsupported_between_supported_segments,,,,,frozen_query_path_adjacent_acceptance_interpolation
cam5,612,,0.00,abstain,,False,unsupported_between_supported_segments,,,,,frozen_query_path_adjacent_acceptance_interpolation
cam5,613,,0.00,abstain,,False,unsupported_between_supported_segments,,,,,frozen_query_path_adjacent_acceptance_interpolation
cam5,614,,0.00,abstain,,False,unsupported_between_supported_segments,,,,,frozen_query_path_adjacent_acceptance_interpolation
cam5,615,,0.00,abstain,,False,unsupported_between_supported_segments,,,,,frozen_query_path_adjacent_acceptance_interpolation
cam5,616,,0.00,abstain,,False,unsupported_between_supported_segments,,,,,frozen_query_path_adjacent_acceptance_interpolation
cam5,617,,0.00,abstain,,False,unsupported_between_supported_segments,,,,,frozen_query_path_adjacent_acceptance_interpolation
cam5,618,,0.00,abstain,,False,unsupported_between_supported_segments,,,,,frozen_query_path_adjacent_acceptance_interpolation
cam5,619,,0.00,abstain,,False,unsupported_between_supported_segments,,,,,frozen_query_path_adjacent_acceptance_interpolation
cam5,620,,0.00,abstain,,False,unsupported_between_supported_segments,,,,,frozen_query_path_adjacent_acceptance_interpolation
cam5,621,,0.00,abstain,,False,unsupported_between_supported_segments,,,,,frozen_query_path_adjacent_acceptance_interpolation
cam5,622,,0.00,abstain,,False,unsupported_between_supported_segments,,,,,frozen_query_path_adjacent_acceptance_interpolation
cam5,623,,0.00,abstain,,False,unsupported_between_supported_segments,,,,,frozen_query_path_adjacent_acceptance_interpolation
cam5,624,,0.00,abstain,,False,unsupported_between_supported_segments,,,,,frozen_query_path_adjacent_acceptance_interpolation
cam5,625,,0.00,abstain,,False,unsupported_between_supported_segments,,,,,frozen_query_path_adjacent_acceptance_interpolation
cam5,626,,0.00,abstain,,False,unsupported_between_supported_segments,,,,,frozen_query_path_adjacent_acceptance_interpolation
cam5,627,,0.00,abstain,,False,unsupported_between_supported_segments,,,,,frozen_query_path_adjacent_acceptance_interpolation
cam5,628,,0.00,abstain,,False,unsupported_between_supported_segments,,,,,frozen_query_path_adjacent_acceptance_interpolation
cam5,629,,0.00,abstain,,False,unsupported_between_supported_segments,,,,,frozen_query_path_adjacent_acceptance_interpolation
cam5,630,,0.00,abstain,,False,unsupported_between_supported_segments,,,,,frozen_query_path_adjacent_acceptance_interpolation
cam5,631,,0.00,abstain,,False,unsupported_between_supported_segments,,,,,frozen_query_path_adjacent_acceptance_interpolation
cam5,632,,0.00,abstain,,False,unsupported_between_supported_segments,,,,,frozen_query_path_adjacent_acceptance_interpolation
cam5,633,,0.00,abstain,,False,unsupported_between_supported_segments,,,,,frozen_query_path_adjacent_acceptance_interpolation
cam5,634,,0.00,abstain,,False,unsupported_between_supported_segments,,,,,frozen_query_path_adjacent_acceptance_interpolation
cam5,635,,0.00,abstain,,False,unsupported_between_supported_segments,,,,,frozen_query_path_adjacent_acceptance_interpolation
cam5,636,,0.00,abstain,,False,unsupported_between_supported_segments,,,,,frozen_query_path_adjacent_acceptance_interpolation
cam5,637,,0.00,abstain,,False,unsupported_between_supported_segments,,,,,frozen_query_path_adjacent_acceptance_interpolation
cam5,638,,0.00,abstain,,False,unsupported_between_supported_segments,,,,,frozen_query_path_adjacent_acceptance_interpolation
cam5,639,,0.00,abstain,,False,unsupported_between_supported_segments,,,,,frozen_query_path_adjacent_acceptance_interpolation
cam5,640,,0.00,abstain,,False,unsupported_between_supported_segments,,,,,frozen_query_path_adjacent_acceptance_interpolation
cam5,641,,0.00,abstain,,False,unsupported_between_supported_segments,,,,,frozen_query_path_adjacent_acceptance_interpolation
cam5,642,,0.00,abstain,,False,unsupported_between_supported_segments,,,,,frozen_query_path_adjacent_acceptance_interpolation
cam5,643,,0.00,abstain,,False,unsupported_between_supported_segments,,,,,frozen_query_path_adjacent_acceptance_interpolation
cam5,644,,0.00,abstain,,False,unsupported_between_supported_segments,,,,,frozen_query_path_adjacent_acceptance_interpolation
cam5,645,,0.00,abstain,,False,unsupported_between_supported_segments,,,,,frozen_query_path_adjacent_acceptance_interpolation
cam5,646,,0.00,abstain,,False,unsupported_between_supported_segments,,,,,frozen_query_path_adjacent_acceptance_interpolation
cam5,647,,0.00,abstain,,False,unsupported_between_supported_segments,,,,,frozen_query_path_adjacent_acceptance_interpolation
cam5,648,,0.00,abstain,,False,unsupported_between_supported_segments,,,,,frozen_query_path_adjacent_acceptance_interpolation
cam5,649,,0.00,abstain,,False,unsupported_between_supported_segments,,,,,frozen_query_path_adjacent_acceptance_interpolation
cam5,650,,0.00,abstain,,False,unsupported_between_supported_segments,,,,,frozen_query_path_adjacent_acceptance_interpolation
cam5,651,,0.00,abstain,,False,unsupported_between_supported_segments,,,,,frozen_query_path_adjacent_acceptance_interpolation
cam5,652,,0.00,abstain,,False,unsupported_between_supported_segments,,,,,frozen_query_path_adjacent_acceptance_interpolation
cam5,653,,0.00,abstain,,False,unsupported_between_supported_segments,,,,,frozen_query_path_adjacent_acceptance_interpolation
cam5,654,,0.00,abstain,,False,unsupported_between_supported_segments,,,,,frozen_query_path_adjacent_acceptance_interpolation
cam5,655,,0.00,abstain,,False,unsupported_between_supported_segments,,,,,frozen_query_path_adjacent_acceptance_interpolation
cam5,656,,0.00,abstain,,False,unsupported_between_supported_segments,,,,,frozen_query_path_adjacent_acceptance_interpolation
cam5,657,,0.00,abstain,,False,unsupported_between_supported_segments,,,,,frozen_query_path_adjacent_acceptance_interpolation
cam5,658,,0.00,abstain,,False,unsupported_between_supported_segments,,,,,frozen_query_path_adjacent_acceptance_interpolation
cam5,659,,0.00,abstain,,False,unsupported_between_supported_segments,,,,,frozen_query_path_adjacent_acceptance_interpolation
cam5,660,,0.00,abstain,,False,unsupported_between_supported_segments,,,,,frozen_query_path_adjacent_acceptance_interpolation
cam5,661,,0.00,abstain,,False,unsupported_between_supported_segments,,,,,frozen_query_path_adjacent_acceptance_interpolation
cam5,662,,0.00,abstain,,False,unsupported_between_supported_segments,,,,,frozen_query_path_adjacent_acceptance_interpolation
cam5,663,,0.00,abstain,,False,unsupported_between_supported_segments,,,,,frozen_query_path_adjacent_acceptance_interpolation
cam5,664,,0.00,abstain,,False,unsupported_between_supported_segments,,,,,frozen_query_path_adjacent_acceptance_interpolation
cam5,665,,0.00,abstain,,False,unsupported_between_supported_segments,,,,,frozen_query_path_adjacent_acceptance_interpolation
cam5,666,,0.00,abstain,,False,unsupported_between_supported_segments,,,,,frozen_query_path_adjacent_acceptance_interpolation
cam5,667,,0.00,abstain,,False,unsupported_between_supported_segments,,,,,frozen_query_path_adjacent_acceptance_interpolation
cam5,668,,0.00,abstain,,False,unsupported_between_supported_segments,,,,,frozen_query_path_adjacent_acceptance_interpolation
cam5,669,,0.00,abstain,,False,unsupported_between_supported_segments,,,,,frozen_query_path_adjacent_acceptance_interpolation
cam5,670,,0.00,abstain,,False,unsupported_between_supported_segments,,,,,frozen_query_path_adjacent_acceptance_interpolation
cam5,671,,0.00,abstain,,False,unsupported_between_supported_segments,,,,,frozen_query_path_adjacent_acceptance_interpolation
cam5,672,,0.00,abstain,,False,unsupported_between_supported_segments,,,,,frozen_query_path_adjacent_acceptance_interpolation
cam5,673,,0.00,abstain,,False,unsupported_between_supported_segments,,,,,frozen_query_path_adjacent_acceptance_interpolation
cam5,674,,0.00,abstain,,False,unsupported_between_supported_segments,,,,,frozen_query_path_adjacent_acceptance_interpolation
cam5,675,,0.00,abstain,,False,unsupported_between_supported_segments,,,,,frozen_query_path_adjacent_acceptance_interpolation
cam5,676,,0.00,abstain,,False,unsupported_between_supported_segments,,,,,frozen_query_path_adjacent_acceptance_interpolation
cam5,677,,0.00,abstain,,False,unsupported_between_supported_segments,,,,,frozen_query_path_adjacent_acceptance_interpolation
cam5,678,,0.00,abstain,,False,unsupported_between_supported_segments,,,,,frozen_query_path_adjacent_acceptance_interpolation
cam5,679,,0.00,abstain,,False,unsupported_between_supported_segments,,,,,frozen_query_path_adjacent_acceptance_interpolation
cam5,680,,0.00,abstain,,False,unsupported_between_supported_segments,,,,,frozen_query_path_adjacent_acceptance_interpolation
cam5,681,,0.00,abstain,,False,unsupported_between_supported_segments,,,,,frozen_query_path_adjacent_acceptance_interpolation
cam5,682,,0.00,abstain,,False,unsupported_anchor_abstention,,,cam5_A08,abstain_weak_or_ambiguous_geometry,frozen_query_path_adjacent_acceptance_interpolation
cam5,683,,0.00,abstain,,False,unsupported_between_supported_segments,,,,,frozen_query_path_adjacent_acceptance_interpolation
cam5,684,,0.00,abstain,,False,unsupported_between_supported_segments,,,,,frozen_query_path_adjacent_acceptance_interpolation
cam5,685,,0.00,abstain,,False,unsupported_between_supported_segments,,,,,frozen_query_path_adjacent_acceptance_interpolation
cam5,686,,0.00,abstain,,False,unsupported_between_supported_segments,,,,,frozen_query_path_adjacent_acceptance_interpolation
cam5,687,,0.00,abstain,,False,unsupported_between_supported_segments,,,,,frozen_query_path_adjacent_acceptance_interpolation
cam5,688,,0.00,abstain,,False,unsupported_between_supported_segments,,,,,frozen_query_path_adjacent_acceptance_interpolation
cam5,689,,0.00,abstain,,False,unsupported_between_supported_segments,,,,,frozen_query_path_adjacent_acceptance_interpolation
cam5,690,,0.00,abstain,,False,unsupported_between_supported_segments,,,,,frozen_query_path_adjacent_acceptance_interpolation
cam5,691,,0.00,abstain,,False,unsupported_between_supported_segments,,,,,frozen_query_path_adjacent_acceptance_interpolation
cam5,692,,0.00,abstain,,False,unsupported_between_supported_segments,,,,,frozen_query_path_adjacent_acceptance_interpolation
cam5,693,,0.00,abstain,,False,unsupported_between_supported_segments,,,,,frozen_query_path_adjacent_acceptance_interpolation
cam5,694,,0.00,abstain,,False,unsupported_between_supported_segments,,,,,frozen_query_path_adjacent_acceptance_interpolation
cam5,695,,0.00,abstain,,False,unsupported_between_supported_segments,,,,,frozen_query_path_adjacent_acceptance_interpolation
cam5,696,,0.00,abstain,,False,unsupported_between_supported_segments,,,,,frozen_query_path_adjacent_acceptance_interpolation
cam5,697,,0.00,abstain,,False,unsupported_between_supported_segments,,,,,frozen_query_path_adjacent_acceptance_interpolation
cam5,698,,0.00,abstain,,False,unsupported_between_supported_segments,,,,,frozen_query_path_adjacent_acceptance_interpolation
cam5,699,,0.00,abstain,,False,unsupported_between_supported_segments,,,,,frozen_query_path_adjacent_acceptance_interpolation
cam5,700,,0.00,abstain,,False,unsupported_between_supported_segments,,,,,frozen_query_path_adjacent_acceptance_interpolation
cam5,701,,0.00,abstain,,False,unsupported_between_supported_segments,,,,,frozen_query_path_adjacent_acceptance_interpolation
cam5,702,,0.00,abstain,,False,unsupported_between_supported_segments,,,,,frozen_query_path_adjacent_acceptance_interpolation
cam5,703,,0.00,abstain,,False,unsupported_between_supported_segments,,,,,frozen_query_path_adjacent_acceptance_interpolation
cam5,704,,0.00,abstain,,False,unsupported_between_supported_segments,,,,,frozen_query_path_adjacent_acceptance_interpolation
cam5,705,,0.00,abstain,,False,unsupported_between_supported_segments,,,,,frozen_query_path_adjacent_acceptance_interpolation
cam5,706,,0.00,abstain,,False,unsupported_between_supported_segments,,,,,frozen_query_path_adjacent_acceptance_interpolation
cam5,707,,0.00,abstain,,False,unsupported_between_supported_segments,,,,,frozen_query_path_adjacent_acceptance_interpolation
cam5,708,,0.00,abstain,,False,unsupported_between_supported_segments,,,,,frozen_query_path_adjacent_acceptance_interpolation
cam5,709,,0.00,abstain,,False,unsupported_between_supported_segments,,,,,frozen_query_path_adjacent_acceptance_interpolation
cam5,710,,0.00,abstain,,False,unsupported_between_supported_segments,,,,,frozen_query_path_adjacent_acceptance_interpolation
cam5,711,,0.00,abstain,,False,unsupported_between_supported_segments,,,,,frozen_query_path_adjacent_acceptance_interpolation
cam5,712,,0.00,abstain,,False,unsupported_between_supported_segments,,,,,frozen_query_path_adjacent_acceptance_interpolation
cam5,713,,0.00,abstain,,False,unsupported_between_supported_segments,,,,,frozen_query_path_adjacent_acceptance_interpolation
cam5,714,,0.00,abstain,,False,unsupported_between_supported_segments,,,,,frozen_query_path_adjacent_acceptance_interpolation
cam5,715,,0.00,abstain,,False,unsupported_between_supported_segments,,,,,frozen_query_path_adjacent_acceptance_interpolation
cam5,716,,0.00,abstain,,False,unsupported_between_supported_segments,,,,,frozen_query_path_adjacent_acceptance_interpolation
cam5,717,,0.00,abstain,,False,unsupported_between_supported_segments,,,,,frozen_query_path_adjacent_acceptance_interpolation
cam5,718,,0.00,abstain,,False,unsupported_between_supported_segments,,,,,frozen_query_path_adjacent_acceptance_interpolation
cam5,719,,0.00,abstain,,False,unsupported_between_supported_segments,,,,,frozen_query_path_adjacent_acceptance_interpolation
cam5,720,,0.00,abstain,,False,unsupported_between_supported_segments,,,,,frozen_query_path_adjacent_acceptance_interpolation
cam5,721,,0.00,abstain,,False,unsupported_between_supported_segments,,,,,frozen_query_path_adjacent_acceptance_interpolation
cam5,722,,0.00,abstain,,False,unsupported_between_supported_segments,,,,,frozen_query_path_adjacent_acceptance_interpolation
cam5,723,,0.00,abstain,,False,unsupported_between_supported_segments,,,,,frozen_query_path_adjacent_acceptance_interpolation
cam5,724,,0.00,abstain,,False,unsupported_between_supported_segments,,,,,frozen_query_path_adjacent_acceptance_interpolation
cam5,725,,0.00,abstain,,False,unsupported_between_supported_segments,,,,,frozen_query_path_adjacent_acceptance_interpolation
cam5,726,,0.00,abstain,,False,unsupported_between_supported_segments,,,,,frozen_query_path_adjacent_acceptance_interpolation
cam5,727,,0.00,abstain,,False,unsupported_between_supported_segments,,,,,frozen_query_path_adjacent_acceptance_interpolation
cam5,728,,0.00,abstain,,False,unsupported_between_supported_segments,,,,,frozen_query_path_adjacent_acceptance_interpolation
cam5,729,,0.00,abstain,,False,unsupported_between_supported_segments,,,,,frozen_query_path_adjacent_acceptance_interpolation
cam5,730,,0.00,abstain,,False,unsupported_between_supported_segments,,,,,frozen_query_path_adjacent_acceptance_interpolation
cam5,731,,0.00,abstain,,False,unsupported_between_supported_segments,,,,,frozen_query_path_adjacent_acceptance_interpolation
cam5,732,,0.00,abstain,,False,unsupported_between_supported_segments,,,,,frozen_query_path_adjacent_acceptance_interpolation
cam5,733,,0.00,abstain,,False,unsupported_between_supported_segments,,,,,frozen_query_path_adjacent_acceptance_interpolation
cam5,734,,0.00,abstain,,False,unsupported_between_supported_segments,,,,,frozen_query_path_adjacent_acceptance_interpolation
cam5,735,,0.00,abstain,,False,unsupported_between_supported_segments,,,,,frozen_query_path_adjacent_acceptance_interpolation
cam5,736,,0.00,abstain,,False,unsupported_between_supported_segments,,,,,frozen_query_path_adjacent_acceptance_interpolation
cam5,737,,0.00,abstain,,False,unsupported_between_supported_segments,,,,,frozen_query_path_adjacent_acceptance_interpolation
cam5,738,,0.00,abstain,,False,unsupported_between_supported_segments,,,,,frozen_query_path_adjacent_acceptance_interpolation
cam5,739,,0.00,abstain,,False,unsupported_between_supported_segments,,,,,frozen_query_path_adjacent_acceptance_interpolation
cam5,740,,0.00,abstain,,False,unsupported_between_supported_segments,,,,,frozen_query_path_adjacent_acceptance_interpolation
cam5,741,,0.00,abstain,,False,unsupported_between_supported_segments,,,,,frozen_query_path_adjacent_acceptance_interpolation
cam5,742,,0.00,abstain,,False,unsupported_between_supported_segments,,,,,frozen_query_path_adjacent_acceptance_interpolation
cam5,743,,0.00,abstain,,False,unsupported_between_supported_segments,,,,,frozen_query_path_adjacent_acceptance_interpolation
cam5,744,,0.00,abstain,,False,unsupported_between_supported_segments,,,,,frozen_query_path_adjacent_acceptance_interpolation
cam5,745,,0.00,abstain,,False,unsupported_between_supported_segments,,,,,frozen_query_path_adjacent_acceptance_interpolation
cam5,746,,0.00,abstain,,False,unsupported_between_supported_segments,,,,,frozen_query_path_adjacent_acceptance_interpolation
cam5,747,,0.00,abstain,,False,unsupported_between_supported_segments,,,,,frozen_query_path_adjacent_acceptance_interpolation
cam5,748,,0.00,abstain,,False,unsupported_between_supported_segments,,,,,frozen_query_path_adjacent_acceptance_interpolation
cam5,749,,0.00,abstain,,False,unsupported_between_supported_segments,,,,,frozen_query_path_adjacent_acceptance_interpolation
cam5,750,,0.00,abstain,,False,unsupported_between_supported_segments,,,,,frozen_query_path_adjacent_acceptance_interpolation
cam5,751,,0.00,abstain,,False,unsupported_between_supported_segments,,,,,frozen_query_path_adjacent_acceptance_interpolation
cam5,752,,0.00,abstain,,False,unsupported_anchor_abstention,,,cam5_A09,abstain_weak_or_ambiguous_geometry,frozen_query_path_adjacent_acceptance_interpolation
cam5,753,,0.00,abstain,,False,unsupported_between_supported_segments,,,,,frozen_query_path_adjacent_acceptance_interpolation
cam5,754,,0.00,abstain,,False,unsupported_between_supported_segments,,,,,frozen_query_path_adjacent_acceptance_interpolation
cam5,755,,0.00,abstain,,False,unsupported_between_supported_segments,,,,,frozen_query_path_adjacent_acceptance_interpolation
cam5,756,,0.00,abstain,,False,unsupported_between_supported_segments,,,,,frozen_query_path_adjacent_acceptance_interpolation
cam5,757,,0.00,abstain,,False,unsupported_between_supported_segments,,,,,frozen_query_path_adjacent_acceptance_interpolation
cam5,758,,0.00,abstain,,False,unsupported_between_supported_segments,,,,,frozen_query_path_adjacent_acceptance_interpolation
cam5,759,,0.00,abstain,,False,unsupported_between_supported_segments,,,,,frozen_query_path_adjacent_acceptance_interpolation
cam5,760,,0.00,abstain,,False,unsupported_between_supported_segments,,,,,frozen_query_path_adjacent_acceptance_interpolation
cam5,761,,0.00,abstain,,False,unsupported_between_supported_segments,,,,,frozen_query_path_adjacent_acceptance_interpolation
cam5,762,,0.00,abstain,,False,unsupported_between_supported_segments,,,,,frozen_query_path_adjacent_acceptance_interpolation
cam5,763,,0.00,abstain,,False,unsupported_between_supported_segments,,,,,frozen_query_path_adjacent_acceptance_interpolation
cam5,764,,0.00,abstain,,False,unsupported_between_supported_segments,,,,,frozen_query_path_adjacent_acceptance_interpolation
cam5,765,,0.00,abstain,,False,unsupported_between_supported_segments,,,,,frozen_query_path_adjacent_acceptance_interpolation
cam5,766,,0.00,abstain,,False,unsupported_between_supported_segments,,,,,frozen_query_path_adjacent_acceptance_interpolation
cam5,767,,0.00,abstain,,False,unsupported_between_supported_segments,,,,,frozen_query_path_adjacent_acceptance_interpolation
cam5,768,,0.00,abstain,,False,unsupported_between_supported_segments,,,,,frozen_query_path_adjacent_acceptance_interpolation
cam5,769,,0.00,abstain,,False,unsupported_between_supported_segments,,,,,frozen_query_path_adjacent_acceptance_interpolation
cam5,770,,0.00,abstain,,False,unsupported_between_supported_segments,,,,,frozen_query_path_adjacent_acceptance_interpolation
cam5,771,,0.00,abstain,,False,unsupported_between_supported_segments,,,,,frozen_query_path_adjacent_acceptance_interpolation
cam5,772,,0.00,abstain,,False,unsupported_between_supported_segments,,,,,frozen_query_path_adjacent_acceptance_interpolation
cam5,773,,0.00,abstain,,False,unsupported_between_supported_segments,,,,,frozen_query_path_adjacent_acceptance_interpolation
cam5,774,,0.00,abstain,,False,unsupported_between_supported_segments,,,,,frozen_query_path_adjacent_acceptance_interpolation
cam5,775,,0.00,abstain,,False,unsupported_between_supported_segments,,,,,frozen_query_path_adjacent_acceptance_interpolation
cam5,776,,0.00,abstain,,False,unsupported_between_supported_segments,,,,,frozen_query_path_adjacent_acceptance_interpolation
cam5,777,,0.00,abstain,,False,unsupported_between_supported_segments,,,,,frozen_query_path_adjacent_acceptance_interpolation
cam5,778,,0.00,abstain,,False,unsupported_between_supported_segments,,,,,frozen_query_path_adjacent_acceptance_interpolation
cam5,779,,0.00,abstain,,False,unsupported_between_supported_segments,,,,,frozen_query_path_adjacent_acceptance_interpolation
cam5,780,,0.00,abstain,,False,unsupported_between_supported_segments,,,,,frozen_query_path_adjacent_acceptance_interpolation
cam5,781,,0.00,abstain,,False,unsupported_between_supported_segments,,,,,frozen_query_path_adjacent_acceptance_interpolation
cam5,782,,0.00,abstain,,False,unsupported_between_supported_segments,,,,,frozen_query_path_adjacent_acceptance_interpolation
cam5,783,,0.00,abstain,,False,unsupported_between_supported_segments,,,,,frozen_query_path_adjacent_acceptance_interpolation
cam5,784,,0.00,abstain,,False,unsupported_between_supported_segments,,,,,frozen_query_path_adjacent_acceptance_interpolation
cam5,785,,0.00,abstain,,False,unsupported_between_supported_segments,,,,,frozen_query_path_adjacent_acceptance_interpolation
cam5,786,,0.00,abstain,,False,unsupported_between_supported_segments,,,,,frozen_query_path_adjacent_acceptance_interpolation
cam5,787,,0.00,abstain,,False,unsupported_between_supported_segments,,,,,frozen_query_path_adjacent_acceptance_interpolation
cam5,788,,0.00,abstain,,False,unsupported_between_supported_segments,,,,,frozen_query_path_adjacent_acceptance_interpolation
cam5,789,,0.00,abstain,,False,unsupported_between_supported_segments,,,,,frozen_query_path_adjacent_acceptance_interpolation
cam5,790,,0.00,abstain,,False,unsupported_between_supported_segments,,,,,frozen_query_path_adjacent_acceptance_interpolation
cam5,791,,0.00,abstain,,False,unsupported_between_supported_segments,,,,,frozen_query_path_adjacent_acceptance_interpolation
cam5,792,,0.00,abstain,,False,unsupported_between_supported_segments,,,,,frozen_query_path_adjacent_acceptance_interpolation
cam5,793,,0.00,abstain,,False,unsupported_between_supported_segments,,,,,frozen_query_path_adjacent_acceptance_interpolation
cam5,794,,0.00,abstain,,False,unsupported_between_supported_segments,,,,,frozen_query_path_adjacent_acceptance_interpolation
cam5,795,,0.00,abstain,,False,unsupported_between_supported_segments,,,,,frozen_query_path_adjacent_acceptance_interpolation
cam5,796,,0.00,abstain,,False,unsupported_between_supported_segments,,,,,frozen_query_path_adjacent_acceptance_interpolation
cam5,797,,0.00,abstain,,False,unsupported_between_supported_segments,,,,,frozen_query_path_adjacent_acceptance_interpolation
cam5,798,,0.00,abstain,,False,unsupported_between_supported_segments,,,,,frozen_query_path_adjacent_acceptance_interpolation
cam5,799,,0.00,abstain,,False,unsupported_between_supported_segments,,,,,frozen_query_path_adjacent_acceptance_interpolation
cam5,800,,0.00,abstain,,False,unsupported_between_supported_segments,,,,,frozen_query_path_adjacent_acceptance_interpolation
cam5,801,,0.00,abstain,,False,unsupported_between_supported_segments,,,,,frozen_query_path_adjacent_acceptance_interpolation
cam5,802,,0.00,abstain,,False,unsupported_between_supported_segments,,,,,frozen_query_path_adjacent_acceptance_interpolation
cam5,803,,0.00,abstain,,False,unsupported_between_supported_segments,,,,,frozen_query_path_adjacent_acceptance_interpolation
cam5,804,,0.00,abstain,,False,unsupported_between_supported_segments,,,,,frozen_query_path_adjacent_acceptance_interpolation
cam5,805,,0.00,abstain,,False,unsupported_between_supported_segments,,,,,frozen_query_path_adjacent_acceptance_interpolation
cam5,806,,0.00,abstain,,False,unsupported_between_supported_segments,,,,,frozen_query_path_adjacent_acceptance_interpolation
cam5,807,,0.00,abstain,,False,unsupported_between_supported_segments,,,,,frozen_query_path_adjacent_acceptance_interpolation
cam5,808,,0.00,abstain,,False,unsupported_between_supported_segments,,,,,frozen_query_path_adjacent_acceptance_interpolation
cam5,809,,0.00,abstain,,False,unsupported_between_supported_segments,,,,,frozen_query_path_adjacent_acceptance_interpolation
cam5,810,,0.00,abstain,,False,unsupported_between_supported_segments,,,,,frozen_query_path_adjacent_acceptance_interpolation
cam5,811,,0.00,abstain,,False,unsupported_between_supported_segments,,,,,frozen_query_path_adjacent_acceptance_interpolation
cam5,812,,0.00,abstain,,False,unsupported_between_supported_segments,,,,,frozen_query_path_adjacent_acceptance_interpolation
cam5,813,,0.00,abstain,,False,unsupported_between_supported_segments,,,,,frozen_query_path_adjacent_acceptance_interpolation
cam5,814,,0.00,abstain,,False,unsupported_between_supported_segments,,,,,frozen_query_path_adjacent_acceptance_interpolation
cam5,815,,0.00,abstain,,False,unsupported_between_supported_segments,,,,,frozen_query_path_adjacent_acceptance_interpolation
cam5,816,,0.00,abstain,,False,unsupported_between_supported_segments,,,,,frozen_query_path_adjacent_acceptance_interpolation
cam5,817,,0.00,abstain,,False,unsupported_between_supported_segments,,,,,frozen_query_path_adjacent_acceptance_interpolation
cam5,818,,0.00,abstain,,False,unsupported_between_supported_segments,,,,,frozen_query_path_adjacent_acceptance_interpolation
cam5,819,,0.00,abstain,,False,unsupported_between_supported_segments,,,,,frozen_query_path_adjacent_acceptance_interpolation
cam5,820,,0.00,abstain,,False,unsupported_between_supported_segments,,,,,frozen_query_path_adjacent_acceptance_interpolation
cam5,821,,0.00,abstain,,False,unsupported_anchor_abstention,,,cam5_A10,abstain_weak_or_ambiguous_geometry,frozen_query_path_adjacent_acceptance_interpolation
cam5,822,,0.00,abstain,,False,unsupported_between_supported_segments,,,,,frozen_query_path_adjacent_acceptance_interpolation
cam5,823,,0.00,abstain,,False,unsupported_between_supported_segments,,,,,frozen_query_path_adjacent_acceptance_interpolation
cam5,824,,0.00,abstain,,False,unsupported_between_supported_segments,,,,,frozen_query_path_adjacent_acceptance_interpolation
cam5,825,,0.00,abstain,,False,unsupported_between_supported_segments,,,,,frozen_query_path_adjacent_acceptance_interpolation
cam5,826,,0.00,abstain,,False,unsupported_between_supported_segments,,,,,frozen_query_path_adjacent_acceptance_interpolation
cam5,827,,0.00,abstain,,False,unsupported_between_supported_segments,,,,,frozen_query_path_adjacent_acceptance_interpolation
cam5,828,,0.00,abstain,,False,unsupported_between_supported_segments,,,,,frozen_query_path_adjacent_acceptance_interpolation
cam5,829,,0.00,abstain,,False,unsupported_between_supported_segments,,,,,frozen_query_path_adjacent_acceptance_interpolation
cam5,830,,0.00,abstain,,False,unsupported_between_supported_segments,,,,,frozen_query_path_adjacent_acceptance_interpolation
cam5,831,,0.00,abstain,,False,unsupported_between_supported_segments,,,,,frozen_query_path_adjacent_acceptance_interpolation
cam5,832,,0.00,abstain,,False,unsupported_between_supported_segments,,,,,frozen_query_path_adjacent_acceptance_interpolation
cam5,833,,0.00,abstain,,False,unsupported_between_supported_segments,,,,,frozen_query_path_adjacent_acceptance_interpolation
cam5,834,,0.00,abstain,,False,unsupported_between_supported_segments,,,,,frozen_query_path_adjacent_acceptance_interpolation
cam5,835,,0.00,abstain,,False,unsupported_between_supported_segments,,,,,frozen_query_path_adjacent_acceptance_interpolation
cam5,836,,0.00,abstain,,False,unsupported_between_supported_segments,,,,,frozen_query_path_adjacent_acceptance_interpolation
cam5,837,,0.00,abstain,,False,unsupported_between_supported_segments,,,,,frozen_query_path_adjacent_acceptance_interpolation
cam5,838,,0.00,abstain,,False,unsupported_between_supported_segments,,,,,frozen_query_path_adjacent_acceptance_interpolation
cam5,839,,0.00,abstain,,False,unsupported_between_supported_segments,,,,,frozen_query_path_adjacent_acceptance_interpolation
cam5,840,,0.00,abstain,,False,unsupported_between_supported_segments,,,,,frozen_query_path_adjacent_acceptance_interpolation
cam5,841,,0.00,abstain,,False,unsupported_between_supported_segments,,,,,frozen_query_path_adjacent_acceptance_interpolation
cam5,842,,0.00,abstain,,False,unsupported_between_supported_segments,,,,,frozen_query_path_adjacent_acceptance_interpolation
cam5,843,,0.00,abstain,,False,unsupported_between_supported_segments,,,,,frozen_query_path_adjacent_acceptance_interpolation
cam5,844,,0.00,abstain,,False,unsupported_between_supported_segments,,,,,frozen_query_path_adjacent_acceptance_interpolation
cam5,845,,0.00,abstain,,False,unsupported_between_supported_segments,,,,,frozen_query_path_adjacent_acceptance_interpolation
cam5,846,,0.00,abstain,,False,unsupported_between_supported_segments,,,,,frozen_query_path_adjacent_acceptance_interpolation
cam5,847,,0.00,abstain,,False,unsupported_between_supported_segments,,,,,frozen_query_path_adjacent_acceptance_interpolation
cam5,848,,0.00,abstain,,False,unsupported_between_supported_segments,,,,,frozen_query_path_adjacent_acceptance_interpolation
cam5,849,,0.00,abstain,,False,unsupported_between_supported_segments,,,,,frozen_query_path_adjacent_acceptance_interpolation
cam5,850,,0.00,abstain,,False,unsupported_between_supported_segments,,,,,frozen_query_path_adjacent_acceptance_interpolation
cam5,851,,0.00,abstain,,False,unsupported_between_supported_segments,,,,,frozen_query_path_adjacent_acceptance_interpolation
cam5,852,,0.00,abstain,,False,unsupported_between_supported_segments,,,,,frozen_query_path_adjacent_acceptance_interpolation
cam5,853,,0.00,abstain,,False,unsupported_between_supported_segments,,,,,frozen_query_path_adjacent_acceptance_interpolation
cam5,854,,0.00,abstain,,False,unsupported_between_supported_segments,,,,,frozen_query_path_adjacent_acceptance_interpolation
cam5,855,,0.00,abstain,,False,unsupported_between_supported_segments,,,,,frozen_query_path_adjacent_acceptance_interpolation
cam5,856,,0.00,abstain,,False,unsupported_between_supported_segments,,,,,frozen_query_path_adjacent_acceptance_interpolation
cam5,857,,0.00,abstain,,False,unsupported_between_supported_segments,,,,,frozen_query_path_adjacent_acceptance_interpolation
cam5,858,,0.00,abstain,,False,unsupported_between_supported_segments,,,,,frozen_query_path_adjacent_acceptance_interpolation
cam5,859,,0.00,abstain,,False,unsupported_between_supported_segments,,,,,frozen_query_path_adjacent_acceptance_interpolation
cam5,860,,0.00,abstain,,False,unsupported_between_supported_segments,,,,,frozen_query_path_adjacent_acceptance_interpolation
cam5,861,,0.00,abstain,,False,unsupported_between_supported_segments,,,,,frozen_query_path_adjacent_acceptance_interpolation
cam5,862,,0.00,abstain,,False,unsupported_between_supported_segments,,,,,frozen_query_path_adjacent_acceptance_interpolation
cam5,863,,0.00,abstain,,False,unsupported_between_supported_segments,,,,,frozen_query_path_adjacent_acceptance_interpolation
cam5,864,,0.00,abstain,,False,unsupported_between_supported_segments,,,,,frozen_query_path_adjacent_acceptance_interpolation
cam5,865,,0.00,abstain,,False,unsupported_between_supported_segments,,,,,frozen_query_path_adjacent_acceptance_interpolation
cam5,866,,0.00,abstain,,False,unsupported_between_supported_segments,,,,,frozen_query_path_adjacent_acceptance_interpolation
cam5,867,,0.00,abstain,,False,unsupported_between_supported_segments,,,,,frozen_query_path_adjacent_acceptance_interpolation
cam5,868,,0.00,abstain,,False,unsupported_between_supported_segments,,,,,frozen_query_path_adjacent_acceptance_interpolation
cam5,869,,0.00,abstain,,False,unsupported_between_supported_segments,,,,,frozen_query_path_adjacent_acceptance_interpolation
cam5,870,,0.00,abstain,,False,unsupported_between_supported_segments,,,,,frozen_query_path_adjacent_acceptance_interpolation
cam5,871,,0.00,abstain,,False,unsupported_between_supported_segments,,,,,frozen_query_path_adjacent_acceptance_interpolation
cam5,872,,0.00,abstain,,False,unsupported_between_supported_segments,,,,,frozen_query_path_adjacent_acceptance_interpolation
cam5,873,,0.00,abstain,,False,unsupported_between_supported_segments,,,,,frozen_query_path_adjacent_acceptance_interpolation
cam5,874,,0.00,abstain,,False,unsupported_between_supported_segments,,,,,frozen_query_path_adjacent_acceptance_interpolation
cam5,875,,0.00,abstain,,False,unsupported_between_supported_segments,,,,,frozen_query_path_adjacent_acceptance_interpolation
cam5,876,,0.00,abstain,,False,unsupported_between_supported_segments,,,,,frozen_query_path_adjacent_acceptance_interpolation
cam5,877,,0.00,abstain,,False,unsupported_between_supported_segments,,,,,frozen_query_path_adjacent_acceptance_interpolation
cam5,878,,0.00,abstain,,False,unsupported_between_supported_segments,,,,,frozen_query_path_adjacent_acceptance_interpolation
cam5,879,,0.00,abstain,,False,unsupported_between_supported_segments,,,,,frozen_query_path_adjacent_acceptance_interpolation
cam5,880,,0.00,abstain,,False,unsupported_between_supported_segments,,,,,frozen_query_path_adjacent_acceptance_interpolation
cam5,881,,0.00,abstain,,False,unsupported_between_supported_segments,,,,,frozen_query_path_adjacent_acceptance_interpolation
cam5,882,,0.00,abstain,,False,unsupported_between_supported_segments,,,,,frozen_query_path_adjacent_acceptance_interpolation
cam5,883,,0.00,abstain,,False,unsupported_between_supported_segments,,,,,frozen_query_path_adjacent_acceptance_interpolation
cam5,884,,0.00,abstain,,False,unsupported_between_supported_segments,,,,,frozen_query_path_adjacent_acceptance_interpolation
cam5,885,,0.00,abstain,,False,unsupported_between_supported_segments,,,,,frozen_query_path_adjacent_acceptance_interpolation
cam5,886,,0.00,abstain,,False,unsupported_between_supported_segments,,,,,frozen_query_path_adjacent_acceptance_interpolation
cam5,887,,0.00,abstain,,False,unsupported_between_supported_segments,,,,,frozen_query_path_adjacent_acceptance_interpolation
cam5,888,,0.00,abstain,,False,unsupported_between_supported_segments,,,,,frozen_query_path_adjacent_acceptance_interpolation
cam5,889,,0.00,abstain,,False,unsupported_between_supported_segments,,,,,frozen_query_path_adjacent_acceptance_interpolation
cam5,890,,0.00,abstain,,False,unsupported_between_supported_segments,,,,,frozen_query_path_adjacent_acceptance_interpolation
cam5,891,,0.00,abstain,,False,unsupported_anchor_abstention,,,cam5_A11,abstain_weak_or_ambiguous_geometry,frozen_query_path_adjacent_acceptance_interpolation
cam5,892,,0.00,abstain,,False,unsupported_between_supported_segments,,,,,frozen_query_path_adjacent_acceptance_interpolation
cam5,893,,0.00,abstain,,False,unsupported_between_supported_segments,,,,,frozen_query_path_adjacent_acceptance_interpolation
cam5,894,,0.00,abstain,,False,unsupported_between_supported_segments,,,,,frozen_query_path_adjacent_acceptance_interpolation
cam5,895,,0.00,abstain,,False,unsupported_between_supported_segments,,,,,frozen_query_path_adjacent_acceptance_interpolation
cam5,896,,0.00,abstain,,False,unsupported_between_supported_segments,,,,,frozen_query_path_adjacent_acceptance_interpolation
cam5,897,,0.00,abstain,,False,unsupported_between_supported_segments,,,,,frozen_query_path_adjacent_acceptance_interpolation
cam5,898,,0.00,abstain,,False,unsupported_between_supported_segments,,,,,frozen_query_path_adjacent_acceptance_interpolation
cam5,899,,0.00,abstain,,False,unsupported_between_supported_segments,,,,,frozen_query_path_adjacent_acceptance_interpolation
cam5,900,,0.00,abstain,,False,unsupported_between_supported_segments,,,,,frozen_query_path_adjacent_acceptance_interpolation
cam5,901,,0.00,abstain,,False,unsupported_between_supported_segments,,,,,frozen_query_path_adjacent_acceptance_interpolation
cam5,902,,0.00,abstain,,False,unsupported_between_supported_segments,,,,,frozen_query_path_adjacent_acceptance_interpolation
cam5,903,,0.00,abstain,,False,unsupported_between_supported_segments,,,,,frozen_query_path_adjacent_acceptance_interpolation
cam5,904,,0.00,abstain,,False,unsupported_between_supported_segments,,,,,frozen_query_path_adjacent_acceptance_interpolation
cam5,905,,0.00,abstain,,False,unsupported_between_supported_segments,,,,,frozen_query_path_adjacent_acceptance_interpolation
cam5,906,,0.00,abstain,,False,unsupported_between_supported_segments,,,,,frozen_query_path_adjacent_acceptance_interpolation
cam5,907,,0.00,abstain,,False,unsupported_between_supported_segments,,,,,frozen_query_path_adjacent_acceptance_interpolation
cam5,908,,0.00,abstain,,False,unsupported_between_supported_segments,,,,,frozen_query_path_adjacent_acceptance_interpolation
cam5,909,,0.00,abstain,,False,unsupported_between_supported_segments,,,,,frozen_query_path_adjacent_acceptance_interpolation
cam5,910,,0.00,abstain,,False,unsupported_between_supported_segments,,,,,frozen_query_path_adjacent_acceptance_interpolation
cam5,911,,0.00,abstain,,False,unsupported_between_supported_segments,,,,,frozen_query_path_adjacent_acceptance_interpolation
cam5,912,,0.00,abstain,,False,unsupported_between_supported_segments,,,,,frozen_query_path_adjacent_acceptance_interpolation
cam5,913,,0.00,abstain,,False,unsupported_between_supported_segments,,,,,frozen_query_path_adjacent_acceptance_interpolation
cam5,914,,0.00,abstain,,False,unsupported_between_supported_segments,,,,,frozen_query_path_adjacent_acceptance_interpolation
cam5,915,,0.00,abstain,,False,unsupported_between_supported_segments,,,,,frozen_query_path_adjacent_acceptance_interpolation
cam5,916,,0.00,abstain,,False,unsupported_between_supported_segments,,,,,frozen_query_path_adjacent_acceptance_interpolation
cam5,917,,0.00,abstain,,False,unsupported_between_supported_segments,,,,,frozen_query_path_adjacent_acceptance_interpolation
cam5,918,,0.00,abstain,,False,unsupported_between_supported_segments,,,,,frozen_query_path_adjacent_acceptance_interpolation
cam5,919,,0.00,abstain,,False,unsupported_between_supported_segments,,,,,frozen_query_path_adjacent_acceptance_interpolation
cam5,920,,0.00,abstain,,False,unsupported_between_supported_segments,,,,,frozen_query_path_adjacent_acceptance_interpolation
cam5,921,,0.00,abstain,,False,unsupported_between_supported_segments,,,,,frozen_query_path_adjacent_acceptance_interpolation
cam5,922,,0.00,abstain,,False,unsupported_between_supported_segments,,,,,frozen_query_path_adjacent_acceptance_interpolation
cam5,923,,0.00,abstain,,False,unsupported_between_supported_segments,,,,,frozen_query_path_adjacent_acceptance_interpolation
cam5,924,,0.00,abstain,,False,unsupported_between_supported_segments,,,,,frozen_query_path_adjacent_acceptance_interpolation
cam5,925,,0.00,abstain,,False,unsupported_between_supported_segments,,,,,frozen_query_path_adjacent_acceptance_interpolation
cam5,926,,0.00,abstain,,False,unsupported_between_supported_segments,,,,,frozen_query_path_adjacent_acceptance_interpolation
cam5,927,,0.00,abstain,,False,unsupported_between_supported_segments,,,,,frozen_query_path_adjacent_acceptance_interpolation
cam5,928,,0.00,abstain,,False,unsupported_between_supported_segments,,,,,frozen_query_path_adjacent_acceptance_interpolation
cam5,929,,0.00,abstain,,False,unsupported_between_supported_segments,,,,,frozen_query_path_adjacent_acceptance_interpolation
cam5,930,,0.00,abstain,,False,unsupported_between_supported_segments,,,,,frozen_query_path_adjacent_acceptance_interpolation
cam5,931,,0.00,abstain,,False,unsupported_between_supported_segments,,,,,frozen_query_path_adjacent_acceptance_interpolation
cam5,932,,0.00,abstain,,False,unsupported_between_supported_segments,,,,,frozen_query_path_adjacent_acceptance_interpolation
cam5,933,,0.00,abstain,,False,unsupported_between_supported_segments,,,,,frozen_query_path_adjacent_acceptance_interpolation
cam5,934,,0.00,abstain,,False,unsupported_between_supported_segments,,,,,frozen_query_path_adjacent_acceptance_interpolation
cam5,935,,0.00,abstain,,False,unsupported_between_supported_segments,,,,,frozen_query_path_adjacent_acceptance_interpolation
cam5,936,,0.00,abstain,,False,unsupported_between_supported_segments,,,,,frozen_query_path_adjacent_acceptance_interpolation
cam5,937,,0.00,abstain,,False,unsupported_between_supported_segments,,,,,frozen_query_path_adjacent_acceptance_interpolation
cam5,938,,0.00,abstain,,False,unsupported_between_supported_segments,,,,,frozen_query_path_adjacent_acceptance_interpolation
cam5,939,,0.00,abstain,,False,unsupported_between_supported_segments,,,,,frozen_query_path_adjacent_acceptance_interpolation
cam5,940,,0.00,abstain,,False,unsupported_between_supported_segments,,,,,frozen_query_path_adjacent_acceptance_interpolation
cam5,941,,0.00,abstain,,False,unsupported_between_supported_segments,,,,,frozen_query_path_adjacent_acceptance_interpolation
cam5,942,,0.00,abstain,,False,unsupported_between_supported_segments,,,,,frozen_query_path_adjacent_acceptance_interpolation
cam5,943,,0.00,abstain,,False,unsupported_between_supported_segments,,,,,frozen_query_path_adjacent_acceptance_interpolation
cam5,944,,0.00,abstain,,False,unsupported_between_supported_segments,,,,,frozen_query_path_adjacent_acceptance_interpolation
cam5,945,,0.00,abstain,,False,unsupported_between_supported_segments,,,,,frozen_query_path_adjacent_acceptance_interpolation
cam5,946,,0.00,abstain,,False,unsupported_between_supported_segments,,,,,frozen_query_path_adjacent_acceptance_interpolation
cam5,947,,0.00,abstain,,False,unsupported_between_supported_segments,,,,,frozen_query_path_adjacent_acceptance_interpolation
cam5,948,,0.00,abstain,,False,unsupported_between_supported_segments,,,,,frozen_query_path_adjacent_acceptance_interpolation
cam5,949,,0.00,abstain,,False,unsupported_between_supported_segments,,,,,frozen_query_path_adjacent_acceptance_interpolation
cam5,950,,0.00,abstain,,False,unsupported_between_supported_segments,,,,,frozen_query_path_adjacent_acceptance_interpolation
cam5,951,,0.00,abstain,,False,unsupported_between_supported_segments,,,,,frozen_query_path_adjacent_acceptance_interpolation
cam5,952,,0.00,abstain,,False,unsupported_between_supported_segments,,,,,frozen_query_path_adjacent_acceptance_interpolation
cam5,953,,0.00,abstain,,False,unsupported_between_supported_segments,,,,,frozen_query_path_adjacent_acceptance_interpolation
cam5,954,,0.00,abstain,,False,unsupported_between_supported_segments,,,,,frozen_query_path_adjacent_acceptance_interpolation
cam5,955,,0.00,abstain,,False,unsupported_between_supported_segments,,,,,frozen_query_path_adjacent_acceptance_interpolation
cam5,956,,0.00,abstain,,False,unsupported_between_supported_segments,,,,,frozen_query_path_adjacent_acceptance_interpolation
cam5,957,,0.00,abstain,,False,unsupported_between_supported_segments,,,,,frozen_query_path_adjacent_acceptance_interpolation
cam5,958,,0.00,abstain,,False,unsupported_between_supported_segments,,,,,frozen_query_path_adjacent_acceptance_interpolation
cam5,959,,0.00,abstain,,False,unsupported_between_supported_segments,,,,,frozen_query_path_adjacent_acceptance_interpolation
cam5,960,,0.00,abstain,,False,unsupported_between_supported_segments,,,,,frozen_query_path_adjacent_acceptance_interpolation
cam5,961,,0.00,abstain,,False,unsupported_between_supported_segments,,,,,frozen_query_path_adjacent_acceptance_interpolation
cam5,962,,0.00,abstain,,False,unsupported_between_supported_segments,,,,,frozen_query_path_adjacent_acceptance_interpolation
cam5,963,,0.00,abstain,,False,unsupported_between_supported_segments,,,,,frozen_query_path_adjacent_acceptance_interpolation
cam5,964,,0.00,abstain,,False,unsupported_between_supported_segments,,,,,frozen_query_path_adjacent_acceptance_interpolation
cam5,965,,0.00,abstain,,False,unsupported_isolated_acceptance,,,cam5_A12,match_unverified_geometry_supported,frozen_query_path_adjacent_acceptance_interpolation
cam5,966,,0.00,abstain,,False,unsupported_between_supported_segments,,,,,frozen_query_path_adjacent_acceptance_interpolation
cam5,967,,0.00,abstain,,False,unsupported_between_supported_segments,,,,,frozen_query_path_adjacent_acceptance_interpolation
cam5,968,,0.00,abstain,,False,unsupported_between_supported_segments,,,,,frozen_query_path_adjacent_acceptance_interpolation
cam5,969,,0.00,abstain,,False,unsupported_between_supported_segments,,,,,frozen_query_path_adjacent_acceptance_interpolation
cam5,970,,0.00,abstain,,False,unsupported_between_supported_segments,,,,,frozen_query_path_adjacent_acceptance_interpolation
cam5,971,,0.00,abstain,,False,unsupported_between_supported_segments,,,,,frozen_query_path_adjacent_acceptance_interpolation
cam5,972,,0.00,abstain,,False,unsupported_between_supported_segments,,,,,frozen_query_path_adjacent_acceptance_interpolation
cam5,973,,0.00,abstain,,False,unsupported_between_supported_segments,,,,,frozen_query_path_adjacent_acceptance_interpolation
cam5,974,,0.00,abstain,,False,unsupported_between_supported_segments,,,,,frozen_query_path_adjacent_acceptance_interpolation
cam5,975,,0.00,abstain,,False,unsupported_between_supported_segments,,,,,frozen_query_path_adjacent_acceptance_interpolation
cam5,976,,0.00,abstain,,False,unsupported_between_supported_segments,,,,,frozen_query_path_adjacent_acceptance_interpolation
cam5,977,,0.00,abstain,,False,unsupported_between_supported_segments,,,,,frozen_query_path_adjacent_acceptance_interpolation
cam5,978,,0.00,abstain,,False,unsupported_between_supported_segments,,,,,frozen_query_path_adjacent_acceptance_interpolation
cam5,979,,0.00,abstain,,False,unsupported_between_supported_segments,,,,,frozen_query_path_adjacent_acceptance_interpolation
cam5,980,,0.00,abstain,,False,unsupported_between_supported_segments,,,,,frozen_query_path_adjacent_acceptance_interpolation
cam5,981,,0.00,abstain,,False,unsupported_between_supported_segments,,,,,frozen_query_path_adjacent_acceptance_interpolation
cam5,982,,0.00,abstain,,False,unsupported_between_supported_segments,,,,,frozen_query_path_adjacent_acceptance_interpolation
cam5,983,,0.00,abstain,,False,unsupported_between_supported_segments,,,,,frozen_query_path_adjacent_acceptance_interpolation
cam5,984,,0.00,abstain,,False,unsupported_between_supported_segments,,,,,frozen_query_path_adjacent_acceptance_interpolation
cam5,985,,0.00,abstain,,False,unsupported_between_supported_segments,,,,,frozen_query_path_adjacent_acceptance_interpolation
cam5,986,,0.00,abstain,,False,unsupported_between_supported_segments,,,,,frozen_query_path_adjacent_acceptance_interpolation
cam5,987,,0.00,abstain,,False,unsupported_between_supported_segments,,,,,frozen_query_path_adjacent_acceptance_interpolation
cam5,988,,0.00,abstain,,False,unsupported_between_supported_segments,,,,,frozen_query_path_adjacent_acceptance_interpolation
cam5,989,,0.00,abstain,,False,unsupported_between_supported_segments,,,,,frozen_query_path_adjacent_acceptance_interpolation
cam5,990,,0.00,abstain,,False,unsupported_between_supported_segments,,,,,frozen_query_path_adjacent_acceptance_interpolation
cam5,991,,0.00,abstain,,False,unsupported_between_supported_segments,,,,,frozen_query_path_adjacent_acceptance_interpolation
cam5,992,,0.00,abstain,,False,unsupported_between_supported_segments,,,,,frozen_query_path_adjacent_acceptance_interpolation
cam5,993,,0.00,abstain,,False,unsupported_between_supported_segments,,,,,frozen_query_path_adjacent_acceptance_interpolation
cam5,994,,0.00,abstain,,False,unsupported_between_supported_segments,,,,,frozen_query_path_adjacent_acceptance_interpolation
cam5,995,,0.00,abstain,,False,unsupported_between_supported_segments,,,,,frozen_query_path_adjacent_acceptance_interpolation
cam5,996,,0.00,abstain,,False,unsupported_between_supported_segments,,,,,frozen_query_path_adjacent_acceptance_interpolation
cam5,997,,0.00,abstain,,False,unsupported_between_supported_segments,,,,,frozen_query_path_adjacent_acceptance_interpolation
cam5,998,,0.00,abstain,,False,unsupported_between_supported_segments,,,,,frozen_query_path_adjacent_acceptance_interpolation
cam5,999,,0.00,abstain,,False,unsupported_between_supported_segments,,,,,frozen_query_path_adjacent_acceptance_interpolation
cam5,1000,,0.00,abstain,,False,unsupported_between_supported_segments,,,,,frozen_query_path_adjacent_acceptance_interpolation
cam5,1001,,0.00,abstain,,False,unsupported_between_supported_segments,,,,,frozen_query_path_adjacent_acceptance_interpolation
cam5,1002,,0.00,abstain,,False,unsupported_between_supported_segments,,,,,frozen_query_path_adjacent_acceptance_interpolation
cam5,1003,,0.00,abstain,,False,unsupported_between_supported_segments,,,,,frozen_query_path_adjacent_acceptance_interpolation
cam5,1004,,0.00,abstain,,False,unsupported_between_supported_segments,,,,,frozen_query_path_adjacent_acceptance_interpolation
cam5,1005,,0.00,abstain,,False,unsupported_between_supported_segments,,,,,frozen_query_path_adjacent_acceptance_interpolation
cam5,1006,,0.00,abstain,,False,unsupported_between_supported_segments,,,,,frozen_query_path_adjacent_acceptance_interpolation
cam5,1007,,0.00,abstain,,False,unsupported_between_supported_segments,,,,,frozen_query_path_adjacent_acceptance_interpolation
cam5,1008,,0.00,abstain,,False,unsupported_between_supported_segments,,,,,frozen_query_path_adjacent_acceptance_interpolation
cam5,1009,,0.00,abstain,,False,unsupported_between_supported_segments,,,,,frozen_query_path_adjacent_acceptance_interpolation
cam5,1010,,0.00,abstain,,False,unsupported_between_supported_segments,,,,,frozen_query_path_adjacent_acceptance_interpolation
cam5,1011,,0.00,abstain,,False,unsupported_between_supported_segments,,,,,frozen_query_path_adjacent_acceptance_interpolation
cam5,1012,,0.00,abstain,,False,unsupported_between_supported_segments,,,,,frozen_query_path_adjacent_acceptance_interpolation
cam5,1013,,0.00,abstain,,False,unsupported_between_supported_segments,,,,,frozen_query_path_adjacent_acceptance_interpolation
cam5,1014,,0.00,abstain,,False,unsupported_between_supported_segments,,,,,frozen_query_path_adjacent_acceptance_interpolation
cam5,1015,,0.00,abstain,,False,unsupported_between_supported_segments,,,,,frozen_query_path_adjacent_acceptance_interpolation
cam5,1016,,0.00,abstain,,False,unsupported_between_supported_segments,,,,,frozen_query_path_adjacent_acceptance_interpolation
cam5,1017,,0.00,abstain,,False,unsupported_between_supported_segments,,,,,frozen_query_path_adjacent_acceptance_interpolation
cam5,1018,,0.00,abstain,,False,unsupported_between_supported_segments,,,,,frozen_query_path_adjacent_acceptance_interpolation
cam5,1019,,0.00,abstain,,False,unsupported_between_supported_segments,,,,,frozen_query_path_adjacent_acceptance_interpolation
cam5,1020,,0.00,abstain,,False,unsupported_between_supported_segments,,,,,frozen_query_path_adjacent_acceptance_interpolation
cam5,1021,,0.00,abstain,,False,unsupported_between_supported_segments,,,,,frozen_query_path_adjacent_acceptance_interpolation
cam5,1022,,0.00,abstain,,False,unsupported_between_supported_segments,,,,,frozen_query_path_adjacent_acceptance_interpolation
cam5,1023,,0.00,abstain,,False,unsupported_between_supported_segments,,,,,frozen_query_path_adjacent_acceptance_interpolation
cam5,1024,,0.00,abstain,,False,unsupported_between_supported_segments,,,,,frozen_query_path_adjacent_acceptance_interpolation
cam5,1025,,0.00,abstain,,False,unsupported_between_supported_segments,,,,,frozen_query_path_adjacent_acceptance_interpolation
cam5,1026,,0.00,abstain,,False,unsupported_between_supported_segments,,,,,frozen_query_path_adjacent_acceptance_interpolation
cam5,1027,,0.00,abstain,,False,unsupported_between_supported_segments,,,,,frozen_query_path_adjacent_acceptance_interpolation
cam5,1028,,0.00,abstain,,False,unsupported_between_supported_segments,,,,,frozen_query_path_adjacent_acceptance_interpolation
cam5,1029,,0.00,abstain,,False,unsupported_between_supported_segments,,,,,frozen_query_path_adjacent_acceptance_interpolation
cam5,1030,,0.00,abstain,,False,unsupported_between_supported_segments,,,,,frozen_query_path_adjacent_acceptance_interpolation
cam5,1031,,0.00,abstain,,False,unsupported_between_supported_segments,,,,,frozen_query_path_adjacent_acceptance_interpolation
cam5,1032,,0.00,abstain,,False,unsupported_between_supported_segments,,,,,frozen_query_path_adjacent_acceptance_interpolation
cam5,1033,,0.00,abstain,,False,unsupported_anchor_abstention,,,cam5_A13,abstain_weak_or_ambiguous_geometry,frozen_query_path_adjacent_acceptance_interpolation
cam5,1034,,0.00,abstain,,False,unsupported_between_supported_segments,,,,,frozen_query_path_adjacent_acceptance_interpolation
cam5,1035,,0.00,abstain,,False,unsupported_between_supported_segments,,,,,frozen_query_path_adjacent_acceptance_interpolation
cam5,1036,,0.00,abstain,,False,unsupported_between_supported_segments,,,,,frozen_query_path_adjacent_acceptance_interpolation
cam5,1037,,0.00,abstain,,False,unsupported_between_supported_segments,,,,,frozen_query_path_adjacent_acceptance_interpolation
cam5,1038,,0.00,abstain,,False,unsupported_between_supported_segments,,,,,frozen_query_path_adjacent_acceptance_interpolation
cam5,1039,,0.00,abstain,,False,unsupported_between_supported_segments,,,,,frozen_query_path_adjacent_acceptance_interpolation
cam5,1040,,0.00,abstain,,False,unsupported_between_supported_segments,,,,,frozen_query_path_adjacent_acceptance_interpolation
cam5,1041,,0.00,abstain,,False,unsupported_between_supported_segments,,,,,frozen_query_path_adjacent_acceptance_interpolation
cam5,1042,,0.00,abstain,,False,unsupported_between_supported_segments,,,,,frozen_query_path_adjacent_acceptance_interpolation
cam5,1043,,0.00,abstain,,False,unsupported_between_supported_segments,,,,,frozen_query_path_adjacent_acceptance_interpolation
cam5,1044,,0.00,abstain,,False,unsupported_between_supported_segments,,,,,frozen_query_path_adjacent_acceptance_interpolation
cam5,1045,,0.00,abstain,,False,unsupported_between_supported_segments,,,,,frozen_query_path_adjacent_acceptance_interpolation
cam5,1046,,0.00,abstain,,False,unsupported_between_supported_segments,,,,,frozen_query_path_adjacent_acceptance_interpolation
cam5,1047,,0.00,abstain,,False,unsupported_between_supported_segments,,,,,frozen_query_path_adjacent_acceptance_interpolation
cam5,1048,,0.00,abstain,,False,unsupported_between_supported_segments,,,,,frozen_query_path_adjacent_acceptance_interpolation
cam5,1049,,0.00,abstain,,False,unsupported_between_supported_segments,,,,,frozen_query_path_adjacent_acceptance_interpolation
cam5,1050,,0.00,abstain,,False,unsupported_between_supported_segments,,,,,frozen_query_path_adjacent_acceptance_interpolation
cam5,1051,,0.00,abstain,,False,unsupported_between_supported_segments,,,,,frozen_query_path_adjacent_acceptance_interpolation
cam5,1052,,0.00,abstain,,False,unsupported_between_supported_segments,,,,,frozen_query_path_adjacent_acceptance_interpolation
cam5,1053,,0.00,abstain,,False,unsupported_between_supported_segments,,,,,frozen_query_path_adjacent_acceptance_interpolation
cam5,1054,,0.00,abstain,,False,unsupported_between_supported_segments,,,,,frozen_query_path_adjacent_acceptance_interpolation
cam5,1055,,0.00,abstain,,False,unsupported_between_supported_segments,,,,,frozen_query_path_adjacent_acceptance_interpolation
cam5,1056,,0.00,abstain,,False,unsupported_between_supported_segments,,,,,frozen_query_path_adjacent_acceptance_interpolation
cam5,1057,,0.00,abstain,,False,unsupported_between_supported_segments,,,,,frozen_query_path_adjacent_acceptance_interpolation
cam5,1058,,0.00,abstain,,False,unsupported_between_supported_segments,,,,,frozen_query_path_adjacent_acceptance_interpolation
cam5,1059,,0.00,abstain,,False,unsupported_between_supported_segments,,,,,frozen_query_path_adjacent_acceptance_interpolation
cam5,1060,,0.00,abstain,,False,unsupported_between_supported_segments,,,,,frozen_query_path_adjacent_acceptance_interpolation
cam5,1061,,0.00,abstain,,False,unsupported_between_supported_segments,,,,,frozen_query_path_adjacent_acceptance_interpolation
cam5,1062,,0.00,abstain,,False,unsupported_between_supported_segments,,,,,frozen_query_path_adjacent_acceptance_interpolation
cam5,1063,,0.00,abstain,,False,unsupported_between_supported_segments,,,,,frozen_query_path_adjacent_acceptance_interpolation
cam5,1064,,0.00,abstain,,False,unsupported_between_supported_segments,,,,,frozen_query_path_adjacent_acceptance_interpolation
cam5,1065,,0.00,abstain,,False,unsupported_between_supported_segments,,,,,frozen_query_path_adjacent_acceptance_interpolation
cam5,1066,,0.00,abstain,,False,unsupported_between_supported_segments,,,,,frozen_query_path_adjacent_acceptance_interpolation
cam5,1067,,0.00,abstain,,False,unsupported_between_supported_segments,,,,,frozen_query_path_adjacent_acceptance_interpolation
cam5,1068,,0.00,abstain,,False,unsupported_between_supported_segments,,,,,frozen_query_path_adjacent_acceptance_interpolation
cam5,1069,,0.00,abstain,,False,unsupported_between_supported_segments,,,,,frozen_query_path_adjacent_acceptance_interpolation
cam5,1070,,0.00,abstain,,False,unsupported_between_supported_segments,,,,,frozen_query_path_adjacent_acceptance_interpolation
cam5,1071,,0.00,abstain,,False,unsupported_between_supported_segments,,,,,frozen_query_path_adjacent_acceptance_interpolation
cam5,1072,,0.00,abstain,,False,unsupported_between_supported_segments,,,,,frozen_query_path_adjacent_acceptance_interpolation
cam5,1073,,0.00,abstain,,False,unsupported_between_supported_segments,,,,,frozen_query_path_adjacent_acceptance_interpolation
cam5,1074,,0.00,abstain,,False,unsupported_between_supported_segments,,,,,frozen_query_path_adjacent_acceptance_interpolation
cam5,1075,,0.00,abstain,,False,unsupported_between_supported_segments,,,,,frozen_query_path_adjacent_acceptance_interpolation
cam5,1076,,0.00,abstain,,False,unsupported_between_supported_segments,,,,,frozen_query_path_adjacent_acceptance_interpolation
cam5,1077,,0.00,abstain,,False,unsupported_between_supported_segments,,,,,frozen_query_path_adjacent_acceptance_interpolation
cam5,1078,,0.00,abstain,,False,unsupported_between_supported_segments,,,,,frozen_query_path_adjacent_acceptance_interpolation
cam5,1079,,0.00,abstain,,False,unsupported_between_supported_segments,,,,,frozen_query_path_adjacent_acceptance_interpolation
cam5,1080,,0.00,abstain,,False,unsupported_between_supported_segments,,,,,frozen_query_path_adjacent_acceptance_interpolation
cam5,1081,,0.00,abstain,,False,unsupported_between_supported_segments,,,,,frozen_query_path_adjacent_acceptance_interpolation
cam5,1082,,0.00,abstain,,False,unsupported_between_supported_segments,,,,,frozen_query_path_adjacent_acceptance_interpolation
cam5,1083,,0.00,abstain,,False,unsupported_between_supported_segments,,,,,frozen_query_path_adjacent_acceptance_interpolation
cam5,1084,,0.00,abstain,,False,unsupported_between_supported_segments,,,,,frozen_query_path_adjacent_acceptance_interpolation
cam5,1085,,0.00,abstain,,False,unsupported_between_supported_segments,,,,,frozen_query_path_adjacent_acceptance_interpolation
cam5,1086,,0.00,abstain,,False,unsupported_between_supported_segments,,,,,frozen_query_path_adjacent_acceptance_interpolation
cam5,1087,,0.00,abstain,,False,unsupported_between_supported_segments,,,,,frozen_query_path_adjacent_acceptance_interpolation
cam5,1088,,0.00,abstain,,False,unsupported_between_supported_segments,,,,,frozen_query_path_adjacent_acceptance_interpolation
cam5,1089,,0.00,abstain,,False,unsupported_between_supported_segments,,,,,frozen_query_path_adjacent_acceptance_interpolation
cam5,1090,,0.00,abstain,,False,unsupported_between_supported_segments,,,,,frozen_query_path_adjacent_acceptance_interpolation
cam5,1091,,0.00,abstain,,False,unsupported_between_supported_segments,,,,,frozen_query_path_adjacent_acceptance_interpolation
cam5,1092,,0.00,abstain,,False,unsupported_between_supported_segments,,,,,frozen_query_path_adjacent_acceptance_interpolation
cam5,1093,,0.00,abstain,,False,unsupported_between_supported_segments,,,,,frozen_query_path_adjacent_acceptance_interpolation
cam5,1094,,0.00,abstain,,False,unsupported_between_supported_segments,,,,,frozen_query_path_adjacent_acceptance_interpolation
cam5,1095,,0.00,abstain,,False,unsupported_between_supported_segments,,,,,frozen_query_path_adjacent_acceptance_interpolation
cam5,1096,,0.00,abstain,,False,unsupported_between_supported_segments,,,,,frozen_query_path_adjacent_acceptance_interpolation
cam5,1097,,0.00,abstain,,False,unsupported_between_supported_segments,,,,,frozen_query_path_adjacent_acceptance_interpolation
cam5,1098,,0.00,abstain,,False,unsupported_between_supported_segments,,,,,frozen_query_path_adjacent_acceptance_interpolation
cam5,1099,,0.00,abstain,,False,unsupported_between_supported_segments,,,,,frozen_query_path_adjacent_acceptance_interpolation
cam5,1100,,0.00,abstain,,False,unsupported_between_supported_segments,,,,,frozen_query_path_adjacent_acceptance_interpolation
cam5,1101,,0.00,abstain,,False,unsupported_between_supported_segments,,,,,frozen_query_path_adjacent_acceptance_interpolation
cam5,1102,,0.00,abstain,,False,unsupported_between_supported_segments,,,,,frozen_query_path_adjacent_acceptance_interpolation
cam5,1103,,0.00,abstain,,False,unsupported_between_supported_segments,,,,,frozen_query_path_adjacent_acceptance_interpolation
cam5,1104,,0.00,abstain,,False,unsupported_between_supported_segments,,,,,frozen_query_path_adjacent_acceptance_interpolation
cam5,1105,,0.00,abstain,,False,unsupported_anchor_abstention,,,cam5_A14,abstain_weak_or_ambiguous_geometry,frozen_query_path_adjacent_acceptance_interpolation
cam5,1106,,0.00,abstain,,False,unsupported_between_supported_segments,,,,,frozen_query_path_adjacent_acceptance_interpolation
cam5,1107,,0.00,abstain,,False,unsupported_between_supported_segments,,,,,frozen_query_path_adjacent_acceptance_interpolation
cam5,1108,,0.00,abstain,,False,unsupported_between_supported_segments,,,,,frozen_query_path_adjacent_acceptance_interpolation
cam5,1109,,0.00,abstain,,False,unsupported_between_supported_segments,,,,,frozen_query_path_adjacent_acceptance_interpolation
cam5,1110,,0.00,abstain,,False,unsupported_between_supported_segments,,,,,frozen_query_path_adjacent_acceptance_interpolation
cam5,1111,,0.00,abstain,,False,unsupported_between_supported_segments,,,,,frozen_query_path_adjacent_acceptance_interpolation
cam5,1112,,0.00,abstain,,False,unsupported_between_supported_segments,,,,,frozen_query_path_adjacent_acceptance_interpolation
cam5,1113,,0.00,abstain,,False,unsupported_between_supported_segments,,,,,frozen_query_path_adjacent_acceptance_interpolation
cam5,1114,,0.00,abstain,,False,unsupported_between_supported_segments,,,,,frozen_query_path_adjacent_acceptance_interpolation
cam5,1115,,0.00,abstain,,False,unsupported_between_supported_segments,,,,,frozen_query_path_adjacent_acceptance_interpolation
cam5,1116,,0.00,abstain,,False,unsupported_between_supported_segments,,,,,frozen_query_path_adjacent_acceptance_interpolation
cam5,1117,,0.00,abstain,,False,unsupported_between_supported_segments,,,,,frozen_query_path_adjacent_acceptance_interpolation
cam5,1118,,0.00,abstain,,False,unsupported_between_supported_segments,,,,,frozen_query_path_adjacent_acceptance_interpolation
cam5,1119,,0.00,abstain,,False,unsupported_between_supported_segments,,,,,frozen_query_path_adjacent_acceptance_interpolation
cam5,1120,,0.00,abstain,,False,unsupported_between_supported_segments,,,,,frozen_query_path_adjacent_acceptance_interpolation
cam5,1121,,0.00,abstain,,False,unsupported_between_supported_segments,,,,,frozen_query_path_adjacent_acceptance_interpolation
cam5,1122,,0.00,abstain,,False,unsupported_between_supported_segments,,,,,frozen_query_path_adjacent_acceptance_interpolation
cam5,1123,,0.00,abstain,,False,unsupported_between_supported_segments,,,,,frozen_query_path_adjacent_acceptance_interpolation
cam5,1124,,0.00,abstain,,False,unsupported_between_supported_segments,,,,,frozen_query_path_adjacent_acceptance_interpolation
cam5,1125,,0.00,abstain,,False,unsupported_between_supported_segments,,,,,frozen_query_path_adjacent_acceptance_interpolation
cam5,1126,,0.00,abstain,,False,unsupported_between_supported_segments,,,,,frozen_query_path_adjacent_acceptance_interpolation
cam5,1127,,0.00,abstain,,False,unsupported_between_supported_segments,,,,,frozen_query_path_adjacent_acceptance_interpolation
cam5,1128,,0.00,abstain,,False,unsupported_between_supported_segments,,,,,frozen_query_path_adjacent_acceptance_interpolation
cam5,1129,,0.00,abstain,,False,unsupported_between_supported_segments,,,,,frozen_query_path_adjacent_acceptance_interpolation
cam5,1130,,0.00,abstain,,False,unsupported_between_supported_segments,,,,,frozen_query_path_adjacent_acceptance_interpolation
cam5,1131,,0.00,abstain,,False,unsupported_between_supported_segments,,,,,frozen_query_path_adjacent_acceptance_interpolation
cam5,1132,,0.00,abstain,,False,unsupported_between_supported_segments,,,,,frozen_query_path_adjacent_acceptance_interpolation
cam5,1133,,0.00,abstain,,False,unsupported_between_supported_segments,,,,,frozen_query_path_adjacent_acceptance_interpolation
cam5,1134,,0.00,abstain,,False,unsupported_between_supported_segments,,,,,frozen_query_path_adjacent_acceptance_interpolation
cam5,1135,,0.00,abstain,,False,unsupported_between_supported_segments,,,,,frozen_query_path_adjacent_acceptance_interpolation
cam5,1136,,0.00,abstain,,False,unsupported_between_supported_segments,,,,,frozen_query_path_adjacent_acceptance_interpolation
cam5,1137,,0.00,abstain,,False,unsupported_between_supported_segments,,,,,frozen_query_path_adjacent_acceptance_interpolation
cam5,1138,,0.00,abstain,,False,unsupported_between_supported_segments,,,,,frozen_query_path_adjacent_acceptance_interpolation
cam5,1139,,0.00,abstain,,False,unsupported_between_supported_segments,,,,,frozen_query_path_adjacent_acceptance_interpolation
cam5,1140,,0.00,abstain,,False,unsupported_between_supported_segments,,,,,frozen_query_path_adjacent_acceptance_interpolation
cam5,1141,,0.00,abstain,,False,unsupported_between_supported_segments,,,,,frozen_query_path_adjacent_acceptance_interpolation
cam5,1142,,0.00,abstain,,False,unsupported_between_supported_segments,,,,,frozen_query_path_adjacent_acceptance_interpolation
cam5,1143,,0.00,abstain,,False,unsupported_between_supported_segments,,,,,frozen_query_path_adjacent_acceptance_interpolation
cam5,1144,,0.00,abstain,,False,unsupported_between_supported_segments,,,,,frozen_query_path_adjacent_acceptance_interpolation
cam5,1145,,0.00,abstain,,False,unsupported_between_supported_segments,,,,,frozen_query_path_adjacent_acceptance_interpolation
cam5,1146,,0.00,abstain,,False,unsupported_between_supported_segments,,,,,frozen_query_path_adjacent_acceptance_interpolation
cam5,1147,,0.00,abstain,,False,unsupported_between_supported_segments,,,,,frozen_query_path_adjacent_acceptance_interpolation
cam5,1148,,0.00,abstain,,False,unsupported_between_supported_segments,,,,,frozen_query_path_adjacent_acceptance_interpolation
cam5,1149,,0.00,abstain,,False,unsupported_between_supported_segments,,,,,frozen_query_path_adjacent_acceptance_interpolation
cam5,1150,,0.00,abstain,,False,unsupported_between_supported_segments,,,,,frozen_query_path_adjacent_acceptance_interpolation
cam5,1151,,0.00,abstain,,False,unsupported_between_supported_segments,,,,,frozen_query_path_adjacent_acceptance_interpolation
cam5,1152,,0.00,abstain,,False,unsupported_between_supported_segments,,,,,frozen_query_path_adjacent_acceptance_interpolation
cam5,1153,,0.00,abstain,,False,unsupported_between_supported_segments,,,,,frozen_query_path_adjacent_acceptance_interpolation
cam5,1154,,0.00,abstain,,False,unsupported_between_supported_segments,,,,,frozen_query_path_adjacent_acceptance_interpolation
cam5,1155,,0.00,abstain,,False,unsupported_between_supported_segments,,,,,frozen_query_path_adjacent_acceptance_interpolation
cam5,1156,,0.00,abstain,,False,unsupported_between_supported_segments,,,,,frozen_query_path_adjacent_acceptance_interpolation
cam5,1157,,0.00,abstain,,False,unsupported_between_supported_segments,,,,,frozen_query_path_adjacent_acceptance_interpolation
cam5,1158,,0.00,abstain,,False,unsupported_between_supported_segments,,,,,frozen_query_path_adjacent_acceptance_interpolation
cam5,1159,,0.00,abstain,,False,unsupported_between_supported_segments,,,,,frozen_query_path_adjacent_acceptance_interpolation
cam5,1160,,0.00,abstain,,False,unsupported_between_supported_segments,,,,,frozen_query_path_adjacent_acceptance_interpolation
cam5,1161,,0.00,abstain,,False,unsupported_between_supported_segments,,,,,frozen_query_path_adjacent_acceptance_interpolation
cam5,1162,,0.00,abstain,,False,unsupported_between_supported_segments,,,,,frozen_query_path_adjacent_acceptance_interpolation
cam5,1163,,0.00,abstain,,False,unsupported_between_supported_segments,,,,,frozen_query_path_adjacent_acceptance_interpolation
cam5,1164,,0.00,abstain,,False,unsupported_between_supported_segments,,,,,frozen_query_path_adjacent_acceptance_interpolation
cam5,1165,,0.00,abstain,,False,unsupported_between_supported_segments,,,,,frozen_query_path_adjacent_acceptance_interpolation
cam5,1166,,0.00,abstain,,False,unsupported_between_supported_segments,,,,,frozen_query_path_adjacent_acceptance_interpolation
cam5,1167,,0.00,abstain,,False,unsupported_between_supported_segments,,,,,frozen_query_path_adjacent_acceptance_interpolation
cam5,1168,,0.00,abstain,,False,unsupported_between_supported_segments,,,,,frozen_query_path_adjacent_acceptance_interpolation
cam5,1169,,0.00,abstain,,False,unsupported_between_supported_segments,,,,,frozen_query_path_adjacent_acceptance_interpolation
cam5,1170,,0.00,abstain,,False,unsupported_between_supported_segments,,,,,frozen_query_path_adjacent_acceptance_interpolation
cam5,1171,,0.00,abstain,,False,unsupported_between_supported_segments,,,,,frozen_query_path_adjacent_acceptance_interpolation
cam5,1172,,0.00,abstain,,False,unsupported_between_supported_segments,,,,,frozen_query_path_adjacent_acceptance_interpolation
cam5,1173,,0.00,abstain,,False,unsupported_between_supported_segments,,,,,frozen_query_path_adjacent_acceptance_interpolation
cam5,1174,,0.00,abstain,,False,unsupported_between_supported_segments,,,,,frozen_query_path_adjacent_acceptance_interpolation
cam5,1175,,0.00,abstain,,False,unsupported_anchor_abstention,,,cam5_A15,abstain_ambiguous_phase,frozen_query_path_adjacent_acceptance_interpolation
cam5,1176,,0.00,abstain,,False,unsupported_between_supported_segments,,,,,frozen_query_path_adjacent_acceptance_interpolation
cam5,1177,,0.00,abstain,,False,unsupported_between_supported_segments,,,,,frozen_query_path_adjacent_acceptance_interpolation
cam5,1178,,0.00,abstain,,False,unsupported_between_supported_segments,,,,,frozen_query_path_adjacent_acceptance_interpolation
cam5,1179,,0.00,abstain,,False,unsupported_between_supported_segments,,,,,frozen_query_path_adjacent_acceptance_interpolation
cam5,1180,,0.00,abstain,,False,unsupported_between_supported_segments,,,,,frozen_query_path_adjacent_acceptance_interpolation
cam5,1181,,0.00,abstain,,False,unsupported_between_supported_segments,,,,,frozen_query_path_adjacent_acceptance_interpolation
cam5,1182,,0.00,abstain,,False,unsupported_between_supported_segments,,,,,frozen_query_path_adjacent_acceptance_interpolation
cam5,1183,,0.00,abstain,,False,unsupported_between_supported_segments,,,,,frozen_query_path_adjacent_acceptance_interpolation
cam5,1184,,0.00,abstain,,False,unsupported_between_supported_segments,,,,,frozen_query_path_adjacent_acceptance_interpolation
cam5,1185,,0.00,abstain,,False,unsupported_between_supported_segments,,,,,frozen_query_path_adjacent_acceptance_interpolation
cam5,1186,,0.00,abstain,,False,unsupported_between_supported_segments,,,,,frozen_query_path_adjacent_acceptance_interpolation
cam5,1187,,0.00,abstain,,False,unsupported_between_supported_segments,,,,,frozen_query_path_adjacent_acceptance_interpolation
cam5,1188,,0.00,abstain,,False,unsupported_between_supported_segments,,,,,frozen_query_path_adjacent_acceptance_interpolation
cam5,1189,,0.00,abstain,,False,unsupported_between_supported_segments,,,,,frozen_query_path_adjacent_acceptance_interpolation
cam5,1190,,0.00,abstain,,False,unsupported_between_supported_segments,,,,,frozen_query_path_adjacent_acceptance_interpolation
cam5,1191,,0.00,abstain,,False,unsupported_between_supported_segments,,,,,frozen_query_path_adjacent_acceptance_interpolation
cam5,1192,,0.00,abstain,,False,unsupported_between_supported_segments,,,,,frozen_query_path_adjacent_acceptance_interpolation
cam5,1193,,0.00,abstain,,False,unsupported_between_supported_segments,,,,,frozen_query_path_adjacent_acceptance_interpolation
cam5,1194,,0.00,abstain,,False,unsupported_between_supported_segments,,,,,frozen_query_path_adjacent_acceptance_interpolation
cam5,1195,,0.00,abstain,,False,unsupported_between_supported_segments,,,,,frozen_query_path_adjacent_acceptance_interpolation
cam5,1196,,0.00,abstain,,False,unsupported_between_supported_segments,,,,,frozen_query_path_adjacent_acceptance_interpolation
cam5,1197,,0.00,abstain,,False,unsupported_between_supported_segments,,,,,frozen_query_path_adjacent_acceptance_interpolation
cam5,1198,,0.00,abstain,,False,unsupported_between_supported_segments,,,,,frozen_query_path_adjacent_acceptance_interpolation
cam5,1199,,0.00,abstain,,False,unsupported_between_supported_segments,,,,,frozen_query_path_adjacent_acceptance_interpolation
cam5,1200,,0.00,abstain,,False,unsupported_between_supported_segments,,,,,frozen_query_path_adjacent_acceptance_interpolation
cam5,1201,,0.00,abstain,,False,unsupported_between_supported_segments,,,,,frozen_query_path_adjacent_acceptance_interpolation
cam5,1202,,0.00,abstain,,False,unsupported_between_supported_segments,,,,,frozen_query_path_adjacent_acceptance_interpolation
cam5,1203,,0.00,abstain,,False,unsupported_between_supported_segments,,,,,frozen_query_path_adjacent_acceptance_interpolation
cam5,1204,,0.00,abstain,,False,unsupported_between_supported_segments,,,,,frozen_query_path_adjacent_acceptance_interpolation
cam5,1205,,0.00,abstain,,False,unsupported_between_supported_segments,,,,,frozen_query_path_adjacent_acceptance_interpolation
cam5,1206,,0.00,abstain,,False,unsupported_between_supported_segments,,,,,frozen_query_path_adjacent_acceptance_interpolation
cam5,1207,,0.00,abstain,,False,unsupported_between_supported_segments,,,,,frozen_query_path_adjacent_acceptance_interpolation
cam5,1208,,0.00,abstain,,False,unsupported_between_supported_segments,,,,,frozen_query_path_adjacent_acceptance_interpolation
cam5,1209,,0.00,abstain,,False,unsupported_between_supported_segments,,,,,frozen_query_path_adjacent_acceptance_interpolation
cam5,1210,,0.00,abstain,,False,unsupported_between_supported_segments,,,,,frozen_query_path_adjacent_acceptance_interpolation
cam5,1211,,0.00,abstain,,False,unsupported_between_supported_segments,,,,,frozen_query_path_adjacent_acceptance_interpolation
cam5,1212,,0.00,abstain,,False,unsupported_between_supported_segments,,,,,frozen_query_path_adjacent_acceptance_interpolation
cam5,1213,,0.00,abstain,,False,unsupported_between_supported_segments,,,,,frozen_query_path_adjacent_acceptance_interpolation
cam5,1214,,0.00,abstain,,False,unsupported_between_supported_segments,,,,,frozen_query_path_adjacent_acceptance_interpolation
cam5,1215,,0.00,abstain,,False,unsupported_between_supported_segments,,,,,frozen_query_path_adjacent_acceptance_interpolation
cam5,1216,,0.00,abstain,,False,unsupported_between_supported_segments,,,,,frozen_query_path_adjacent_acceptance_interpolation
cam5,1217,,0.00,abstain,,False,unsupported_between_supported_segments,,,,,frozen_query_path_adjacent_acceptance_interpolation
cam5,1218,,0.00,abstain,,False,unsupported_between_supported_segments,,,,,frozen_query_path_adjacent_acceptance_interpolation
cam5,1219,,0.00,abstain,,False,unsupported_between_supported_segments,,,,,frozen_query_path_adjacent_acceptance_interpolation
cam5,1220,,0.00,abstain,,False,unsupported_between_supported_segments,,,,,frozen_query_path_adjacent_acceptance_interpolation
cam5,1221,,0.00,abstain,,False,unsupported_between_supported_segments,,,,,frozen_query_path_adjacent_acceptance_interpolation
cam5,1222,,0.00,abstain,,False,unsupported_between_supported_segments,,,,,frozen_query_path_adjacent_acceptance_interpolation
cam5,1223,,0.00,abstain,,False,unsupported_between_supported_segments,,,,,frozen_query_path_adjacent_acceptance_interpolation
cam5,1224,,0.00,abstain,,False,unsupported_between_supported_segments,,,,,frozen_query_path_adjacent_acceptance_interpolation
cam5,1225,,0.00,abstain,,False,unsupported_between_supported_segments,,,,,frozen_query_path_adjacent_acceptance_interpolation
cam5,1226,,0.00,abstain,,False,unsupported_between_supported_segments,,,,,frozen_query_path_adjacent_acceptance_interpolation
cam5,1227,,0.00,abstain,,False,unsupported_between_supported_segments,,,,,frozen_query_path_adjacent_acceptance_interpolation
cam5,1228,,0.00,abstain,,False,unsupported_between_supported_segments,,,,,frozen_query_path_adjacent_acceptance_interpolation
cam5,1229,,0.00,abstain,,False,unsupported_between_supported_segments,,,,,frozen_query_path_adjacent_acceptance_interpolation
cam5,1230,,0.00,abstain,,False,unsupported_between_supported_segments,,,,,frozen_query_path_adjacent_acceptance_interpolation
cam5,1231,,0.00,abstain,,False,unsupported_between_supported_segments,,,,,frozen_query_path_adjacent_acceptance_interpolation
cam5,1232,,0.00,abstain,,False,unsupported_between_supported_segments,,,,,frozen_query_path_adjacent_acceptance_interpolation
cam5,1233,,0.00,abstain,,False,unsupported_between_supported_segments,,,,,frozen_query_path_adjacent_acceptance_interpolation
cam5,1234,,0.00,abstain,,False,unsupported_between_supported_segments,,,,,frozen_query_path_adjacent_acceptance_interpolation
cam5,1235,,0.00,abstain,,False,unsupported_between_supported_segments,,,,,frozen_query_path_adjacent_acceptance_interpolation
cam5,1236,,0.00,abstain,,False,unsupported_between_supported_segments,,,,,frozen_query_path_adjacent_acceptance_interpolation
cam5,1237,,0.00,abstain,,False,unsupported_between_supported_segments,,,,,frozen_query_path_adjacent_acceptance_interpolation
cam5,1238,,0.00,abstain,,False,unsupported_between_supported_segments,,,,,frozen_query_path_adjacent_acceptance_interpolation
cam5,1239,,0.00,abstain,,False,unsupported_between_supported_segments,,,,,frozen_query_path_adjacent_acceptance_interpolation
cam5,1240,,0.00,abstain,,False,unsupported_between_supported_segments,,,,,frozen_query_path_adjacent_acceptance_interpolation
cam5,1241,,0.00,abstain,,False,unsupported_between_supported_segments,,,,,frozen_query_path_adjacent_acceptance_interpolation
cam5,1242,,0.00,abstain,,False,unsupported_between_supported_segments,,,,,frozen_query_path_adjacent_acceptance_interpolation
cam5,1243,,0.00,abstain,,False,unsupported_between_supported_segments,,,,,frozen_query_path_adjacent_acceptance_interpolation
cam5,1244,,0.00,abstain,,False,unsupported_between_supported_segments,,,,,frozen_query_path_adjacent_acceptance_interpolation
cam5,1245,,0.00,abstain,,False,unsupported_anchor_abstention,,,cam5_A16,abstain_ambiguous_phase,frozen_query_path_adjacent_acceptance_interpolation
cam5,1246,,0.00,abstain,,False,unsupported_between_supported_segments,,,,,frozen_query_path_adjacent_acceptance_interpolation
cam5,1247,,0.00,abstain,,False,unsupported_between_supported_segments,,,,,frozen_query_path_adjacent_acceptance_interpolation
cam5,1248,,0.00,abstain,,False,unsupported_between_supported_segments,,,,,frozen_query_path_adjacent_acceptance_interpolation
cam5,1249,,0.00,abstain,,False,unsupported_between_supported_segments,,,,,frozen_query_path_adjacent_acceptance_interpolation
cam5,1250,,0.00,abstain,,False,unsupported_between_supported_segments,,,,,frozen_query_path_adjacent_acceptance_interpolation
cam5,1251,,0.00,abstain,,False,unsupported_between_supported_segments,,,,,frozen_query_path_adjacent_acceptance_interpolation
cam5,1252,,0.00,abstain,,False,unsupported_between_supported_segments,,,,,frozen_query_path_adjacent_acceptance_interpolation
cam5,1253,,0.00,abstain,,False,unsupported_between_supported_segments,,,,,frozen_query_path_adjacent_acceptance_interpolation
cam5,1254,,0.00,abstain,,False,unsupported_between_supported_segments,,,,,frozen_query_path_adjacent_acceptance_interpolation
cam5,1255,,0.00,abstain,,False,unsupported_between_supported_segments,,,,,frozen_query_path_adjacent_acceptance_interpolation
cam5,1256,,0.00,abstain,,False,unsupported_between_supported_segments,,,,,frozen_query_path_adjacent_acceptance_interpolation
cam5,1257,,0.00,abstain,,False,unsupported_between_supported_segments,,,,,frozen_query_path_adjacent_acceptance_interpolation
cam5,1258,,0.00,abstain,,False,unsupported_between_supported_segments,,,,,frozen_query_path_adjacent_acceptance_interpolation
cam5,1259,,0.00,abstain,,False,unsupported_between_supported_segments,,,,,frozen_query_path_adjacent_acceptance_interpolation
cam5,1260,,0.00,abstain,,False,unsupported_between_supported_segments,,,,,frozen_query_path_adjacent_acceptance_interpolation
cam5,1261,,0.00,abstain,,False,unsupported_between_supported_segments,,,,,frozen_query_path_adjacent_acceptance_interpolation
cam5,1262,,0.00,abstain,,False,unsupported_between_supported_segments,,,,,frozen_query_path_adjacent_acceptance_interpolation
cam5,1263,,0.00,abstain,,False,unsupported_between_supported_segments,,,,,frozen_query_path_adjacent_acceptance_interpolation
cam5,1264,,0.00,abstain,,False,unsupported_between_supported_segments,,,,,frozen_query_path_adjacent_acceptance_interpolation
cam5,1265,,0.00,abstain,,False,unsupported_between_supported_segments,,,,,frozen_query_path_adjacent_acceptance_interpolation
cam5,1266,,0.00,abstain,,False,unsupported_between_supported_segments,,,,,frozen_query_path_adjacent_acceptance_interpolation
cam5,1267,,0.00,abstain,,False,unsupported_between_supported_segments,,,,,frozen_query_path_adjacent_acceptance_interpolation
cam5,1268,,0.00,abstain,,False,unsupported_between_supported_segments,,,,,frozen_query_path_adjacent_acceptance_interpolation
cam5,1269,,0.00,abstain,,False,unsupported_between_supported_segments,,,,,frozen_query_path_adjacent_acceptance_interpolation
cam5,1270,,0.00,abstain,,False,unsupported_between_supported_segments,,,,,frozen_query_path_adjacent_acceptance_interpolation
cam5,1271,,0.00,abstain,,False,unsupported_between_supported_segments,,,,,frozen_query_path_adjacent_acceptance_interpolation
cam5,1272,,0.00,abstain,,False,unsupported_between_supported_segments,,,,,frozen_query_path_adjacent_acceptance_interpolation
cam5,1273,,0.00,abstain,,False,unsupported_between_supported_segments,,,,,frozen_query_path_adjacent_acceptance_interpolation
cam5,1274,,0.00,abstain,,False,unsupported_between_supported_segments,,,,,frozen_query_path_adjacent_acceptance_interpolation
cam5,1275,,0.00,abstain,,False,unsupported_between_supported_segments,,,,,frozen_query_path_adjacent_acceptance_interpolation
cam5,1276,,0.00,abstain,,False,unsupported_between_supported_segments,,,,,frozen_query_path_adjacent_acceptance_interpolation
cam5,1277,,0.00,abstain,,False,unsupported_between_supported_segments,,,,,frozen_query_path_adjacent_acceptance_interpolation
cam5,1278,,0.00,abstain,,False,unsupported_between_supported_segments,,,,,frozen_query_path_adjacent_acceptance_interpolation
cam5,1279,,0.00,abstain,,False,unsupported_between_supported_segments,,,,,frozen_query_path_adjacent_acceptance_interpolation
cam5,1280,,0.00,abstain,,False,unsupported_between_supported_segments,,,,,frozen_query_path_adjacent_acceptance_interpolation
cam5,1281,,0.00,abstain,,False,unsupported_between_supported_segments,,,,,frozen_query_path_adjacent_acceptance_interpolation
cam5,1282,,0.00,abstain,,False,unsupported_between_supported_segments,,,,,frozen_query_path_adjacent_acceptance_interpolation
cam5,1283,,0.00,abstain,,False,unsupported_between_supported_segments,,,,,frozen_query_path_adjacent_acceptance_interpolation
cam5,1284,,0.00,abstain,,False,unsupported_between_supported_segments,,,,,frozen_query_path_adjacent_acceptance_interpolation
cam5,1285,,0.00,abstain,,False,unsupported_between_supported_segments,,,,,frozen_query_path_adjacent_acceptance_interpolation
cam5,1286,,0.00,abstain,,False,unsupported_between_supported_segments,,,,,frozen_query_path_adjacent_acceptance_interpolation
cam5,1287,,0.00,abstain,,False,unsupported_between_supported_segments,,,,,frozen_query_path_adjacent_acceptance_interpolation
cam5,1288,,0.00,abstain,,False,unsupported_between_supported_segments,,,,,frozen_query_path_adjacent_acceptance_interpolation
cam5,1289,,0.00,abstain,,False,unsupported_between_supported_segments,,,,,frozen_query_path_adjacent_acceptance_interpolation
cam5,1290,,0.00,abstain,,False,unsupported_between_supported_segments,,,,,frozen_query_path_adjacent_acceptance_interpolation
cam5,1291,,0.00,abstain,,False,unsupported_between_supported_segments,,,,,frozen_query_path_adjacent_acceptance_interpolation
cam5,1292,,0.00,abstain,,False,unsupported_between_supported_segments,,,,,frozen_query_path_adjacent_acceptance_interpolation
cam5,1293,,0.00,abstain,,False,unsupported_between_supported_segments,,,,,frozen_query_path_adjacent_acceptance_interpolation
cam5,1294,,0.00,abstain,,False,unsupported_between_supported_segments,,,,,frozen_query_path_adjacent_acceptance_interpolation
cam5,1295,,0.00,abstain,,False,unsupported_between_supported_segments,,,,,frozen_query_path_adjacent_acceptance_interpolation
cam5,1296,,0.00,abstain,,False,unsupported_between_supported_segments,,,,,frozen_query_path_adjacent_acceptance_interpolation
cam5,1297,,0.00,abstain,,False,unsupported_between_supported_segments,,,,,frozen_query_path_adjacent_acceptance_interpolation
cam5,1298,,0.00,abstain,,False,unsupported_between_supported_segments,,,,,frozen_query_path_adjacent_acceptance_interpolation
cam5,1299,,0.00,abstain,,False,unsupported_between_supported_segments,,,,,frozen_query_path_adjacent_acceptance_interpolation
cam5,1300,,0.00,abstain,,False,unsupported_between_supported_segments,,,,,frozen_query_path_adjacent_acceptance_interpolation
cam5,1301,,0.00,abstain,,False,unsupported_between_supported_segments,,,,,frozen_query_path_adjacent_acceptance_interpolation
cam5,1302,,0.00,abstain,,False,unsupported_between_supported_segments,,,,,frozen_query_path_adjacent_acceptance_interpolation
cam5,1303,,0.00,abstain,,False,unsupported_between_supported_segments,,,,,frozen_query_path_adjacent_acceptance_interpolation
cam5,1304,,0.00,abstain,,False,unsupported_between_supported_segments,,,,,frozen_query_path_adjacent_acceptance_interpolation
cam5,1305,,0.00,abstain,,False,unsupported_between_supported_segments,,,,,frozen_query_path_adjacent_acceptance_interpolation
cam5,1306,,0.00,abstain,,False,unsupported_between_supported_segments,,,,,frozen_query_path_adjacent_acceptance_interpolation
cam5,1307,,0.00,abstain,,False,unsupported_between_supported_segments,,,,,frozen_query_path_adjacent_acceptance_interpolation
cam5,1308,,0.00,abstain,,False,unsupported_between_supported_segments,,,,,frozen_query_path_adjacent_acceptance_interpolation
cam5,1309,,0.00,abstain,,False,unsupported_between_supported_segments,,,,,frozen_query_path_adjacent_acceptance_interpolation
cam5,1310,,0.00,abstain,,False,unsupported_between_supported_segments,,,,,frozen_query_path_adjacent_acceptance_interpolation
cam5,1311,,0.00,abstain,,False,unsupported_between_supported_segments,,,,,frozen_query_path_adjacent_acceptance_interpolation
cam5,1312,,0.00,abstain,,False,unsupported_between_supported_segments,,,,,frozen_query_path_adjacent_acceptance_interpolation
cam5,1313,,0.00,abstain,,False,unsupported_between_supported_segments,,,,,frozen_query_path_adjacent_acceptance_interpolation
cam5,1314,,0.00,abstain,,False,unsupported_between_supported_segments,,,,,frozen_query_path_adjacent_acceptance_interpolation
cam5,1315,,0.00,abstain,,False,unsupported_anchor_abstention,,,cam5_A17,abstain_weak_or_ambiguous_geometry,frozen_query_path_adjacent_acceptance_interpolation
cam5,1316,,0.00,abstain,,False,unsupported_between_supported_segments,,,,,frozen_query_path_adjacent_acceptance_interpolation
cam5,1317,,0.00,abstain,,False,unsupported_between_supported_segments,,,,,frozen_query_path_adjacent_acceptance_interpolation
cam5,1318,,0.00,abstain,,False,unsupported_between_supported_segments,,,,,frozen_query_path_adjacent_acceptance_interpolation
cam5,1319,,0.00,abstain,,False,unsupported_between_supported_segments,,,,,frozen_query_path_adjacent_acceptance_interpolation
cam5,1320,,0.00,abstain,,False,unsupported_between_supported_segments,,,,,frozen_query_path_adjacent_acceptance_interpolation
cam5,1321,,0.00,abstain,,False,unsupported_between_supported_segments,,,,,frozen_query_path_adjacent_acceptance_interpolation
cam5,1322,,0.00,abstain,,False,unsupported_between_supported_segments,,,,,frozen_query_path_adjacent_acceptance_interpolation
cam5,1323,,0.00,abstain,,False,unsupported_between_supported_segments,,,,,frozen_query_path_adjacent_acceptance_interpolation
cam5,1324,,0.00,abstain,,False,unsupported_between_supported_segments,,,,,frozen_query_path_adjacent_acceptance_interpolation
cam5,1325,,0.00,abstain,,False,unsupported_between_supported_segments,,,,,frozen_query_path_adjacent_acceptance_interpolation
cam5,1326,,0.00,abstain,,False,unsupported_between_supported_segments,,,,,frozen_query_path_adjacent_acceptance_interpolation
cam5,1327,,0.00,abstain,,False,unsupported_between_supported_segments,,,,,frozen_query_path_adjacent_acceptance_interpolation
cam5,1328,,0.00,abstain,,False,unsupported_between_supported_segments,,,,,frozen_query_path_adjacent_acceptance_interpolation
cam5,1329,,0.00,abstain,,False,unsupported_between_supported_segments,,,,,frozen_query_path_adjacent_acceptance_interpolation
cam5,1330,,0.00,abstain,,False,unsupported_between_supported_segments,,,,,frozen_query_path_adjacent_acceptance_interpolation
cam5,1331,,0.00,abstain,,False,unsupported_between_supported_segments,,,,,frozen_query_path_adjacent_acceptance_interpolation
cam5,1332,,0.00,abstain,,False,unsupported_between_supported_segments,,,,,frozen_query_path_adjacent_acceptance_interpolation
cam5,1333,,0.00,abstain,,False,unsupported_between_supported_segments,,,,,frozen_query_path_adjacent_acceptance_interpolation
cam5,1334,,0.00,abstain,,False,unsupported_between_supported_segments,,,,,frozen_query_path_adjacent_acceptance_interpolation
cam5,1335,,0.00,abstain,,False,unsupported_between_supported_segments,,,,,frozen_query_path_adjacent_acceptance_interpolation
cam5,1336,,0.00,abstain,,False,unsupported_between_supported_segments,,,,,frozen_query_path_adjacent_acceptance_interpolation
cam5,1337,,0.00,abstain,,False,unsupported_between_supported_segments,,,,,frozen_query_path_adjacent_acceptance_interpolation
cam5,1338,,0.00,abstain,,False,unsupported_between_supported_segments,,,,,frozen_query_path_adjacent_acceptance_interpolation
cam5,1339,,0.00,abstain,,False,unsupported_between_supported_segments,,,,,frozen_query_path_adjacent_acceptance_interpolation
cam5,1340,,0.00,abstain,,False,unsupported_between_supported_segments,,,,,frozen_query_path_adjacent_acceptance_interpolation
cam5,1341,,0.00,abstain,,False,unsupported_between_supported_segments,,,,,frozen_query_path_adjacent_acceptance_interpolation
cam5,1342,,0.00,abstain,,False,unsupported_between_supported_segments,,,,,frozen_query_path_adjacent_acceptance_interpolation
cam5,1343,,0.00,abstain,,False,unsupported_between_supported_segments,,,,,frozen_query_path_adjacent_acceptance_interpolation
cam5,1344,,0.00,abstain,,False,unsupported_between_supported_segments,,,,,frozen_query_path_adjacent_acceptance_interpolation
cam5,1345,,0.00,abstain,,False,unsupported_between_supported_segments,,,,,frozen_query_path_adjacent_acceptance_interpolation
cam5,1346,,0.00,abstain,,False,unsupported_between_supported_segments,,,,,frozen_query_path_adjacent_acceptance_interpolation
cam5,1347,,0.00,abstain,,False,unsupported_between_supported_segments,,,,,frozen_query_path_adjacent_acceptance_interpolation
cam5,1348,,0.00,abstain,,False,unsupported_between_supported_segments,,,,,frozen_query_path_adjacent_acceptance_interpolation
cam5,1349,,0.00,abstain,,False,unsupported_between_supported_segments,,,,,frozen_query_path_adjacent_acceptance_interpolation
cam5,1350,,0.00,abstain,,False,unsupported_between_supported_segments,,,,,frozen_query_path_adjacent_acceptance_interpolation
cam5,1351,,0.00,abstain,,False,unsupported_between_supported_segments,,,,,frozen_query_path_adjacent_acceptance_interpolation
cam5,1352,,0.00,abstain,,False,unsupported_between_supported_segments,,,,,frozen_query_path_adjacent_acceptance_interpolation
cam5,1353,,0.00,abstain,,False,unsupported_between_supported_segments,,,,,frozen_query_path_adjacent_acceptance_interpolation
cam5,1354,,0.00,abstain,,False,unsupported_between_supported_segments,,,,,frozen_query_path_adjacent_acceptance_interpolation
cam5,1355,,0.00,abstain,,False,unsupported_between_supported_segments,,,,,frozen_query_path_adjacent_acceptance_interpolation
cam5,1356,,0.00,abstain,,False,unsupported_between_supported_segments,,,,,frozen_query_path_adjacent_acceptance_interpolation
cam5,1357,,0.00,abstain,,False,unsupported_between_supported_segments,,,,,frozen_query_path_adjacent_acceptance_interpolation
cam5,1358,,0.00,abstain,,False,unsupported_between_supported_segments,,,,,frozen_query_path_adjacent_acceptance_interpolation
cam5,1359,,0.00,abstain,,False,unsupported_between_supported_segments,,,,,frozen_query_path_adjacent_acceptance_interpolation
cam5,1360,,0.00,abstain,,False,unsupported_between_supported_segments,,,,,frozen_query_path_adjacent_acceptance_interpolation
cam5,1361,,0.00,abstain,,False,unsupported_between_supported_segments,,,,,frozen_query_path_adjacent_acceptance_interpolation
cam5,1362,,0.00,abstain,,False,unsupported_between_supported_segments,,,,,frozen_query_path_adjacent_acceptance_interpolation
cam5,1363,,0.00,abstain,,False,unsupported_between_supported_segments,,,,,frozen_query_path_adjacent_acceptance_interpolation
cam5,1364,,0.00,abstain,,False,unsupported_between_supported_segments,,,,,frozen_query_path_adjacent_acceptance_interpolation
cam5,1365,,0.00,abstain,,False,unsupported_between_supported_segments,,,,,frozen_query_path_adjacent_acceptance_interpolation
cam5,1366,,0.00,abstain,,False,unsupported_between_supported_segments,,,,,frozen_query_path_adjacent_acceptance_interpolation
cam5,1367,,0.00,abstain,,False,unsupported_between_supported_segments,,,,,frozen_query_path_adjacent_acceptance_interpolation
cam5,1368,,0.00,abstain,,False,unsupported_between_supported_segments,,,,,frozen_query_path_adjacent_acceptance_interpolation
cam5,1369,,0.00,abstain,,False,unsupported_between_supported_segments,,,,,frozen_query_path_adjacent_acceptance_interpolation
cam5,1370,,0.00,abstain,,False,unsupported_between_supported_segments,,,,,frozen_query_path_adjacent_acceptance_interpolation
cam5,1371,,0.00,abstain,,False,unsupported_between_supported_segments,,,,,frozen_query_path_adjacent_acceptance_interpolation
cam5,1372,,0.00,abstain,,False,unsupported_between_supported_segments,,,,,frozen_query_path_adjacent_acceptance_interpolation
cam5,1373,,0.00,abstain,,False,unsupported_between_supported_segments,,,,,frozen_query_path_adjacent_acceptance_interpolation
cam5,1374,,0.00,abstain,,False,unsupported_between_supported_segments,,,,,frozen_query_path_adjacent_acceptance_interpolation
cam5,1375,,0.00,abstain,,False,unsupported_between_supported_segments,,,,,frozen_query_path_adjacent_acceptance_interpolation
cam5,1376,,0.00,abstain,,False,unsupported_between_supported_segments,,,,,frozen_query_path_adjacent_acceptance_interpolation
cam5,1377,,0.00,abstain,,False,unsupported_between_supported_segments,,,,,frozen_query_path_adjacent_acceptance_interpolation
cam5,1378,,0.00,abstain,,False,unsupported_between_supported_segments,,,,,frozen_query_path_adjacent_acceptance_interpolation
cam5,1379,,0.00,abstain,,False,unsupported_between_supported_segments,,,,,frozen_query_path_adjacent_acceptance_interpolation
cam5,1380,,0.00,abstain,,False,unsupported_between_supported_segments,,,,,frozen_query_path_adjacent_acceptance_interpolation
cam5,1381,,0.00,abstain,,False,unsupported_between_supported_segments,,,,,frozen_query_path_adjacent_acceptance_interpolation
cam5,1382,,0.00,abstain,,False,unsupported_between_supported_segments,,,,,frozen_query_path_adjacent_acceptance_interpolation
cam5,1383,,0.00,abstain,,False,unsupported_between_supported_segments,,,,,frozen_query_path_adjacent_acceptance_interpolation
cam5,1384,,0.00,abstain,,False,unsupported_between_supported_segments,,,,,frozen_query_path_adjacent_acceptance_interpolation
cam5,1385,,0.00,abstain,,False,unsupported_between_supported_segments,,,,,frozen_query_path_adjacent_acceptance_interpolation
cam5,1386,,0.00,abstain,,False,unsupported_between_supported_segments,,,,,frozen_query_path_adjacent_acceptance_interpolation
cam5,1387,,0.00,abstain,,False,unsupported_between_supported_segments,,,,,frozen_query_path_adjacent_acceptance_interpolation
cam5,1388,,0.00,abstain,,False,unsupported_between_supported_segments,,,,,frozen_query_path_adjacent_acceptance_interpolation
cam5,1389,,0.00,abstain,,False,unsupported_between_supported_segments,,,,,frozen_query_path_adjacent_acceptance_interpolation
cam5,1390,,0.00,abstain,,False,unsupported_between_supported_segments,,,,,frozen_query_path_adjacent_acceptance_interpolation
cam5,1391,,0.00,abstain,,False,unsupported_between_supported_segments,,,,,frozen_query_path_adjacent_acceptance_interpolation
cam5,1392,,0.00,abstain,,False,unsupported_between_supported_segments,,,,,frozen_query_path_adjacent_acceptance_interpolation
cam5,1393,,0.00,abstain,,False,unsupported_between_supported_segments,,,,,frozen_query_path_adjacent_acceptance_interpolation
cam5,1394,,0.00,abstain,,False,unsupported_between_supported_segments,,,,,frozen_query_path_adjacent_acceptance_interpolation
cam5,1395,,0.00,abstain,,False,unsupported_anchor_abstention,,,cam5_A18,abstain_weak_or_ambiguous_geometry,frozen_query_path_adjacent_acceptance_interpolation
cam5,1396,,0.00,abstain,,False,unsupported_between_supported_segments,,,,,frozen_query_path_adjacent_acceptance_interpolation
cam5,1397,,0.00,abstain,,False,unsupported_between_supported_segments,,,,,frozen_query_path_adjacent_acceptance_interpolation
cam5,1398,,0.00,abstain,,False,unsupported_between_supported_segments,,,,,frozen_query_path_adjacent_acceptance_interpolation
cam5,1399,,0.00,abstain,,False,unsupported_between_supported_segments,,,,,frozen_query_path_adjacent_acceptance_interpolation
cam5,1400,,0.00,abstain,,False,unsupported_between_supported_segments,,,,,frozen_query_path_adjacent_acceptance_interpolation
cam5,1401,,0.00,abstain,,False,unsupported_between_supported_segments,,,,,frozen_query_path_adjacent_acceptance_interpolation
cam5,1402,,0.00,abstain,,False,unsupported_between_supported_segments,,,,,frozen_query_path_adjacent_acceptance_interpolation
cam5,1403,,0.00,abstain,,False,unsupported_between_supported_segments,,,,,frozen_query_path_adjacent_acceptance_interpolation
cam5,1404,,0.00,abstain,,False,unsupported_between_supported_segments,,,,,frozen_query_path_adjacent_acceptance_interpolation
cam5,1405,,0.00,abstain,,False,unsupported_between_supported_segments,,,,,frozen_query_path_adjacent_acceptance_interpolation
cam5,1406,,0.00,abstain,,False,unsupported_between_supported_segments,,,,,frozen_query_path_adjacent_acceptance_interpolation
cam5,1407,,0.00,abstain,,False,unsupported_between_supported_segments,,,,,frozen_query_path_adjacent_acceptance_interpolation
cam5,1408,,0.00,abstain,,False,unsupported_between_supported_segments,,,,,frozen_query_path_adjacent_acceptance_interpolation
cam5,1409,,0.00,abstain,,False,unsupported_between_supported_segments,,,,,frozen_query_path_adjacent_acceptance_interpolation
cam5,1410,,0.00,abstain,,False,unsupported_between_supported_segments,,,,,frozen_query_path_adjacent_acceptance_interpolation
cam5,1411,,0.00,abstain,,False,unsupported_between_supported_segments,,,,,frozen_query_path_adjacent_acceptance_interpolation
cam5,1412,,0.00,abstain,,False,unsupported_between_supported_segments,,,,,frozen_query_path_adjacent_acceptance_interpolation
cam5,1413,,0.00,abstain,,False,unsupported_between_supported_segments,,,,,frozen_query_path_adjacent_acceptance_interpolation
cam5,1414,,0.00,abstain,,False,unsupported_between_supported_segments,,,,,frozen_query_path_adjacent_acceptance_interpolation
cam5,1415,,0.00,abstain,,False,unsupported_between_supported_segments,,,,,frozen_query_path_adjacent_acceptance_interpolation
cam5,1416,,0.00,abstain,,False,unsupported_between_supported_segments,,,,,frozen_query_path_adjacent_acceptance_interpolation
cam5,1417,,0.00,abstain,,False,unsupported_between_supported_segments,,,,,frozen_query_path_adjacent_acceptance_interpolation
cam5,1418,,0.00,abstain,,False,unsupported_between_supported_segments,,,,,frozen_query_path_adjacent_acceptance_interpolation
cam5,1419,,0.00,abstain,,False,unsupported_between_supported_segments,,,,,frozen_query_path_adjacent_acceptance_interpolation
cam5,1420,,0.00,abstain,,False,unsupported_between_supported_segments,,,,,frozen_query_path_adjacent_acceptance_interpolation
cam5,1421,,0.00,abstain,,False,unsupported_between_supported_segments,,,,,frozen_query_path_adjacent_acceptance_interpolation
cam5,1422,,0.00,abstain,,False,unsupported_between_supported_segments,,,,,frozen_query_path_adjacent_acceptance_interpolation
cam5,1423,,0.00,abstain,,False,unsupported_between_supported_segments,,,,,frozen_query_path_adjacent_acceptance_interpolation
cam5,1424,,0.00,abstain,,False,unsupported_between_supported_segments,,,,,frozen_query_path_adjacent_acceptance_interpolation
cam5,1425,,0.00,abstain,,False,unsupported_between_supported_segments,,,,,frozen_query_path_adjacent_acceptance_interpolation
cam5,1426,,0.00,abstain,,False,unsupported_between_supported_segments,,,,,frozen_query_path_adjacent_acceptance_interpolation
cam5,1427,,0.00,abstain,,False,unsupported_between_supported_segments,,,,,frozen_query_path_adjacent_acceptance_interpolation
cam5,1428,,0.00,abstain,,False,unsupported_between_supported_segments,,,,,frozen_query_path_adjacent_acceptance_interpolation
cam5,1429,,0.00,abstain,,False,unsupported_between_supported_segments,,,,,frozen_query_path_adjacent_acceptance_interpolation
cam5,1430,,0.00,abstain,,False,unsupported_between_supported_segments,,,,,frozen_query_path_adjacent_acceptance_interpolation
cam5,1431,,0.00,abstain,,False,unsupported_between_supported_segments,,,,,frozen_query_path_adjacent_acceptance_interpolation
cam5,1432,,0.00,abstain,,False,unsupported_between_supported_segments,,,,,frozen_query_path_adjacent_acceptance_interpolation
cam5,1433,,0.00,abstain,,False,unsupported_between_supported_segments,,,,,frozen_query_path_adjacent_acceptance_interpolation
cam5,1434,,0.00,abstain,,False,unsupported_between_supported_segments,,,,,frozen_query_path_adjacent_acceptance_interpolation
cam5,1435,,0.00,abstain,,False,unsupported_between_supported_segments,,,,,frozen_query_path_adjacent_acceptance_interpolation
cam5,1436,,0.00,abstain,,False,unsupported_between_supported_segments,,,,,frozen_query_path_adjacent_acceptance_interpolation
cam5,1437,,0.00,abstain,,False,unsupported_between_supported_segments,,,,,frozen_query_path_adjacent_acceptance_interpolation
cam5,1438,,0.00,abstain,,False,unsupported_between_supported_segments,,,,,frozen_query_path_adjacent_acceptance_interpolation
cam5,1439,,0.00,abstain,,False,unsupported_between_supported_segments,,,,,frozen_query_path_adjacent_acceptance_interpolation
cam5,1440,,0.00,abstain,,False,unsupported_between_supported_segments,,,,,frozen_query_path_adjacent_acceptance_interpolation
cam5,1441,,0.00,abstain,,False,unsupported_between_supported_segments,,,,,frozen_query_path_adjacent_acceptance_interpolation
cam5,1442,,0.00,abstain,,False,unsupported_between_supported_segments,,,,,frozen_query_path_adjacent_acceptance_interpolation
cam5,1443,,0.00,abstain,,False,unsupported_between_supported_segments,,,,,frozen_query_path_adjacent_acceptance_interpolation
cam5,1444,,0.00,abstain,,False,unsupported_between_supported_segments,,,,,frozen_query_path_adjacent_acceptance_interpolation
cam5,1445,,0.00,abstain,,False,unsupported_between_supported_segments,,,,,frozen_query_path_adjacent_acceptance_interpolation
cam5,1446,,0.00,abstain,,False,unsupported_between_supported_segments,,,,,frozen_query_path_adjacent_acceptance_interpolation
cam5,1447,,0.00,abstain,,False,unsupported_between_supported_segments,,,,,frozen_query_path_adjacent_acceptance_interpolation
cam5,1448,,0.00,abstain,,False,unsupported_between_supported_segments,,,,,frozen_query_path_adjacent_acceptance_interpolation
cam5,1449,,0.00,abstain,,False,unsupported_between_supported_segments,,,,,frozen_query_path_adjacent_acceptance_interpolation
cam5,1450,,0.00,abstain,,False,unsupported_between_supported_segments,,,,,frozen_query_path_adjacent_acceptance_interpolation
cam5,1451,,0.00,abstain,,False,unsupported_between_supported_segments,,,,,frozen_query_path_adjacent_acceptance_interpolation
cam5,1452,,0.00,abstain,,False,unsupported_between_supported_segments,,,,,frozen_query_path_adjacent_acceptance_interpolation
cam5,1453,,0.00,abstain,,False,unsupported_between_supported_segments,,,,,frozen_query_path_adjacent_acceptance_interpolation
cam5,1454,,0.00,abstain,,False,unsupported_between_supported_segments,,,,,frozen_query_path_adjacent_acceptance_interpolation
cam5,1455,,0.00,abstain,,False,unsupported_between_supported_segments,,,,,frozen_query_path_adjacent_acceptance_interpolation
cam5,1456,,0.00,abstain,,False,unsupported_between_supported_segments,,,,,frozen_query_path_adjacent_acceptance_interpolation
cam5,1457,,0.00,abstain,,False,unsupported_between_supported_segments,,,,,frozen_query_path_adjacent_acceptance_interpolation
cam5,1458,,0.00,abstain,,False,unsupported_anchor_abstention,,,cam5_A19,abstain_ambiguous_phase,frozen_query_path_adjacent_acceptance_interpolation
cam5,1459,,0.00,abstain,,False,unsupported_between_supported_segments,,,,,frozen_query_path_adjacent_acceptance_interpolation
cam5,1460,,0.00,abstain,,False,unsupported_between_supported_segments,,,,,frozen_query_path_adjacent_acceptance_interpolation
cam5,1461,,0.00,abstain,,False,unsupported_between_supported_segments,,,,,frozen_query_path_adjacent_acceptance_interpolation
cam5,1462,,0.00,abstain,,False,unsupported_between_supported_segments,,,,,frozen_query_path_adjacent_acceptance_interpolation
cam5,1463,,0.00,abstain,,False,unsupported_between_supported_segments,,,,,frozen_query_path_adjacent_acceptance_interpolation
cam5,1464,,0.00,abstain,,False,unsupported_between_supported_segments,,,,,frozen_query_path_adjacent_acceptance_interpolation
cam5,1465,,0.00,abstain,,False,unsupported_between_supported_segments,,,,,frozen_query_path_adjacent_acceptance_interpolation
cam5,1466,,0.00,abstain,,False,unsupported_between_supported_segments,,,,,frozen_query_path_adjacent_acceptance_interpolation
cam5,1467,,0.00,abstain,,False,unsupported_between_supported_segments,,,,,frozen_query_path_adjacent_acceptance_interpolation
cam5,1468,,0.00,abstain,,False,unsupported_between_supported_segments,,,,,frozen_query_path_adjacent_acceptance_interpolation
cam5,1469,,0.00,abstain,,False,unsupported_between_supported_segments,,,,,frozen_query_path_adjacent_acceptance_interpolation
cam5,1470,,0.00,abstain,,False,unsupported_between_supported_segments,,,,,frozen_query_path_adjacent_acceptance_interpolation
cam5,1471,,0.00,abstain,,False,unsupported_between_supported_segments,,,,,frozen_query_path_adjacent_acceptance_interpolation
cam5,1472,,0.00,abstain,,False,unsupported_between_supported_segments,,,,,frozen_query_path_adjacent_acceptance_interpolation
cam5,1473,,0.00,abstain,,False,unsupported_between_supported_segments,,,,,frozen_query_path_adjacent_acceptance_interpolation
cam5,1474,,0.00,abstain,,False,unsupported_between_supported_segments,,,,,frozen_query_path_adjacent_acceptance_interpolation
cam5,1475,,0.00,abstain,,False,unsupported_between_supported_segments,,,,,frozen_query_path_adjacent_acceptance_interpolation
cam5,1476,,0.00,abstain,,False,unsupported_between_supported_segments,,,,,frozen_query_path_adjacent_acceptance_interpolation
cam5,1477,,0.00,abstain,,False,unsupported_between_supported_segments,,,,,frozen_query_path_adjacent_acceptance_interpolation
cam5,1478,,0.00,abstain,,False,unsupported_between_supported_segments,,,,,frozen_query_path_adjacent_acceptance_interpolation
cam5,1479,,0.00,abstain,,False,unsupported_between_supported_segments,,,,,frozen_query_path_adjacent_acceptance_interpolation
cam5,1480,,0.00,abstain,,False,unsupported_between_supported_segments,,,,,frozen_query_path_adjacent_acceptance_interpolation
cam5,1481,,0.00,abstain,,False,unsupported_between_supported_segments,,,,,frozen_query_path_adjacent_acceptance_interpolation
cam5,1482,,0.00,abstain,,False,unsupported_between_supported_segments,,,,,frozen_query_path_adjacent_acceptance_interpolation
cam5,1483,,0.00,abstain,,False,unsupported_between_supported_segments,,,,,frozen_query_path_adjacent_acceptance_interpolation
cam5,1484,,0.00,abstain,,False,unsupported_between_supported_segments,,,,,frozen_query_path_adjacent_acceptance_interpolation
cam5,1485,,0.00,abstain,,False,unsupported_between_supported_segments,,,,,frozen_query_path_adjacent_acceptance_interpolation
cam5,1486,,0.00,abstain,,False,unsupported_between_supported_segments,,,,,frozen_query_path_adjacent_acceptance_interpolation
cam5,1487,,0.00,abstain,,False,unsupported_between_supported_segments,,,,,frozen_query_path_adjacent_acceptance_interpolation
cam5,1488,,0.00,abstain,,False,unsupported_between_supported_segments,,,,,frozen_query_path_adjacent_acceptance_interpolation
cam5,1489,,0.00,abstain,,False,unsupported_between_supported_segments,,,,,frozen_query_path_adjacent_acceptance_interpolation
cam5,1490,,0.00,abstain,,False,unsupported_between_supported_segments,,,,,frozen_query_path_adjacent_acceptance_interpolation
cam5,1491,,0.00,abstain,,False,unsupported_between_supported_segments,,,,,frozen_query_path_adjacent_acceptance_interpolation
cam5,1492,,0.00,abstain,,False,unsupported_between_supported_segments,,,,,frozen_query_path_adjacent_acceptance_interpolation
cam5,1493,,0.00,abstain,,False,unsupported_between_supported_segments,,,,,frozen_query_path_adjacent_acceptance_interpolation
cam5,1494,,0.00,abstain,,False,unsupported_between_supported_segments,,,,,frozen_query_path_adjacent_acceptance_interpolation
cam5,1495,,0.00,abstain,,False,unsupported_between_supported_segments,,,,,frozen_query_path_adjacent_acceptance_interpolation
cam5,1496,,0.00,abstain,,False,unsupported_between_supported_segments,,,,,frozen_query_path_adjacent_acceptance_interpolation
cam5,1497,,0.00,abstain,,False,unsupported_between_supported_segments,,,,,frozen_query_path_adjacent_acceptance_interpolation
cam5,1498,,0.00,abstain,,False,unsupported_between_supported_segments,,,,,frozen_query_path_adjacent_acceptance_interpolation
cam5,1499,,0.00,abstain,,False,unsupported_between_supported_segments,,,,,frozen_query_path_adjacent_acceptance_interpolation
cam5,1500,,0.00,abstain,,False,unsupported_between_supported_segments,,,,,frozen_query_path_adjacent_acceptance_interpolation
cam5,1501,,0.00,abstain,,False,unsupported_between_supported_segments,,,,,frozen_query_path_adjacent_acceptance_interpolation
cam5,1502,,0.00,abstain,,False,unsupported_between_supported_segments,,,,,frozen_query_path_adjacent_acceptance_interpolation
cam5,1503,,0.00,abstain,,False,unsupported_between_supported_segments,,,,,frozen_query_path_adjacent_acceptance_interpolation
cam5,1504,,0.00,abstain,,False,unsupported_between_supported_segments,,,,,frozen_query_path_adjacent_acceptance_interpolation
cam5,1505,,0.00,abstain,,False,unsupported_between_supported_segments,,,,,frozen_query_path_adjacent_acceptance_interpolation
cam5,1506,,0.00,abstain,,False,unsupported_between_supported_segments,,,,,frozen_query_path_adjacent_acceptance_interpolation
cam5,1507,,0.00,abstain,,False,unsupported_between_supported_segments,,,,,frozen_query_path_adjacent_acceptance_interpolation
cam5,1508,,0.00,abstain,,False,unsupported_between_supported_segments,,,,,frozen_query_path_adjacent_acceptance_interpolation
cam5,1509,,0.00,abstain,,False,unsupported_between_supported_segments,,,,,frozen_query_path_adjacent_acceptance_interpolation
cam5,1510,,0.00,abstain,,False,unsupported_between_supported_segments,,,,,frozen_query_path_adjacent_acceptance_interpolation
cam5,1511,,0.00,abstain,,False,unsupported_between_supported_segments,,,,,frozen_query_path_adjacent_acceptance_interpolation
cam5,1512,,0.00,abstain,,False,unsupported_between_supported_segments,,,,,frozen_query_path_adjacent_acceptance_interpolation
cam5,1513,,0.00,abstain,,False,unsupported_between_supported_segments,,,,,frozen_query_path_adjacent_acceptance_interpolation
cam5,1514,,0.00,abstain,,False,unsupported_between_supported_segments,,,,,frozen_query_path_adjacent_acceptance_interpolation
cam5,1515,,0.00,abstain,,False,unsupported_between_supported_segments,,,,,frozen_query_path_adjacent_acceptance_interpolation
cam5,1516,,0.00,abstain,,False,unsupported_between_supported_segments,,,,,frozen_query_path_adjacent_acceptance_interpolation
cam5,1517,,0.00,abstain,,False,unsupported_between_supported_segments,,,,,frozen_query_path_adjacent_acceptance_interpolation
cam5,1518,,0.00,abstain,,False,unsupported_between_supported_segments,,,,,frozen_query_path_adjacent_acceptance_interpolation
cam5,1519,,0.00,abstain,,False,unsupported_between_supported_segments,,,,,frozen_query_path_adjacent_acceptance_interpolation
cam5,1520,,0.00,abstain,,False,unsupported_between_supported_segments,,,,,frozen_query_path_adjacent_acceptance_interpolation
cam5,1521,,0.00,abstain,,False,unsupported_between_supported_segments,,,,,frozen_query_path_adjacent_acceptance_interpolation
cam5,1522,,0.00,abstain,,False,unsupported_between_supported_segments,,,,,frozen_query_path_adjacent_acceptance_interpolation
cam5,1523,,0.00,abstain,,False,unsupported_between_supported_segments,,,,,frozen_query_path_adjacent_acceptance_interpolation
cam5,1524,,0.00,abstain,,False,unsupported_between_supported_segments,,,,,frozen_query_path_adjacent_acceptance_interpolation
cam5,1525,,0.00,abstain,,False,unsupported_between_supported_segments,,,,,frozen_query_path_adjacent_acceptance_interpolation
cam5,1526,,0.00,abstain,,False,unsupported_between_supported_segments,,,,,frozen_query_path_adjacent_acceptance_interpolation
cam5,1527,,0.00,abstain,,False,unsupported_between_supported_segments,,,,,frozen_query_path_adjacent_acceptance_interpolation
cam5,1528,,0.00,abstain,,False,unsupported_between_supported_segments,,,,,frozen_query_path_adjacent_acceptance_interpolation
cam5,1529,,0.00,abstain,,False,unsupported_between_supported_segments,,,,,frozen_query_path_adjacent_acceptance_interpolation
cam5,1530,,0.00,abstain,,False,unsupported_between_supported_segments,,,,,frozen_query_path_adjacent_acceptance_interpolation
cam5,1531,,0.00,abstain,,False,unsupported_between_supported_segments,,,,,frozen_query_path_adjacent_acceptance_interpolation
cam5,1532,,0.00,abstain,,False,unsupported_between_supported_segments,,,,,frozen_query_path_adjacent_acceptance_interpolation
cam5,1533,,0.00,abstain,,False,unsupported_between_supported_segments,,,,,frozen_query_path_adjacent_acceptance_interpolation
cam5,1534,,0.00,abstain,,False,unsupported_between_supported_segments,,,,,frozen_query_path_adjacent_acceptance_interpolation
cam5,1535,,0.00,abstain,,False,unsupported_between_supported_segments,,,,,frozen_query_path_adjacent_acceptance_interpolation
cam5,1536,,0.00,abstain,,False,unsupported_between_supported_segments,,,,,frozen_query_path_adjacent_acceptance_interpolation
cam5,1537,,0.00,abstain,,False,unsupported_between_supported_segments,,,,,frozen_query_path_adjacent_acceptance_interpolation
cam5,1538,,0.00,abstain,,False,unsupported_anchor_abstention,,,cam5_A20,abstain_ambiguous_phase,frozen_query_path_adjacent_acceptance_interpolation
cam5,1539,,0.00,abstain,,False,unsupported_between_supported_segments,,,,,frozen_query_path_adjacent_acceptance_interpolation
cam5,1540,,0.00,abstain,,False,unsupported_between_supported_segments,,,,,frozen_query_path_adjacent_acceptance_interpolation
cam5,1541,,0.00,abstain,,False,unsupported_between_supported_segments,,,,,frozen_query_path_adjacent_acceptance_interpolation
cam5,1542,,0.00,abstain,,False,unsupported_between_supported_segments,,,,,frozen_query_path_adjacent_acceptance_interpolation
cam5,1543,,0.00,abstain,,False,unsupported_between_supported_segments,,,,,frozen_query_path_adjacent_acceptance_interpolation
cam5,1544,,0.00,abstain,,False,unsupported_between_supported_segments,,,,,frozen_query_path_adjacent_acceptance_interpolation
cam5,1545,,0.00,abstain,,False,unsupported_between_supported_segments,,,,,frozen_query_path_adjacent_acceptance_interpolation
cam5,1546,,0.00,abstain,,False,unsupported_between_supported_segments,,,,,frozen_query_path_adjacent_acceptance_interpolation
cam5,1547,,0.00,abstain,,False,unsupported_between_supported_segments,,,,,frozen_query_path_adjacent_acceptance_interpolation
cam5,1548,,0.00,abstain,,False,unsupported_between_supported_segments,,,,,frozen_query_path_adjacent_acceptance_interpolation
cam5,1549,,0.00,abstain,,False,unsupported_between_supported_segments,,,,,frozen_query_path_adjacent_acceptance_interpolation
cam5,1550,,0.00,abstain,,False,unsupported_between_supported_segments,,,,,frozen_query_path_adjacent_acceptance_interpolation
cam5,1551,,0.00,abstain,,False,unsupported_between_supported_segments,,,,,frozen_query_path_adjacent_acceptance_interpolation
cam5,1552,,0.00,abstain,,False,unsupported_between_supported_segments,,,,,frozen_query_path_adjacent_acceptance_interpolation
cam5,1553,,0.00,abstain,,False,unsupported_between_supported_segments,,,,,frozen_query_path_adjacent_acceptance_interpolation
cam5,1554,,0.00,abstain,,False,unsupported_between_supported_segments,,,,,frozen_query_path_adjacent_acceptance_interpolation
cam5,1555,,0.00,abstain,,False,unsupported_between_supported_segments,,,,,frozen_query_path_adjacent_acceptance_interpolation
cam5,1556,,0.00,abstain,,False,unsupported_between_supported_segments,,,,,frozen_query_path_adjacent_acceptance_interpolation
cam5,1557,,0.00,abstain,,False,unsupported_between_supported_segments,,,,,frozen_query_path_adjacent_acceptance_interpolation
cam5,1558,,0.00,abstain,,False,unsupported_between_supported_segments,,,,,frozen_query_path_adjacent_acceptance_interpolation
cam5,1559,,0.00,abstain,,False,unsupported_between_supported_segments,,,,,frozen_query_path_adjacent_acceptance_interpolation
cam5,1560,,0.00,abstain,,False,unsupported_between_supported_segments,,,,,frozen_query_path_adjacent_acceptance_interpolation
cam5,1561,,0.00,abstain,,False,unsupported_between_supported_segments,,,,,frozen_query_path_adjacent_acceptance_interpolation
cam5,1562,,0.00,abstain,,False,unsupported_between_supported_segments,,,,,frozen_query_path_adjacent_acceptance_interpolation
cam5,1563,,0.00,abstain,,False,unsupported_between_supported_segments,,,,,frozen_query_path_adjacent_acceptance_interpolation
cam5,1564,,0.00,abstain,,False,unsupported_between_supported_segments,,,,,frozen_query_path_adjacent_acceptance_interpolation
cam5,1565,,0.00,abstain,,False,unsupported_between_supported_segments,,,,,frozen_query_path_adjacent_acceptance_interpolation
cam5,1566,,0.00,abstain,,False,unsupported_between_supported_segments,,,,,frozen_query_path_adjacent_acceptance_interpolation
cam5,1567,,0.00,abstain,,False,unsupported_between_supported_segments,,,,,frozen_query_path_adjacent_acceptance_interpolation
cam5,1568,,0.00,abstain,,False,unsupported_between_supported_segments,,,,,frozen_query_path_adjacent_acceptance_interpolation
cam5,1569,,0.00,abstain,,False,unsupported_between_supported_segments,,,,,frozen_query_path_adjacent_acceptance_interpolation
cam5,1570,,0.00,abstain,,False,unsupported_between_supported_segments,,,,,frozen_query_path_adjacent_acceptance_interpolation
cam5,1571,,0.00,abstain,,False,unsupported_between_supported_segments,,,,,frozen_query_path_adjacent_acceptance_interpolation
cam5,1572,,0.00,abstain,,False,unsupported_between_supported_segments,,,,,frozen_query_path_adjacent_acceptance_interpolation
cam5,1573,,0.00,abstain,,False,unsupported_between_supported_segments,,,,,frozen_query_path_adjacent_acceptance_interpolation
cam5,1574,,0.00,abstain,,False,unsupported_between_supported_segments,,,,,frozen_query_path_adjacent_acceptance_interpolation
cam5,1575,,0.00,abstain,,False,unsupported_between_supported_segments,,,,,frozen_query_path_adjacent_acceptance_interpolation
cam5,1576,,0.00,abstain,,False,unsupported_between_supported_segments,,,,,frozen_query_path_adjacent_acceptance_interpolation
cam5,1577,,0.00,abstain,,False,unsupported_between_supported_segments,,,,,frozen_query_path_adjacent_acceptance_interpolation
cam5,1578,,0.00,abstain,,False,unsupported_between_supported_segments,,,,,frozen_query_path_adjacent_acceptance_interpolation
cam5,1579,,0.00,abstain,,False,unsupported_between_supported_segments,,,,,frozen_query_path_adjacent_acceptance_interpolation
cam5,1580,,0.00,abstain,,False,unsupported_between_supported_segments,,,,,frozen_query_path_adjacent_acceptance_interpolation
cam5,1581,,0.00,abstain,,False,unsupported_between_supported_segments,,,,,frozen_query_path_adjacent_acceptance_interpolation
cam5,1582,,0.00,abstain,,False,unsupported_between_supported_segments,,,,,frozen_query_path_adjacent_acceptance_interpolation
cam5,1583,,0.00,abstain,,False,unsupported_between_supported_segments,,,,,frozen_query_path_adjacent_acceptance_interpolation
cam5,1584,,0.00,abstain,,False,unsupported_between_supported_segments,,,,,frozen_query_path_adjacent_acceptance_interpolation
cam5,1585,,0.00,abstain,,False,unsupported_between_supported_segments,,,,,frozen_query_path_adjacent_acceptance_interpolation
cam5,1586,,0.00,abstain,,False,unsupported_between_supported_segments,,,,,frozen_query_path_adjacent_acceptance_interpolation
cam5,1587,,0.00,abstain,,False,unsupported_between_supported_segments,,,,,frozen_query_path_adjacent_acceptance_interpolation
cam5,1588,,0.00,abstain,,False,unsupported_between_supported_segments,,,,,frozen_query_path_adjacent_acceptance_interpolation
cam5,1589,,0.00,abstain,,False,unsupported_between_supported_segments,,,,,frozen_query_path_adjacent_acceptance_interpolation
cam5,1590,,0.00,abstain,,False,unsupported_between_supported_segments,,,,,frozen_query_path_adjacent_acceptance_interpolation
cam5,1591,,0.00,abstain,,False,unsupported_between_supported_segments,,,,,frozen_query_path_adjacent_acceptance_interpolation
cam5,1592,,0.00,abstain,,False,unsupported_between_supported_segments,,,,,frozen_query_path_adjacent_acceptance_interpolation
cam5,1593,,0.00,abstain,,False,unsupported_between_supported_segments,,,,,frozen_query_path_adjacent_acceptance_interpolation
cam5,1594,,0.00,abstain,,False,unsupported_between_supported_segments,,,,,frozen_query_path_adjacent_acceptance_interpolation
cam5,1595,,0.00,abstain,,False,unsupported_between_supported_segments,,,,,frozen_query_path_adjacent_acceptance_interpolation
cam5,1596,,0.00,abstain,,False,unsupported_between_supported_segments,,,,,frozen_query_path_adjacent_acceptance_interpolation
cam5,1597,,0.00,abstain,,False,unsupported_between_supported_segments,,,,,frozen_query_path_adjacent_acceptance_interpolation
cam5,1598,,0.00,abstain,,False,unsupported_between_supported_segments,,,,,frozen_query_path_adjacent_acceptance_interpolation
cam5,1599,,0.00,abstain,,False,unsupported_between_supported_segments,,,,,frozen_query_path_adjacent_acceptance_interpolation
cam5,1600,,0.00,abstain,,False,unsupported_between_supported_segments,,,,,frozen_query_path_adjacent_acceptance_interpolation
cam5,1601,,0.00,abstain,,False,unsupported_between_supported_segments,,,,,frozen_query_path_adjacent_acceptance_interpolation
cam5,1602,,0.00,abstain,,False,unsupported_between_supported_segments,,,,,frozen_query_path_adjacent_acceptance_interpolation
cam5,1603,,0.00,abstain,,False,unsupported_between_supported_segments,,,,,frozen_query_path_adjacent_acceptance_interpolation
cam5,1604,,0.00,abstain,,False,unsupported_between_supported_segments,,,,,frozen_query_path_adjacent_acceptance_interpolation
cam5,1605,,0.00,abstain,,False,unsupported_between_supported_segments,,,,,frozen_query_path_adjacent_acceptance_interpolation
cam5,1606,,0.00,abstain,,False,unsupported_between_supported_segments,,,,,frozen_query_path_adjacent_acceptance_interpolation
cam5,1607,,0.00,abstain,,False,unsupported_between_supported_segments,,,,,frozen_query_path_adjacent_acceptance_interpolation
cam5,1608,,0.00,abstain,,False,unsupported_anchor_abstention,,,cam5_A21,abstain_weak_or_ambiguous_geometry,frozen_query_path_adjacent_acceptance_interpolation
cam5,1609,,0.00,abstain,,False,unsupported_between_supported_segments,,,,,frozen_query_path_adjacent_acceptance_interpolation
cam5,1610,,0.00,abstain,,False,unsupported_between_supported_segments,,,,,frozen_query_path_adjacent_acceptance_interpolation
cam5,1611,,0.00,abstain,,False,unsupported_between_supported_segments,,,,,frozen_query_path_adjacent_acceptance_interpolation
cam5,1612,,0.00,abstain,,False,unsupported_between_supported_segments,,,,,frozen_query_path_adjacent_acceptance_interpolation
cam5,1613,,0.00,abstain,,False,unsupported_between_supported_segments,,,,,frozen_query_path_adjacent_acceptance_interpolation
cam5,1614,,0.00,abstain,,False,unsupported_between_supported_segments,,,,,frozen_query_path_adjacent_acceptance_interpolation
cam5,1615,,0.00,abstain,,False,unsupported_between_supported_segments,,,,,frozen_query_path_adjacent_acceptance_interpolation
cam5,1616,,0.00,abstain,,False,unsupported_between_supported_segments,,,,,frozen_query_path_adjacent_acceptance_interpolation
cam5,1617,,0.00,abstain,,False,unsupported_between_supported_segments,,,,,frozen_query_path_adjacent_acceptance_interpolation
cam5,1618,,0.00,abstain,,False,unsupported_between_supported_segments,,,,,frozen_query_path_adjacent_acceptance_interpolation
cam5,1619,,0.00,abstain,,False,unsupported_between_supported_segments,,,,,frozen_query_path_adjacent_acceptance_interpolation
cam5,1620,,0.00,abstain,,False,unsupported_between_supported_segments,,,,,frozen_query_path_adjacent_acceptance_interpolation
cam5,1621,,0.00,abstain,,False,unsupported_between_supported_segments,,,,,frozen_query_path_adjacent_acceptance_interpolation
cam5,1622,,0.00,abstain,,False,unsupported_between_supported_segments,,,,,frozen_query_path_adjacent_acceptance_interpolation
cam5,1623,,0.00,abstain,,False,unsupported_between_supported_segments,,,,,frozen_query_path_adjacent_acceptance_interpolation
cam5,1624,,0.00,abstain,,False,unsupported_between_supported_segments,,,,,frozen_query_path_adjacent_acceptance_interpolation
cam5,1625,,0.00,abstain,,False,unsupported_between_supported_segments,,,,,frozen_query_path_adjacent_acceptance_interpolation
cam5,1626,,0.00,abstain,,False,unsupported_between_supported_segments,,,,,frozen_query_path_adjacent_acceptance_interpolation
cam5,1627,,0.00,abstain,,False,unsupported_between_supported_segments,,,,,frozen_query_path_adjacent_acceptance_interpolation
cam5,1628,,0.00,abstain,,False,unsupported_between_supported_segments,,,,,frozen_query_path_adjacent_acceptance_interpolation
cam5,1629,,0.00,abstain,,False,unsupported_between_supported_segments,,,,,frozen_query_path_adjacent_acceptance_interpolation
cam5,1630,,0.00,abstain,,False,unsupported_between_supported_segments,,,,,frozen_query_path_adjacent_acceptance_interpolation
cam5,1631,,0.00,abstain,,False,unsupported_between_supported_segments,,,,,frozen_query_path_adjacent_acceptance_interpolation
cam5,1632,,0.00,abstain,,False,unsupported_between_supported_segments,,,,,frozen_query_path_adjacent_acceptance_interpolation
cam5,1633,,0.00,abstain,,False,unsupported_between_supported_segments,,,,,frozen_query_path_adjacent_acceptance_interpolation
cam5,1634,,0.00,abstain,,False,unsupported_between_supported_segments,,,,,frozen_query_path_adjacent_acceptance_interpolation
cam5,1635,,0.00,abstain,,False,unsupported_between_supported_segments,,,,,frozen_query_path_adjacent_acceptance_interpolation
cam5,1636,,0.00,abstain,,False,unsupported_between_supported_segments,,,,,frozen_query_path_adjacent_acceptance_interpolation
cam5,1637,,0.00,abstain,,False,unsupported_between_supported_segments,,,,,frozen_query_path_adjacent_acceptance_interpolation
cam5,1638,,0.00,abstain,,False,unsupported_between_supported_segments,,,,,frozen_query_path_adjacent_acceptance_interpolation
cam5,1639,,0.00,abstain,,False,unsupported_between_supported_segments,,,,,frozen_query_path_adjacent_acceptance_interpolation
cam5,1640,,0.00,abstain,,False,unsupported_between_supported_segments,,,,,frozen_query_path_adjacent_acceptance_interpolation
cam5,1641,,0.00,abstain,,False,unsupported_between_supported_segments,,,,,frozen_query_path_adjacent_acceptance_interpolation
cam5,1642,,0.00,abstain,,False,unsupported_between_supported_segments,,,,,frozen_query_path_adjacent_acceptance_interpolation
cam5,1643,,0.00,abstain,,False,unsupported_between_supported_segments,,,,,frozen_query_path_adjacent_acceptance_interpolation
cam5,1644,,0.00,abstain,,False,unsupported_between_supported_segments,,,,,frozen_query_path_adjacent_acceptance_interpolation
cam5,1645,,0.00,abstain,,False,unsupported_between_supported_segments,,,,,frozen_query_path_adjacent_acceptance_interpolation
cam5,1646,,0.00,abstain,,False,unsupported_between_supported_segments,,,,,frozen_query_path_adjacent_acceptance_interpolation
cam5,1647,,0.00,abstain,,False,unsupported_between_supported_segments,,,,,frozen_query_path_adjacent_acceptance_interpolation
cam5,1648,,0.00,abstain,,False,unsupported_between_supported_segments,,,,,frozen_query_path_adjacent_acceptance_interpolation
cam5,1649,,0.00,abstain,,False,unsupported_between_supported_segments,,,,,frozen_query_path_adjacent_acceptance_interpolation
cam5,1650,,0.00,abstain,,False,unsupported_between_supported_segments,,,,,frozen_query_path_adjacent_acceptance_interpolation
cam5,1651,,0.00,abstain,,False,unsupported_between_supported_segments,,,,,frozen_query_path_adjacent_acceptance_interpolation
cam5,1652,,0.00,abstain,,False,unsupported_between_supported_segments,,,,,frozen_query_path_adjacent_acceptance_interpolation
cam5,1653,,0.00,abstain,,False,unsupported_between_supported_segments,,,,,frozen_query_path_adjacent_acceptance_interpolation
cam5,1654,,0.00,abstain,,False,unsupported_between_supported_segments,,,,,frozen_query_path_adjacent_acceptance_interpolation
cam5,1655,,0.00,abstain,,False,unsupported_between_supported_segments,,,,,frozen_query_path_adjacent_acceptance_interpolation
cam5,1656,,0.00,abstain,,False,unsupported_between_supported_segments,,,,,frozen_query_path_adjacent_acceptance_interpolation
cam5,1657,,0.00,abstain,,False,unsupported_between_supported_segments,,,,,frozen_query_path_adjacent_acceptance_interpolation
cam5,1658,,0.00,abstain,,False,unsupported_between_supported_segments,,,,,frozen_query_path_adjacent_acceptance_interpolation
cam5,1659,,0.00,abstain,,False,unsupported_between_supported_segments,,,,,frozen_query_path_adjacent_acceptance_interpolation
cam5,1660,,0.00,abstain,,False,unsupported_between_supported_segments,,,,,frozen_query_path_adjacent_acceptance_interpolation
cam5,1661,,0.00,abstain,,False,unsupported_between_supported_segments,,,,,frozen_query_path_adjacent_acceptance_interpolation
cam5,1662,,0.00,abstain,,False,unsupported_between_supported_segments,,,,,frozen_query_path_adjacent_acceptance_interpolation
cam5,1663,,0.00,abstain,,False,unsupported_between_supported_segments,,,,,frozen_query_path_adjacent_acceptance_interpolation
cam5,1664,,0.00,abstain,,False,unsupported_between_supported_segments,,,,,frozen_query_path_adjacent_acceptance_interpolation
cam5,1665,,0.00,abstain,,False,unsupported_between_supported_segments,,,,,frozen_query_path_adjacent_acceptance_interpolation
cam5,1666,,0.00,abstain,,False,unsupported_between_supported_segments,,,,,frozen_query_path_adjacent_acceptance_interpolation
cam5,1667,,0.00,abstain,,False,unsupported_between_supported_segments,,,,,frozen_query_path_adjacent_acceptance_interpolation
cam5,1668,,0.00,abstain,,False,unsupported_between_supported_segments,,,,,frozen_query_path_adjacent_acceptance_interpolation
cam5,1669,,0.00,abstain,,False,unsupported_between_supported_segments,,,,,frozen_query_path_adjacent_acceptance_interpolation
cam5,1670,,0.00,abstain,,False,unsupported_between_supported_segments,,,,,frozen_query_path_adjacent_acceptance_interpolation
cam5,1671,,0.00,abstain,,False,unsupported_between_supported_segments,,,,,frozen_query_path_adjacent_acceptance_interpolation
cam5,1672,,0.00,abstain,,False,unsupported_between_supported_segments,,,,,frozen_query_path_adjacent_acceptance_interpolation
cam5,1673,,0.00,abstain,,False,unsupported_between_supported_segments,,,,,frozen_query_path_adjacent_acceptance_interpolation
cam5,1674,,0.00,abstain,,False,unsupported_between_supported_segments,,,,,frozen_query_path_adjacent_acceptance_interpolation
cam5,1675,,0.00,abstain,,False,unsupported_anchor_abstention,,,cam5_A22,abstain_weak_or_ambiguous_geometry,frozen_query_path_adjacent_acceptance_interpolation
cam5,1676,,0.00,abstain,,False,unsupported_between_supported_segments,,,,,frozen_query_path_adjacent_acceptance_interpolation
cam5,1677,,0.00,abstain,,False,unsupported_between_supported_segments,,,,,frozen_query_path_adjacent_acceptance_interpolation
cam5,1678,,0.00,abstain,,False,unsupported_between_supported_segments,,,,,frozen_query_path_adjacent_acceptance_interpolation
cam5,1679,,0.00,abstain,,False,unsupported_between_supported_segments,,,,,frozen_query_path_adjacent_acceptance_interpolation
cam5,1680,,0.00,abstain,,False,unsupported_between_supported_segments,,,,,frozen_query_path_adjacent_acceptance_interpolation
cam5,1681,,0.00,abstain,,False,unsupported_between_supported_segments,,,,,frozen_query_path_adjacent_acceptance_interpolation
cam5,1682,,0.00,abstain,,False,unsupported_between_supported_segments,,,,,frozen_query_path_adjacent_acceptance_interpolation
cam5,1683,,0.00,abstain,,False,unsupported_between_supported_segments,,,,,frozen_query_path_adjacent_acceptance_interpolation
cam5,1684,,0.00,abstain,,False,unsupported_between_supported_segments,,,,,frozen_query_path_adjacent_acceptance_interpolation
cam5,1685,,0.00,abstain,,False,unsupported_between_supported_segments,,,,,frozen_query_path_adjacent_acceptance_interpolation
cam5,1686,,0.00,abstain,,False,unsupported_between_supported_segments,,,,,frozen_query_path_adjacent_acceptance_interpolation
cam5,1687,,0.00,abstain,,False,unsupported_between_supported_segments,,,,,frozen_query_path_adjacent_acceptance_interpolation
cam5,1688,,0.00,abstain,,False,unsupported_between_supported_segments,,,,,frozen_query_path_adjacent_acceptance_interpolation
cam5,1689,,0.00,abstain,,False,unsupported_between_supported_segments,,,,,frozen_query_path_adjacent_acceptance_interpolation
cam5,1690,,0.00,abstain,,False,unsupported_between_supported_segments,,,,,frozen_query_path_adjacent_acceptance_interpolation
cam5,1691,,0.00,abstain,,False,unsupported_between_supported_segments,,,,,frozen_query_path_adjacent_acceptance_interpolation
cam5,1692,,0.00,abstain,,False,unsupported_between_supported_segments,,,,,frozen_query_path_adjacent_acceptance_interpolation
cam5,1693,,0.00,abstain,,False,unsupported_between_supported_segments,,,,,frozen_query_path_adjacent_acceptance_interpolation
cam5,1694,,0.00,abstain,,False,unsupported_between_supported_segments,,,,,frozen_query_path_adjacent_acceptance_interpolation
cam5,1695,,0.00,abstain,,False,unsupported_between_supported_segments,,,,,frozen_query_path_adjacent_acceptance_interpolation
cam5,1696,,0.00,abstain,,False,unsupported_between_supported_segments,,,,,frozen_query_path_adjacent_acceptance_interpolation
cam5,1697,,0.00,abstain,,False,unsupported_between_supported_segments,,,,,frozen_query_path_adjacent_acceptance_interpolation
cam5,1698,,0.00,abstain,,False,unsupported_between_supported_segments,,,,,frozen_query_path_adjacent_acceptance_interpolation
cam5,1699,,0.00,abstain,,False,unsupported_between_supported_segments,,,,,frozen_query_path_adjacent_acceptance_interpolation
cam5,1700,,0.00,abstain,,False,unsupported_between_supported_segments,,,,,frozen_query_path_adjacent_acceptance_interpolation
cam5,1701,,0.00,abstain,,False,unsupported_between_supported_segments,,,,,frozen_query_path_adjacent_acceptance_interpolation
cam5,1702,,0.00,abstain,,False,unsupported_between_supported_segments,,,,,frozen_query_path_adjacent_acceptance_interpolation
cam5,1703,,0.00,abstain,,False,unsupported_between_supported_segments,,,,,frozen_query_path_adjacent_acceptance_interpolation
cam5,1704,,0.00,abstain,,False,unsupported_between_supported_segments,,,,,frozen_query_path_adjacent_acceptance_interpolation
cam5,1705,,0.00,abstain,,False,unsupported_between_supported_segments,,,,,frozen_query_path_adjacent_acceptance_interpolation
cam5,1706,,0.00,abstain,,False,unsupported_between_supported_segments,,,,,frozen_query_path_adjacent_acceptance_interpolation
cam5,1707,,0.00,abstain,,False,unsupported_between_supported_segments,,,,,frozen_query_path_adjacent_acceptance_interpolation
cam5,1708,,0.00,abstain,,False,unsupported_between_supported_segments,,,,,frozen_query_path_adjacent_acceptance_interpolation
cam5,1709,,0.00,abstain,,False,unsupported_between_supported_segments,,,,,frozen_query_path_adjacent_acceptance_interpolation
cam5,1710,,0.00,abstain,,False,unsupported_between_supported_segments,,,,,frozen_query_path_adjacent_acceptance_interpolation
cam5,1711,,0.00,abstain,,False,unsupported_between_supported_segments,,,,,frozen_query_path_adjacent_acceptance_interpolation
cam5,1712,,0.00,abstain,,False,unsupported_between_supported_segments,,,,,frozen_query_path_adjacent_acceptance_interpolation
cam5,1713,,0.00,abstain,,False,unsupported_between_supported_segments,,,,,frozen_query_path_adjacent_acceptance_interpolation
cam5,1714,,0.00,abstain,,False,unsupported_between_supported_segments,,,,,frozen_query_path_adjacent_acceptance_interpolation
cam5,1715,,0.00,abstain,,False,unsupported_between_supported_segments,,,,,frozen_query_path_adjacent_acceptance_interpolation
cam5,1716,,0.00,abstain,,False,unsupported_between_supported_segments,,,,,frozen_query_path_adjacent_acceptance_interpolation
cam5,1717,,0.00,abstain,,False,unsupported_between_supported_segments,,,,,frozen_query_path_adjacent_acceptance_interpolation
cam5,1718,,0.00,abstain,,False,unsupported_between_supported_segments,,,,,frozen_query_path_adjacent_acceptance_interpolation
cam5,1719,,0.00,abstain,,False,unsupported_between_supported_segments,,,,,frozen_query_path_adjacent_acceptance_interpolation
cam5,1720,,0.00,abstain,,False,unsupported_between_supported_segments,,,,,frozen_query_path_adjacent_acceptance_interpolation
cam5,1721,,0.00,abstain,,False,unsupported_between_supported_segments,,,,,frozen_query_path_adjacent_acceptance_interpolation
cam5,1722,,0.00,abstain,,False,unsupported_between_supported_segments,,,,,frozen_query_path_adjacent_acceptance_interpolation
cam5,1723,,0.00,abstain,,False,unsupported_between_supported_segments,,,,,frozen_query_path_adjacent_acceptance_interpolation
cam5,1724,,0.00,abstain,,False,unsupported_between_supported_segments,,,,,frozen_query_path_adjacent_acceptance_interpolation
cam5,1725,,0.00,abstain,,False,unsupported_between_supported_segments,,,,,frozen_query_path_adjacent_acceptance_interpolation
cam5,1726,,0.00,abstain,,False,unsupported_between_supported_segments,,,,,frozen_query_path_adjacent_acceptance_interpolation
cam5,1727,,0.00,abstain,,False,unsupported_between_supported_segments,,,,,frozen_query_path_adjacent_acceptance_interpolation
cam5,1728,,0.00,abstain,,False,unsupported_between_supported_segments,,,,,frozen_query_path_adjacent_acceptance_interpolation
cam5,1729,,0.00,abstain,,False,unsupported_between_supported_segments,,,,,frozen_query_path_adjacent_acceptance_interpolation
cam5,1730,,0.00,abstain,,False,unsupported_between_supported_segments,,,,,frozen_query_path_adjacent_acceptance_interpolation
cam5,1731,,0.00,abstain,,False,unsupported_between_supported_segments,,,,,frozen_query_path_adjacent_acceptance_interpolation
cam5,1732,,0.00,abstain,,False,unsupported_between_supported_segments,,,,,frozen_query_path_adjacent_acceptance_interpolation
cam5,1733,,0.00,abstain,,False,unsupported_between_supported_segments,,,,,frozen_query_path_adjacent_acceptance_interpolation
cam5,1734,,0.00,abstain,,False,unsupported_between_supported_segments,,,,,frozen_query_path_adjacent_acceptance_interpolation
cam5,1735,,0.00,abstain,,False,unsupported_between_supported_segments,,,,,frozen_query_path_adjacent_acceptance_interpolation
cam5,1736,,0.00,abstain,,False,unsupported_between_supported_segments,,,,,frozen_query_path_adjacent_acceptance_interpolation
cam5,1737,,0.00,abstain,,False,unsupported_between_supported_segments,,,,,frozen_query_path_adjacent_acceptance_interpolation
cam5,1738,,0.00,abstain,,False,unsupported_between_supported_segments,,,,,frozen_query_path_adjacent_acceptance_interpolation
cam5,1739,,0.00,abstain,,False,unsupported_between_supported_segments,,,,,frozen_query_path_adjacent_acceptance_interpolation
cam5,1740,,0.00,abstain,,False,unsupported_between_supported_segments,,,,,frozen_query_path_adjacent_acceptance_interpolation
cam5,1741,,0.00,abstain,,False,unsupported_between_supported_segments,,,,,frozen_query_path_adjacent_acceptance_interpolation
cam5,1742,,0.00,abstain,,False,unsupported_between_supported_segments,,,,,frozen_query_path_adjacent_acceptance_interpolation
cam5,1743,,0.00,abstain,,False,unsupported_between_supported_segments,,,,,frozen_query_path_adjacent_acceptance_interpolation
cam5,1744,,0.00,abstain,,False,unsupported_between_supported_segments,,,,,frozen_query_path_adjacent_acceptance_interpolation
cam5,1745,,0.00,abstain,,False,unsupported_between_supported_segments,,,,,frozen_query_path_adjacent_acceptance_interpolation
cam5,1746,,0.00,abstain,,False,unsupported_between_supported_segments,,,,,frozen_query_path_adjacent_acceptance_interpolation
cam5,1747,1688,1.00,uncalibrated_geometry_anchor,0.515774,False,geometry_supported_anchor,cam5_A23,cam5_A23,cam5_A23,match_unverified_geometry_supported,frozen_query_path_adjacent_acceptance_interpolation
cam5,1748,1689,0.50,uncalibrated_bounded_interpolation,0.515774,False,bounded_interpolation,cam5_A23,cam5_A24,,,frozen_query_path_adjacent_acceptance_interpolation
cam5,1749,1690,0.50,uncalibrated_bounded_interpolation,0.515774,False,bounded_interpolation,cam5_A23,cam5_A24,,,frozen_query_path_adjacent_acceptance_interpolation
cam5,1750,1691,0.50,uncalibrated_bounded_interpolation,0.515774,False,bounded_interpolation,cam5_A23,cam5_A24,,,frozen_query_path_adjacent_acceptance_interpolation
cam5,1751,1692,0.50,uncalibrated_bounded_interpolation,0.515774,False,bounded_interpolation,cam5_A23,cam5_A24,,,frozen_query_path_adjacent_acceptance_interpolation
cam5,1752,1694,0.50,uncalibrated_bounded_interpolation,0.515774,False,bounded_interpolation,cam5_A23,cam5_A24,,,frozen_query_path_adjacent_acceptance_interpolation
cam5,1753,1695,0.50,uncalibrated_bounded_interpolation,0.515774,False,bounded_interpolation,cam5_A23,cam5_A24,,,frozen_query_path_adjacent_acceptance_interpolation
cam5,1754,1696,0.50,uncalibrated_bounded_interpolation,0.515774,False,bounded_interpolation,cam5_A23,cam5_A24,,,frozen_query_path_adjacent_acceptance_interpolation
cam5,1755,1697,0.50,uncalibrated_bounded_interpolation,0.515774,False,bounded_interpolation,cam5_A23,cam5_A24,,,frozen_query_path_adjacent_acceptance_interpolation
cam5,1756,1698,0.50,uncalibrated_bounded_interpolation,0.515774,False,bounded_interpolation,cam5_A23,cam5_A24,,,frozen_query_path_adjacent_acceptance_interpolation
cam5,1757,1699,0.50,uncalibrated_bounded_interpolation,0.515774,False,bounded_interpolation,cam5_A23,cam5_A24,,,frozen_query_path_adjacent_acceptance_interpolation
cam5,1758,1700,0.50,uncalibrated_bounded_interpolation,0.515774,False,bounded_interpolation,cam5_A23,cam5_A24,,,frozen_query_path_adjacent_acceptance_interpolation
cam5,1759,1701,0.50,uncalibrated_bounded_interpolation,0.515774,False,bounded_interpolation,cam5_A23,cam5_A24,,,frozen_query_path_adjacent_acceptance_interpolation
cam5,1760,1702,0.50,uncalibrated_bounded_interpolation,0.515774,False,bounded_interpolation,cam5_A23,cam5_A24,,,frozen_query_path_adjacent_acceptance_interpolation
cam5,1761,1704,0.50,uncalibrated_bounded_interpolation,0.515774,False,bounded_interpolation,cam5_A23,cam5_A24,,,frozen_query_path_adjacent_acceptance_interpolation
cam5,1762,1705,0.50,uncalibrated_bounded_interpolation,0.515774,False,bounded_interpolation,cam5_A23,cam5_A24,,,frozen_query_path_adjacent_acceptance_interpolation
cam5,1763,1706,0.50,uncalibrated_bounded_interpolation,0.515774,False,bounded_interpolation,cam5_A23,cam5_A24,,,frozen_query_path_adjacent_acceptance_interpolation
cam5,1764,1707,0.50,uncalibrated_bounded_interpolation,0.515774,False,bounded_interpolation,cam5_A23,cam5_A24,,,frozen_query_path_adjacent_acceptance_interpolation
cam5,1765,1708,0.50,uncalibrated_bounded_interpolation,0.515774,False,bounded_interpolation,cam5_A23,cam5_A24,,,frozen_query_path_adjacent_acceptance_interpolation
cam5,1766,1709,0.50,uncalibrated_bounded_interpolation,0.515774,False,bounded_interpolation,cam5_A23,cam5_A24,,,frozen_query_path_adjacent_acceptance_interpolation
cam5,1767,1710,0.50,uncalibrated_bounded_interpolation,0.515774,False,bounded_interpolation,cam5_A23,cam5_A24,,,frozen_query_path_adjacent_acceptance_interpolation
cam5,1768,1711,0.50,uncalibrated_bounded_interpolation,0.515774,False,bounded_interpolation,cam5_A23,cam5_A24,,,frozen_query_path_adjacent_acceptance_interpolation
cam5,1769,1712,0.50,uncalibrated_bounded_interpolation,0.515774,False,bounded_interpolation,cam5_A23,cam5_A24,,,frozen_query_path_adjacent_acceptance_interpolation
cam5,1770,1714,0.50,uncalibrated_bounded_interpolation,0.515774,False,bounded_interpolation,cam5_A23,cam5_A24,,,frozen_query_path_adjacent_acceptance_interpolation
cam5,1771,1715,0.50,uncalibrated_bounded_interpolation,0.515774,False,bounded_interpolation,cam5_A23,cam5_A24,,,frozen_query_path_adjacent_acceptance_interpolation
cam5,1772,1716,0.50,uncalibrated_bounded_interpolation,0.515774,False,bounded_interpolation,cam5_A23,cam5_A24,,,frozen_query_path_adjacent_acceptance_interpolation
cam5,1773,1717,0.50,uncalibrated_bounded_interpolation,0.515774,False,bounded_interpolation,cam5_A23,cam5_A24,,,frozen_query_path_adjacent_acceptance_interpolation
cam5,1774,1718,0.50,uncalibrated_bounded_interpolation,0.515774,False,bounded_interpolation,cam5_A23,cam5_A24,,,frozen_query_path_adjacent_acceptance_interpolation
cam5,1775,1719,0.50,uncalibrated_bounded_interpolation,0.515774,False,bounded_interpolation,cam5_A23,cam5_A24,,,frozen_query_path_adjacent_acceptance_interpolation
cam5,1776,1720,0.50,uncalibrated_bounded_interpolation,0.515774,False,bounded_interpolation,cam5_A23,cam5_A24,,,frozen_query_path_adjacent_acceptance_interpolation
cam5,1777,1721,0.50,uncalibrated_bounded_interpolation,0.515774,False,bounded_interpolation,cam5_A23,cam5_A24,,,frozen_query_path_adjacent_acceptance_interpolation
cam5,1778,1722,0.50,uncalibrated_bounded_interpolation,0.515774,False,bounded_interpolation,cam5_A23,cam5_A24,,,frozen_query_path_adjacent_acceptance_interpolation
cam5,1779,1724,0.50,uncalibrated_bounded_interpolation,0.515774,False,bounded_interpolation,cam5_A23,cam5_A24,,,frozen_query_path_adjacent_acceptance_interpolation
cam5,1780,1725,0.50,uncalibrated_bounded_interpolation,0.515774,False,bounded_interpolation,cam5_A23,cam5_A24,,,frozen_query_path_adjacent_acceptance_interpolation
cam5,1781,1726,0.50,uncalibrated_bounded_interpolation,0.515774,False,bounded_interpolation,cam5_A23,cam5_A24,,,frozen_query_path_adjacent_acceptance_interpolation
cam5,1782,1727,0.50,uncalibrated_bounded_interpolation,0.515774,False,bounded_interpolation,cam5_A23,cam5_A24,,,frozen_query_path_adjacent_acceptance_interpolation
cam5,1783,1728,0.50,uncalibrated_bounded_interpolation,0.515774,False,bounded_interpolation,cam5_A23,cam5_A24,,,frozen_query_path_adjacent_acceptance_interpolation
cam5,1784,1729,0.50,uncalibrated_bounded_interpolation,0.515774,False,bounded_interpolation,cam5_A23,cam5_A24,,,frozen_query_path_adjacent_acceptance_interpolation
cam5,1785,1730,0.50,uncalibrated_bounded_interpolation,0.515774,False,bounded_interpolation,cam5_A23,cam5_A24,,,frozen_query_path_adjacent_acceptance_interpolation
cam5,1786,1731,0.50,uncalibrated_bounded_interpolation,0.515774,False,bounded_interpolation,cam5_A23,cam5_A24,,,frozen_query_path_adjacent_acceptance_interpolation
cam5,1787,1733,0.50,uncalibrated_bounded_interpolation,0.515774,False,bounded_interpolation,cam5_A23,cam5_A24,,,frozen_query_path_adjacent_acceptance_interpolation
cam5,1788,1734,0.50,uncalibrated_bounded_interpolation,0.515774,False,bounded_interpolation,cam5_A23,cam5_A24,,,frozen_query_path_adjacent_acceptance_interpolation
cam5,1789,1735,0.50,uncalibrated_bounded_interpolation,0.515774,False,bounded_interpolation,cam5_A23,cam5_A24,,,frozen_query_path_adjacent_acceptance_interpolation
cam5,1790,1736,0.50,uncalibrated_bounded_interpolation,0.515774,False,bounded_interpolation,cam5_A23,cam5_A24,,,frozen_query_path_adjacent_acceptance_interpolation
cam5,1791,1737,0.50,uncalibrated_bounded_interpolation,0.515774,False,bounded_interpolation,cam5_A23,cam5_A24,,,frozen_query_path_adjacent_acceptance_interpolation
cam5,1792,1738,0.50,uncalibrated_bounded_interpolation,0.515774,False,bounded_interpolation,cam5_A23,cam5_A24,,,frozen_query_path_adjacent_acceptance_interpolation
cam5,1793,1739,0.50,uncalibrated_bounded_interpolation,0.515774,False,bounded_interpolation,cam5_A23,cam5_A24,,,frozen_query_path_adjacent_acceptance_interpolation
cam5,1794,1740,0.50,uncalibrated_bounded_interpolation,0.515774,False,bounded_interpolation,cam5_A23,cam5_A24,,,frozen_query_path_adjacent_acceptance_interpolation
cam5,1795,1741,0.50,uncalibrated_bounded_interpolation,0.515774,False,bounded_interpolation,cam5_A23,cam5_A24,,,frozen_query_path_adjacent_acceptance_interpolation
cam5,1796,1743,0.50,uncalibrated_bounded_interpolation,0.515774,False,bounded_interpolation,cam5_A23,cam5_A24,,,frozen_query_path_adjacent_acceptance_interpolation
cam5,1797,1744,0.50,uncalibrated_bounded_interpolation,0.515774,False,bounded_interpolation,cam5_A23,cam5_A24,,,frozen_query_path_adjacent_acceptance_interpolation
cam5,1798,1745,0.50,uncalibrated_bounded_interpolation,0.515774,False,bounded_interpolation,cam5_A23,cam5_A24,,,frozen_query_path_adjacent_acceptance_interpolation
cam5,1799,1746,0.50,uncalibrated_bounded_interpolation,0.515774,False,bounded_interpolation,cam5_A23,cam5_A24,,,frozen_query_path_adjacent_acceptance_interpolation
cam5,1800,1747,0.50,uncalibrated_bounded_interpolation,0.515774,False,bounded_interpolation,cam5_A23,cam5_A24,,,frozen_query_path_adjacent_acceptance_interpolation
cam5,1801,1748,0.50,uncalibrated_bounded_interpolation,0.515774,False,bounded_interpolation,cam5_A23,cam5_A24,,,frozen_query_path_adjacent_acceptance_interpolation
cam5,1802,1749,0.50,uncalibrated_bounded_interpolation,0.515774,False,bounded_interpolation,cam5_A23,cam5_A24,,,frozen_query_path_adjacent_acceptance_interpolation
cam5,1803,1750,0.50,uncalibrated_bounded_interpolation,0.515774,False,bounded_interpolation,cam5_A23,cam5_A24,,,frozen_query_path_adjacent_acceptance_interpolation
cam5,1804,1751,0.50,uncalibrated_bounded_interpolation,0.515774,False,bounded_interpolation,cam5_A23,cam5_A24,,,frozen_query_path_adjacent_acceptance_interpolation
cam5,1805,1753,0.50,uncalibrated_bounded_interpolation,0.515774,False,bounded_interpolation,cam5_A23,cam5_A24,,,frozen_query_path_adjacent_acceptance_interpolation
cam5,1806,1754,0.50,uncalibrated_bounded_interpolation,0.515774,False,bounded_interpolation,cam5_A23,cam5_A24,,,frozen_query_path_adjacent_acceptance_interpolation
cam5,1807,1755,0.50,uncalibrated_bounded_interpolation,0.515774,False,bounded_interpolation,cam5_A23,cam5_A24,,,frozen_query_path_adjacent_acceptance_interpolation
cam5,1808,1756,0.50,uncalibrated_bounded_interpolation,0.515774,False,bounded_interpolation,cam5_A23,cam5_A24,,,frozen_query_path_adjacent_acceptance_interpolation
cam5,1809,1757,0.50,uncalibrated_bounded_interpolation,0.515774,False,bounded_interpolation,cam5_A23,cam5_A24,,,frozen_query_path_adjacent_acceptance_interpolation
cam5,1810,1758,0.50,uncalibrated_bounded_interpolation,0.515774,False,bounded_interpolation,cam5_A23,cam5_A24,,,frozen_query_path_adjacent_acceptance_interpolation
cam5,1811,1759,0.50,uncalibrated_bounded_interpolation,0.515774,False,bounded_interpolation,cam5_A23,cam5_A24,,,frozen_query_path_adjacent_acceptance_interpolation
cam5,1812,1760,0.50,uncalibrated_bounded_interpolation,0.515774,False,bounded_interpolation,cam5_A23,cam5_A24,,,frozen_query_path_adjacent_acceptance_interpolation
cam5,1813,1761,0.50,uncalibrated_bounded_interpolation,0.515774,False,bounded_interpolation,cam5_A23,cam5_A24,,,frozen_query_path_adjacent_acceptance_interpolation
cam5,1814,1763,0.50,uncalibrated_bounded_interpolation,0.515774,False,bounded_interpolation,cam5_A23,cam5_A24,,,frozen_query_path_adjacent_acceptance_interpolation
cam5,1815,1764,0.50,uncalibrated_bounded_interpolation,0.515774,False,bounded_interpolation,cam5_A23,cam5_A24,,,frozen_query_path_adjacent_acceptance_interpolation
cam5,1816,1765,0.50,uncalibrated_bounded_interpolation,0.515774,False,bounded_interpolation,cam5_A23,cam5_A24,,,frozen_query_path_adjacent_acceptance_interpolation
cam5,1817,1766,0.50,uncalibrated_bounded_interpolation,0.515774,False,bounded_interpolation,cam5_A23,cam5_A24,,,frozen_query_path_adjacent_acceptance_interpolation
cam5,1818,1767,1.00,uncalibrated_geometry_anchor,0.647672,False,geometry_supported_anchor,cam5_A24,cam5_A24,cam5_A24,match_unverified_geometry_supported,frozen_query_path_adjacent_acceptance_interpolation
cam5,1819,1768,0.50,uncalibrated_bounded_interpolation,0.431322,False,bounded_interpolation,cam5_A24,cam5_A25,,,frozen_query_path_adjacent_acceptance_interpolation
cam5,1820,1769,0.50,uncalibrated_bounded_interpolation,0.431322,False,bounded_interpolation,cam5_A24,cam5_A25,,,frozen_query_path_adjacent_acceptance_interpolation
cam5,1821,1770,0.50,uncalibrated_bounded_interpolation,0.431322,False,bounded_interpolation,cam5_A24,cam5_A25,,,frozen_query_path_adjacent_acceptance_interpolation
cam5,1822,1771,0.50,uncalibrated_bounded_interpolation,0.431322,False,bounded_interpolation,cam5_A24,cam5_A25,,,frozen_query_path_adjacent_acceptance_interpolation
cam5,1823,1772,0.50,uncalibrated_bounded_interpolation,0.431322,False,bounded_interpolation,cam5_A24,cam5_A25,,,frozen_query_path_adjacent_acceptance_interpolation
cam5,1824,1773,0.50,uncalibrated_bounded_interpolation,0.431322,False,bounded_interpolation,cam5_A24,cam5_A25,,,frozen_query_path_adjacent_acceptance_interpolation
cam5,1825,1774,0.50,uncalibrated_bounded_interpolation,0.431322,False,bounded_interpolation,cam5_A24,cam5_A25,,,frozen_query_path_adjacent_acceptance_interpolation
cam5,1826,1775,0.50,uncalibrated_bounded_interpolation,0.431322,False,bounded_interpolation,cam5_A24,cam5_A25,,,frozen_query_path_adjacent_acceptance_interpolation
cam5,1827,1776,0.50,uncalibrated_bounded_interpolation,0.431322,False,bounded_interpolation,cam5_A24,cam5_A25,,,frozen_query_path_adjacent_acceptance_interpolation
cam5,1828,1777,0.50,uncalibrated_bounded_interpolation,0.431322,False,bounded_interpolation,cam5_A24,cam5_A25,,,frozen_query_path_adjacent_acceptance_interpolation
cam5,1829,1778,0.50,uncalibrated_bounded_interpolation,0.431322,False,bounded_interpolation,cam5_A24,cam5_A25,,,frozen_query_path_adjacent_acceptance_interpolation
cam5,1830,1779,0.50,uncalibrated_bounded_interpolation,0.431322,False,bounded_interpolation,cam5_A24,cam5_A25,,,frozen_query_path_adjacent_acceptance_interpolation
cam5,1831,1780,0.50,uncalibrated_bounded_interpolation,0.431322,False,bounded_interpolation,cam5_A24,cam5_A25,,,frozen_query_path_adjacent_acceptance_interpolation
cam5,1832,1781,0.50,uncalibrated_bounded_interpolation,0.431322,False,bounded_interpolation,cam5_A24,cam5_A25,,,frozen_query_path_adjacent_acceptance_interpolation
cam5,1833,1782,0.50,uncalibrated_bounded_interpolation,0.431322,False,bounded_interpolation,cam5_A24,cam5_A25,,,frozen_query_path_adjacent_acceptance_interpolation
cam5,1834,1783,0.50,uncalibrated_bounded_interpolation,0.431322,False,bounded_interpolation,cam5_A24,cam5_A25,,,frozen_query_path_adjacent_acceptance_interpolation
cam5,1835,1784,0.50,uncalibrated_bounded_interpolation,0.431322,False,bounded_interpolation,cam5_A24,cam5_A25,,,frozen_query_path_adjacent_acceptance_interpolation
cam5,1836,1785,0.50,uncalibrated_bounded_interpolation,0.431322,False,bounded_interpolation,cam5_A24,cam5_A25,,,frozen_query_path_adjacent_acceptance_interpolation
cam5,1837,1786,0.50,uncalibrated_bounded_interpolation,0.431322,False,bounded_interpolation,cam5_A24,cam5_A25,,,frozen_query_path_adjacent_acceptance_interpolation
cam5,1838,1787,0.50,uncalibrated_bounded_interpolation,0.431322,False,bounded_interpolation,cam5_A24,cam5_A25,,,frozen_query_path_adjacent_acceptance_interpolation
cam5,1839,1788,0.50,uncalibrated_bounded_interpolation,0.431322,False,bounded_interpolation,cam5_A24,cam5_A25,,,frozen_query_path_adjacent_acceptance_interpolation
cam5,1840,1789,0.50,uncalibrated_bounded_interpolation,0.431322,False,bounded_interpolation,cam5_A24,cam5_A25,,,frozen_query_path_adjacent_acceptance_interpolation
cam5,1841,1790,0.50,uncalibrated_bounded_interpolation,0.431322,False,bounded_interpolation,cam5_A24,cam5_A25,,,frozen_query_path_adjacent_acceptance_interpolation
cam5,1842,1791,0.50,uncalibrated_bounded_interpolation,0.431322,False,bounded_interpolation,cam5_A24,cam5_A25,,,frozen_query_path_adjacent_acceptance_interpolation
cam5,1843,1792,0.50,uncalibrated_bounded_interpolation,0.431322,False,bounded_interpolation,cam5_A24,cam5_A25,,,frozen_query_path_adjacent_acceptance_interpolation
cam5,1844,1793,0.50,uncalibrated_bounded_interpolation,0.431322,False,bounded_interpolation,cam5_A24,cam5_A25,,,frozen_query_path_adjacent_acceptance_interpolation
cam5,1845,1794,0.50,uncalibrated_bounded_interpolation,0.431322,False,bounded_interpolation,cam5_A24,cam5_A25,,,frozen_query_path_adjacent_acceptance_interpolation
cam5,1846,1795,0.50,uncalibrated_bounded_interpolation,0.431322,False,bounded_interpolation,cam5_A24,cam5_A25,,,frozen_query_path_adjacent_acceptance_interpolation
cam5,1847,1796,0.50,uncalibrated_bounded_interpolation,0.431322,False,bounded_interpolation,cam5_A24,cam5_A25,,,frozen_query_path_adjacent_acceptance_interpolation
cam5,1848,1797,0.50,uncalibrated_bounded_interpolation,0.431322,False,bounded_interpolation,cam5_A24,cam5_A25,,,frozen_query_path_adjacent_acceptance_interpolation
cam5,1849,1798,0.50,uncalibrated_bounded_interpolation,0.431322,False,bounded_interpolation,cam5_A24,cam5_A25,,,frozen_query_path_adjacent_acceptance_interpolation
cam5,1850,1799,0.50,uncalibrated_bounded_interpolation,0.431322,False,bounded_interpolation,cam5_A24,cam5_A25,,,frozen_query_path_adjacent_acceptance_interpolation
cam5,1851,1800,0.50,uncalibrated_bounded_interpolation,0.431322,False,bounded_interpolation,cam5_A24,cam5_A25,,,frozen_query_path_adjacent_acceptance_interpolation
cam5,1852,1801,0.50,uncalibrated_bounded_interpolation,0.431322,False,bounded_interpolation,cam5_A24,cam5_A25,,,frozen_query_path_adjacent_acceptance_interpolation
cam5,1853,1803,0.50,uncalibrated_bounded_interpolation,0.431322,False,bounded_interpolation,cam5_A24,cam5_A25,,,frozen_query_path_adjacent_acceptance_interpolation
cam5,1854,1804,0.50,uncalibrated_bounded_interpolation,0.431322,False,bounded_interpolation,cam5_A24,cam5_A25,,,frozen_query_path_adjacent_acceptance_interpolation
cam5,1855,1805,0.50,uncalibrated_bounded_interpolation,0.431322,False,bounded_interpolation,cam5_A24,cam5_A25,,,frozen_query_path_adjacent_acceptance_interpolation
cam5,1856,1806,0.50,uncalibrated_bounded_interpolation,0.431322,False,bounded_interpolation,cam5_A24,cam5_A25,,,frozen_query_path_adjacent_acceptance_interpolation
cam5,1857,1807,0.50,uncalibrated_bounded_interpolation,0.431322,False,bounded_interpolation,cam5_A24,cam5_A25,,,frozen_query_path_adjacent_acceptance_interpolation
cam5,1858,1808,0.50,uncalibrated_bounded_interpolation,0.431322,False,bounded_interpolation,cam5_A24,cam5_A25,,,frozen_query_path_adjacent_acceptance_interpolation
cam5,1859,1809,0.50,uncalibrated_bounded_interpolation,0.431322,False,bounded_interpolation,cam5_A24,cam5_A25,,,frozen_query_path_adjacent_acceptance_interpolation
cam5,1860,1810,0.50,uncalibrated_bounded_interpolation,0.431322,False,bounded_interpolation,cam5_A24,cam5_A25,,,frozen_query_path_adjacent_acceptance_interpolation
cam5,1861,1811,0.50,uncalibrated_bounded_interpolation,0.431322,False,bounded_interpolation,cam5_A24,cam5_A25,,,frozen_query_path_adjacent_acceptance_interpolation
cam5,1862,1812,0.50,uncalibrated_bounded_interpolation,0.431322,False,bounded_interpolation,cam5_A24,cam5_A25,,,frozen_query_path_adjacent_acceptance_interpolation
cam5,1863,1813,0.50,uncalibrated_bounded_interpolation,0.431322,False,bounded_interpolation,cam5_A24,cam5_A25,,,frozen_query_path_adjacent_acceptance_interpolation
cam5,1864,1814,0.50,uncalibrated_bounded_interpolation,0.431322,False,bounded_interpolation,cam5_A24,cam5_A25,,,frozen_query_path_adjacent_acceptance_interpolation
cam5,1865,1815,0.50,uncalibrated_bounded_interpolation,0.431322,False,bounded_interpolation,cam5_A24,cam5_A25,,,frozen_query_path_adjacent_acceptance_interpolation
cam5,1866,1816,0.50,uncalibrated_bounded_interpolation,0.431322,False,bounded_interpolation,cam5_A24,cam5_A25,,,frozen_query_path_adjacent_acceptance_interpolation
cam5,1867,1817,0.50,uncalibrated_bounded_interpolation,0.431322,False,bounded_interpolation,cam5_A24,cam5_A25,,,frozen_query_path_adjacent_acceptance_interpolation
cam5,1868,1818,0.50,uncalibrated_bounded_interpolation,0.431322,False,bounded_interpolation,cam5_A24,cam5_A25,,,frozen_query_path_adjacent_acceptance_interpolation
cam5,1869,1819,0.50,uncalibrated_bounded_interpolation,0.431322,False,bounded_interpolation,cam5_A24,cam5_A25,,,frozen_query_path_adjacent_acceptance_interpolation
cam5,1870,1820,0.50,uncalibrated_bounded_interpolation,0.431322,False,bounded_interpolation,cam5_A24,cam5_A25,,,frozen_query_path_adjacent_acceptance_interpolation
cam5,1871,1821,0.50,uncalibrated_bounded_interpolation,0.431322,False,bounded_interpolation,cam5_A24,cam5_A25,,,frozen_query_path_adjacent_acceptance_interpolation
cam5,1872,1822,0.50,uncalibrated_bounded_interpolation,0.431322,False,bounded_interpolation,cam5_A24,cam5_A25,,,frozen_query_path_adjacent_acceptance_interpolation
cam5,1873,1823,0.50,uncalibrated_bounded_interpolation,0.431322,False,bounded_interpolation,cam5_A24,cam5_A25,,,frozen_query_path_adjacent_acceptance_interpolation
cam5,1874,1824,0.50,uncalibrated_bounded_interpolation,0.431322,False,bounded_interpolation,cam5_A24,cam5_A25,,,frozen_query_path_adjacent_acceptance_interpolation
cam5,1875,1825,0.50,uncalibrated_bounded_interpolation,0.431322,False,bounded_interpolation,cam5_A24,cam5_A25,,,frozen_query_path_adjacent_acceptance_interpolation
cam5,1876,1826,0.50,uncalibrated_bounded_interpolation,0.431322,False,bounded_interpolation,cam5_A24,cam5_A25,,,frozen_query_path_adjacent_acceptance_interpolation
cam5,1877,1827,0.50,uncalibrated_bounded_interpolation,0.431322,False,bounded_interpolation,cam5_A24,cam5_A25,,,frozen_query_path_adjacent_acceptance_interpolation
cam5,1878,1828,0.50,uncalibrated_bounded_interpolation,0.431322,False,bounded_interpolation,cam5_A24,cam5_A25,,,frozen_query_path_adjacent_acceptance_interpolation
cam5,1879,1829,0.50,uncalibrated_bounded_interpolation,0.431322,False,bounded_interpolation,cam5_A24,cam5_A25,,,frozen_query_path_adjacent_acceptance_interpolation
cam5,1880,1830,0.50,uncalibrated_bounded_interpolation,0.431322,False,bounded_interpolation,cam5_A24,cam5_A25,,,frozen_query_path_adjacent_acceptance_interpolation
cam5,1881,1831,0.50,uncalibrated_bounded_interpolation,0.431322,False,bounded_interpolation,cam5_A24,cam5_A25,,,frozen_query_path_adjacent_acceptance_interpolation
cam5,1882,1832,0.50,uncalibrated_bounded_interpolation,0.431322,False,bounded_interpolation,cam5_A24,cam5_A25,,,frozen_query_path_adjacent_acceptance_interpolation
cam5,1883,1833,0.50,uncalibrated_bounded_interpolation,0.431322,False,bounded_interpolation,cam5_A24,cam5_A25,,,frozen_query_path_adjacent_acceptance_interpolation
cam5,1884,1834,0.50,uncalibrated_bounded_interpolation,0.431322,False,bounded_interpolation,cam5_A24,cam5_A25,,,frozen_query_path_adjacent_acceptance_interpolation
cam5,1885,1835,0.50,uncalibrated_bounded_interpolation,0.431322,False,bounded_interpolation,cam5_A24,cam5_A25,,,frozen_query_path_adjacent_acceptance_interpolation
cam5,1886,1836,0.50,uncalibrated_bounded_interpolation,0.431322,False,bounded_interpolation,cam5_A24,cam5_A25,,,frozen_query_path_adjacent_acceptance_interpolation
cam5,1887,1837,0.50,uncalibrated_bounded_interpolation,0.431322,False,bounded_interpolation,cam5_A24,cam5_A25,,,frozen_query_path_adjacent_acceptance_interpolation
cam5,1888,1838,1.00,uncalibrated_geometry_anchor,0.431322,False,geometry_supported_anchor,cam5_A25,cam5_A25,cam5_A25,match_unverified_geometry_supported,frozen_query_path_adjacent_acceptance_interpolation
cam5,1889,,0.00,abstain,,False,unsupported_after_last_supported_segment,,,,,frozen_query_path_adjacent_acceptance_interpolation
cam5,1890,,0.00,abstain,,False,unsupported_after_last_supported_segment,,,,,frozen_query_path_adjacent_acceptance_interpolation
cam5,1891,,0.00,abstain,,False,unsupported_after_last_supported_segment,,,,,frozen_query_path_adjacent_acceptance_interpolation
cam5,1892,,0.00,abstain,,False,unsupported_after_last_supported_segment,,,,,frozen_query_path_adjacent_acceptance_interpolation
cam5,1893,,0.00,abstain,,False,unsupported_after_last_supported_segment,,,,,frozen_query_path_adjacent_acceptance_interpolation
cam5,1894,,0.00,abstain,,False,unsupported_after_last_supported_segment,,,,,frozen_query_path_adjacent_acceptance_interpolation
cam5,1895,,0.00,abstain,,False,unsupported_after_last_supported_segment,,,,,frozen_query_path_adjacent_acceptance_interpolation
cam5,1896,,0.00,abstain,,False,unsupported_after_last_supported_segment,,,,,frozen_query_path_adjacent_acceptance_interpolation
cam5,1897,,0.00,abstain,,False,unsupported_after_last_supported_segment,,,,,frozen_query_path_adjacent_acceptance_interpolation
cam5,1898,,0.00,abstain,,False,unsupported_after_last_supported_segment,,,,,frozen_query_path_adjacent_acceptance_interpolation
cam5,1899,,0.00,abstain,,False,unsupported_after_last_supported_segment,,,,,frozen_query_path_adjacent_acceptance_interpolation
cam5,1900,,0.00,abstain,,False,unsupported_after_last_supported_segment,,,,,frozen_query_path_adjacent_acceptance_interpolation
cam5,1901,,0.00,abstain,,False,unsupported_after_last_supported_segment,,,,,frozen_query_path_adjacent_acceptance_interpolation
cam5,1902,,0.00,abstain,,False,unsupported_after_last_supported_segment,,,,,frozen_query_path_adjacent_acceptance_interpolation
cam5,1903,,0.00,abstain,,False,unsupported_after_last_supported_segment,,,,,frozen_query_path_adjacent_acceptance_interpolation
cam5,1904,,0.00,abstain,,False,unsupported_after_last_supported_segment,,,,,frozen_query_path_adjacent_acceptance_interpolation
cam5,1905,,0.00,abstain,,False,unsupported_after_last_supported_segment,,,,,frozen_query_path_adjacent_acceptance_interpolation
cam5,1906,,0.00,abstain,,False,unsupported_after_last_supported_segment,,,,,frozen_query_path_adjacent_acceptance_interpolation
cam5,1907,,0.00,abstain,,False,unsupported_after_last_supported_segment,,,,,frozen_query_path_adjacent_acceptance_interpolation
cam5,1908,,0.00,abstain,,False,unsupported_after_last_supported_segment,,,,,frozen_query_path_adjacent_acceptance_interpolation
cam5,1909,,0.00,abstain,,False,unsupported_after_last_supported_segment,,,,,frozen_query_path_adjacent_acceptance_interpolation
cam5,1910,,0.00,abstain,,False,unsupported_after_last_supported_segment,,,,,frozen_query_path_adjacent_acceptance_interpolation
cam5,1911,,0.00,abstain,,False,unsupported_after_last_supported_segment,,,,,frozen_query_path_adjacent_acceptance_interpolation
cam5,1912,,0.00,abstain,,False,unsupported_after_last_supported_segment,,,,,frozen_query_path_adjacent_acceptance_interpolation
cam5,1913,,0.00,abstain,,False,unsupported_after_last_supported_segment,,,,,frozen_query_path_adjacent_acceptance_interpolation
cam5,1914,,0.00,abstain,,False,unsupported_after_last_supported_segment,,,,,frozen_query_path_adjacent_acceptance_interpolation
cam5,1915,,0.00,abstain,,False,unsupported_after_last_supported_segment,,,,,frozen_query_path_adjacent_acceptance_interpolation
cam5,1916,,0.00,abstain,,False,unsupported_after_last_supported_segment,,,,,frozen_query_path_adjacent_acceptance_interpolation
cam5,1917,,0.00,abstain,,False,unsupported_after_last_supported_segment,,,,,frozen_query_path_adjacent_acceptance_interpolation
cam5,1918,,0.00,abstain,,False,unsupported_after_last_supported_segment,,,,,frozen_query_path_adjacent_acceptance_interpolation
cam5,1919,,0.00,abstain,,False,unsupported_after_last_supported_segment,,,,,frozen_query_path_adjacent_acceptance_interpolation
cam5,1920,,0.00,abstain,,False,unsupported_after_last_supported_segment,,,,,frozen_query_path_adjacent_acceptance_interpolation
cam5,1921,,0.00,abstain,,False,unsupported_after_last_supported_segment,,,,,frozen_query_path_adjacent_acceptance_interpolation
cam5,1922,,0.00,abstain,,False,unsupported_after_last_supported_segment,,,,,frozen_query_path_adjacent_acceptance_interpolation
cam5,1923,,0.00,abstain,,False,unsupported_after_last_supported_segment,,,,,frozen_query_path_adjacent_acceptance_interpolation
cam5,1924,,0.00,abstain,,False,unsupported_after_last_supported_segment,,,,,frozen_query_path_adjacent_acceptance_interpolation
cam5,1925,,0.00,abstain,,False,unsupported_after_last_supported_segment,,,,,frozen_query_path_adjacent_acceptance_interpolation
cam5,1926,,0.00,abstain,,False,unsupported_after_last_supported_segment,,,,,frozen_query_path_adjacent_acceptance_interpolation
cam5,1927,,0.00,abstain,,False,unsupported_after_last_supported_segment,,,,,frozen_query_path_adjacent_acceptance_interpolation
cam5,1928,,0.00,abstain,,False,unsupported_after_last_supported_segment,,,,,frozen_query_path_adjacent_acceptance_interpolation
cam5,1929,,0.00,abstain,,False,unsupported_after_last_supported_segment,,,,,frozen_query_path_adjacent_acceptance_interpolation
cam5,1930,,0.00,abstain,,False,unsupported_after_last_supported_segment,,,,,frozen_query_path_adjacent_acceptance_interpolation
cam5,1931,,0.00,abstain,,False,unsupported_after_last_supported_segment,,,,,frozen_query_path_adjacent_acceptance_interpolation
cam5,1932,,0.00,abstain,,False,unsupported_after_last_supported_segment,,,,,frozen_query_path_adjacent_acceptance_interpolation
cam5,1933,,0.00,abstain,,False,unsupported_after_last_supported_segment,,,,,frozen_query_path_adjacent_acceptance_interpolation
cam5,1934,,0.00,abstain,,False,unsupported_after_last_supported_segment,,,,,frozen_query_path_adjacent_acceptance_interpolation
cam5,1935,,0.00,abstain,,False,unsupported_after_last_supported_segment,,,,,frozen_query_path_adjacent_acceptance_interpolation
cam5,1936,,0.00,abstain,,False,unsupported_after_last_supported_segment,,,,,frozen_query_path_adjacent_acceptance_interpolation
cam5,1937,,0.00,abstain,,False,unsupported_after_last_supported_segment,,,,,frozen_query_path_adjacent_acceptance_interpolation
cam5,1938,,0.00,abstain,,False,unsupported_after_last_supported_segment,,,,,frozen_query_path_adjacent_acceptance_interpolation
cam5,1939,,0.00,abstain,,False,unsupported_after_last_supported_segment,,,,,frozen_query_path_adjacent_acceptance_interpolation
cam5,1940,,0.00,abstain,,False,unsupported_after_last_supported_segment,,,,,frozen_query_path_adjacent_acceptance_interpolation
cam5,1941,,0.00,abstain,,False,unsupported_after_last_supported_segment,,,,,frozen_query_path_adjacent_acceptance_interpolation
cam5,1942,,0.00,abstain,,False,unsupported_after_last_supported_segment,,,,,frozen_query_path_adjacent_acceptance_interpolation
cam5,1943,,0.00,abstain,,False,unsupported_after_last_supported_segment,,,,,frozen_query_path_adjacent_acceptance_interpolation
cam5,1944,,0.00,abstain,,False,unsupported_after_last_supported_segment,,,,,frozen_query_path_adjacent_acceptance_interpolation
cam5,1945,,0.00,abstain,,False,unsupported_after_last_supported_segment,,,,,frozen_query_path_adjacent_acceptance_interpolation
cam5,1946,,0.00,abstain,,False,unsupported_after_last_supported_segment,,,,,frozen_query_path_adjacent_acceptance_interpolation
cam5,1947,,0.00,abstain,,False,unsupported_after_last_supported_segment,,,,,frozen_query_path_adjacent_acceptance_interpolation
cam5,1948,,0.00,abstain,,False,unsupported_after_last_supported_segment,,,,,frozen_query_path_adjacent_acceptance_interpolation
cam5,1949,,0.00,abstain,,False,unsupported_after_last_supported_segment,,,,,frozen_query_path_adjacent_acceptance_interpolation
cam5,1950,,0.00,abstain,,False,unsupported_after_last_supported_segment,,,,,frozen_query_path_adjacent_acceptance_interpolation
cam5,1951,,0.00,abstain,,False,unsupported_after_last_supported_segment,,,,,frozen_query_path_adjacent_acceptance_interpolation
cam5,1952,,0.00,abstain,,False,unsupported_after_last_supported_segment,,,,,frozen_query_path_adjacent_acceptance_interpolation
cam5,1953,,0.00,abstain,,False,unsupported_after_last_supported_segment,,,,,frozen_query_path_adjacent_acceptance_interpolation
cam5,1954,,0.00,abstain,,False,unsupported_after_last_supported_segment,,,,,frozen_query_path_adjacent_acceptance_interpolation
cam5,1955,,0.00,abstain,,False,unsupported_after_last_supported_segment,,,,,frozen_query_path_adjacent_acceptance_interpolation
cam5,1956,,0.00,abstain,,False,unsupported_after_last_supported_segment,,,,,frozen_query_path_adjacent_acceptance_interpolation
cam5,1957,,0.00,abstain,,False,unsupported_after_last_supported_segment,,,,,frozen_query_path_adjacent_acceptance_interpolation
cam5,1958,,0.00,abstain,,False,unsupported_anchor_abstention,,,cam5_A26,abstain_weak_or_ambiguous_geometry,frozen_query_path_adjacent_acceptance_interpolation
cam5,1959,,0.00,abstain,,False,unsupported_after_last_supported_segment,,,,,frozen_query_path_adjacent_acceptance_interpolation
cam5,1960,,0.00,abstain,,False,unsupported_after_last_supported_segment,,,,,frozen_query_path_adjacent_acceptance_interpolation
cam5,1961,,0.00,abstain,,False,unsupported_after_last_supported_segment,,,,,frozen_query_path_adjacent_acceptance_interpolation
cam5,1962,,0.00,abstain,,False,unsupported_after_last_supported_segment,,,,,frozen_query_path_adjacent_acceptance_interpolation
cam5,1963,,0.00,abstain,,False,unsupported_after_last_supported_segment,,,,,frozen_query_path_adjacent_acceptance_interpolation
cam5,1964,,0.00,abstain,,False,unsupported_after_last_supported_segment,,,,,frozen_query_path_adjacent_acceptance_interpolation
cam5,1965,,0.00,abstain,,False,unsupported_after_last_supported_segment,,,,,frozen_query_path_adjacent_acceptance_interpolation
cam5,1966,,0.00,abstain,,False,unsupported_after_last_supported_segment,,,,,frozen_query_path_adjacent_acceptance_interpolation
cam5,1967,,0.00,abstain,,False,unsupported_after_last_supported_segment,,,,,frozen_query_path_adjacent_acceptance_interpolation
cam5,1968,,0.00,abstain,,False,unsupported_after_last_supported_segment,,,,,frozen_query_path_adjacent_acceptance_interpolation
cam5,1969,,0.00,abstain,,False,unsupported_after_last_supported_segment,,,,,frozen_query_path_adjacent_acceptance_interpolation
cam5,1970,,0.00,abstain,,False,unsupported_after_last_supported_segment,,,,,frozen_query_path_adjacent_acceptance_interpolation
cam5,1971,,0.00,abstain,,False,unsupported_after_last_supported_segment,,,,,frozen_query_path_adjacent_acceptance_interpolation
cam5,1972,,0.00,abstain,,False,unsupported_after_last_supported_segment,,,,,frozen_query_path_adjacent_acceptance_interpolation
cam5,1973,,0.00,abstain,,False,unsupported_after_last_supported_segment,,,,,frozen_query_path_adjacent_acceptance_interpolation
cam5,1974,,0.00,abstain,,False,unsupported_after_last_supported_segment,,,,,frozen_query_path_adjacent_acceptance_interpolation
cam5,1975,,0.00,abstain,,False,unsupported_after_last_supported_segment,,,,,frozen_query_path_adjacent_acceptance_interpolation
cam5,1976,,0.00,abstain,,False,unsupported_after_last_supported_segment,,,,,frozen_query_path_adjacent_acceptance_interpolation
cam5,1977,,0.00,abstain,,False,unsupported_after_last_supported_segment,,,,,frozen_query_path_adjacent_acceptance_interpolation
cam5,1978,,0.00,abstain,,False,unsupported_after_last_supported_segment,,,,,frozen_query_path_adjacent_acceptance_interpolation
cam5,1979,,0.00,abstain,,False,unsupported_after_last_supported_segment,,,,,frozen_query_path_adjacent_acceptance_interpolation
cam5,1980,,0.00,abstain,,False,unsupported_after_last_supported_segment,,,,,frozen_query_path_adjacent_acceptance_interpolation
cam5,1981,,0.00,abstain,,False,unsupported_after_last_supported_segment,,,,,frozen_query_path_adjacent_acceptance_interpolation
cam5,1982,,0.00,abstain,,False,unsupported_after_last_supported_segment,,,,,frozen_query_path_adjacent_acceptance_interpolation
cam5,1983,,0.00,abstain,,False,unsupported_after_last_supported_segment,,,,,frozen_query_path_adjacent_acceptance_interpolation
cam5,1984,,0.00,abstain,,False,unsupported_after_last_supported_segment,,,,,frozen_query_path_adjacent_acceptance_interpolation
cam5,1985,,0.00,abstain,,False,unsupported_after_last_supported_segment,,,,,frozen_query_path_adjacent_acceptance_interpolation
cam5,1986,,0.00,abstain,,False,unsupported_after_last_supported_segment,,,,,frozen_query_path_adjacent_acceptance_interpolation
cam5,1987,,0.00,abstain,,False,unsupported_after_last_supported_segment,,,,,frozen_query_path_adjacent_acceptance_interpolation
cam5,1988,,0.00,abstain,,False,unsupported_after_last_supported_segment,,,,,frozen_query_path_adjacent_acceptance_interpolation
cam5,1989,,0.00,abstain,,False,unsupported_after_last_supported_segment,,,,,frozen_query_path_adjacent_acceptance_interpolation
cam5,1990,,0.00,abstain,,False,unsupported_after_last_supported_segment,,,,,frozen_query_path_adjacent_acceptance_interpolation
cam5,1991,,0.00,abstain,,False,unsupported_after_last_supported_segment,,,,,frozen_query_path_adjacent_acceptance_interpolation
cam5,1992,,0.00,abstain,,False,unsupported_after_last_supported_segment,,,,,frozen_query_path_adjacent_acceptance_interpolation
cam5,1993,,0.00,abstain,,False,unsupported_after_last_supported_segment,,,,,frozen_query_path_adjacent_acceptance_interpolation
cam5,1994,,0.00,abstain,,False,unsupported_after_last_supported_segment,,,,,frozen_query_path_adjacent_acceptance_interpolation
cam5,1995,,0.00,abstain,,False,unsupported_after_last_supported_segment,,,,,frozen_query_path_adjacent_acceptance_interpolation
cam5,1996,,0.00,abstain,,False,unsupported_after_last_supported_segment,,,,,frozen_query_path_adjacent_acceptance_interpolation
cam5,1997,,0.00,abstain,,False,unsupported_after_last_supported_segment,,,,,frozen_query_path_adjacent_acceptance_interpolation
cam5,1998,,0.00,abstain,,False,unsupported_after_last_supported_segment,,,,,frozen_query_path_adjacent_acceptance_interpolation
cam5,1999,,0.00,abstain,,False,unsupported_after_last_supported_segment,,,,,frozen_query_path_adjacent_acceptance_interpolation
cam5,2000,,0.00,abstain,,False,unsupported_after_last_supported_segment,,,,,frozen_query_path_adjacent_acceptance_interpolation
cam5,2001,,0.00,abstain,,False,unsupported_after_last_supported_segment,,,,,frozen_query_path_adjacent_acceptance_interpolation
cam5,2002,,0.00,abstain,,False,unsupported_after_last_supported_segment,,,,,frozen_query_path_adjacent_acceptance_interpolation
cam5,2003,,0.00,abstain,,False,unsupported_after_last_supported_segment,,,,,frozen_query_path_adjacent_acceptance_interpolation
cam5,2004,,0.00,abstain,,False,unsupported_after_last_supported_segment,,,,,frozen_query_path_adjacent_acceptance_interpolation
cam5,2005,,0.00,abstain,,False,unsupported_after_last_supported_segment,,,,,frozen_query_path_adjacent_acceptance_interpolation
cam5,2006,,0.00,abstain,,False,unsupported_after_last_supported_segment,,,,,frozen_query_path_adjacent_acceptance_interpolation
cam5,2007,,0.00,abstain,,False,unsupported_after_last_supported_segment,,,,,frozen_query_path_adjacent_acceptance_interpolation
cam5,2008,,0.00,abstain,,False,unsupported_after_last_supported_segment,,,,,frozen_query_path_adjacent_acceptance_interpolation
cam5,2009,,0.00,abstain,,False,unsupported_after_last_supported_segment,,,,,frozen_query_path_adjacent_acceptance_interpolation
cam5,2010,,0.00,abstain,,False,unsupported_after_last_supported_segment,,,,,frozen_query_path_adjacent_acceptance_interpolation
cam5,2011,,0.00,abstain,,False,unsupported_after_last_supported_segment,,,,,frozen_query_path_adjacent_acceptance_interpolation
cam5,2012,,0.00,abstain,,False,unsupported_after_last_supported_segment,,,,,frozen_query_path_adjacent_acceptance_interpolation
cam5,2013,,0.00,abstain,,False,unsupported_after_last_supported_segment,,,,,frozen_query_path_adjacent_acceptance_interpolation
cam5,2014,,0.00,abstain,,False,unsupported_after_last_supported_segment,,,,,frozen_query_path_adjacent_acceptance_interpolation
cam5,2015,,0.00,abstain,,False,unsupported_after_last_supported_segment,,,,,frozen_query_path_adjacent_acceptance_interpolation
cam5,2016,,0.00,abstain,,False,unsupported_after_last_supported_segment,,,,,frozen_query_path_adjacent_acceptance_interpolation
cam5,2017,,0.00,abstain,,False,unsupported_after_last_supported_segment,,,,,frozen_query_path_adjacent_acceptance_interpolation
cam5,2018,,0.00,abstain,,False,unsupported_after_last_supported_segment,,,,,frozen_query_path_adjacent_acceptance_interpolation
cam5,2019,,0.00,abstain,,False,unsupported_after_last_supported_segment,,,,,frozen_query_path_adjacent_acceptance_interpolation
cam5,2020,,0.00,abstain,,False,unsupported_after_last_supported_segment,,,,,frozen_query_path_adjacent_acceptance_interpolation
cam5,2021,,0.00,abstain,,False,unsupported_after_last_supported_segment,,,,,frozen_query_path_adjacent_acceptance_interpolation
cam5,2022,,0.00,abstain,,False,unsupported_after_last_supported_segment,,,,,frozen_query_path_adjacent_acceptance_interpolation
cam5,2023,,0.00,abstain,,False,unsupported_after_last_supported_segment,,,,,frozen_query_path_adjacent_acceptance_interpolation
cam5,2024,,0.00,abstain,,False,unsupported_after_last_supported_segment,,,,,frozen_query_path_adjacent_acceptance_interpolation
cam5,2025,,0.00,abstain,,False,unsupported_after_last_supported_segment,,,,,frozen_query_path_adjacent_acceptance_interpolation
cam5,2026,,0.00,abstain,,False,unsupported_after_last_supported_segment,,,,,frozen_query_path_adjacent_acceptance_interpolation
cam5,2027,,0.00,abstain,,False,unsupported_after_last_supported_segment,,,,,frozen_query_path_adjacent_acceptance_interpolation
cam5,2028,,0.00,abstain,,False,unsupported_after_last_supported_segment,,,,,frozen_query_path_adjacent_acceptance_interpolation
cam5,2029,,0.00,abstain,,False,unsupported_after_last_supported_segment,,,,,frozen_query_path_adjacent_acceptance_interpolation
cam5,2030,,0.00,abstain,,False,unsupported_after_last_supported_segment,,,,,frozen_query_path_adjacent_acceptance_interpolation
cam5,2031,,0.00,abstain,,False,unsupported_after_last_supported_segment,,,,,frozen_query_path_adjacent_acceptance_interpolation
cam5,2032,,0.00,abstain,,False,unsupported_after_last_supported_segment,,,,,frozen_query_path_adjacent_acceptance_interpolation
cam5,2033,,0.00,abstain,,False,unsupported_after_last_supported_segment,,,,,frozen_query_path_adjacent_acceptance_interpolation
cam5,2034,,0.00,abstain,,False,unsupported_after_last_supported_segment,,,,,frozen_query_path_adjacent_acceptance_interpolation
cam5,2035,,0.00,abstain,,False,unsupported_after_last_supported_segment,,,,,frozen_query_path_adjacent_acceptance_interpolation
cam5,2036,,0.00,abstain,,False,unsupported_anchor_abstention,,,cam5_A27,abstain_ambiguous_phase,frozen_query_path_adjacent_acceptance_interpolation
cam5,2037,,0.00,abstain,,False,unsupported_after_last_supported_segment,,,,,frozen_query_path_adjacent_acceptance_interpolation
cam5,2038,,0.00,abstain,,False,unsupported_after_last_supported_segment,,,,,frozen_query_path_adjacent_acceptance_interpolation
cam5,2039,,0.00,abstain,,False,unsupported_after_last_supported_segment,,,,,frozen_query_path_adjacent_acceptance_interpolation
cam5,2040,,0.00,abstain,,False,unsupported_after_last_supported_segment,,,,,frozen_query_path_adjacent_acceptance_interpolation
cam5,2041,,0.00,abstain,,False,unsupported_after_last_supported_segment,,,,,frozen_query_path_adjacent_acceptance_interpolation
cam5,2042,,0.00,abstain,,False,unsupported_after_last_supported_segment,,,,,frozen_query_path_adjacent_acceptance_interpolation
cam5,2043,,0.00,abstain,,False,unsupported_after_last_supported_segment,,,,,frozen_query_path_adjacent_acceptance_interpolation
cam5,2044,,0.00,abstain,,False,unsupported_after_last_supported_segment,,,,,frozen_query_path_adjacent_acceptance_interpolation
cam5,2045,,0.00,abstain,,False,unsupported_after_last_supported_segment,,,,,frozen_query_path_adjacent_acceptance_interpolation
cam5,2046,,0.00,abstain,,False,unsupported_after_last_supported_segment,,,,,frozen_query_path_adjacent_acceptance_interpolation
cam5,2047,,0.00,abstain,,False,unsupported_after_last_supported_segment,,,,,frozen_query_path_adjacent_acceptance_interpolation
cam5,2048,,0.00,abstain,,False,unsupported_after_last_supported_segment,,,,,frozen_query_path_adjacent_acceptance_interpolation
cam5,2049,,0.00,abstain,,False,unsupported_after_last_supported_segment,,,,,frozen_query_path_adjacent_acceptance_interpolation
cam5,2050,,0.00,abstain,,False,unsupported_after_last_supported_segment,,,,,frozen_query_path_adjacent_acceptance_interpolation
cam5,2051,,0.00,abstain,,False,unsupported_after_last_supported_segment,,,,,frozen_query_path_adjacent_acceptance_interpolation
cam5,2052,,0.00,abstain,,False,unsupported_after_last_supported_segment,,,,,frozen_query_path_adjacent_acceptance_interpolation
cam5,2053,,0.00,abstain,,False,unsupported_after_last_supported_segment,,,,,frozen_query_path_adjacent_acceptance_interpolation
cam5,2054,,0.00,abstain,,False,unsupported_after_last_supported_segment,,,,,frozen_query_path_adjacent_acceptance_interpolation
cam5,2055,,0.00,abstain,,False,unsupported_after_last_supported_segment,,,,,frozen_query_path_adjacent_acceptance_interpolation
cam5,2056,,0.00,abstain,,False,unsupported_after_last_supported_segment,,,,,frozen_query_path_adjacent_acceptance_interpolation
cam5,2057,,0.00,abstain,,False,unsupported_after_last_supported_segment,,,,,frozen_query_path_adjacent_acceptance_interpolation
cam5,2058,,0.00,abstain,,False,unsupported_after_last_supported_segment,,,,,frozen_query_path_adjacent_acceptance_interpolation
cam5,2059,,0.00,abstain,,False,unsupported_after_last_supported_segment,,,,,frozen_query_path_adjacent_acceptance_interpolation
cam5,2060,,0.00,abstain,,False,unsupported_after_last_supported_segment,,,,,frozen_query_path_adjacent_acceptance_interpolation
cam5,2061,,0.00,abstain,,False,unsupported_after_last_supported_segment,,,,,frozen_query_path_adjacent_acceptance_interpolation
cam5,2062,,0.00,abstain,,False,unsupported_after_last_supported_segment,,,,,frozen_query_path_adjacent_acceptance_interpolation
cam5,2063,,0.00,abstain,,False,unsupported_after_last_supported_segment,,,,,frozen_query_path_adjacent_acceptance_interpolation
cam5,2064,,0.00,abstain,,False,unsupported_after_last_supported_segment,,,,,frozen_query_path_adjacent_acceptance_interpolation
cam5,2065,,0.00,abstain,,False,unsupported_after_last_supported_segment,,,,,frozen_query_path_adjacent_acceptance_interpolation
cam5,2066,,0.00,abstain,,False,unsupported_after_last_supported_segment,,,,,frozen_query_path_adjacent_acceptance_interpolation
cam5,2067,,0.00,abstain,,False,unsupported_after_last_supported_segment,,,,,frozen_query_path_adjacent_acceptance_interpolation
cam5,2068,,0.00,abstain,,False,unsupported_after_last_supported_segment,,,,,frozen_query_path_adjacent_acceptance_interpolation
cam5,2069,,0.00,abstain,,False,unsupported_after_last_supported_segment,,,,,frozen_query_path_adjacent_acceptance_interpolation
cam5,2070,,0.00,abstain,,False,unsupported_after_last_supported_segment,,,,,frozen_query_path_adjacent_acceptance_interpolation
cam5,2071,,0.00,abstain,,False,unsupported_after_last_supported_segment,,,,,frozen_query_path_adjacent_acceptance_interpolation
cam5,2072,,0.00,abstain,,False,unsupported_after_last_supported_segment,,,,,frozen_query_path_adjacent_acceptance_interpolation
cam5,2073,,0.00,abstain,,False,unsupported_after_last_supported_segment,,,,,frozen_query_path_adjacent_acceptance_interpolation
cam5,2074,,0.00,abstain,,False,unsupported_after_last_supported_segment,,,,,frozen_query_path_adjacent_acceptance_interpolation
cam5,2075,,0.00,abstain,,False,unsupported_after_last_supported_segment,,,,,frozen_query_path_adjacent_acceptance_interpolation
cam5,2076,,0.00,abstain,,False,unsupported_after_last_supported_segment,,,,,frozen_query_path_adjacent_acceptance_interpolation
cam5,2077,,0.00,abstain,,False,unsupported_after_last_supported_segment,,,,,frozen_query_path_adjacent_acceptance_interpolation
cam5,2078,,0.00,abstain,,False,unsupported_after_last_supported_segment,,,,,frozen_query_path_adjacent_acceptance_interpolation
cam5,2079,,0.00,abstain,,False,unsupported_after_last_supported_segment,,,,,frozen_query_path_adjacent_acceptance_interpolation
cam5,2080,,0.00,abstain,,False,unsupported_after_last_supported_segment,,,,,frozen_query_path_adjacent_acceptance_interpolation
cam5,2081,,0.00,abstain,,False,unsupported_after_last_supported_segment,,,,,frozen_query_path_adjacent_acceptance_interpolation
cam5,2082,,0.00,abstain,,False,unsupported_after_last_supported_segment,,,,,frozen_query_path_adjacent_acceptance_interpolation
cam5,2083,,0.00,abstain,,False,unsupported_after_last_supported_segment,,,,,frozen_query_path_adjacent_acceptance_interpolation
cam5,2084,,0.00,abstain,,False,unsupported_after_last_supported_segment,,,,,frozen_query_path_adjacent_acceptance_interpolation
cam5,2085,,0.00,abstain,,False,unsupported_after_last_supported_segment,,,,,frozen_query_path_adjacent_acceptance_interpolation
cam5,2086,,0.00,abstain,,False,unsupported_after_last_supported_segment,,,,,frozen_query_path_adjacent_acceptance_interpolation
cam5,2087,,0.00,abstain,,False,unsupported_after_last_supported_segment,,,,,frozen_query_path_adjacent_acceptance_interpolation
cam5,2088,,0.00,abstain,,False,unsupported_after_last_supported_segment,,,,,frozen_query_path_adjacent_acceptance_interpolation
cam5,2089,,0.00,abstain,,False,unsupported_after_last_supported_segment,,,,,frozen_query_path_adjacent_acceptance_interpolation
cam5,2090,,0.00,abstain,,False,unsupported_after_last_supported_segment,,,,,frozen_query_path_adjacent_acceptance_interpolation
cam5,2091,,0.00,abstain,,False,unsupported_after_last_supported_segment,,,,,frozen_query_path_adjacent_acceptance_interpolation
cam5,2092,,0.00,abstain,,False,unsupported_after_last_supported_segment,,,,,frozen_query_path_adjacent_acceptance_interpolation
cam5,2093,,0.00,abstain,,False,unsupported_after_last_supported_segment,,,,,frozen_query_path_adjacent_acceptance_interpolation
cam5,2094,,0.00,abstain,,False,unsupported_after_last_supported_segment,,,,,frozen_query_path_adjacent_acceptance_interpolation
cam5,2095,,0.00,abstain,,False,unsupported_after_last_supported_segment,,,,,frozen_query_path_adjacent_acceptance_interpolation
cam5,2096,,0.00,abstain,,False,unsupported_after_last_supported_segment,,,,,frozen_query_path_adjacent_acceptance_interpolation
cam5,2097,,0.00,abstain,,False,unsupported_after_last_supported_segment,,,,,frozen_query_path_adjacent_acceptance_interpolation
cam5,2098,,0.00,abstain,,False,unsupported_after_last_supported_segment,,,,,frozen_query_path_adjacent_acceptance_interpolation
cam5,2099,,0.00,abstain,,False,unsupported_after_last_supported_segment,,,,,frozen_query_path_adjacent_acceptance_interpolation
cam5,2100,,0.00,abstain,,False,unsupported_after_last_supported_segment,,,,,frozen_query_path_adjacent_acceptance_interpolation
cam5,2101,,0.00,abstain,,False,unsupported_after_last_supported_segment,,,,,frozen_query_path_adjacent_acceptance_interpolation
cam5,2102,,0.00,abstain,,False,unsupported_after_last_supported_segment,,,,,frozen_query_path_adjacent_acceptance_interpolation
cam5,2103,,0.00,abstain,,False,unsupported_after_last_supported_segment,,,,,frozen_query_path_adjacent_acceptance_interpolation
cam5,2104,,0.00,abstain,,False,unsupported_anchor_abstention,,,cam5_A28,abstain_weak_or_ambiguous_geometry,frozen_query_path_adjacent_acceptance_interpolation
cam5,2105,,0.00,abstain,,False,unsupported_after_last_supported_segment,,,,,frozen_query_path_adjacent_acceptance_interpolation
cam5,2106,,0.00,abstain,,False,unsupported_after_last_supported_segment,,,,,frozen_query_path_adjacent_acceptance_interpolation
cam5,2107,,0.00,abstain,,False,unsupported_after_last_supported_segment,,,,,frozen_query_path_adjacent_acceptance_interpolation
cam5,2108,,0.00,abstain,,False,unsupported_after_last_supported_segment,,,,,frozen_query_path_adjacent_acceptance_interpolation
cam5,2109,,0.00,abstain,,False,unsupported_after_last_supported_segment,,,,,frozen_query_path_adjacent_acceptance_interpolation
cam5,2110,,0.00,abstain,,False,unsupported_after_last_supported_segment,,,,,frozen_query_path_adjacent_acceptance_interpolation
cam5,2111,,0.00,abstain,,False,unsupported_after_last_supported_segment,,,,,frozen_query_path_adjacent_acceptance_interpolation
cam5,2112,,0.00,abstain,,False,unsupported_after_last_supported_segment,,,,,frozen_query_path_adjacent_acceptance_interpolation
cam5,2113,,0.00,abstain,,False,unsupported_after_last_supported_segment,,,,,frozen_query_path_adjacent_acceptance_interpolation
cam5,2114,,0.00,abstain,,False,unsupported_after_last_supported_segment,,,,,frozen_query_path_adjacent_acceptance_interpolation
cam5,2115,,0.00,abstain,,False,unsupported_after_last_supported_segment,,,,,frozen_query_path_adjacent_acceptance_interpolation
cam5,2116,,0.00,abstain,,False,unsupported_after_last_supported_segment,,,,,frozen_query_path_adjacent_acceptance_interpolation
cam5,2117,,0.00,abstain,,False,unsupported_after_last_supported_segment,,,,,frozen_query_path_adjacent_acceptance_interpolation
cam5,2118,,0.00,abstain,,False,unsupported_after_last_supported_segment,,,,,frozen_query_path_adjacent_acceptance_interpolation
cam5,2119,,0.00,abstain,,False,unsupported_after_last_supported_segment,,,,,frozen_query_path_adjacent_acceptance_interpolation
cam5,2120,,0.00,abstain,,False,unsupported_after_last_supported_segment,,,,,frozen_query_path_adjacent_acceptance_interpolation
cam5,2121,,0.00,abstain,,False,unsupported_after_last_supported_segment,,,,,frozen_query_path_adjacent_acceptance_interpolation
cam5,2122,,0.00,abstain,,False,unsupported_after_last_supported_segment,,,,,frozen_query_path_adjacent_acceptance_interpolation
cam5,2123,,0.00,abstain,,False,unsupported_after_last_supported_segment,,,,,frozen_query_path_adjacent_acceptance_interpolation
cam5,2124,,0.00,abstain,,False,unsupported_after_last_supported_segment,,,,,frozen_query_path_adjacent_acceptance_interpolation
cam5,2125,,0.00,abstain,,False,unsupported_after_last_supported_segment,,,,,frozen_query_path_adjacent_acceptance_interpolation
cam5,2126,,0.00,abstain,,False,unsupported_after_last_supported_segment,,,,,frozen_query_path_adjacent_acceptance_interpolation
cam5,2127,,0.00,abstain,,False,unsupported_after_last_supported_segment,,,,,frozen_query_path_adjacent_acceptance_interpolation
cam5,2128,,0.00,abstain,,False,unsupported_after_last_supported_segment,,,,,frozen_query_path_adjacent_acceptance_interpolation
cam5,2129,,0.00,abstain,,False,unsupported_after_last_supported_segment,,,,,frozen_query_path_adjacent_acceptance_interpolation
cam5,2130,,0.00,abstain,,False,unsupported_after_last_supported_segment,,,,,frozen_query_path_adjacent_acceptance_interpolation
cam5,2131,,0.00,abstain,,False,unsupported_after_last_supported_segment,,,,,frozen_query_path_adjacent_acceptance_interpolation
cam5,2132,,0.00,abstain,,False,unsupported_after_last_supported_segment,,,,,frozen_query_path_adjacent_acceptance_interpolation
cam5,2133,,0.00,abstain,,False,unsupported_after_last_supported_segment,,,,,frozen_query_path_adjacent_acceptance_interpolation
cam5,2134,,0.00,abstain,,False,unsupported_after_last_supported_segment,,,,,frozen_query_path_adjacent_acceptance_interpolation
cam5,2135,,0.00,abstain,,False,unsupported_after_last_supported_segment,,,,,frozen_query_path_adjacent_acceptance_interpolation
cam5,2136,,0.00,abstain,,False,unsupported_after_last_supported_segment,,,,,frozen_query_path_adjacent_acceptance_interpolation
cam5,2137,,0.00,abstain,,False,unsupported_after_last_supported_segment,,,,,frozen_query_path_adjacent_acceptance_interpolation
cam5,2138,,0.00,abstain,,False,unsupported_after_last_supported_segment,,,,,frozen_query_path_adjacent_acceptance_interpolation
cam5,2139,,0.00,abstain,,False,unsupported_after_last_supported_segment,,,,,frozen_query_path_adjacent_acceptance_interpolation
cam5,2140,,0.00,abstain,,False,unsupported_after_last_supported_segment,,,,,frozen_query_path_adjacent_acceptance_interpolation
cam5,2141,,0.00,abstain,,False,unsupported_after_last_supported_segment,,,,,frozen_query_path_adjacent_acceptance_interpolation
cam5,2142,,0.00,abstain,,False,unsupported_after_last_supported_segment,,,,,frozen_query_path_adjacent_acceptance_interpolation
cam5,2143,,0.00,abstain,,False,unsupported_after_last_supported_segment,,,,,frozen_query_path_adjacent_acceptance_interpolation
cam5,2144,,0.00,abstain,,False,unsupported_after_last_supported_segment,,,,,frozen_query_path_adjacent_acceptance_interpolation
cam5,2145,,0.00,abstain,,False,unsupported_after_last_supported_segment,,,,,frozen_query_path_adjacent_acceptance_interpolation
cam5,2146,,0.00,abstain,,False,unsupported_after_last_supported_segment,,,,,frozen_query_path_adjacent_acceptance_interpolation
cam5,2147,,0.00,abstain,,False,unsupported_after_last_supported_segment,,,,,frozen_query_path_adjacent_acceptance_interpolation
cam5,2148,,0.00,abstain,,False,unsupported_after_last_supported_segment,,,,,frozen_query_path_adjacent_acceptance_interpolation
cam5,2149,,0.00,abstain,,False,unsupported_after_last_supported_segment,,,,,frozen_query_path_adjacent_acceptance_interpolation
cam5,2150,,0.00,abstain,,False,unsupported_after_last_supported_segment,,,,,frozen_query_path_adjacent_acceptance_interpolation
cam5,2151,,0.00,abstain,,False,unsupported_after_last_supported_segment,,,,,frozen_query_path_adjacent_acceptance_interpolation
cam5,2152,,0.00,abstain,,False,unsupported_after_last_supported_segment,,,,,frozen_query_path_adjacent_acceptance_interpolation
cam5,2153,,0.00,abstain,,False,unsupported_after_last_supported_segment,,,,,frozen_query_path_adjacent_acceptance_interpolation
cam5,2154,,0.00,abstain,,False,unsupported_after_last_supported_segment,,,,,frozen_query_path_adjacent_acceptance_interpolation
cam5,2155,,0.00,abstain,,False,unsupported_after_last_supported_segment,,,,,frozen_query_path_adjacent_acceptance_interpolation
cam5,2156,,0.00,abstain,,False,unsupported_after_last_supported_segment,,,,,frozen_query_path_adjacent_acceptance_interpolation
cam5,2157,,0.00,abstain,,False,unsupported_after_last_supported_segment,,,,,frozen_query_path_adjacent_acceptance_interpolation
cam5,2158,,0.00,abstain,,False,unsupported_after_last_supported_segment,,,,,frozen_query_path_adjacent_acceptance_interpolation
cam5,2159,,0.00,abstain,,False,unsupported_after_last_supported_segment,,,,,frozen_query_path_adjacent_acceptance_interpolation
cam5,2160,,0.00,abstain,,False,unsupported_after_last_supported_segment,,,,,frozen_query_path_adjacent_acceptance_interpolation
cam5,2161,,0.00,abstain,,False,unsupported_after_last_supported_segment,,,,,frozen_query_path_adjacent_acceptance_interpolation
cam5,2162,,0.00,abstain,,False,unsupported_after_last_supported_segment,,,,,frozen_query_path_adjacent_acceptance_interpolation
cam5,2163,,0.00,abstain,,False,unsupported_after_last_supported_segment,,,,,frozen_query_path_adjacent_acceptance_interpolation
cam5,2164,,0.00,abstain,,False,unsupported_after_last_supported_segment,,,,,frozen_query_path_adjacent_acceptance_interpolation
cam5,2165,,0.00,abstain,,False,unsupported_after_last_supported_segment,,,,,frozen_query_path_adjacent_acceptance_interpolation
cam5,2166,,0.00,abstain,,False,unsupported_after_last_supported_segment,,,,,frozen_query_path_adjacent_acceptance_interpolation
cam5,2167,,0.00,abstain,,False,unsupported_after_last_supported_segment,,,,,frozen_query_path_adjacent_acceptance_interpolation
cam5,2168,,0.00,abstain,,False,unsupported_after_last_supported_segment,,,,,frozen_query_path_adjacent_acceptance_interpolation
cam5,2169,,0.00,abstain,,False,unsupported_after_last_supported_segment,,,,,frozen_query_path_adjacent_acceptance_interpolation
cam5,2170,,0.00,abstain,,False,unsupported_after_last_supported_segment,,,,,frozen_query_path_adjacent_acceptance_interpolation
cam5,2171,,0.00,abstain,,False,unsupported_after_last_supported_segment,,,,,frozen_query_path_adjacent_acceptance_interpolation
cam5,2172,,0.00,abstain,,False,unsupported_after_last_supported_segment,,,,,frozen_query_path_adjacent_acceptance_interpolation
cam5,2173,,0.00,abstain,,False,unsupported_after_last_supported_segment,,,,,frozen_query_path_adjacent_acceptance_interpolation
cam5,2174,,0.00,abstain,,False,unsupported_after_last_supported_segment,,,,,frozen_query_path_adjacent_acceptance_interpolation
cam5,2175,,0.00,abstain,,False,unsupported_after_last_supported_segment,,,,,frozen_query_path_adjacent_acceptance_interpolation
cam5,2176,,0.00,abstain,,False,unsupported_after_last_supported_segment,,,,,frozen_query_path_adjacent_acceptance_interpolation
cam5,2177,,0.00,abstain,,False,unsupported_anchor_abstention,,,cam5_A29,abstain_ambiguous_phase,frozen_query_path_adjacent_acceptance_interpolation
cam5,2178,,0.00,abstain,,False,unsupported_after_last_supported_segment,,,,,frozen_query_path_adjacent_acceptance_interpolation
cam5,2179,,0.00,abstain,,False,unsupported_after_last_supported_segment,,,,,frozen_query_path_adjacent_acceptance_interpolation
cam5,2180,,0.00,abstain,,False,unsupported_after_last_supported_segment,,,,,frozen_query_path_adjacent_acceptance_interpolation
cam5,2181,,0.00,abstain,,False,unsupported_after_last_supported_segment,,,,,frozen_query_path_adjacent_acceptance_interpolation
cam5,2182,,0.00,abstain,,False,unsupported_after_last_supported_segment,,,,,frozen_query_path_adjacent_acceptance_interpolation
cam5,2183,,0.00,abstain,,False,unsupported_after_last_supported_segment,,,,,frozen_query_path_adjacent_acceptance_interpolation
cam5,2184,,0.00,abstain,,False,unsupported_after_last_supported_segment,,,,,frozen_query_path_adjacent_acceptance_interpolation
cam5,2185,,0.00,abstain,,False,unsupported_after_last_supported_segment,,,,,frozen_query_path_adjacent_acceptance_interpolation
cam5,2186,,0.00,abstain,,False,unsupported_after_last_supported_segment,,,,,frozen_query_path_adjacent_acceptance_interpolation
cam5,2187,,0.00,abstain,,False,unsupported_after_last_supported_segment,,,,,frozen_query_path_adjacent_acceptance_interpolation
cam5,2188,,0.00,abstain,,False,unsupported_after_last_supported_segment,,,,,frozen_query_path_adjacent_acceptance_interpolation
cam5,2189,,0.00,abstain,,False,unsupported_after_last_supported_segment,,,,,frozen_query_path_adjacent_acceptance_interpolation
cam5,2190,,0.00,abstain,,False,unsupported_after_last_supported_segment,,,,,frozen_query_path_adjacent_acceptance_interpolation
cam5,2191,,0.00,abstain,,False,unsupported_after_last_supported_segment,,,,,frozen_query_path_adjacent_acceptance_interpolation
cam5,2192,,0.00,abstain,,False,unsupported_after_last_supported_segment,,,,,frozen_query_path_adjacent_acceptance_interpolation
cam5,2193,,0.00,abstain,,False,unsupported_after_last_supported_segment,,,,,frozen_query_path_adjacent_acceptance_interpolation
cam5,2194,,0.00,abstain,,False,unsupported_after_last_supported_segment,,,,,frozen_query_path_adjacent_acceptance_interpolation
cam5,2195,,0.00,abstain,,False,unsupported_after_last_supported_segment,,,,,frozen_query_path_adjacent_acceptance_interpolation
cam5,2196,,0.00,abstain,,False,unsupported_after_last_supported_segment,,,,,frozen_query_path_adjacent_acceptance_interpolation
cam5,2197,,0.00,abstain,,False,unsupported_after_last_supported_segment,,,,,frozen_query_path_adjacent_acceptance_interpolation
cam5,2198,,0.00,abstain,,False,unsupported_after_last_supported_segment,,,,,frozen_query_path_adjacent_acceptance_interpolation
cam5,2199,,0.00,abstain,,False,unsupported_after_last_supported_segment,,,,,frozen_query_path_adjacent_acceptance_interpolation
cam5,2200,,0.00,abstain,,False,unsupported_after_last_supported_segment,,,,,frozen_query_path_adjacent_acceptance_interpolation
cam5,2201,,0.00,abstain,,False,unsupported_after_last_supported_segment,,,,,frozen_query_path_adjacent_acceptance_interpolation
cam5,2202,,0.00,abstain,,False,unsupported_after_last_supported_segment,,,,,frozen_query_path_adjacent_acceptance_interpolation
cam5,2203,,0.00,abstain,,False,unsupported_after_last_supported_segment,,,,,frozen_query_path_adjacent_acceptance_interpolation
cam5,2204,,0.00,abstain,,False,unsupported_after_last_supported_segment,,,,,frozen_query_path_adjacent_acceptance_interpolation
cam5,2205,,0.00,abstain,,False,unsupported_after_last_supported_segment,,,,,frozen_query_path_adjacent_acceptance_interpolation
cam5,2206,,0.00,abstain,,False,unsupported_after_last_supported_segment,,,,,frozen_query_path_adjacent_acceptance_interpolation
cam5,2207,,0.00,abstain,,False,unsupported_after_last_supported_segment,,,,,frozen_query_path_adjacent_acceptance_interpolation
cam5,2208,,0.00,abstain,,False,unsupported_after_last_supported_segment,,,,,frozen_query_path_adjacent_acceptance_interpolation
cam5,2209,,0.00,abstain,,False,unsupported_after_last_supported_segment,,,,,frozen_query_path_adjacent_acceptance_interpolation
cam5,2210,,0.00,abstain,,False,unsupported_after_last_supported_segment,,,,,frozen_query_path_adjacent_acceptance_interpolation
cam5,2211,,0.00,abstain,,False,unsupported_after_last_supported_segment,,,,,frozen_query_path_adjacent_acceptance_interpolation
cam5,2212,,0.00,abstain,,False,unsupported_after_last_supported_segment,,,,,frozen_query_path_adjacent_acceptance_interpolation
cam5,2213,,0.00,abstain,,False,unsupported_after_last_supported_segment,,,,,frozen_query_path_adjacent_acceptance_interpolation
cam5,2214,,0.00,abstain,,False,unsupported_after_last_supported_segment,,,,,frozen_query_path_adjacent_acceptance_interpolation
cam5,2215,,0.00,abstain,,False,unsupported_after_last_supported_segment,,,,,frozen_query_path_adjacent_acceptance_interpolation
cam5,2216,,0.00,abstain,,False,unsupported_after_last_supported_segment,,,,,frozen_query_path_adjacent_acceptance_interpolation
cam5,2217,,0.00,abstain,,False,unsupported_after_last_supported_segment,,,,,frozen_query_path_adjacent_acceptance_interpolation
cam5,2218,,0.00,abstain,,False,unsupported_after_last_supported_segment,,,,,frozen_query_path_adjacent_acceptance_interpolation
cam5,2219,,0.00,abstain,,False,unsupported_after_last_supported_segment,,,,,frozen_query_path_adjacent_acceptance_interpolation
cam5,2220,,0.00,abstain,,False,unsupported_after_last_supported_segment,,,,,frozen_query_path_adjacent_acceptance_interpolation
cam5,2221,,0.00,abstain,,False,unsupported_after_last_supported_segment,,,,,frozen_query_path_adjacent_acceptance_interpolation
cam5,2222,,0.00,abstain,,False,unsupported_after_last_supported_segment,,,,,frozen_query_path_adjacent_acceptance_interpolation
cam5,2223,,0.00,abstain,,False,unsupported_after_last_supported_segment,,,,,frozen_query_path_adjacent_acceptance_interpolation
cam5,2224,,0.00,abstain,,False,unsupported_after_last_supported_segment,,,,,frozen_query_path_adjacent_acceptance_interpolation
cam5,2225,,0.00,abstain,,False,unsupported_after_last_supported_segment,,,,,frozen_query_path_adjacent_acceptance_interpolation
cam5,2226,,0.00,abstain,,False,unsupported_after_last_supported_segment,,,,,frozen_query_path_adjacent_acceptance_interpolation
cam5,2227,,0.00,abstain,,False,unsupported_after_last_supported_segment,,,,,frozen_query_path_adjacent_acceptance_interpolation
cam5,2228,,0.00,abstain,,False,unsupported_after_last_supported_segment,,,,,frozen_query_path_adjacent_acceptance_interpolation
cam5,2229,,0.00,abstain,,False,unsupported_after_last_supported_segment,,,,,frozen_query_path_adjacent_acceptance_interpolation
cam5,2230,,0.00,abstain,,False,unsupported_after_last_supported_segment,,,,,frozen_query_path_adjacent_acceptance_interpolation
cam5,2231,,0.00,abstain,,False,unsupported_after_last_supported_segment,,,,,frozen_query_path_adjacent_acceptance_interpolation
cam5,2232,,0.00,abstain,,False,unsupported_after_last_supported_segment,,,,,frozen_query_path_adjacent_acceptance_interpolation
cam5,2233,,0.00,abstain,,False,unsupported_after_last_supported_segment,,,,,frozen_query_path_adjacent_acceptance_interpolation
cam5,2234,,0.00,abstain,,False,unsupported_after_last_supported_segment,,,,,frozen_query_path_adjacent_acceptance_interpolation
cam5,2235,,0.00,abstain,,False,unsupported_after_last_supported_segment,,,,,frozen_query_path_adjacent_acceptance_interpolation
cam5,2236,,0.00,abstain,,False,unsupported_after_last_supported_segment,,,,,frozen_query_path_adjacent_acceptance_interpolation
cam5,2237,,0.00,abstain,,False,unsupported_after_last_supported_segment,,,,,frozen_query_path_adjacent_acceptance_interpolation
cam5,2238,,0.00,abstain,,False,unsupported_after_last_supported_segment,,,,,frozen_query_path_adjacent_acceptance_interpolation
cam5,2239,,0.00,abstain,,False,unsupported_after_last_supported_segment,,,,,frozen_query_path_adjacent_acceptance_interpolation
cam5,2240,,0.00,abstain,,False,unsupported_after_last_supported_segment,,,,,frozen_query_path_adjacent_acceptance_interpolation
cam5,2241,,0.00,abstain,,False,unsupported_after_last_supported_segment,,,,,frozen_query_path_adjacent_acceptance_interpolation
cam5,2242,,0.00,abstain,,False,unsupported_after_last_supported_segment,,,,,frozen_query_path_adjacent_acceptance_interpolation
cam5,2243,,0.00,abstain,,False,unsupported_after_last_supported_segment,,,,,frozen_query_path_adjacent_acceptance_interpolation
cam5,2244,,0.00,abstain,,False,unsupported_after_last_supported_segment,,,,,frozen_query_path_adjacent_acceptance_interpolation
cam5,2245,,0.00,abstain,,False,unsupported_after_last_supported_segment,,,,,frozen_query_path_adjacent_acceptance_interpolation
cam5,2246,,0.00,abstain,,False,unsupported_after_last_supported_segment,,,,,frozen_query_path_adjacent_acceptance_interpolation
cam5,2247,,0.00,abstain,,False,unsupported_isolated_acceptance,,,cam5_A30,match_unverified_geometry_supported,frozen_query_path_adjacent_acceptance_interpolation
cam5,2248,,0.00,abstain,,False,unsupported_after_last_supported_segment,,,,,frozen_query_path_adjacent_acceptance_interpolation
cam5,2249,,0.00,abstain,,False,unsupported_after_last_supported_segment,,,,,frozen_query_path_adjacent_acceptance_interpolation
cam5,2250,,0.00,abstain,,False,unsupported_after_last_supported_segment,,,,,frozen_query_path_adjacent_acceptance_interpolation
cam5,2251,,0.00,abstain,,False,unsupported_after_last_supported_segment,,,,,frozen_query_path_adjacent_acceptance_interpolation
cam5,2252,,0.00,abstain,,False,unsupported_after_last_supported_segment,,,,,frozen_query_path_adjacent_acceptance_interpolation
cam5,2253,,0.00,abstain,,False,unsupported_after_last_supported_segment,,,,,frozen_query_path_adjacent_acceptance_interpolation
cam5,2254,,0.00,abstain,,False,unsupported_after_last_supported_segment,,,,,frozen_query_path_adjacent_acceptance_interpolation
cam5,2255,,0.00,abstain,,False,unsupported_after_last_supported_segment,,,,,frozen_query_path_adjacent_acceptance_interpolation
cam5,2256,,0.00,abstain,,False,unsupported_after_last_supported_segment,,,,,frozen_query_path_adjacent_acceptance_interpolation
cam5,2257,,0.00,abstain,,False,unsupported_after_last_supported_segment,,,,,frozen_query_path_adjacent_acceptance_interpolation
cam5,2258,,0.00,abstain,,False,unsupported_after_last_supported_segment,,,,,frozen_query_path_adjacent_acceptance_interpolation
cam5,2259,,0.00,abstain,,False,unsupported_after_last_supported_segment,,,,,frozen_query_path_adjacent_acceptance_interpolation
cam5,2260,,0.00,abstain,,False,unsupported_after_last_supported_segment,,,,,frozen_query_path_adjacent_acceptance_interpolation
cam5,2261,,0.00,abstain,,False,unsupported_after_last_supported_segment,,,,,frozen_query_path_adjacent_acceptance_interpolation
cam5,2262,,0.00,abstain,,False,unsupported_after_last_supported_segment,,,,,frozen_query_path_adjacent_acceptance_interpolation
cam5,2263,,0.00,abstain,,False,unsupported_after_last_supported_segment,,,,,frozen_query_path_adjacent_acceptance_interpolation
cam5,2264,,0.00,abstain,,False,unsupported_after_last_supported_segment,,,,,frozen_query_path_adjacent_acceptance_interpolation
cam5,2265,,0.00,abstain,,False,unsupported_after_last_supported_segment,,,,,frozen_query_path_adjacent_acceptance_interpolation
cam5,2266,,0.00,abstain,,False,unsupported_after_last_supported_segment,,,,,frozen_query_path_adjacent_acceptance_interpolation
cam5,2267,,0.00,abstain,,False,unsupported_after_last_supported_segment,,,,,frozen_query_path_adjacent_acceptance_interpolation
cam5,2268,,0.00,abstain,,False,unsupported_after_last_supported_segment,,,,,frozen_query_path_adjacent_acceptance_interpolation
cam5,2269,,0.00,abstain,,False,unsupported_after_last_supported_segment,,,,,frozen_query_path_adjacent_acceptance_interpolation
cam5,2270,,0.00,abstain,,False,unsupported_after_last_supported_segment,,,,,frozen_query_path_adjacent_acceptance_interpolation
cam5,2271,,0.00,abstain,,False,unsupported_after_last_supported_segment,,,,,frozen_query_path_adjacent_acceptance_interpolation
cam5,2272,,0.00,abstain,,False,unsupported_after_last_supported_segment,,,,,frozen_query_path_adjacent_acceptance_interpolation
cam5,2273,,0.00,abstain,,False,unsupported_after_last_supported_segment,,,,,frozen_query_path_adjacent_acceptance_interpolation
cam5,2274,,0.00,abstain,,False,unsupported_after_last_supported_segment,,,,,frozen_query_path_adjacent_acceptance_interpolation
cam5,2275,,0.00,abstain,,False,unsupported_after_last_supported_segment,,,,,frozen_query_path_adjacent_acceptance_interpolation
cam5,2276,,0.00,abstain,,False,unsupported_after_last_supported_segment,,,,,frozen_query_path_adjacent_acceptance_interpolation
cam5,2277,,0.00,abstain,,False,unsupported_after_last_supported_segment,,,,,frozen_query_path_adjacent_acceptance_interpolation
cam5,2278,,0.00,abstain,,False,unsupported_after_last_supported_segment,,,,,frozen_query_path_adjacent_acceptance_interpolation
cam5,2279,,0.00,abstain,,False,unsupported_after_last_supported_segment,,,,,frozen_query_path_adjacent_acceptance_interpolation
cam5,2280,,0.00,abstain,,False,unsupported_after_last_supported_segment,,,,,frozen_query_path_adjacent_acceptance_interpolation
cam5,2281,,0.00,abstain,,False,unsupported_after_last_supported_segment,,,,,frozen_query_path_adjacent_acceptance_interpolation
cam5,2282,,0.00,abstain,,False,unsupported_after_last_supported_segment,,,,,frozen_query_path_adjacent_acceptance_interpolation
cam5,2283,,0.00,abstain,,False,unsupported_after_last_supported_segment,,,,,frozen_query_path_adjacent_acceptance_interpolation
cam5,2284,,0.00,abstain,,False,unsupported_after_last_supported_segment,,,,,frozen_query_path_adjacent_acceptance_interpolation
cam5,2285,,0.00,abstain,,False,unsupported_after_last_supported_segment,,,,,frozen_query_path_adjacent_acceptance_interpolation
cam5,2286,,0.00,abstain,,False,unsupported_after_last_supported_segment,,,,,frozen_query_path_adjacent_acceptance_interpolation
cam5,2287,,0.00,abstain,,False,unsupported_anchor_abstention,,,cam5_A31,abstain_ambiguous_phase,frozen_query_path_adjacent_acceptance_interpolation
cam5,2288,,0.00,abstain,,False,unsupported_after_last_supported_segment,,,,,frozen_query_path_adjacent_acceptance_interpolation
cam5,2289,,0.00,abstain,,False,unsupported_after_last_supported_segment,,,,,frozen_query_path_adjacent_acceptance_interpolation
cam5,2290,,0.00,abstain,,False,unsupported_after_last_supported_segment,,,,,frozen_query_path_adjacent_acceptance_interpolation
cam5,2291,,0.00,abstain,,False,unsupported_after_last_supported_segment,,,,,frozen_query_path_adjacent_acceptance_interpolation
cam5,2292,,0.00,abstain,,False,unsupported_after_last_supported_segment,,,,,frozen_query_path_adjacent_acceptance_interpolation
cam5,2293,,0.00,abstain,,False,unsupported_after_last_supported_segment,,,,,frozen_query_path_adjacent_acceptance_interpolation
cam5,2294,,0.00,abstain,,False,unsupported_after_last_supported_segment,,,,,frozen_query_path_adjacent_acceptance_interpolation
cam5,2295,,0.00,abstain,,False,unsupported_after_last_supported_segment,,,,,frozen_query_path_adjacent_acceptance_interpolation
cam5,2296,,0.00,abstain,,False,unsupported_after_last_supported_segment,,,,,frozen_query_path_adjacent_acceptance_interpolation
cam5,2297,,0.00,abstain,,False,unsupported_after_last_supported_segment,,,,,frozen_query_path_adjacent_acceptance_interpolation
cam5,2298,,0.00,abstain,,False,unsupported_after_last_supported_segment,,,,,frozen_query_path_adjacent_acceptance_interpolation
cam5,2299,,0.00,abstain,,False,unsupported_after_last_supported_segment,,,,,frozen_query_path_adjacent_acceptance_interpolation
cam5,2300,,0.00,abstain,,False,unsupported_after_last_supported_segment,,,,,frozen_query_path_adjacent_acceptance_interpolation
cam5,2301,,0.00,abstain,,False,unsupported_after_last_supported_segment,,,,,frozen_query_path_adjacent_acceptance_interpolation
cam5,2302,,0.00,abstain,,False,unsupported_after_last_supported_segment,,,,,frozen_query_path_adjacent_acceptance_interpolation
cam5,2303,,0.00,abstain,,False,unsupported_after_last_supported_segment,,,,,frozen_query_path_adjacent_acceptance_interpolation
cam5,2304,,0.00,abstain,,False,unsupported_after_last_supported_segment,,,,,frozen_query_path_adjacent_acceptance_interpolation
cam5,2305,,0.00,abstain,,False,unsupported_after_last_supported_segment,,,,,frozen_query_path_adjacent_acceptance_interpolation
cam5,2306,,0.00,abstain,,False,unsupported_after_last_supported_segment,,,,,frozen_query_path_adjacent_acceptance_interpolation
cam5,2307,,0.00,abstain,,False,unsupported_after_last_supported_segment,,,,,frozen_query_path_adjacent_acceptance_interpolation
cam5,2308,,0.00,abstain,,False,unsupported_after_last_supported_segment,,,,,frozen_query_path_adjacent_acceptance_interpolation
cam5,2309,,0.00,abstain,,False,unsupported_after_last_supported_segment,,,,,frozen_query_path_adjacent_acceptance_interpolation
cam5,2310,,0.00,abstain,,False,unsupported_after_last_supported_segment,,,,,frozen_query_path_adjacent_acceptance_interpolation
cam5,2311,,0.00,abstain,,False,unsupported_after_last_supported_segment,,,,,frozen_query_path_adjacent_acceptance_interpolation
cam5,2312,,0.00,abstain,,False,unsupported_after_last_supported_segment,,,,,frozen_query_path_adjacent_acceptance_interpolation
cam5,2313,,0.00,abstain,,False,unsupported_after_last_supported_segment,,,,,frozen_query_path_adjacent_acceptance_interpolation
cam5,2314,,0.00,abstain,,False,unsupported_after_last_supported_segment,,,,,frozen_query_path_adjacent_acceptance_interpolation
cam5,2315,,0.00,abstain,,False,unsupported_after_last_supported_segment,,,,,frozen_query_path_adjacent_acceptance_interpolation
cam5,2316,,0.00,abstain,,False,unsupported_after_last_supported_segment,,,,,frozen_query_path_adjacent_acceptance_interpolation
cam5,2317,,0.00,abstain,,False,unsupported_after_last_supported_segment,,,,,frozen_query_path_adjacent_acceptance_interpolation
cam5,2318,,0.00,abstain,,False,unsupported_after_last_supported_segment,,,,,frozen_query_path_adjacent_acceptance_interpolation
cam5,2319,,0.00,abstain,,False,unsupported_after_last_supported_segment,,,,,frozen_query_path_adjacent_acceptance_interpolation
cam5,2320,,0.00,abstain,,False,unsupported_after_last_supported_segment,,,,,frozen_query_path_adjacent_acceptance_interpolation
cam5,2321,,0.00,abstain,,False,unsupported_after_last_supported_segment,,,,,frozen_query_path_adjacent_acceptance_interpolation
cam5,2322,,0.00,abstain,,False,unsupported_after_last_supported_segment,,,,,frozen_query_path_adjacent_acceptance_interpolation
cam5,2323,,0.00,abstain,,False,unsupported_after_last_supported_segment,,,,,frozen_query_path_adjacent_acceptance_interpolation
cam5,2324,,0.00,abstain,,False,unsupported_after_last_supported_segment,,,,,frozen_query_path_adjacent_acceptance_interpolation
cam5,2325,,0.00,abstain,,False,unsupported_after_last_supported_segment,,,,,frozen_query_path_adjacent_acceptance_interpolation
cam5,2326,,0.00,abstain,,False,unsupported_after_last_supported_segment,,,,,frozen_query_path_adjacent_acceptance_interpolation
cam5,2327,,0.00,abstain,,False,unsupported_after_last_supported_segment,,,,,frozen_query_path_adjacent_acceptance_interpolation
cam5,2328,,0.00,abstain,,False,unsupported_after_last_supported_segment,,,,,frozen_query_path_adjacent_acceptance_interpolation
cam5,2329,,0.00,abstain,,False,unsupported_after_last_supported_segment,,,,,frozen_query_path_adjacent_acceptance_interpolation
cam5,2330,,0.00,abstain,,False,unsupported_after_last_supported_segment,,,,,frozen_query_path_adjacent_acceptance_interpolation
cam5,2331,,0.00,abstain,,False,unsupported_after_last_supported_segment,,,,,frozen_query_path_adjacent_acceptance_interpolation
cam5,2332,,0.00,abstain,,False,unsupported_after_last_supported_segment,,,,,frozen_query_path_adjacent_acceptance_interpolation
cam5,2333,,0.00,abstain,,False,unsupported_after_last_supported_segment,,,,,frozen_query_path_adjacent_acceptance_interpolation
cam5,2334,,0.00,abstain,,False,unsupported_after_last_supported_segment,,,,,frozen_query_path_adjacent_acceptance_interpolation
cam5,2335,,0.00,abstain,,False,unsupported_after_last_supported_segment,,,,,frozen_query_path_adjacent_acceptance_interpolation
cam5,2336,,0.00,abstain,,False,unsupported_after_last_supported_segment,,,,,frozen_query_path_adjacent_acceptance_interpolation
cam5,2337,,0.00,abstain,,False,unsupported_after_last_supported_segment,,,,,frozen_query_path_adjacent_acceptance_interpolation
cam5,2338,,0.00,abstain,,False,unsupported_after_last_supported_segment,,,,,frozen_query_path_adjacent_acceptance_interpolation
cam5,2339,,0.00,abstain,,False,unsupported_after_last_supported_segment,,,,,frozen_query_path_adjacent_acceptance_interpolation
cam5,2340,,0.00,abstain,,False,unsupported_after_last_supported_segment,,,,,frozen_query_path_adjacent_acceptance_interpolation
cam5,2341,,0.00,abstain,,False,unsupported_after_last_supported_segment,,,,,frozen_query_path_adjacent_acceptance_interpolation
cam5,2342,,0.00,abstain,,False,unsupported_after_last_supported_segment,,,,,frozen_query_path_adjacent_acceptance_interpolation
cam5,2343,,0.00,abstain,,False,unsupported_after_last_supported_segment,,,,,frozen_query_path_adjacent_acceptance_interpolation
cam5,2344,,0.00,abstain,,False,unsupported_after_last_supported_segment,,,,,frozen_query_path_adjacent_acceptance_interpolation
cam5,2345,,0.00,abstain,,False,unsupported_after_last_supported_segment,,,,,frozen_query_path_adjacent_acceptance_interpolation
cam5,2346,,0.00,abstain,,False,unsupported_after_last_supported_segment,,,,,frozen_query_path_adjacent_acceptance_interpolation
cam5,2347,,0.00,abstain,,False,unsupported_after_last_supported_segment,,,,,frozen_query_path_adjacent_acceptance_interpolation
cam5,2348,,0.00,abstain,,False,unsupported_after_last_supported_segment,,,,,frozen_query_path_adjacent_acceptance_interpolation
cam5,2349,,0.00,abstain,,False,unsupported_after_last_supported_segment,,,,,frozen_query_path_adjacent_acceptance_interpolation
cam5,2350,,0.00,abstain,,False,unsupported_after_last_supported_segment,,,,,frozen_query_path_adjacent_acceptance_interpolation
cam5,2351,,0.00,abstain,,False,unsupported_after_last_supported_segment,,,,,frozen_query_path_adjacent_acceptance_interpolation
cam5,2352,,0.00,abstain,,False,unsupported_after_last_supported_segment,,,,,frozen_query_path_adjacent_acceptance_interpolation
cam5,2353,,0.00,abstain,,False,unsupported_after_last_supported_segment,,,,,frozen_query_path_adjacent_acceptance_interpolation
cam5,2354,,0.00,abstain,,False,unsupported_after_last_supported_segment,,,,,frozen_query_path_adjacent_acceptance_interpolation
cam5,2355,,0.00,abstain,,False,unsupported_after_last_supported_segment,,,,,frozen_query_path_adjacent_acceptance_interpolation
cam5,2356,,0.00,abstain,,False,unsupported_after_last_supported_segment,,,,,frozen_query_path_adjacent_acceptance_interpolation
cam5,2357,,0.00,abstain,,False,unsupported_after_last_supported_segment,,,,,frozen_query_path_adjacent_acceptance_interpolation
cam5,2358,,0.00,abstain,,False,unsupported_after_last_supported_segment,,,,,frozen_query_path_adjacent_acceptance_interpolation
cam5,2359,,0.00,abstain,,False,unsupported_after_last_supported_segment,,,,,frozen_query_path_adjacent_acceptance_interpolation
cam5,2360,,0.00,abstain,,False,unsupported_after_last_supported_segment,,,,,frozen_query_path_adjacent_acceptance_interpolation
cam5,2361,,0.00,abstain,,False,unsupported_after_last_supported_segment,,,,,frozen_query_path_adjacent_acceptance_interpolation
cam5,2362,,0.00,abstain,,False,unsupported_after_last_supported_segment,,,,,frozen_query_path_adjacent_acceptance_interpolation
cam5,2363,,0.00,abstain,,False,unsupported_after_last_supported_segment,,,,,frozen_query_path_adjacent_acceptance_interpolation
cam5,2364,,0.00,abstain,,False,unsupported_after_last_supported_segment,,,,,frozen_query_path_adjacent_acceptance_interpolation
cam5,2365,,0.00,abstain,,False,unsupported_after_last_supported_segment,,,,,frozen_query_path_adjacent_acceptance_interpolation
cam5,2366,,0.00,abstain,,False,unsupported_after_last_supported_segment,,,,,frozen_query_path_adjacent_acceptance_interpolation
cam5,2367,,0.00,abstain,,False,unsupported_after_last_supported_segment,,,,,frozen_query_path_adjacent_acceptance_interpolation
cam5,2368,,0.00,abstain,,False,unsupported_after_last_supported_segment,,,,,frozen_query_path_adjacent_acceptance_interpolation
cam5,2369,,0.00,abstain,,False,unsupported_after_last_supported_segment,,,,,frozen_query_path_adjacent_acceptance_interpolation
cam5,2370,,0.00,abstain,,False,unsupported_after_last_supported_segment,,,,,frozen_query_path_adjacent_acceptance_interpolation
cam5,2371,,0.00,abstain,,False,unsupported_after_last_supported_segment,,,,,frozen_query_path_adjacent_acceptance_interpolation
cam5,2372,,0.00,abstain,,False,unsupported_after_last_supported_segment,,,,,frozen_query_path_adjacent_acceptance_interpolation
cam5,2373,,0.00,abstain,,False,unsupported_after_last_supported_segment,,,,,frozen_query_path_adjacent_acceptance_interpolation
cam5,2374,,0.00,abstain,,False,unsupported_after_last_supported_segment,,,,,frozen_query_path_adjacent_acceptance_interpolation
cam5,2375,,0.00,abstain,,False,unsupported_after_last_supported_segment,,,,,frozen_query_path_adjacent_acceptance_interpolation
cam5,2376,,0.00,abstain,,False,unsupported_after_last_supported_segment,,,,,frozen_query_path_adjacent_acceptance_interpolation
cam5,2377,,0.00,abstain,,False,unsupported_after_last_supported_segment,,,,,frozen_query_path_adjacent_acceptance_interpolation
cam5,2378,,0.00,abstain,,False,unsupported_after_last_supported_segment,,,,,frozen_query_path_adjacent_acceptance_interpolation
cam5,2379,,0.00,abstain,,False,unsupported_after_last_supported_segment,,,,,frozen_query_path_adjacent_acceptance_interpolation
cam5,2380,,0.00,abstain,,False,unsupported_after_last_supported_segment,,,,,frozen_query_path_adjacent_acceptance_interpolation
cam5,2381,,0.00,abstain,,False,unsupported_after_last_supported_segment,,,,,frozen_query_path_adjacent_acceptance_interpolation
cam5,2382,,0.00,abstain,,False,unsupported_after_last_supported_segment,,,,,frozen_query_path_adjacent_acceptance_interpolation
cam5,2383,,0.00,abstain,,False,unsupported_after_last_supported_segment,,,,,frozen_query_path_adjacent_acceptance_interpolation
cam5,2384,,0.00,abstain,,False,unsupported_after_last_supported_segment,,,,,frozen_query_path_adjacent_acceptance_interpolation
cam5,2385,,0.00,abstain,,False,unsupported_after_last_supported_segment,,,,,frozen_query_path_adjacent_acceptance_interpolation
cam5,2386,,0.00,abstain,,False,unsupported_isolated_acceptance,,,cam5_A32,match_unverified_geometry_supported,frozen_query_path_adjacent_acceptance_interpolation
cam5,2387,,0.00,abstain,,False,unsupported_after_last_supported_segment,,,,,frozen_query_path_adjacent_acceptance_interpolation
cam5,2388,,0.00,abstain,,False,unsupported_after_last_supported_segment,,,,,frozen_query_path_adjacent_acceptance_interpolation
cam5,2389,,0.00,abstain,,False,unsupported_after_last_supported_segment,,,,,frozen_query_path_adjacent_acceptance_interpolation
cam5,2390,,0.00,abstain,,False,unsupported_after_last_supported_segment,,,,,frozen_query_path_adjacent_acceptance_interpolation
cam5,2391,,0.00,abstain,,False,unsupported_after_last_supported_segment,,,,,frozen_query_path_adjacent_acceptance_interpolation
cam5,2392,,0.00,abstain,,False,unsupported_after_last_supported_segment,,,,,frozen_query_path_adjacent_acceptance_interpolation
cam5,2393,,0.00,abstain,,False,unsupported_after_last_supported_segment,,,,,frozen_query_path_adjacent_acceptance_interpolation
cam5,2394,,0.00,abstain,,False,unsupported_after_last_supported_segment,,,,,frozen_query_path_adjacent_acceptance_interpolation
cam5,2395,,0.00,abstain,,False,unsupported_after_last_supported_segment,,,,,frozen_query_path_adjacent_acceptance_interpolation
cam5,2396,,0.00,abstain,,False,unsupported_after_last_supported_segment,,,,,frozen_query_path_adjacent_acceptance_interpolation
cam5,2397,,0.00,abstain,,False,unsupported_after_last_supported_segment,,,,,frozen_query_path_adjacent_acceptance_interpolation
cam5,2398,,0.00,abstain,,False,unsupported_after_last_supported_segment,,,,,frozen_query_path_adjacent_acceptance_interpolation
cam5,2399,,0.00,abstain,,False,unsupported_after_last_supported_segment,,,,,frozen_query_path_adjacent_acceptance_interpolation
cam5,2400,,0.00,abstain,,False,unsupported_after_last_supported_segment,,,,,frozen_query_path_adjacent_acceptance_interpolation
cam5,2401,,0.00,abstain,,False,unsupported_after_last_supported_segment,,,,,frozen_query_path_adjacent_acceptance_interpolation
cam5,2402,,0.00,abstain,,False,unsupported_after_last_supported_segment,,,,,frozen_query_path_adjacent_acceptance_interpolation
cam5,2403,,0.00,abstain,,False,unsupported_after_last_supported_segment,,,,,frozen_query_path_adjacent_acceptance_interpolation
cam5,2404,,0.00,abstain,,False,unsupported_after_last_supported_segment,,,,,frozen_query_path_adjacent_acceptance_interpolation
cam5,2405,,0.00,abstain,,False,unsupported_after_last_supported_segment,,,,,frozen_query_path_adjacent_acceptance_interpolation
cam5,2406,,0.00,abstain,,False,unsupported_after_last_supported_segment,,,,,frozen_query_path_adjacent_acceptance_interpolation
cam5,2407,,0.00,abstain,,False,unsupported_after_last_supported_segment,,,,,frozen_query_path_adjacent_acceptance_interpolation
cam5,2408,,0.00,abstain,,False,unsupported_after_last_supported_segment,,,,,frozen_query_path_adjacent_acceptance_interpolation
cam5,2409,,0.00,abstain,,False,unsupported_after_last_supported_segment,,,,,frozen_query_path_adjacent_acceptance_interpolation
cam5,2410,,0.00,abstain,,False,unsupported_after_last_supported_segment,,,,,frozen_query_path_adjacent_acceptance_interpolation
cam5,2411,,0.00,abstain,,False,unsupported_after_last_supported_segment,,,,,frozen_query_path_adjacent_acceptance_interpolation
cam5,2412,,0.00,abstain,,False,unsupported_after_last_supported_segment,,,,,frozen_query_path_adjacent_acceptance_interpolation
cam5,2413,,0.00,abstain,,False,unsupported_after_last_supported_segment,,,,,frozen_query_path_adjacent_acceptance_interpolation
cam5,2414,,0.00,abstain,,False,unsupported_after_last_supported_segment,,,,,frozen_query_path_adjacent_acceptance_interpolation
cam5,2415,,0.00,abstain,,False,unsupported_after_last_supported_segment,,,,,frozen_query_path_adjacent_acceptance_interpolation
cam5,2416,,0.00,abstain,,False,unsupported_after_last_supported_segment,,,,,frozen_query_path_adjacent_acceptance_interpolation
cam5,2417,,0.00,abstain,,False,unsupported_after_last_supported_segment,,,,,frozen_query_path_adjacent_acceptance_interpolation
cam5,2418,,0.00,abstain,,False,unsupported_after_last_supported_segment,,,,,frozen_query_path_adjacent_acceptance_interpolation
cam5,2419,,0.00,abstain,,False,unsupported_after_last_supported_segment,,,,,frozen_query_path_adjacent_acceptance_interpolation
cam5,2420,,0.00,abstain,,False,unsupported_after_last_supported_segment,,,,,frozen_query_path_adjacent_acceptance_interpolation
cam5,2421,,0.00,abstain,,False,unsupported_after_last_supported_segment,,,,,frozen_query_path_adjacent_acceptance_interpolation
cam5,2422,,0.00,abstain,,False,unsupported_after_last_supported_segment,,,,,frozen_query_path_adjacent_acceptance_interpolation
cam5,2423,,0.00,abstain,,False,unsupported_after_last_supported_segment,,,,,frozen_query_path_adjacent_acceptance_interpolation
cam5,2424,,0.00,abstain,,False,unsupported_after_last_supported_segment,,,,,frozen_query_path_adjacent_acceptance_interpolation
cam5,2425,,0.00,abstain,,False,unsupported_after_last_supported_segment,,,,,frozen_query_path_adjacent_acceptance_interpolation
cam5,2426,,0.00,abstain,,False,unsupported_after_last_supported_segment,,,,,frozen_query_path_adjacent_acceptance_interpolation
cam5,2427,,0.00,abstain,,False,unsupported_after_last_supported_segment,,,,,frozen_query_path_adjacent_acceptance_interpolation
cam5,2428,,0.00,abstain,,False,unsupported_after_last_supported_segment,,,,,frozen_query_path_adjacent_acceptance_interpolation
cam5,2429,,0.00,abstain,,False,unsupported_after_last_supported_segment,,,,,frozen_query_path_adjacent_acceptance_interpolation
cam5,2430,,0.00,abstain,,False,unsupported_after_last_supported_segment,,,,,frozen_query_path_adjacent_acceptance_interpolation
cam5,2431,,0.00,abstain,,False,unsupported_after_last_supported_segment,,,,,frozen_query_path_adjacent_acceptance_interpolation
cam5,2432,,0.00,abstain,,False,unsupported_after_last_supported_segment,,,,,frozen_query_path_adjacent_acceptance_interpolation
cam5,2433,,0.00,abstain,,False,unsupported_after_last_supported_segment,,,,,frozen_query_path_adjacent_acceptance_interpolation
cam5,2434,,0.00,abstain,,False,unsupported_after_last_supported_segment,,,,,frozen_query_path_adjacent_acceptance_interpolation
cam5,2435,,0.00,abstain,,False,unsupported_after_last_supported_segment,,,,,frozen_query_path_adjacent_acceptance_interpolation
cam5,2436,,0.00,abstain,,False,unsupported_after_last_supported_segment,,,,,frozen_query_path_adjacent_acceptance_interpolation
cam5,2437,,0.00,abstain,,False,unsupported_after_last_supported_segment,,,,,frozen_query_path_adjacent_acceptance_interpolation
cam5,2438,,0.00,abstain,,False,unsupported_after_last_supported_segment,,,,,frozen_query_path_adjacent_acceptance_interpolation
cam5,2439,,0.00,abstain,,False,unsupported_after_last_supported_segment,,,,,frozen_query_path_adjacent_acceptance_interpolation
cam5,2440,,0.00,abstain,,False,unsupported_after_last_supported_segment,,,,,frozen_query_path_adjacent_acceptance_interpolation
cam5,2441,,0.00,abstain,,False,unsupported_after_last_supported_segment,,,,,frozen_query_path_adjacent_acceptance_interpolation
cam5,2442,,0.00,abstain,,False,unsupported_after_last_supported_segment,,,,,frozen_query_path_adjacent_acceptance_interpolation
cam5,2443,,0.00,abstain,,False,unsupported_after_last_supported_segment,,,,,frozen_query_path_adjacent_acceptance_interpolation
cam5,2444,,0.00,abstain,,False,unsupported_after_last_supported_segment,,,,,frozen_query_path_adjacent_acceptance_interpolation
cam5,2445,,0.00,abstain,,False,unsupported_after_last_supported_segment,,,,,frozen_query_path_adjacent_acceptance_interpolation
cam5,2446,,0.00,abstain,,False,unsupported_after_last_supported_segment,,,,,frozen_query_path_adjacent_acceptance_interpolation
cam5,2447,,0.00,abstain,,False,unsupported_after_last_supported_segment,,,,,frozen_query_path_adjacent_acceptance_interpolation
cam5,2448,,0.00,abstain,,False,unsupported_after_last_supported_segment,,,,,frozen_query_path_adjacent_acceptance_interpolation
cam5,2449,,0.00,abstain,,False,unsupported_after_last_supported_segment,,,,,frozen_query_path_adjacent_acceptance_interpolation
cam5,2450,,0.00,abstain,,False,unsupported_after_last_supported_segment,,,,,frozen_query_path_adjacent_acceptance_interpolation
cam5,2451,,0.00,abstain,,False,unsupported_after_last_supported_segment,,,,,frozen_query_path_adjacent_acceptance_interpolation
cam5,2452,,0.00,abstain,,False,unsupported_after_last_supported_segment,,,,,frozen_query_path_adjacent_acceptance_interpolation
cam5,2453,,0.00,abstain,,False,unsupported_after_last_supported_segment,,,,,frozen_query_path_adjacent_acceptance_interpolation
cam5,2454,,0.00,abstain,,False,unsupported_after_last_supported_segment,,,,,frozen_query_path_adjacent_acceptance_interpolation
cam5,2455,,0.00,abstain,,False,unsupported_after_last_supported_segment,,,,,frozen_query_path_adjacent_acceptance_interpolation
cam5,2456,,0.00,abstain,,False,unsupported_after_last_supported_segment,,,,,frozen_query_path_adjacent_acceptance_interpolation
cam5,2457,,0.00,abstain,,False,unsupported_after_last_supported_segment,,,,,frozen_query_path_adjacent_acceptance_interpolation
cam5,2458,,0.00,abstain,,False,unsupported_anchor_abstention,,,cam5_A33,abstain_ambiguous_phase,frozen_query_path_adjacent_acceptance_interpolation
cam5,2459,,0.00,abstain,,False,unsupported_after_last_supported_segment,,,,,frozen_query_path_adjacent_acceptance_interpolation
cam5,2460,,0.00,abstain,,False,unsupported_after_last_supported_segment,,,,,frozen_query_path_adjacent_acceptance_interpolation
cam5,2461,,0.00,abstain,,False,unsupported_after_last_supported_segment,,,,,frozen_query_path_adjacent_acceptance_interpolation
cam5,2462,,0.00,abstain,,False,unsupported_after_last_supported_segment,,,,,frozen_query_path_adjacent_acceptance_interpolation
cam5,2463,,0.00,abstain,,False,unsupported_after_last_supported_segment,,,,,frozen_query_path_adjacent_acceptance_interpolation
cam5,2464,,0.00,abstain,,False,unsupported_after_last_supported_segment,,,,,frozen_query_path_adjacent_acceptance_interpolation
cam5,2465,,0.00,abstain,,False,unsupported_after_last_supported_segment,,,,,frozen_query_path_adjacent_acceptance_interpolation
cam5,2466,,0.00,abstain,,False,unsupported_after_last_supported_segment,,,,,frozen_query_path_adjacent_acceptance_interpolation
cam5,2467,,0.00,abstain,,False,unsupported_after_last_supported_segment,,,,,frozen_query_path_adjacent_acceptance_interpolation
cam5,2468,,0.00,abstain,,False,unsupported_after_last_supported_segment,,,,,frozen_query_path_adjacent_acceptance_interpolation
cam5,2469,,0.00,abstain,,False,unsupported_after_last_supported_segment,,,,,frozen_query_path_adjacent_acceptance_interpolation
cam5,2470,,0.00,abstain,,False,unsupported_after_last_supported_segment,,,,,frozen_query_path_adjacent_acceptance_interpolation
cam5,2471,,0.00,abstain,,False,unsupported_after_last_supported_segment,,,,,frozen_query_path_adjacent_acceptance_interpolation
cam5,2472,,0.00,abstain,,False,unsupported_after_last_supported_segment,,,,,frozen_query_path_adjacent_acceptance_interpolation
cam5,2473,,0.00,abstain,,False,unsupported_after_last_supported_segment,,,,,frozen_query_path_adjacent_acceptance_interpolation
cam5,2474,,0.00,abstain,,False,unsupported_after_last_supported_segment,,,,,frozen_query_path_adjacent_acceptance_interpolation
cam5,2475,,0.00,abstain,,False,unsupported_after_last_supported_segment,,,,,frozen_query_path_adjacent_acceptance_interpolation
cam5,2476,,0.00,abstain,,False,unsupported_after_last_supported_segment,,,,,frozen_query_path_adjacent_acceptance_interpolation
cam5,2477,,0.00,abstain,,False,unsupported_after_last_supported_segment,,,,,frozen_query_path_adjacent_acceptance_interpolation
cam5,2478,,0.00,abstain,,False,unsupported_after_last_supported_segment,,,,,frozen_query_path_adjacent_acceptance_interpolation
cam5,2479,,0.00,abstain,,False,unsupported_after_last_supported_segment,,,,,frozen_query_path_adjacent_acceptance_interpolation
cam5,2480,,0.00,abstain,,False,unsupported_after_last_supported_segment,,,,,frozen_query_path_adjacent_acceptance_interpolation
cam5,2481,,0.00,abstain,,False,unsupported_after_last_supported_segment,,,,,frozen_query_path_adjacent_acceptance_interpolation
cam5,2482,,0.00,abstain,,False,unsupported_after_last_supported_segment,,,,,frozen_query_path_adjacent_acceptance_interpolation
cam5,2483,,0.00,abstain,,False,unsupported_after_last_supported_segment,,,,,frozen_query_path_adjacent_acceptance_interpolation
cam5,2484,,0.00,abstain,,False,unsupported_after_last_supported_segment,,,,,frozen_query_path_adjacent_acceptance_interpolation
cam5,2485,,0.00,abstain,,False,unsupported_after_last_supported_segment,,,,,frozen_query_path_adjacent_acceptance_interpolation
cam5,2486,,0.00,abstain,,False,unsupported_after_last_supported_segment,,,,,frozen_query_path_adjacent_acceptance_interpolation
cam5,2487,,0.00,abstain,,False,unsupported_after_last_supported_segment,,,,,frozen_query_path_adjacent_acceptance_interpolation
cam5,2488,,0.00,abstain,,False,unsupported_after_last_supported_segment,,,,,frozen_query_path_adjacent_acceptance_interpolation
cam5,2489,,0.00,abstain,,False,unsupported_after_last_supported_segment,,,,,frozen_query_path_adjacent_acceptance_interpolation
cam5,2490,,0.00,abstain,,False,unsupported_after_last_supported_segment,,,,,frozen_query_path_adjacent_acceptance_interpolation
cam5,2491,,0.00,abstain,,False,unsupported_after_last_supported_segment,,,,,frozen_query_path_adjacent_acceptance_interpolation
cam5,2492,,0.00,abstain,,False,unsupported_after_last_supported_segment,,,,,frozen_query_path_adjacent_acceptance_interpolation
cam5,2493,,0.00,abstain,,False,unsupported_after_last_supported_segment,,,,,frozen_query_path_adjacent_acceptance_interpolation
cam5,2494,,0.00,abstain,,False,unsupported_after_last_supported_segment,,,,,frozen_query_path_adjacent_acceptance_interpolation
cam5,2495,,0.00,abstain,,False,unsupported_after_last_supported_segment,,,,,frozen_query_path_adjacent_acceptance_interpolation
cam5,2496,,0.00,abstain,,False,unsupported_after_last_supported_segment,,,,,frozen_query_path_adjacent_acceptance_interpolation
cam5,2497,,0.00,abstain,,False,unsupported_after_last_supported_segment,,,,,frozen_query_path_adjacent_acceptance_interpolation
cam5,2498,,0.00,abstain,,False,unsupported_after_last_supported_segment,,,,,frozen_query_path_adjacent_acceptance_interpolation
cam5,2499,,0.00,abstain,,False,unsupported_after_last_supported_segment,,,,,frozen_query_path_adjacent_acceptance_interpolation
cam5,2500,,0.00,abstain,,False,unsupported_after_last_supported_segment,,,,,frozen_query_path_adjacent_acceptance_interpolation
cam5,2501,,0.00,abstain,,False,unsupported_after_last_supported_segment,,,,,frozen_query_path_adjacent_acceptance_interpolation
cam5,2502,,0.00,abstain,,False,unsupported_after_last_supported_segment,,,,,frozen_query_path_adjacent_acceptance_interpolation
cam5,2503,,0.00,abstain,,False,unsupported_after_last_supported_segment,,,,,frozen_query_path_adjacent_acceptance_interpolation
cam5,2504,,0.00,abstain,,False,unsupported_after_last_supported_segment,,,,,frozen_query_path_adjacent_acceptance_interpolation
cam5,2505,,0.00,abstain,,False,unsupported_after_last_supported_segment,,,,,frozen_query_path_adjacent_acceptance_interpolation
cam5,2506,,0.00,abstain,,False,unsupported_after_last_supported_segment,,,,,frozen_query_path_adjacent_acceptance_interpolation
cam5,2507,,0.00,abstain,,False,unsupported_after_last_supported_segment,,,,,frozen_query_path_adjacent_acceptance_interpolation
cam5,2508,,0.00,abstain,,False,unsupported_after_last_supported_segment,,,,,frozen_query_path_adjacent_acceptance_interpolation
cam5,2509,,0.00,abstain,,False,unsupported_after_last_supported_segment,,,,,frozen_query_path_adjacent_acceptance_interpolation
cam5,2510,,0.00,abstain,,False,unsupported_after_last_supported_segment,,,,,frozen_query_path_adjacent_acceptance_interpolation
cam5,2511,,0.00,abstain,,False,unsupported_after_last_supported_segment,,,,,frozen_query_path_adjacent_acceptance_interpolation
cam5,2512,,0.00,abstain,,False,unsupported_after_last_supported_segment,,,,,frozen_query_path_adjacent_acceptance_interpolation
cam5,2513,,0.00,abstain,,False,unsupported_after_last_supported_segment,,,,,frozen_query_path_adjacent_acceptance_interpolation
cam5,2514,,0.00,abstain,,False,unsupported_after_last_supported_segment,,,,,frozen_query_path_adjacent_acceptance_interpolation
cam5,2515,,0.00,abstain,,False,unsupported_after_last_supported_segment,,,,,frozen_query_path_adjacent_acceptance_interpolation
cam5,2516,,0.00,abstain,,False,unsupported_after_last_supported_segment,,,,,frozen_query_path_adjacent_acceptance_interpolation
cam5,2517,,0.00,abstain,,False,unsupported_after_last_supported_segment,,,,,frozen_query_path_adjacent_acceptance_interpolation
cam5,2518,,0.00,abstain,,False,unsupported_after_last_supported_segment,,,,,frozen_query_path_adjacent_acceptance_interpolation
cam5,2519,,0.00,abstain,,False,unsupported_after_last_supported_segment,,,,,frozen_query_path_adjacent_acceptance_interpolation
cam5,2520,,0.00,abstain,,False,unsupported_after_last_supported_segment,,,,,frozen_query_path_adjacent_acceptance_interpolation
cam5,2521,,0.00,abstain,,False,unsupported_after_last_supported_segment,,,,,frozen_query_path_adjacent_acceptance_interpolation
cam5,2522,,0.00,abstain,,False,unsupported_after_last_supported_segment,,,,,frozen_query_path_adjacent_acceptance_interpolation
cam5,2523,,0.00,abstain,,False,unsupported_after_last_supported_segment,,,,,frozen_query_path_adjacent_acceptance_interpolation
cam5,2524,,0.00,abstain,,False,unsupported_after_last_supported_segment,,,,,frozen_query_path_adjacent_acceptance_interpolation
cam5,2525,,0.00,abstain,,False,unsupported_after_last_supported_segment,,,,,frozen_query_path_adjacent_acceptance_interpolation
cam5,2526,,0.00,abstain,,False,unsupported_after_last_supported_segment,,,,,frozen_query_path_adjacent_acceptance_interpolation
cam5,2527,,0.00,abstain,,False,unsupported_after_last_supported_segment,,,,,frozen_query_path_adjacent_acceptance_interpolation
cam5,2528,,0.00,abstain,,False,unsupported_isolated_acceptance,,,cam5_A34,match_unverified_geometry_supported,frozen_query_path_adjacent_acceptance_interpolation
cam5,2529,,0.00,abstain,,False,unsupported_after_last_supported_segment,,,,,frozen_query_path_adjacent_acceptance_interpolation
cam5,2530,,0.00,abstain,,False,unsupported_after_last_supported_segment,,,,,frozen_query_path_adjacent_acceptance_interpolation
cam5,2531,,0.00,abstain,,False,unsupported_after_last_supported_segment,,,,,frozen_query_path_adjacent_acceptance_interpolation
cam5,2532,,0.00,abstain,,False,unsupported_after_last_supported_segment,,,,,frozen_query_path_adjacent_acceptance_interpolation
cam5,2533,,0.00,abstain,,False,unsupported_after_last_supported_segment,,,,,frozen_query_path_adjacent_acceptance_interpolation
cam5,2534,,0.00,abstain,,False,unsupported_after_last_supported_segment,,,,,frozen_query_path_adjacent_acceptance_interpolation
cam5,2535,,0.00,abstain,,False,unsupported_after_last_supported_segment,,,,,frozen_query_path_adjacent_acceptance_interpolation
cam5,2536,,0.00,abstain,,False,unsupported_after_last_supported_segment,,,,,frozen_query_path_adjacent_acceptance_interpolation
cam5,2537,,0.00,abstain,,False,unsupported_after_last_supported_segment,,,,,frozen_query_path_adjacent_acceptance_interpolation
cam5,2538,,0.00,abstain,,False,unsupported_after_last_supported_segment,,,,,frozen_query_path_adjacent_acceptance_interpolation
cam5,2539,,0.00,abstain,,False,unsupported_after_last_supported_segment,,,,,frozen_query_path_adjacent_acceptance_interpolation
cam5,2540,,0.00,abstain,,False,unsupported_after_last_supported_segment,,,,,frozen_query_path_adjacent_acceptance_interpolation
cam5,2541,,0.00,abstain,,False,unsupported_after_last_supported_segment,,,,,frozen_query_path_adjacent_acceptance_interpolation
cam5,2542,,0.00,abstain,,False,unsupported_after_last_supported_segment,,,,,frozen_query_path_adjacent_acceptance_interpolation
cam5,2543,,0.00,abstain,,False,unsupported_after_last_supported_segment,,,,,frozen_query_path_adjacent_acceptance_interpolation
cam5,2544,,0.00,abstain,,False,unsupported_after_last_supported_segment,,,,,frozen_query_path_adjacent_acceptance_interpolation
cam5,2545,,0.00,abstain,,False,unsupported_after_last_supported_segment,,,,,frozen_query_path_adjacent_acceptance_interpolation
cam5,2546,,0.00,abstain,,False,unsupported_after_last_supported_segment,,,,,frozen_query_path_adjacent_acceptance_interpolation
cam5,2547,,0.00,abstain,,False,unsupported_after_last_supported_segment,,,,,frozen_query_path_adjacent_acceptance_interpolation
cam5,2548,,0.00,abstain,,False,unsupported_after_last_supported_segment,,,,,frozen_query_path_adjacent_acceptance_interpolation
cam5,2549,,0.00,abstain,,False,unsupported_after_last_supported_segment,,,,,frozen_query_path_adjacent_acceptance_interpolation
cam5,2550,,0.00,abstain,,False,unsupported_after_last_supported_segment,,,,,frozen_query_path_adjacent_acceptance_interpolation
cam5,2551,,0.00,abstain,,False,unsupported_after_last_supported_segment,,,,,frozen_query_path_adjacent_acceptance_interpolation
cam5,2552,,0.00,abstain,,False,unsupported_after_last_supported_segment,,,,,frozen_query_path_adjacent_acceptance_interpolation
cam5,2553,,0.00,abstain,,False,unsupported_after_last_supported_segment,,,,,frozen_query_path_adjacent_acceptance_interpolation
cam5,2554,,0.00,abstain,,False,unsupported_after_last_supported_segment,,,,,frozen_query_path_adjacent_acceptance_interpolation
cam5,2555,,0.00,abstain,,False,unsupported_after_last_supported_segment,,,,,frozen_query_path_adjacent_acceptance_interpolation
cam5,2556,,0.00,abstain,,False,unsupported_after_last_supported_segment,,,,,frozen_query_path_adjacent_acceptance_interpolation
cam5,2557,,0.00,abstain,,False,unsupported_after_last_supported_segment,,,,,frozen_query_path_adjacent_acceptance_interpolation
cam5,2558,,0.00,abstain,,False,unsupported_after_last_supported_segment,,,,,frozen_query_path_adjacent_acceptance_interpolation
cam5,2559,,0.00,abstain,,False,unsupported_after_last_supported_segment,,,,,frozen_query_path_adjacent_acceptance_interpolation
cam5,2560,,0.00,abstain,,False,unsupported_after_last_supported_segment,,,,,frozen_query_path_adjacent_acceptance_interpolation
cam5,2561,,0.00,abstain,,False,unsupported_after_last_supported_segment,,,,,frozen_query_path_adjacent_acceptance_interpolation
cam5,2562,,0.00,abstain,,False,unsupported_after_last_supported_segment,,,,,frozen_query_path_adjacent_acceptance_interpolation
cam5,2563,,0.00,abstain,,False,unsupported_after_last_supported_segment,,,,,frozen_query_path_adjacent_acceptance_interpolation
cam5,2564,,0.00,abstain,,False,unsupported_after_last_supported_segment,,,,,frozen_query_path_adjacent_acceptance_interpolation
cam5,2565,,0.00,abstain,,False,unsupported_after_last_supported_segment,,,,,frozen_query_path_adjacent_acceptance_interpolation
cam5,2566,,0.00,abstain,,False,unsupported_after_last_supported_segment,,,,,frozen_query_path_adjacent_acceptance_interpolation
cam5,2567,,0.00,abstain,,False,unsupported_after_last_supported_segment,,,,,frozen_query_path_adjacent_acceptance_interpolation
cam5,2568,,0.00,abstain,,False,unsupported_after_last_supported_segment,,,,,frozen_query_path_adjacent_acceptance_interpolation
cam5,2569,,0.00,abstain,,False,unsupported_after_last_supported_segment,,,,,frozen_query_path_adjacent_acceptance_interpolation
cam5,2570,,0.00,abstain,,False,unsupported_after_last_supported_segment,,,,,frozen_query_path_adjacent_acceptance_interpolation
cam5,2571,,0.00,abstain,,False,unsupported_after_last_supported_segment,,,,,frozen_query_path_adjacent_acceptance_interpolation
cam5,2572,,0.00,abstain,,False,unsupported_after_last_supported_segment,,,,,frozen_query_path_adjacent_acceptance_interpolation
cam5,2573,,0.00,abstain,,False,unsupported_after_last_supported_segment,,,,,frozen_query_path_adjacent_acceptance_interpolation
cam5,2574,,0.00,abstain,,False,unsupported_after_last_supported_segment,,,,,frozen_query_path_adjacent_acceptance_interpolation
cam5,2575,,0.00,abstain,,False,unsupported_after_last_supported_segment,,,,,frozen_query_path_adjacent_acceptance_interpolation
cam5,2576,,0.00,abstain,,False,unsupported_after_last_supported_segment,,,,,frozen_query_path_adjacent_acceptance_interpolation
cam5,2577,,0.00,abstain,,False,unsupported_after_last_supported_segment,,,,,frozen_query_path_adjacent_acceptance_interpolation
cam5,2578,,0.00,abstain,,False,unsupported_after_last_supported_segment,,,,,frozen_query_path_adjacent_acceptance_interpolation
cam5,2579,,0.00,abstain,,False,unsupported_after_last_supported_segment,,,,,frozen_query_path_adjacent_acceptance_interpolation
cam5,2580,,0.00,abstain,,False,unsupported_after_last_supported_segment,,,,,frozen_query_path_adjacent_acceptance_interpolation
cam5,2581,,0.00,abstain,,False,unsupported_after_last_supported_segment,,,,,frozen_query_path_adjacent_acceptance_interpolation
cam5,2582,,0.00,abstain,,False,unsupported_after_last_supported_segment,,,,,frozen_query_path_adjacent_acceptance_interpolation
cam5,2583,,0.00,abstain,,False,unsupported_after_last_supported_segment,,,,,frozen_query_path_adjacent_acceptance_interpolation
cam5,2584,,0.00,abstain,,False,unsupported_after_last_supported_segment,,,,,frozen_query_path_adjacent_acceptance_interpolation
cam5,2585,,0.00,abstain,,False,unsupported_after_last_supported_segment,,,,,frozen_query_path_adjacent_acceptance_interpolation
cam5,2586,,0.00,abstain,,False,unsupported_after_last_supported_segment,,,,,frozen_query_path_adjacent_acceptance_interpolation
cam5,2587,,0.00,abstain,,False,unsupported_after_last_supported_segment,,,,,frozen_query_path_adjacent_acceptance_interpolation
cam5,2588,,0.00,abstain,,False,unsupported_after_last_supported_segment,,,,,frozen_query_path_adjacent_acceptance_interpolation
cam5,2589,,0.00,abstain,,False,unsupported_after_last_supported_segment,,,,,frozen_query_path_adjacent_acceptance_interpolation
cam5,2590,,0.00,abstain,,False,unsupported_after_last_supported_segment,,,,,frozen_query_path_adjacent_acceptance_interpolation
cam5,2591,,0.00,abstain,,False,unsupported_after_last_supported_segment,,,,,frozen_query_path_adjacent_acceptance_interpolation
cam5,2592,,0.00,abstain,,False,unsupported_after_last_supported_segment,,,,,frozen_query_path_adjacent_acceptance_interpolation
cam5,2593,,0.00,abstain,,False,unsupported_after_last_supported_segment,,,,,frozen_query_path_adjacent_acceptance_interpolation
cam5,2594,,0.00,abstain,,False,unsupported_after_last_supported_segment,,,,,frozen_query_path_adjacent_acceptance_interpolation
cam5,2595,,0.00,abstain,,False,unsupported_after_last_supported_segment,,,,,frozen_query_path_adjacent_acceptance_interpolation
cam5,2596,,0.00,abstain,,False,unsupported_after_last_supported_segment,,,,,frozen_query_path_adjacent_acceptance_interpolation
cam5,2597,,0.00,abstain,,False,unsupported_after_last_supported_segment,,,,,frozen_query_path_adjacent_acceptance_interpolation
cam5,2598,,0.00,abstain,,False,unsupported_after_last_supported_segment,,,,,frozen_query_path_adjacent_acceptance_interpolation
cam5,2599,,0.00,abstain,,False,unsupported_after_last_supported_segment,,,,,frozen_query_path_adjacent_acceptance_interpolation
cam5,2600,,0.00,abstain,,False,unsupported_after_last_supported_segment,,,,,frozen_query_path_adjacent_acceptance_interpolation
cam5,2601,,0.00,abstain,,False,unsupported_after_last_supported_segment,,,,,frozen_query_path_adjacent_acceptance_interpolation
cam5,2602,,0.00,abstain,,False,unsupported_anchor_abstention,,,cam5_A35,abstain_weak_or_ambiguous_geometry,frozen_query_path_adjacent_acceptance_interpolation
cam5,2603,,0.00,abstain,,False,unsupported_after_last_supported_segment,,,,,frozen_query_path_adjacent_acceptance_interpolation
cam5,2604,,0.00,abstain,,False,unsupported_after_last_supported_segment,,,,,frozen_query_path_adjacent_acceptance_interpolation
cam5,2605,,0.00,abstain,,False,unsupported_after_last_supported_segment,,,,,frozen_query_path_adjacent_acceptance_interpolation
cam5,2606,,0.00,abstain,,False,unsupported_after_last_supported_segment,,,,,frozen_query_path_adjacent_acceptance_interpolation
cam5,2607,,0.00,abstain,,False,unsupported_after_last_supported_segment,,,,,frozen_query_path_adjacent_acceptance_interpolation
cam5,2608,,0.00,abstain,,False,unsupported_after_last_supported_segment,,,,,frozen_query_path_adjacent_acceptance_interpolation
cam5,2609,,0.00,abstain,,False,unsupported_after_last_supported_segment,,,,,frozen_query_path_adjacent_acceptance_interpolation
cam5,2610,,0.00,abstain,,False,unsupported_after_last_supported_segment,,,,,frozen_query_path_adjacent_acceptance_interpolation
cam5,2611,,0.00,abstain,,False,unsupported_after_last_supported_segment,,,,,frozen_query_path_adjacent_acceptance_interpolation
cam5,2612,,0.00,abstain,,False,unsupported_after_last_supported_segment,,,,,frozen_query_path_adjacent_acceptance_interpolation
cam5,2613,,0.00,abstain,,False,unsupported_after_last_supported_segment,,,,,frozen_query_path_adjacent_acceptance_interpolation
cam5,2614,,0.00,abstain,,False,unsupported_after_last_supported_segment,,,,,frozen_query_path_adjacent_acceptance_interpolation
cam5,2615,,0.00,abstain,,False,unsupported_after_last_supported_segment,,,,,frozen_query_path_adjacent_acceptance_interpolation
cam5,2616,,0.00,abstain,,False,unsupported_after_last_supported_segment,,,,,frozen_query_path_adjacent_acceptance_interpolation
cam5,2617,,0.00,abstain,,False,unsupported_after_last_supported_segment,,,,,frozen_query_path_adjacent_acceptance_interpolation
cam5,2618,,0.00,abstain,,False,unsupported_after_last_supported_segment,,,,,frozen_query_path_adjacent_acceptance_interpolation
cam5,2619,,0.00,abstain,,False,unsupported_after_last_supported_segment,,,,,frozen_query_path_adjacent_acceptance_interpolation
cam5,2620,,0.00,abstain,,False,unsupported_after_last_supported_segment,,,,,frozen_query_path_adjacent_acceptance_interpolation
cam5,2621,,0.00,abstain,,False,unsupported_after_last_supported_segment,,,,,frozen_query_path_adjacent_acceptance_interpolation
cam5,2622,,0.00,abstain,,False,unsupported_after_last_supported_segment,,,,,frozen_query_path_adjacent_acceptance_interpolation
cam5,2623,,0.00,abstain,,False,unsupported_after_last_supported_segment,,,,,frozen_query_path_adjacent_acceptance_interpolation
cam5,2624,,0.00,abstain,,False,unsupported_after_last_supported_segment,,,,,frozen_query_path_adjacent_acceptance_interpolation
cam5,2625,,0.00,abstain,,False,unsupported_after_last_supported_segment,,,,,frozen_query_path_adjacent_acceptance_interpolation
cam5,2626,,0.00,abstain,,False,unsupported_after_last_supported_segment,,,,,frozen_query_path_adjacent_acceptance_interpolation
cam5,2627,,0.00,abstain,,False,unsupported_after_last_supported_segment,,,,,frozen_query_path_adjacent_acceptance_interpolation
cam5,2628,,0.00,abstain,,False,unsupported_after_last_supported_segment,,,,,frozen_query_path_adjacent_acceptance_interpolation
cam5,2629,,0.00,abstain,,False,unsupported_after_last_supported_segment,,,,,frozen_query_path_adjacent_acceptance_interpolation
cam5,2630,,0.00,abstain,,False,unsupported_after_last_supported_segment,,,,,frozen_query_path_adjacent_acceptance_interpolation
cam5,2631,,0.00,abstain,,False,unsupported_after_last_supported_segment,,,,,frozen_query_path_adjacent_acceptance_interpolation
cam5,2632,,0.00,abstain,,False,unsupported_after_last_supported_segment,,,,,frozen_query_path_adjacent_acceptance_interpolation
cam5,2633,,0.00,abstain,,False,unsupported_after_last_supported_segment,,,,,frozen_query_path_adjacent_acceptance_interpolation
cam5,2634,,0.00,abstain,,False,unsupported_after_last_supported_segment,,,,,frozen_query_path_adjacent_acceptance_interpolation
cam5,2635,,0.00,abstain,,False,unsupported_after_last_supported_segment,,,,,frozen_query_path_adjacent_acceptance_interpolation
cam5,2636,,0.00,abstain,,False,unsupported_after_last_supported_segment,,,,,frozen_query_path_adjacent_acceptance_interpolation
cam5,2637,,0.00,abstain,,False,unsupported_after_last_supported_segment,,,,,frozen_query_path_adjacent_acceptance_interpolation
cam5,2638,,0.00,abstain,,False,unsupported_after_last_supported_segment,,,,,frozen_query_path_adjacent_acceptance_interpolation
cam5,2639,,0.00,abstain,,False,unsupported_after_last_supported_segment,,,,,frozen_query_path_adjacent_acceptance_interpolation
cam5,2640,,0.00,abstain,,False,unsupported_after_last_supported_segment,,,,,frozen_query_path_adjacent_acceptance_interpolation
cam5,2641,,0.00,abstain,,False,unsupported_after_last_supported_segment,,,,,frozen_query_path_adjacent_acceptance_interpolation
cam5,2642,,0.00,abstain,,False,unsupported_after_last_supported_segment,,,,,frozen_query_path_adjacent_acceptance_interpolation
cam5,2643,,0.00,abstain,,False,unsupported_after_last_supported_segment,,,,,frozen_query_path_adjacent_acceptance_interpolation
cam5,2644,,0.00,abstain,,False,unsupported_after_last_supported_segment,,,,,frozen_query_path_adjacent_acceptance_interpolation
cam5,2645,,0.00,abstain,,False,unsupported_after_last_supported_segment,,,,,frozen_query_path_adjacent_acceptance_interpolation
cam5,2646,,0.00,abstain,,False,unsupported_after_last_supported_segment,,,,,frozen_query_path_adjacent_acceptance_interpolation
cam5,2647,,0.00,abstain,,False,unsupported_after_last_supported_segment,,,,,frozen_query_path_adjacent_acceptance_interpolation
cam5,2648,,0.00,abstain,,False,unsupported_after_last_supported_segment,,,,,frozen_query_path_adjacent_acceptance_interpolation
cam5,2649,,0.00,abstain,,False,unsupported_after_last_supported_segment,,,,,frozen_query_path_adjacent_acceptance_interpolation
cam5,2650,,0.00,abstain,,False,unsupported_after_last_supported_segment,,,,,frozen_query_path_adjacent_acceptance_interpolation
cam5,2651,,0.00,abstain,,False,unsupported_after_last_supported_segment,,,,,frozen_query_path_adjacent_acceptance_interpolation
cam5,2652,,0.00,abstain,,False,unsupported_after_last_supported_segment,,,,,frozen_query_path_adjacent_acceptance_interpolation
cam5,2653,,0.00,abstain,,False,unsupported_after_last_supported_segment,,,,,frozen_query_path_adjacent_acceptance_interpolation
cam5,2654,,0.00,abstain,,False,unsupported_after_last_supported_segment,,,,,frozen_query_path_adjacent_acceptance_interpolation
cam5,2655,,0.00,abstain,,False,unsupported_after_last_supported_segment,,,,,frozen_query_path_adjacent_acceptance_interpolation
cam5,2656,,0.00,abstain,,False,unsupported_after_last_supported_segment,,,,,frozen_query_path_adjacent_acceptance_interpolation
cam5,2657,,0.00,abstain,,False,unsupported_after_last_supported_segment,,,,,frozen_query_path_adjacent_acceptance_interpolation
cam5,2658,,0.00,abstain,,False,unsupported_after_last_supported_segment,,,,,frozen_query_path_adjacent_acceptance_interpolation
cam5,2659,,0.00,abstain,,False,unsupported_after_last_supported_segment,,,,,frozen_query_path_adjacent_acceptance_interpolation
cam5,2660,,0.00,abstain,,False,unsupported_after_last_supported_segment,,,,,frozen_query_path_adjacent_acceptance_interpolation
cam5,2661,,0.00,abstain,,False,unsupported_after_last_supported_segment,,,,,frozen_query_path_adjacent_acceptance_interpolation
cam5,2662,,0.00,abstain,,False,unsupported_after_last_supported_segment,,,,,frozen_query_path_adjacent_acceptance_interpolation
cam5,2663,,0.00,abstain,,False,unsupported_after_last_supported_segment,,,,,frozen_query_path_adjacent_acceptance_interpolation
cam5,2664,,0.00,abstain,,False,unsupported_after_last_supported_segment,,,,,frozen_query_path_adjacent_acceptance_interpolation
cam5,2665,,0.00,abstain,,False,unsupported_after_last_supported_segment,,,,,frozen_query_path_adjacent_acceptance_interpolation
cam5,2666,,0.00,abstain,,False,unsupported_after_last_supported_segment,,,,,frozen_query_path_adjacent_acceptance_interpolation
cam5,2667,,0.00,abstain,,False,unsupported_after_last_supported_segment,,,,,frozen_query_path_adjacent_acceptance_interpolation
cam5,2668,,0.00,abstain,,False,unsupported_after_last_supported_segment,,,,,frozen_query_path_adjacent_acceptance_interpolation
cam5,2669,,0.00,abstain,,False,unsupported_after_last_supported_segment,,,,,frozen_query_path_adjacent_acceptance_interpolation
cam5,2670,,0.00,abstain,,False,unsupported_after_last_supported_segment,,,,,frozen_query_path_adjacent_acceptance_interpolation
cam5,2671,,0.00,abstain,,False,unsupported_after_last_supported_segment,,,,,frozen_query_path_adjacent_acceptance_interpolation
cam5,2672,,0.00,abstain,,False,unsupported_after_last_supported_segment,,,,,frozen_query_path_adjacent_acceptance_interpolation
cam5,2673,,0.00,abstain,,False,unsupported_anchor_abstention,,,cam5_A36,abstain_weak_or_ambiguous_geometry,frozen_query_path_adjacent_acceptance_interpolation
