camera_id,runA_frame,runB_frame,confidence,posterior_probability,posterior_no_correspondence,confidence_is_calibrated_probability,status,method,motion_channel
cam5,0,,abstain,,,True,idle_segment,bayes-hmm-v1,true
cam5,1,,abstain,,,True,idle_segment,bayes-hmm-v1,true
cam5,2,,abstain,,,True,idle_segment,bayes-hmm-v1,true
cam5,3,,abstain,,,True,idle_segment,bayes-hmm-v1,true
cam5,4,,abstain,,,True,idle_segment,bayes-hmm-v1,true
cam5,5,,abstain,,,True,idle_segment,bayes-hmm-v1,true
cam5,6,,abstain,,,True,idle_segment,bayes-hmm-v1,true
cam5,7,,abstain,,,True,idle_segment,bayes-hmm-v1,true
cam5,8,,abstain,,,True,idle_segment,bayes-hmm-v1,true
cam5,9,,abstain,,,True,idle_segment,bayes-hmm-v1,true
cam5,10,,abstain,,,True,idle_segment,bayes-hmm-v1,true
cam5,11,,abstain,,,True,idle_segment,bayes-hmm-v1,true
cam5,12,,abstain,,,True,idle_segment,bayes-hmm-v1,true
cam5,13,,abstain,,,True,idle_segment,bayes-hmm-v1,true
cam5,14,,abstain,,,True,idle_segment,bayes-hmm-v1,true
cam5,15,,abstain,,,True,idle_segment,bayes-hmm-v1,true
cam5,16,,abstain,,,True,idle_segment,bayes-hmm-v1,true
cam5,17,,abstain,,,True,idle_segment,bayes-hmm-v1,true
cam5,18,,abstain,,,True,idle_segment,bayes-hmm-v1,true
cam5,19,,abstain,,,True,idle_segment,bayes-hmm-v1,true
cam5,20,,abstain,,,True,idle_segment,bayes-hmm-v1,true
cam5,21,,abstain,,,True,idle_segment,bayes-hmm-v1,true
cam5,22,,abstain,,,True,idle_segment,bayes-hmm-v1,true
cam5,23,,abstain,,,True,idle_segment,bayes-hmm-v1,true
cam5,24,,abstain,,,True,idle_segment,bayes-hmm-v1,true
cam5,25,,abstain,,,True,idle_segment,bayes-hmm-v1,true
cam5,26,,abstain,,,True,idle_segment,bayes-hmm-v1,true
cam5,27,,abstain,,,True,idle_segment,bayes-hmm-v1,true
cam5,28,,abstain,,,True,idle_segment,bayes-hmm-v1,true
cam5,29,,abstain,,,True,idle_segment,bayes-hmm-v1,true
cam5,30,,abstain,,,True,idle_segment,bayes-hmm-v1,true
cam5,31,,abstain,,,True,idle_segment,bayes-hmm-v1,true
cam5,32,,abstain,,,True,idle_segment,bayes-hmm-v1,true
cam5,33,,abstain,,,True,idle_segment,bayes-hmm-v1,true
cam5,34,,abstain,,,True,idle_segment,bayes-hmm-v1,true
cam5,35,,abstain,,,True,idle_segment,bayes-hmm-v1,true
cam5,36,,abstain,,,True,idle_segment,bayes-hmm-v1,true
cam5,37,,abstain,,,True,idle_segment,bayes-hmm-v1,true
cam5,38,,abstain,,,True,idle_segment,bayes-hmm-v1,true
cam5,39,,abstain,,,True,idle_segment,bayes-hmm-v1,true
cam5,40,,abstain,,,True,idle_segment,bayes-hmm-v1,true
cam5,41,,abstain,,,True,idle_segment,bayes-hmm-v1,true
cam5,42,,abstain,,,True,idle_segment,bayes-hmm-v1,true
cam5,43,,abstain,,,True,idle_segment,bayes-hmm-v1,true
cam5,44,,abstain,,,True,idle_segment,bayes-hmm-v1,true
cam5,45,,abstain,,,True,idle_segment,bayes-hmm-v1,true
cam5,46,,abstain,,,True,idle_segment,bayes-hmm-v1,true
cam5,47,,abstain,,,True,idle_segment,bayes-hmm-v1,true
cam5,48,,abstain,,,True,idle_segment,bayes-hmm-v1,true
cam5,49,,abstain,,,True,idle_segment,bayes-hmm-v1,true
cam5,50,,abstain,,,True,idle_segment,bayes-hmm-v1,true
cam5,51,,abstain,,,True,idle_segment,bayes-hmm-v1,true
cam5,52,,abstain,,,True,idle_segment,bayes-hmm-v1,true
cam5,53,,abstain,,,True,idle_segment,bayes-hmm-v1,true
cam5,54,,abstain,,,True,idle_segment,bayes-hmm-v1,true
cam5,55,,abstain,,,True,idle_segment,bayes-hmm-v1,true
cam5,56,,abstain,,,True,idle_segment,bayes-hmm-v1,true
cam5,57,,abstain,,,True,idle_segment,bayes-hmm-v1,true
cam5,58,,abstain,,,True,idle_segment,bayes-hmm-v1,true
cam5,59,,abstain,,,True,idle_segment,bayes-hmm-v1,true
cam5,60,,abstain,,,True,idle_segment,bayes-hmm-v1,true
cam5,61,,abstain,,,True,idle_segment,bayes-hmm-v1,true
cam5,62,,abstain,,,True,idle_segment,bayes-hmm-v1,true
cam5,63,,abstain,,,True,idle_segment,bayes-hmm-v1,true
cam5,64,,abstain,,,True,idle_segment,bayes-hmm-v1,true
cam5,65,,abstain,,,True,idle_segment,bayes-hmm-v1,true
cam5,66,,abstain,,,True,idle_segment,bayes-hmm-v1,true
cam5,67,,abstain,,,True,idle_segment,bayes-hmm-v1,true
cam5,68,,abstain,,,True,idle_segment,bayes-hmm-v1,true
cam5,69,,abstain,,,True,idle_segment,bayes-hmm-v1,true
cam5,70,,abstain,,,True,idle_segment,bayes-hmm-v1,true
cam5,71,,abstain,,,True,idle_segment,bayes-hmm-v1,true
cam5,72,,abstain,,,True,idle_segment,bayes-hmm-v1,true
cam5,73,,abstain,,,True,idle_segment,bayes-hmm-v1,true
cam5,74,,abstain,,,True,idle_segment,bayes-hmm-v1,true
cam5,75,,abstain,,,True,idle_segment,bayes-hmm-v1,true
cam5,76,,abstain,,,True,idle_segment,bayes-hmm-v1,true
cam5,77,,abstain,,,True,idle_segment,bayes-hmm-v1,true
cam5,78,,abstain,,,True,idle_segment,bayes-hmm-v1,true
cam5,79,,abstain,,,True,idle_segment,bayes-hmm-v1,true
cam5,80,,abstain,,,True,idle_segment,bayes-hmm-v1,true
cam5,81,,abstain,,,True,idle_segment,bayes-hmm-v1,true
cam5,82,,abstain,,,True,idle_segment,bayes-hmm-v1,true
cam5,83,,abstain,,,True,idle_segment,bayes-hmm-v1,true
cam5,84,,abstain,,,True,idle_segment,bayes-hmm-v1,true
cam5,85,,abstain,,,True,idle_segment,bayes-hmm-v1,true
cam5,86,,abstain,,,True,idle_segment,bayes-hmm-v1,true
cam5,87,,abstain,,,True,idle_segment,bayes-hmm-v1,true
cam5,88,,abstain,,,True,idle_segment,bayes-hmm-v1,true
cam5,89,,abstain,,,True,idle_segment,bayes-hmm-v1,true
cam5,90,,abstain,,,True,idle_segment,bayes-hmm-v1,true
cam5,91,,abstain,,,True,idle_segment,bayes-hmm-v1,true
cam5,92,,abstain,,,True,idle_segment,bayes-hmm-v1,true
cam5,93,,abstain,,,True,idle_segment,bayes-hmm-v1,true
cam5,94,,abstain,,,True,idle_segment,bayes-hmm-v1,true
cam5,95,,abstain,,,True,idle_segment,bayes-hmm-v1,true
cam5,96,,abstain,,,True,idle_segment,bayes-hmm-v1,true
cam5,97,,abstain,,,True,idle_segment,bayes-hmm-v1,true
cam5,98,,abstain,,,True,idle_segment,bayes-hmm-v1,true
cam5,99,,abstain,,,True,idle_segment,bayes-hmm-v1,true
cam5,100,,abstain,,,True,idle_segment,bayes-hmm-v1,true
cam5,101,,abstain,,,True,idle_segment,bayes-hmm-v1,true
cam5,102,,abstain,,,True,idle_segment,bayes-hmm-v1,true
cam5,103,,abstain,,,True,idle_segment,bayes-hmm-v1,true
cam5,104,,abstain,,,True,idle_segment,bayes-hmm-v1,true
cam5,105,,abstain,,,True,idle_segment,bayes-hmm-v1,true
cam5,106,,abstain,,,True,idle_segment,bayes-hmm-v1,true
cam5,107,,abstain,,,True,idle_segment,bayes-hmm-v1,true
cam5,108,,abstain,,,True,idle_segment,bayes-hmm-v1,true
cam5,109,,abstain,,,True,idle_segment,bayes-hmm-v1,true
cam5,110,,abstain,,,True,idle_segment,bayes-hmm-v1,true
cam5,111,,abstain,,,True,idle_segment,bayes-hmm-v1,true
cam5,112,,abstain,,,True,idle_segment,bayes-hmm-v1,true
cam5,113,,abstain,,,True,idle_segment,bayes-hmm-v1,true
cam5,114,,abstain,,,True,idle_segment,bayes-hmm-v1,true
cam5,115,,abstain,,,True,idle_segment,bayes-hmm-v1,true
cam5,116,,abstain,,,True,idle_segment,bayes-hmm-v1,true
cam5,117,,abstain,,,True,idle_segment,bayes-hmm-v1,true
cam5,118,,abstain,,,True,idle_segment,bayes-hmm-v1,true
cam5,119,,abstain,,,True,idle_segment,bayes-hmm-v1,true
cam5,120,,abstain,,,True,idle_segment,bayes-hmm-v1,true
cam5,121,,abstain,,,True,idle_segment,bayes-hmm-v1,true
cam5,122,,abstain,,,True,idle_segment,bayes-hmm-v1,true
cam5,123,,abstain,,,True,idle_segment,bayes-hmm-v1,true
cam5,124,,abstain,,,True,idle_segment,bayes-hmm-v1,true
cam5,125,,abstain,,,True,idle_segment,bayes-hmm-v1,true
cam5,126,,abstain,,,True,idle_segment,bayes-hmm-v1,true
cam5,127,,abstain,,,True,idle_segment,bayes-hmm-v1,true
cam5,128,,abstain,,,True,idle_segment,bayes-hmm-v1,true
cam5,129,,abstain,,,True,idle_segment,bayes-hmm-v1,true
cam5,130,,abstain,,,True,idle_segment,bayes-hmm-v1,true
cam5,131,,abstain,,,True,idle_segment,bayes-hmm-v1,true
cam5,132,,abstain,,,True,idle_segment,bayes-hmm-v1,true
cam5,133,,abstain,,,True,idle_segment,bayes-hmm-v1,true
cam5,134,,abstain,,,True,idle_segment,bayes-hmm-v1,true
cam5,135,,abstain,,,True,idle_segment,bayes-hmm-v1,true
cam5,136,,abstain,,,True,idle_segment,bayes-hmm-v1,true
cam5,137,,abstain,,,True,idle_segment,bayes-hmm-v1,true
cam5,138,,abstain,,,True,idle_segment,bayes-hmm-v1,true
cam5,139,,abstain,,,True,idle_segment,bayes-hmm-v1,true
cam5,140,,abstain,,,True,idle_segment,bayes-hmm-v1,true
cam5,141,,abstain,,,True,idle_segment,bayes-hmm-v1,true
cam5,142,,abstain,,,True,idle_segment,bayes-hmm-v1,true
cam5,143,,abstain,,,True,idle_segment,bayes-hmm-v1,true
cam5,144,,abstain,,,True,idle_segment,bayes-hmm-v1,true
cam5,145,,abstain,,,True,idle_segment,bayes-hmm-v1,true
cam5,146,,abstain,,,True,idle_segment,bayes-hmm-v1,true
cam5,147,,abstain,,,True,idle_segment,bayes-hmm-v1,true
cam5,148,,abstain,,,True,idle_segment,bayes-hmm-v1,true
cam5,149,,abstain,,,True,idle_segment,bayes-hmm-v1,true
cam5,150,,abstain,,,True,idle_segment,bayes-hmm-v1,true
cam5,151,,abstain,,,True,idle_segment,bayes-hmm-v1,true
cam5,152,,abstain,,,True,idle_segment,bayes-hmm-v1,true
cam5,153,,abstain,,,True,idle_segment,bayes-hmm-v1,true
cam5,154,,abstain,,,True,idle_segment,bayes-hmm-v1,true
cam5,155,,abstain,,,True,idle_segment,bayes-hmm-v1,true
cam5,156,,abstain,,,True,idle_segment,bayes-hmm-v1,true
cam5,157,,abstain,,,True,idle_segment,bayes-hmm-v1,true
cam5,158,,abstain,,,True,idle_segment,bayes-hmm-v1,true
cam5,159,,abstain,,,True,idle_segment,bayes-hmm-v1,true
cam5,160,,abstain,,,True,idle_segment,bayes-hmm-v1,true
cam5,161,,abstain,,,True,idle_segment,bayes-hmm-v1,true
cam5,162,,abstain,,,True,idle_segment,bayes-hmm-v1,true
cam5,163,,abstain,,,True,idle_segment,bayes-hmm-v1,true
cam5,164,,abstain,,,True,idle_segment,bayes-hmm-v1,true
cam5,165,,abstain,,,True,idle_segment,bayes-hmm-v1,true
cam5,166,,abstain,,,True,idle_segment,bayes-hmm-v1,true
cam5,167,,abstain,,,True,idle_segment,bayes-hmm-v1,true
cam5,168,,abstain,,,True,idle_segment,bayes-hmm-v1,true
cam5,169,,abstain,,,True,idle_segment,bayes-hmm-v1,true
cam5,170,,abstain,,,True,idle_segment,bayes-hmm-v1,true
cam5,171,,abstain,,,True,idle_segment,bayes-hmm-v1,true
cam5,172,,abstain,,,True,idle_segment,bayes-hmm-v1,true
cam5,173,,abstain,,,True,idle_segment,bayes-hmm-v1,true
cam5,174,,abstain,,,True,idle_segment,bayes-hmm-v1,true
cam5,175,,abstain,,,True,idle_segment,bayes-hmm-v1,true
cam5,176,,abstain,,,True,idle_segment,bayes-hmm-v1,true
cam5,177,,abstain,,,True,idle_segment,bayes-hmm-v1,true
cam5,178,,abstain,,,True,idle_segment,bayes-hmm-v1,true
cam5,179,,abstain,,,True,idle_segment,bayes-hmm-v1,true
cam5,180,117,0.963135,0.963135,0.000178,True,accepted_posterior,bayes-hmm-v1,true
cam5,181,117,0.996969,0.996969,5.5e-05,True,accepted_posterior,bayes-hmm-v1,true
cam5,182,118,0.993156,0.993156,3.9e-05,True,accepted_posterior,bayes-hmm-v1,true
cam5,183,118,0.998903,0.998903,6.7e-05,True,accepted_posterior,bayes-hmm-v1,true
cam5,184,118,0.999782,0.999782,7.4e-05,True,accepted_posterior,bayes-hmm-v1,true
cam5,185,119,0.998418,0.998418,6.4e-05,True,accepted_posterior,bayes-hmm-v1,true
cam5,186,119,0.99953,0.99953,6.6e-05,True,accepted_posterior,bayes-hmm-v1,true
cam5,187,119,0.999798,0.999798,6.9e-05,True,accepted_posterior,bayes-hmm-v1,true
cam5,188,119,0.999876,0.999876,7.7e-05,True,accepted_posterior,bayes-hmm-v1,true
cam5,189,119,0.999883,0.999883,0.0001,True,accepted_posterior,bayes-hmm-v1,true
cam5,190,119,0.999893,0.999893,0.000101,True,accepted_posterior,bayes-hmm-v1,true
cam5,191,119,0.999902,0.999902,9.6e-05,True,accepted_posterior,bayes-hmm-v1,true
cam5,192,119,0.999923,0.999923,7.5e-05,True,accepted_posterior,bayes-hmm-v1,true
cam5,193,119,0.999921,0.999921,7.8e-05,True,accepted_posterior,bayes-hmm-v1,true
cam5,194,119,0.999922,0.999922,7.2e-05,True,accepted_posterior,bayes-hmm-v1,true
cam5,195,119,0.999908,0.999908,6.2e-05,True,accepted_posterior,bayes-hmm-v1,true
cam5,196,119,0.999822,0.999822,5.7e-05,True,accepted_posterior,bayes-hmm-v1,true
cam5,197,120,0.999915,0.999915,7.5e-05,True,accepted_posterior,bayes-hmm-v1,true
cam5,198,120,0.999871,0.999871,7.1e-05,True,accepted_posterior,bayes-hmm-v1,true
cam5,199,120,0.999612,0.999612,7.2e-05,True,accepted_posterior,bayes-hmm-v1,true
cam5,200,120,0.998471,0.998471,6.2e-05,True,accepted_posterior,bayes-hmm-v1,true
cam5,201,120,0.994197,0.994197,5.8e-05,True,accepted_posterior,bayes-hmm-v1,true
cam5,202,121,0.997244,0.997244,6.5e-05,True,accepted_posterior,bayes-hmm-v1,true
cam5,203,121,0.989238,0.989238,8.2e-05,True,accepted_posterior,bayes-hmm-v1,true
cam5,204,121,0.961288,0.961288,9.2e-05,True,accepted_posterior,bayes-hmm-v1,true
cam5,205,121,0.879234,0.879234,0.000104,True,accepted_posterior,bayes-hmm-v1,true
cam5,206,123,0.97991,0.97991,0.00014,True,accepted_posterior,bayes-hmm-v1,true
cam5,207,124,0.952094,0.952094,0.000136,True,accepted_posterior,bayes-hmm-v1,true
cam5,208,125,0.957056,0.957056,0.000116,True,accepted_posterior,bayes-hmm-v1,true
cam5,209,125,0.976081,0.976081,8.3e-05,True,accepted_posterior,bayes-hmm-v1,true
cam5,210,126,0.978917,0.978917,6.7e-05,True,accepted_posterior,bayes-hmm-v1,true
cam5,211,127,0.987725,0.987725,0.000107,True,accepted_posterior,bayes-hmm-v1,true
cam5,212,128,0.981207,0.981207,8.5e-05,True,accepted_posterior,bayes-hmm-v1,true
cam5,213,129,0.97456,0.97456,8.3e-05,True,accepted_posterior,bayes-hmm-v1,true
cam5,214,130,0.976039,0.976039,6.8e-05,True,accepted_posterior,bayes-hmm-v1,true
cam5,215,131,0.967473,0.967473,6.3e-05,True,accepted_posterior,bayes-hmm-v1,true
cam5,216,132,0.948185,0.948185,8.4e-05,True,accepted_posterior,bayes-hmm-v1,true
cam5,217,133,0.934548,0.934548,9.6e-05,True,accepted_posterior,bayes-hmm-v1,true
cam5,218,135,0.911938,0.911938,8.9e-05,True,accepted_posterior,bayes-hmm-v1,true
cam5,219,136,0.947255,0.947255,7.4e-05,True,accepted_posterior,bayes-hmm-v1,true
cam5,220,137,0.963866,0.963866,4.9e-05,True,accepted_posterior,bayes-hmm-v1,true
cam5,221,138,0.968382,0.968382,3.1e-05,True,accepted_posterior,bayes-hmm-v1,true
cam5,222,138,0.982377,0.982377,3.7e-05,True,accepted_posterior,bayes-hmm-v1,true
cam5,223,140,0.965905,0.965905,7.1e-05,True,accepted_posterior,bayes-hmm-v1,true
cam5,224,141,0.948607,0.948607,6.6e-05,True,accepted_posterior,bayes-hmm-v1,true
cam5,225,141,0.983858,0.983858,5.6e-05,True,accepted_posterior,bayes-hmm-v1,true
cam5,226,142,0.979164,0.979164,7e-05,True,accepted_posterior,bayes-hmm-v1,true
cam5,227,143,0.976629,0.976629,7e-05,True,accepted_posterior,bayes-hmm-v1,true
cam5,228,144,0.975368,0.975368,6.9e-05,True,accepted_posterior,bayes-hmm-v1,true
cam5,229,145,0.972057,0.972057,6.5e-05,True,accepted_posterior,bayes-hmm-v1,true
cam5,230,146,0.962749,0.962749,8.7e-05,True,accepted_posterior,bayes-hmm-v1,true
cam5,231,146,0.969021,0.969021,0.000155,True,accepted_posterior,bayes-hmm-v1,true
cam5,232,146,0.855746,0.855746,0.000167,True,accepted_posterior,bayes-hmm-v1,true
cam5,233,149,0.831323,0.831323,0.000145,True,accepted_posterior,bayes-hmm-v1,true
cam5,234,149,0.937727,0.937727,9.7e-05,True,accepted_posterior,bayes-hmm-v1,true
cam5,235,150,0.936904,0.936904,9.7e-05,True,accepted_posterior,bayes-hmm-v1,true
cam5,236,150,0.983397,0.983397,9.2e-05,True,accepted_posterior,bayes-hmm-v1,true
cam5,237,152,0.935139,0.935139,0.000127,True,accepted_posterior,bayes-hmm-v1,true
cam5,238,152,0.984963,0.984963,0.000106,True,accepted_posterior,bayes-hmm-v1,true
cam5,239,152,0.994818,0.994818,9.1e-05,True,accepted_posterior,bayes-hmm-v1,true
cam5,240,154,0.980437,0.980437,0.000115,True,accepted_posterior,bayes-hmm-v1,true
cam5,241,155,0.93881,0.93881,0.000207,True,accepted_posterior,bayes-hmm-v1,true
cam5,242,156,0.944726,0.944726,0.000224,True,accepted_posterior,bayes-hmm-v1,true
cam5,243,156,0.989547,0.989547,0.000206,True,accepted_posterior,bayes-hmm-v1,true
cam5,244,157,0.993893,0.993893,0.000273,True,accepted_posterior,bayes-hmm-v1,true
cam5,245,158,0.99789,0.99789,0.000301,True,accepted_posterior,bayes-hmm-v1,true
cam5,246,158,0.999153,0.999153,0.000298,True,accepted_posterior,bayes-hmm-v1,true
cam5,247,160,0.989275,0.989275,0.000291,True,accepted_posterior,bayes-hmm-v1,true
cam5,248,160,0.997416,0.997416,0.000382,True,accepted_posterior,bayes-hmm-v1,true
cam5,249,161,0.995508,0.995508,0.000564,True,accepted_posterior,bayes-hmm-v1,true
cam5,250,162,0.993752,0.993752,0.000483,True,accepted_posterior,bayes-hmm-v1,true
cam5,251,164,0.994455,0.994455,0.000538,True,accepted_posterior,bayes-hmm-v1,true
cam5,252,165,0.994949,0.994949,0.000361,True,accepted_posterior,bayes-hmm-v1,true
cam5,253,166,0.989217,0.989217,0.000333,True,accepted_posterior,bayes-hmm-v1,true
cam5,254,167,0.995701,0.995701,0.000232,True,accepted_posterior,bayes-hmm-v1,true
cam5,255,168,0.997713,0.997713,0.000163,True,accepted_posterior,bayes-hmm-v1,true
cam5,256,169,0.998614,0.998614,0.000132,True,accepted_posterior,bayes-hmm-v1,true
cam5,257,170,0.998419,0.998419,0.000129,True,accepted_posterior,bayes-hmm-v1,true
cam5,258,171,0.996524,0.996524,0.000146,True,accepted_posterior,bayes-hmm-v1,true
cam5,259,172,0.995223,0.995223,0.000198,True,accepted_posterior,bayes-hmm-v1,true
cam5,260,173,0.993266,0.993266,0.000186,True,accepted_posterior,bayes-hmm-v1,true
cam5,261,174,0.992322,0.992322,0.000239,True,accepted_posterior,bayes-hmm-v1,true
cam5,262,175,0.996632,0.996632,0.0002,True,accepted_posterior,bayes-hmm-v1,true
cam5,263,176,0.997727,0.997727,0.000179,True,accepted_posterior,bayes-hmm-v1,true
cam5,264,177,0.997576,0.997576,9.9e-05,True,accepted_posterior,bayes-hmm-v1,true
cam5,265,177,0.979003,0.979003,0.000102,True,accepted_posterior,bayes-hmm-v1,true
cam5,266,179,0.998487,0.998487,9.1e-05,True,accepted_posterior,bayes-hmm-v1,true
cam5,267,180,0.996962,0.996962,5.9e-05,True,accepted_posterior,bayes-hmm-v1,true
cam5,268,181,0.998755,0.998755,6.8e-05,True,accepted_posterior,bayes-hmm-v1,true
cam5,269,181,0.989361,0.989361,9e-05,True,accepted_posterior,bayes-hmm-v1,true
cam5,270,183,0.996754,0.996754,9.1e-05,True,accepted_posterior,bayes-hmm-v1,true
cam5,271,184,0.99515,0.99515,0.000113,True,accepted_posterior,bayes-hmm-v1,true
cam5,272,185,0.998441,0.998441,7.4e-05,True,accepted_posterior,bayes-hmm-v1,true
cam5,273,185,0.995167,0.995167,9.4e-05,True,accepted_posterior,bayes-hmm-v1,true
cam5,274,186,0.996349,0.996349,6.5e-05,True,accepted_posterior,bayes-hmm-v1,true
cam5,275,187,0.997955,0.997955,8.1e-05,True,accepted_posterior,bayes-hmm-v1,true
cam5,276,188,0.999025,0.999025,9.1e-05,True,accepted_posterior,bayes-hmm-v1,true
cam5,277,189,0.999163,0.999163,0.000106,True,accepted_posterior,bayes-hmm-v1,true
cam5,278,190,0.998244,0.998244,8.5e-05,True,accepted_posterior,bayes-hmm-v1,true
cam5,279,191,0.99762,0.99762,9.1e-05,True,accepted_posterior,bayes-hmm-v1,true
cam5,280,192,0.994447,0.994447,0.000132,True,accepted_posterior,bayes-hmm-v1,true
cam5,281,193,0.991774,0.991774,0.000178,True,accepted_posterior,bayes-hmm-v1,true
cam5,282,194,0.984239,0.984239,9.3e-05,True,accepted_posterior,bayes-hmm-v1,true
cam5,283,195,0.970966,0.970966,9.5e-05,True,accepted_posterior,bayes-hmm-v1,true
cam5,284,196,0.979928,0.979928,6.4e-05,True,accepted_posterior,bayes-hmm-v1,true
cam5,285,198,0.993468,0.993468,7.6e-05,True,accepted_posterior,bayes-hmm-v1,true
cam5,286,198,0.983564,0.983564,5.6e-05,True,accepted_posterior,bayes-hmm-v1,true
cam5,287,200,0.99615,0.99615,5.5e-05,True,accepted_posterior,bayes-hmm-v1,true
cam5,288,201,0.993225,0.993225,3.9e-05,True,accepted_posterior,bayes-hmm-v1,true
cam5,289,201,0.996992,0.996992,4.6e-05,True,accepted_posterior,bayes-hmm-v1,true
cam5,290,202,0.996801,0.996801,4.8e-05,True,accepted_posterior,bayes-hmm-v1,true
cam5,291,203,0.997428,0.997428,6.6e-05,True,accepted_posterior,bayes-hmm-v1,true
cam5,292,205,0.975256,0.975256,5.4e-05,True,accepted_posterior,bayes-hmm-v1,true
cam5,293,205,0.982798,0.982798,5.3e-05,True,accepted_posterior,bayes-hmm-v1,true
cam5,294,207,0.994224,0.994224,5.6e-05,True,accepted_posterior,bayes-hmm-v1,true
cam5,295,208,0.980859,0.980859,5.9e-05,True,accepted_posterior,bayes-hmm-v1,true
cam5,296,209,0.995266,0.995266,3.7e-05,True,accepted_posterior,bayes-hmm-v1,true
cam5,297,210,0.989312,0.989312,4.7e-05,True,accepted_posterior,bayes-hmm-v1,true
cam5,298,211,0.987921,0.987921,5.6e-05,True,accepted_posterior,bayes-hmm-v1,true
cam5,299,213,0.961118,0.961118,8.8e-05,True,accepted_posterior,bayes-hmm-v1,true
cam5,300,213,0.955414,0.955414,0.000114,True,accepted_posterior,bayes-hmm-v1,true
cam5,301,215,0.98412,0.98412,0.000116,True,accepted_posterior,bayes-hmm-v1,true
cam5,302,216,0.977946,0.977946,0.00027,True,accepted_posterior,bayes-hmm-v1,true
cam5,303,217,0.988796,0.988796,0.00016,True,accepted_posterior,bayes-hmm-v1,true
cam5,304,217,0.912774,0.912774,7e-05,True,accepted_posterior,bayes-hmm-v1,true
cam5,305,219,0.9748,0.9748,7.7e-05,True,accepted_posterior,bayes-hmm-v1,true
cam5,306,220,0.957009,0.957009,6.9e-05,True,accepted_posterior,bayes-hmm-v1,true
cam5,307,222,0.95111,0.95111,9.2e-05,True,accepted_posterior,bayes-hmm-v1,true
cam5,308,222,0.970458,0.970458,8.6e-05,True,accepted_posterior,bayes-hmm-v1,true
cam5,309,223,0.974704,0.974704,8.6e-05,True,accepted_posterior,bayes-hmm-v1,true
cam5,310,224,0.96992,0.96992,0.000108,True,accepted_posterior,bayes-hmm-v1,true
cam5,311,226,0.972511,0.972511,0.000185,True,accepted_posterior,bayes-hmm-v1,true
cam5,312,227,0.980861,0.980861,0.000281,True,accepted_posterior,bayes-hmm-v1,true
cam5,313,227,0.987528,0.987528,0.000132,True,accepted_posterior,bayes-hmm-v1,true
cam5,314,228,0.995065,0.995065,0.000117,True,accepted_posterior,bayes-hmm-v1,true
cam5,315,228,0.970793,0.970793,0.000111,True,accepted_posterior,bayes-hmm-v1,true
cam5,316,230,0.982367,0.982367,0.000111,True,accepted_posterior,bayes-hmm-v1,true
cam5,317,230,0.96303,0.96303,0.000122,True,accepted_posterior,bayes-hmm-v1,true
cam5,318,231,0.970547,0.970547,0.000146,True,accepted_posterior,bayes-hmm-v1,true
cam5,319,233,0.947813,0.947813,0.000168,True,accepted_posterior,bayes-hmm-v1,true
cam5,320,233,0.984798,0.984798,0.000153,True,accepted_posterior,bayes-hmm-v1,true
cam5,321,235,0.990678,0.990678,0.000174,True,accepted_posterior,bayes-hmm-v1,true
cam5,322,235,0.997226,0.997226,0.000209,True,accepted_posterior,bayes-hmm-v1,true
cam5,323,236,0.996843,0.996843,0.000629,True,accepted_posterior,bayes-hmm-v1,true
cam5,324,237,0.996297,0.996297,0.003,True,accepted_posterior,bayes-hmm-v1,true
cam5,325,238,0.978697,0.978697,0.01364,True,accepted_posterior,bayes-hmm-v1,true
cam5,326,,abstain,0.91206,0.062391,True,posterior_no_correspondence,bayes-hmm-v1,true
cam5,327,,abstain,0.654471,0.17254,True,posterior_no_correspondence,bayes-hmm-v1,true
cam5,328,,abstain,0.453767,0.241557,True,posterior_no_correspondence,bayes-hmm-v1,true
cam5,329,,abstain,0.7847,0.163222,True,posterior_no_correspondence,bayes-hmm-v1,true
cam5,330,,abstain,0.897012,0.055111,True,posterior_no_correspondence,bayes-hmm-v1,true
cam5,331,248,0.911676,0.911676,0.009871,True,accepted_posterior,bayes-hmm-v1,true
cam5,332,250,0.904175,0.904175,0.001358,True,accepted_posterior,bayes-hmm-v1,true
cam5,333,251,0.923254,0.923254,0.000272,True,accepted_posterior,bayes-hmm-v1,true
cam5,334,252,0.976197,0.976197,0.000103,True,accepted_posterior,bayes-hmm-v1,true
cam5,335,252,0.96283,0.96283,5.9e-05,True,accepted_posterior,bayes-hmm-v1,true
cam5,336,254,0.997601,0.997601,4.3e-05,True,accepted_posterior,bayes-hmm-v1,true
cam5,337,254,0.986426,0.986426,4.4e-05,True,accepted_posterior,bayes-hmm-v1,true
cam5,338,256,0.994162,0.994162,4.3e-05,True,accepted_posterior,bayes-hmm-v1,true
cam5,339,257,0.972877,0.972877,6.7e-05,True,accepted_posterior,bayes-hmm-v1,true
cam5,340,258,0.958554,0.958554,6.5e-05,True,accepted_posterior,bayes-hmm-v1,true
cam5,341,260,0.922328,0.922328,6.7e-05,True,accepted_posterior,bayes-hmm-v1,true
cam5,342,260,0.986123,0.986123,5.1e-05,True,accepted_posterior,bayes-hmm-v1,true
cam5,343,261,0.993806,0.993806,2.7e-05,True,accepted_posterior,bayes-hmm-v1,true
cam5,344,262,0.999174,0.999174,1.7e-05,True,accepted_posterior,bayes-hmm-v1,true
cam5,345,262,0.999511,0.999511,1.9e-05,True,accepted_posterior,bayes-hmm-v1,true
cam5,346,263,0.999459,0.999459,2.3e-05,True,accepted_posterior,bayes-hmm-v1,true
cam5,347,264,0.998846,0.998846,2.5e-05,True,accepted_posterior,bayes-hmm-v1,true
cam5,348,264,0.995585,0.995585,2.5e-05,True,accepted_posterior,bayes-hmm-v1,true
cam5,349,265,0.996735,0.996735,4.1e-05,True,accepted_posterior,bayes-hmm-v1,true
cam5,350,266,0.996797,0.996797,5.1e-05,True,accepted_posterior,bayes-hmm-v1,true
cam5,351,267,0.990778,0.990778,5.1e-05,True,accepted_posterior,bayes-hmm-v1,true
cam5,352,268,0.992449,0.992449,4.2e-05,True,accepted_posterior,bayes-hmm-v1,true
cam5,353,269,0.995768,0.995768,6.7e-05,True,accepted_posterior,bayes-hmm-v1,true
cam5,354,269,0.992364,0.992364,5.8e-05,True,accepted_posterior,bayes-hmm-v1,true
cam5,355,271,0.994695,0.994695,7.4e-05,True,accepted_posterior,bayes-hmm-v1,true
cam5,356,272,0.992069,0.992069,6.2e-05,True,accepted_posterior,bayes-hmm-v1,true
cam5,357,273,0.995671,0.995671,8.2e-05,True,accepted_posterior,bayes-hmm-v1,true
cam5,358,274,0.994813,0.994813,6.3e-05,True,accepted_posterior,bayes-hmm-v1,true
cam5,359,274,0.985671,0.985671,7.6e-05,True,accepted_posterior,bayes-hmm-v1,true
cam5,360,275,0.989578,0.989578,0.0001,True,accepted_posterior,bayes-hmm-v1,true
cam5,361,277,0.982848,0.982848,8.4e-05,True,accepted_posterior,bayes-hmm-v1,true
cam5,362,278,0.984805,0.984805,6.7e-05,True,accepted_posterior,bayes-hmm-v1,true
cam5,363,279,0.989014,0.989014,7.2e-05,True,accepted_posterior,bayes-hmm-v1,true
cam5,364,280,0.978954,0.978954,8.5e-05,True,accepted_posterior,bayes-hmm-v1,true
cam5,365,281,0.982651,0.982651,0.000106,True,accepted_posterior,bayes-hmm-v1,true
cam5,366,282,0.982586,0.982586,7.9e-05,True,accepted_posterior,bayes-hmm-v1,true
cam5,367,283,0.981761,0.981761,8.3e-05,True,accepted_posterior,bayes-hmm-v1,true
cam5,368,284,0.994056,0.994056,7.7e-05,True,accepted_posterior,bayes-hmm-v1,true
cam5,369,285,0.994953,0.994953,9.8e-05,True,accepted_posterior,bayes-hmm-v1,true
cam5,370,286,0.994895,0.994895,8.3e-05,True,accepted_posterior,bayes-hmm-v1,true
cam5,371,287,0.99672,0.99672,0.00012,True,accepted_posterior,bayes-hmm-v1,true
cam5,372,288,0.997896,0.997896,0.000142,True,accepted_posterior,bayes-hmm-v1,true
cam5,373,289,0.994358,0.994358,0.000114,True,accepted_posterior,bayes-hmm-v1,true
cam5,374,290,0.996973,0.996973,0.000129,True,accepted_posterior,bayes-hmm-v1,true
cam5,375,290,0.995143,0.995143,0.000177,True,accepted_posterior,bayes-hmm-v1,true
cam5,376,291,0.993163,0.993163,0.000197,True,accepted_posterior,bayes-hmm-v1,true
cam5,377,292,0.99448,0.99448,0.000209,True,accepted_posterior,bayes-hmm-v1,true
cam5,378,293,0.994848,0.994848,0.000182,True,accepted_posterior,bayes-hmm-v1,true
cam5,379,294,0.993083,0.993083,0.00017,True,accepted_posterior,bayes-hmm-v1,true
cam5,380,295,0.990716,0.990716,0.000221,True,accepted_posterior,bayes-hmm-v1,true
cam5,381,296,0.991079,0.991079,0.000194,True,accepted_posterior,bayes-hmm-v1,true
cam5,382,297,0.984533,0.984533,0.000223,True,accepted_posterior,bayes-hmm-v1,true
cam5,383,298,0.984151,0.984151,0.000181,True,accepted_posterior,bayes-hmm-v1,true
cam5,384,300,0.954485,0.954485,0.000203,True,accepted_posterior,bayes-hmm-v1,true
cam5,385,300,0.985057,0.985057,0.000152,True,accepted_posterior,bayes-hmm-v1,true
cam5,386,302,0.981238,0.981238,0.000105,True,accepted_posterior,bayes-hmm-v1,true
cam5,387,303,0.982901,0.982901,0.000117,True,accepted_posterior,bayes-hmm-v1,true
cam5,388,304,0.992728,0.992728,0.000149,True,accepted_posterior,bayes-hmm-v1,true
cam5,389,305,0.99723,0.99723,0.000125,True,accepted_posterior,bayes-hmm-v1,true
cam5,390,306,0.998804,0.998804,0.000117,True,accepted_posterior,bayes-hmm-v1,true
cam5,391,307,0.99657,0.99657,0.000132,True,accepted_posterior,bayes-hmm-v1,true
cam5,392,308,0.991789,0.991789,0.00015,True,accepted_posterior,bayes-hmm-v1,true
cam5,393,309,0.982293,0.982293,0.000182,True,accepted_posterior,bayes-hmm-v1,true
cam5,394,310,0.95761,0.95761,0.000268,True,accepted_posterior,bayes-hmm-v1,true
cam5,395,311,0.945136,0.945136,0.000203,True,accepted_posterior,bayes-hmm-v1,true
cam5,396,313,0.964449,0.964449,0.00022,True,accepted_posterior,bayes-hmm-v1,true
cam5,397,314,0.962607,0.962607,0.000191,True,accepted_posterior,bayes-hmm-v1,true
cam5,398,315,0.973369,0.973369,0.000419,True,accepted_posterior,bayes-hmm-v1,true
cam5,399,315,0.943825,0.943825,0.000684,True,accepted_posterior,bayes-hmm-v1,true
cam5,400,317,0.956801,0.956801,0.000838,True,accepted_posterior,bayes-hmm-v1,true
cam5,401,318,0.924724,0.924724,0.000715,True,accepted_posterior,bayes-hmm-v1,true
cam5,402,319,0.941991,0.941991,0.000337,True,accepted_posterior,bayes-hmm-v1,true
cam5,403,319,0.887818,0.887818,0.000243,True,accepted_posterior,bayes-hmm-v1,true
cam5,404,321,0.966979,0.966979,0.000166,True,accepted_posterior,bayes-hmm-v1,true
cam5,405,322,0.922894,0.922894,0.000224,True,accepted_posterior,bayes-hmm-v1,true
cam5,406,322,0.885615,0.885615,0.000249,True,accepted_posterior,bayes-hmm-v1,true
cam5,407,322,0.617797,0.617797,0.000248,True,accepted_posterior,bayes-hmm-v1,true
cam5,408,325,0.853249,0.853249,0.000238,True,accepted_posterior,bayes-hmm-v1,true
cam5,409,326,0.945641,0.945641,0.000161,True,accepted_posterior,bayes-hmm-v1,true
cam5,410,327,0.989341,0.989341,7.1e-05,True,accepted_posterior,bayes-hmm-v1,true
cam5,411,328,0.99385,0.99385,6.5e-05,True,accepted_posterior,bayes-hmm-v1,true
cam5,412,329,0.997866,0.997866,3.6e-05,True,accepted_posterior,bayes-hmm-v1,true
cam5,413,330,0.997819,0.997819,5.2e-05,True,accepted_posterior,bayes-hmm-v1,true
cam5,414,331,0.99313,0.99313,2.8e-05,True,accepted_posterior,bayes-hmm-v1,true
cam5,415,331,0.993916,0.993916,3.3e-05,True,accepted_posterior,bayes-hmm-v1,true
cam5,416,332,0.999161,0.999161,3.1e-05,True,accepted_posterior,bayes-hmm-v1,true
cam5,417,333,0.999201,0.999201,2.3e-05,True,accepted_posterior,bayes-hmm-v1,true
cam5,418,334,0.999509,0.999509,1.9e-05,True,accepted_posterior,bayes-hmm-v1,true
cam5,419,334,0.995669,0.995669,1.2e-05,True,accepted_posterior,bayes-hmm-v1,true
cam5,420,336,0.999091,0.999091,1.4e-05,True,accepted_posterior,bayes-hmm-v1,true
cam5,421,337,0.99561,0.99561,1.9e-05,True,accepted_posterior,bayes-hmm-v1,true
cam5,422,338,0.995965,0.995965,1.6e-05,True,accepted_posterior,bayes-hmm-v1,true
cam5,423,338,0.993032,0.993032,2.6e-05,True,accepted_posterior,bayes-hmm-v1,true
cam5,424,340,0.994396,0.994396,2.6e-05,True,accepted_posterior,bayes-hmm-v1,true
cam5,425,340,0.987722,0.987722,2.4e-05,True,accepted_posterior,bayes-hmm-v1,true
cam5,426,342,0.984993,0.984993,3.3e-05,True,accepted_posterior,bayes-hmm-v1,true
cam5,427,342,0.965815,0.965815,4.8e-05,True,accepted_posterior,bayes-hmm-v1,true
cam5,428,343,0.916462,0.916462,6.5e-05,True,accepted_posterior,bayes-hmm-v1,true
cam5,429,345,0.925416,0.925416,0.000205,True,accepted_posterior,bayes-hmm-v1,true
cam5,430,346,0.754422,0.754422,0.000151,True,accepted_posterior,bayes-hmm-v1,true
cam5,431,350,0.562529,0.562529,0.000126,True,accepted_posterior,bayes-hmm-v1,true
cam5,432,350,0.844575,0.844575,9.9e-05,True,accepted_posterior,bayes-hmm-v1,true
cam5,433,350,0.928768,0.928768,0.000102,True,accepted_posterior,bayes-hmm-v1,true
cam5,434,352,0.980065,0.980065,8.4e-05,True,accepted_posterior,bayes-hmm-v1,true
cam5,435,352,0.965309,0.965309,9.2e-05,True,accepted_posterior,bayes-hmm-v1,true
cam5,436,353,0.981941,0.981941,8.2e-05,True,accepted_posterior,bayes-hmm-v1,true
cam5,437,354,0.982326,0.982326,0.000119,True,accepted_posterior,bayes-hmm-v1,true
cam5,438,355,0.973875,0.973875,0.000114,True,accepted_posterior,bayes-hmm-v1,true
cam5,439,355,0.98032,0.98032,8.4e-05,True,accepted_posterior,bayes-hmm-v1,true
cam5,440,355,0.9553,0.9553,8.7e-05,True,accepted_posterior,bayes-hmm-v1,true
cam5,441,356,0.993156,0.993156,9.3e-05,True,accepted_posterior,bayes-hmm-v1,true
cam5,442,357,0.995631,0.995631,8.1e-05,True,accepted_posterior,bayes-hmm-v1,true
cam5,443,358,0.994532,0.994532,5.6e-05,True,accepted_posterior,bayes-hmm-v1,true
cam5,444,358,0.985267,0.985267,7.7e-05,True,accepted_posterior,bayes-hmm-v1,true
cam5,445,359,0.979537,0.979537,0.000128,True,accepted_posterior,bayes-hmm-v1,true
cam5,446,360,0.952753,0.952753,0.000114,True,accepted_posterior,bayes-hmm-v1,true
cam5,447,361,0.934484,0.934484,0.000112,True,accepted_posterior,bayes-hmm-v1,true
cam5,448,362,0.928764,0.928764,0.000112,True,accepted_posterior,bayes-hmm-v1,true
cam5,449,363,0.917367,0.917367,0.00011,True,accepted_posterior,bayes-hmm-v1,true
cam5,450,364,0.961373,0.961373,0.000118,True,accepted_posterior,bayes-hmm-v1,true
cam5,451,364,0.733043,0.733043,0.000105,True,accepted_posterior,bayes-hmm-v1,true
cam5,452,368,0.781651,0.781651,0.000156,True,accepted_posterior,bayes-hmm-v1,true
cam5,453,368,0.942172,0.942172,0.000162,True,accepted_posterior,bayes-hmm-v1,true
cam5,454,370,0.903602,0.903602,0.000128,True,accepted_posterior,bayes-hmm-v1,true
cam5,455,370,0.987047,0.987047,7.4e-05,True,accepted_posterior,bayes-hmm-v1,true
cam5,456,371,0.997478,0.997478,4.6e-05,True,accepted_posterior,bayes-hmm-v1,true
cam5,457,372,0.999406,0.999406,4.9e-05,True,accepted_posterior,bayes-hmm-v1,true
cam5,458,373,0.994966,0.994966,0.000113,True,accepted_posterior,bayes-hmm-v1,true
cam5,459,374,0.961637,0.961637,0.000182,True,accepted_posterior,bayes-hmm-v1,true
cam5,460,376,0.962355,0.962355,0.000217,True,accepted_posterior,bayes-hmm-v1,true
cam5,461,378,0.884822,0.884822,0.000229,True,accepted_posterior,bayes-hmm-v1,true
cam5,462,378,0.925058,0.925058,0.000275,True,accepted_posterior,bayes-hmm-v1,true
cam5,463,380,0.992723,0.992723,0.000114,True,accepted_posterior,bayes-hmm-v1,true
cam5,464,382,0.969333,0.969333,6.8e-05,True,accepted_posterior,bayes-hmm-v1,true
cam5,465,382,0.990667,0.990667,8.7e-05,True,accepted_posterior,bayes-hmm-v1,true
cam5,466,383,0.997231,0.997231,2.6e-05,True,accepted_posterior,bayes-hmm-v1,true
cam5,467,384,0.99825,0.99825,2.7e-05,True,accepted_posterior,bayes-hmm-v1,true
cam5,468,385,0.997881,0.997881,2.3e-05,True,accepted_posterior,bayes-hmm-v1,true
cam5,469,386,0.995898,0.995898,3.2e-05,True,accepted_posterior,bayes-hmm-v1,true
cam5,470,386,0.999338,0.999338,5.6e-05,True,accepted_posterior,bayes-hmm-v1,true
cam5,471,388,0.986187,0.986187,4e-05,True,accepted_posterior,bayes-hmm-v1,true
cam5,472,388,0.998133,0.998133,1.7e-05,True,accepted_posterior,bayes-hmm-v1,true
cam5,473,388,0.998117,0.998117,2.4e-05,True,accepted_posterior,bayes-hmm-v1,true
cam5,474,388,0.991852,0.991852,2.1e-05,True,accepted_posterior,bayes-hmm-v1,true
cam5,475,388,0.980089,0.980089,4e-05,True,accepted_posterior,bayes-hmm-v1,true
cam5,476,388,0.962877,0.962877,5.5e-05,True,accepted_posterior,bayes-hmm-v1,true
cam5,477,388,0.913972,0.913972,0.0002,True,accepted_posterior,bayes-hmm-v1,true
cam5,478,389,0.863066,0.863066,0.000141,True,accepted_posterior,bayes-hmm-v1,true
cam5,479,390,0.824064,0.824064,0.000112,True,accepted_posterior,bayes-hmm-v1,true
cam5,480,391,0.698549,0.698549,0.000111,True,accepted_posterior,bayes-hmm-v1,true
cam5,481,394,0.831647,0.831647,0.000118,True,accepted_posterior,bayes-hmm-v1,true
cam5,482,396,0.834105,0.834105,0.000125,True,accepted_posterior,bayes-hmm-v1,true
cam5,483,397,0.884525,0.884525,0.000134,True,accepted_posterior,bayes-hmm-v1,true
cam5,484,398,0.936898,0.936898,8.1e-05,True,accepted_posterior,bayes-hmm-v1,true
cam5,485,399,0.951854,0.951854,0.000116,True,accepted_posterior,bayes-hmm-v1,true
cam5,486,400,0.942967,0.942967,0.00015,True,accepted_posterior,bayes-hmm-v1,true
cam5,487,402,0.862665,0.862665,0.000174,True,accepted_posterior,bayes-hmm-v1,true
cam5,488,404,0.848105,0.848105,0.000147,True,accepted_posterior,bayes-hmm-v1,true
cam5,489,404,0.964957,0.964957,8.2e-05,True,accepted_posterior,bayes-hmm-v1,true
cam5,490,405,0.979552,0.979552,4.2e-05,True,accepted_posterior,bayes-hmm-v1,true
cam5,491,406,0.989956,0.989956,4.4e-05,True,accepted_posterior,bayes-hmm-v1,true
cam5,492,407,0.986198,0.986198,4.4e-05,True,accepted_posterior,bayes-hmm-v1,true
cam5,493,407,0.997403,0.997403,4.1e-05,True,accepted_posterior,bayes-hmm-v1,true
cam5,494,407,0.993141,0.993141,4.7e-05,True,accepted_posterior,bayes-hmm-v1,true
cam5,495,408,0.99143,0.99143,6.6e-05,True,accepted_posterior,bayes-hmm-v1,true
cam5,496,409,0.990311,0.990311,7.3e-05,True,accepted_posterior,bayes-hmm-v1,true
cam5,497,410,0.993642,0.993642,7.8e-05,True,accepted_posterior,bayes-hmm-v1,true
cam5,498,411,0.993962,0.993962,5e-05,True,accepted_posterior,bayes-hmm-v1,true
cam5,499,412,0.993454,0.993454,4.5e-05,True,accepted_posterior,bayes-hmm-v1,true
cam5,500,412,0.994686,0.994686,3.9e-05,True,accepted_posterior,bayes-hmm-v1,true
cam5,501,414,0.980501,0.980501,5.1e-05,True,accepted_posterior,bayes-hmm-v1,true
cam5,502,414,0.993752,0.993752,4e-05,True,accepted_posterior,bayes-hmm-v1,true
cam5,503,414,0.987373,0.987373,5.7e-05,True,accepted_posterior,bayes-hmm-v1,true
cam5,504,416,0.964811,0.964811,6.2e-05,True,accepted_posterior,bayes-hmm-v1,true
cam5,505,416,0.984018,0.984018,6.1e-05,True,accepted_posterior,bayes-hmm-v1,true
cam5,506,417,0.908324,0.908324,7.5e-05,True,accepted_posterior,bayes-hmm-v1,true
cam5,507,417,0.943565,0.943565,7.4e-05,True,accepted_posterior,bayes-hmm-v1,true
cam5,508,418,0.913699,0.913699,6.1e-05,True,accepted_posterior,bayes-hmm-v1,true
cam5,509,418,0.951624,0.951624,6.5e-05,True,accepted_posterior,bayes-hmm-v1,true
cam5,510,418,0.979879,0.979879,8.3e-05,True,accepted_posterior,bayes-hmm-v1,true
cam5,511,418,0.991281,0.991281,7.1e-05,True,accepted_posterior,bayes-hmm-v1,true
cam5,512,418,0.995354,0.995354,5.9e-05,True,accepted_posterior,bayes-hmm-v1,true
cam5,513,418,0.99688,0.99688,7.1e-05,True,accepted_posterior,bayes-hmm-v1,true
cam5,514,418,0.997393,0.997393,0.000105,True,accepted_posterior,bayes-hmm-v1,true
cam5,515,418,0.99714,0.99714,0.000153,True,accepted_posterior,bayes-hmm-v1,true
cam5,516,418,0.994939,0.994939,0.000159,True,accepted_posterior,bayes-hmm-v1,true
cam5,517,418,0.990265,0.990265,0.000189,True,accepted_posterior,bayes-hmm-v1,true
cam5,518,419,0.985639,0.985639,0.000256,True,accepted_posterior,bayes-hmm-v1,true
cam5,519,419,0.972834,0.972834,0.000331,True,accepted_posterior,bayes-hmm-v1,true
cam5,520,419,0.947043,0.947043,0.000461,True,accepted_posterior,bayes-hmm-v1,true
cam5,521,419,0.893914,0.893914,0.00067,True,accepted_posterior,bayes-hmm-v1,true
cam5,522,419,0.80137,0.80137,0.000856,True,accepted_posterior,bayes-hmm-v1,true
cam5,523,419,0.734004,0.734004,0.000968,True,accepted_posterior,bayes-hmm-v1,true
cam5,524,419,0.667378,0.667378,0.001271,True,accepted_posterior,bayes-hmm-v1,true
cam5,525,420,0.545778,0.545778,0.00126,True,accepted_posterior,bayes-hmm-v1,true
cam5,526,424,0.424962,0.424962,0.001285,True,accepted_posterior,bayes-hmm-v1,true
cam5,527,425,0.590757,0.590757,0.000904,True,accepted_posterior,bayes-hmm-v1,true
cam5,528,426,0.710747,0.710747,0.000545,True,accepted_posterior,bayes-hmm-v1,true
cam5,529,427,0.824083,0.824083,0.000358,True,accepted_posterior,bayes-hmm-v1,true
cam5,530,428,0.931149,0.931149,0.000218,True,accepted_posterior,bayes-hmm-v1,true
cam5,531,429,0.957989,0.957989,0.000198,True,accepted_posterior,bayes-hmm-v1,true
cam5,532,429,0.965041,0.965041,0.000156,True,accepted_posterior,bayes-hmm-v1,true
cam5,533,430,0.988865,0.988865,9.3e-05,True,accepted_posterior,bayes-hmm-v1,true
cam5,534,430,0.975641,0.975641,8.8e-05,True,accepted_posterior,bayes-hmm-v1,true
cam5,535,431,0.997498,0.997498,7.6e-05,True,accepted_posterior,bayes-hmm-v1,true
cam5,536,433,0.913696,0.913696,7.4e-05,True,accepted_posterior,bayes-hmm-v1,true
cam5,537,433,0.989499,0.989499,4e-05,True,accepted_posterior,bayes-hmm-v1,true
cam5,538,433,0.999228,0.999228,1.6e-05,True,accepted_posterior,bayes-hmm-v1,true
cam5,539,433,0.999928,0.999928,1.1e-05,True,accepted_posterior,bayes-hmm-v1,true
cam5,540,433,0.999838,0.999838,2.8e-05,True,accepted_posterior,bayes-hmm-v1,true
cam5,541,434,0.999802,0.999802,3.4e-05,True,accepted_posterior,bayes-hmm-v1,true
cam5,542,434,0.999709,0.999709,4.6e-05,True,accepted_posterior,bayes-hmm-v1,true
cam5,543,434,0.999533,0.999533,0.000101,True,accepted_posterior,bayes-hmm-v1,true
cam5,544,435,0.999251,0.999251,0.000292,True,accepted_posterior,bayes-hmm-v1,true
cam5,545,435,0.999205,0.999205,0.00013,True,accepted_posterior,bayes-hmm-v1,true
cam5,546,435,0.998816,0.998816,7.7e-05,True,accepted_posterior,bayes-hmm-v1,true
cam5,547,436,0.998449,0.998449,6.7e-05,True,accepted_posterior,bayes-hmm-v1,true
cam5,548,436,0.995013,0.995013,9e-05,True,accepted_posterior,bayes-hmm-v1,true
cam5,549,437,0.990392,0.990392,6.2e-05,True,accepted_posterior,bayes-hmm-v1,true
cam5,550,437,0.959237,0.959237,0.000108,True,accepted_posterior,bayes-hmm-v1,true
cam5,551,438,0.941677,0.941677,0.000172,True,accepted_posterior,bayes-hmm-v1,true
cam5,552,440,0.96278,0.96278,0.000177,True,accepted_posterior,bayes-hmm-v1,true
cam5,553,440,0.843595,0.843595,0.000168,True,accepted_posterior,bayes-hmm-v1,true
cam5,554,442,0.895291,0.895291,0.000221,True,accepted_posterior,bayes-hmm-v1,true
cam5,555,444,0.912095,0.912095,0.000391,True,accepted_posterior,bayes-hmm-v1,true
cam5,556,445,0.751509,0.751509,0.001197,True,accepted_posterior,bayes-hmm-v1,true
cam5,557,449,0.607275,0.607275,0.00263,True,accepted_posterior,bayes-hmm-v1,true
cam5,558,450,0.47584,0.47584,0.008208,True,accepted_posterior,bayes-hmm-v1,true
cam5,559,454,0.568721,0.568721,0.031396,True,accepted_posterior,bayes-hmm-v1,true
cam5,560,,abstain,0.487164,0.05331,True,posterior_no_correspondence,bayes-hmm-v1,true
cam5,561,,abstain,0.466784,0.054064,True,posterior_no_correspondence,bayes-hmm-v1,true
cam5,562,465,0.552962,0.552962,0.048085,True,accepted_posterior,bayes-hmm-v1,true
cam5,563,468,0.626712,0.626712,0.038133,True,accepted_posterior,bayes-hmm-v1,true
cam5,564,472,0.592747,0.592747,0.029447,True,accepted_posterior,bayes-hmm-v1,true
cam5,565,472,0.63444,0.63444,0.015039,True,accepted_posterior,bayes-hmm-v1,true
cam5,566,476,0.789645,0.789645,0.005169,True,accepted_posterior,bayes-hmm-v1,true
cam5,567,476,0.951785,0.951785,0.001429,True,accepted_posterior,bayes-hmm-v1,true
cam5,568,477,0.979201,0.979201,0.000536,True,accepted_posterior,bayes-hmm-v1,true
cam5,569,478,0.992519,0.992519,0.000362,True,accepted_posterior,bayes-hmm-v1,true
cam5,570,479,0.988019,0.988019,0.000304,True,accepted_posterior,bayes-hmm-v1,true
cam5,571,480,0.985008,0.985008,0.000243,True,accepted_posterior,bayes-hmm-v1,true
cam5,572,480,0.951708,0.951708,0.000192,True,accepted_posterior,bayes-hmm-v1,true
cam5,573,482,0.98415,0.98415,0.000149,True,accepted_posterior,bayes-hmm-v1,true
cam5,574,483,0.965957,0.965957,0.000103,True,accepted_posterior,bayes-hmm-v1,true
cam5,575,483,0.980794,0.980794,0.000134,True,accepted_posterior,bayes-hmm-v1,true
cam5,576,485,0.974646,0.974646,0.000217,True,accepted_posterior,bayes-hmm-v1,true
cam5,577,485,0.982063,0.982063,0.000248,True,accepted_posterior,bayes-hmm-v1,true
cam5,578,486,0.976741,0.976741,0.000282,True,accepted_posterior,bayes-hmm-v1,true
cam5,579,487,0.98699,0.98699,0.000253,True,accepted_posterior,bayes-hmm-v1,true
cam5,580,488,0.983557,0.983557,0.000344,True,accepted_posterior,bayes-hmm-v1,true
cam5,581,489,0.972583,0.972583,0.000355,True,accepted_posterior,bayes-hmm-v1,true
cam5,582,490,0.968746,0.968746,0.000593,True,accepted_posterior,bayes-hmm-v1,true
cam5,583,491,0.972304,0.972304,0.000498,True,accepted_posterior,bayes-hmm-v1,true
cam5,584,492,0.989107,0.989107,0.000486,True,accepted_posterior,bayes-hmm-v1,true
cam5,585,493,0.997023,0.997023,0.000284,True,accepted_posterior,bayes-hmm-v1,true
cam5,586,494,0.997396,0.997396,0.000337,True,accepted_posterior,bayes-hmm-v1,true
cam5,587,495,0.997119,0.997119,0.000393,True,accepted_posterior,bayes-hmm-v1,true
cam5,588,495,0.983689,0.983689,0.000378,True,accepted_posterior,bayes-hmm-v1,true
cam5,589,497,0.98975,0.98975,0.000364,True,accepted_posterior,bayes-hmm-v1,true
cam5,590,498,0.992018,0.992018,0.00025,True,accepted_posterior,bayes-hmm-v1,true
cam5,591,498,0.996506,0.996506,0.000311,True,accepted_posterior,bayes-hmm-v1,true
cam5,592,499,0.998164,0.998164,0.000356,True,accepted_posterior,bayes-hmm-v1,true
cam5,593,500,0.998698,0.998698,0.000217,True,accepted_posterior,bayes-hmm-v1,true
cam5,594,501,0.999134,0.999134,0.000188,True,accepted_posterior,bayes-hmm-v1,true
cam5,595,502,0.999494,0.999494,0.000224,True,accepted_posterior,bayes-hmm-v1,true
cam5,596,503,0.999495,0.999495,0.000201,True,accepted_posterior,bayes-hmm-v1,true
cam5,597,504,0.998716,0.998716,0.000238,True,accepted_posterior,bayes-hmm-v1,true
cam5,598,505,0.998163,0.998163,0.000212,True,accepted_posterior,bayes-hmm-v1,true
cam5,599,506,0.997398,0.997398,0.000233,True,accepted_posterior,bayes-hmm-v1,true
cam5,600,507,0.996988,0.996988,0.000284,True,accepted_posterior,bayes-hmm-v1,true
cam5,601,508,0.996438,0.996438,0.000204,True,accepted_posterior,bayes-hmm-v1,true
cam5,602,509,0.997858,0.997858,0.000113,True,accepted_posterior,bayes-hmm-v1,true
cam5,603,509,0.999676,0.999676,0.000145,True,accepted_posterior,bayes-hmm-v1,true
cam5,604,510,0.999782,0.999782,0.000132,True,accepted_posterior,bayes-hmm-v1,true
cam5,605,511,0.999811,0.999811,0.000144,True,accepted_posterior,bayes-hmm-v1,true
cam5,606,512,0.999752,0.999752,0.000118,True,accepted_posterior,bayes-hmm-v1,true
cam5,607,513,0.999466,0.999466,0.000122,True,accepted_posterior,bayes-hmm-v1,true
cam5,608,513,0.999845,0.999845,0.000133,True,accepted_posterior,bayes-hmm-v1,true
cam5,609,514,0.999847,0.999847,0.000111,True,accepted_posterior,bayes-hmm-v1,true
cam5,610,515,0.999829,0.999829,0.000121,True,accepted_posterior,bayes-hmm-v1,true
cam5,611,516,0.99967,0.99967,0.00019,True,accepted_posterior,bayes-hmm-v1,true
cam5,612,517,0.999468,0.999468,0.000197,True,accepted_posterior,bayes-hmm-v1,true
cam5,613,518,0.998971,0.998971,0.000253,True,accepted_posterior,bayes-hmm-v1,true
cam5,614,519,0.999266,0.999266,0.000248,True,accepted_posterior,bayes-hmm-v1,true
cam5,615,519,0.993595,0.993595,0.000282,True,accepted_posterior,bayes-hmm-v1,true
cam5,616,520,0.982959,0.982959,0.000391,True,accepted_posterior,bayes-hmm-v1,true
cam5,617,521,0.968028,0.968028,0.00074,True,accepted_posterior,bayes-hmm-v1,true
cam5,618,522,0.975598,0.975598,0.000684,True,accepted_posterior,bayes-hmm-v1,true
cam5,619,524,0.995533,0.995533,0.000553,True,accepted_posterior,bayes-hmm-v1,true
cam5,620,525,0.996322,0.996322,0.000365,True,accepted_posterior,bayes-hmm-v1,true
cam5,621,525,0.998968,0.998968,0.000383,True,accepted_posterior,bayes-hmm-v1,true
cam5,622,526,0.999238,0.999238,0.000362,True,accepted_posterior,bayes-hmm-v1,true
cam5,623,527,0.9992,0.9992,0.000295,True,accepted_posterior,bayes-hmm-v1,true
cam5,624,527,0.99647,0.99647,0.000282,True,accepted_posterior,bayes-hmm-v1,true
cam5,625,528,0.999398,0.999398,0.000286,True,accepted_posterior,bayes-hmm-v1,true
cam5,626,529,0.999693,0.999693,0.000215,True,accepted_posterior,bayes-hmm-v1,true
cam5,627,530,0.999697,0.999697,0.000153,True,accepted_posterior,bayes-hmm-v1,true
cam5,628,531,0.999487,0.999487,0.000157,True,accepted_posterior,bayes-hmm-v1,true
cam5,629,532,0.998471,0.998471,0.000186,True,accepted_posterior,bayes-hmm-v1,true
cam5,630,533,0.996398,0.996398,0.000289,True,accepted_posterior,bayes-hmm-v1,true
cam5,631,534,0.99304,0.99304,0.000397,True,accepted_posterior,bayes-hmm-v1,true
cam5,632,535,0.986622,0.986622,0.000286,True,accepted_posterior,bayes-hmm-v1,true
cam5,633,535,0.989377,0.989377,0.000174,True,accepted_posterior,bayes-hmm-v1,true
cam5,634,536,0.981077,0.981077,0.000229,True,accepted_posterior,bayes-hmm-v1,true
cam5,635,537,0.981929,0.981929,0.000243,True,accepted_posterior,bayes-hmm-v1,true
cam5,636,539,0.983168,0.983168,0.000281,True,accepted_posterior,bayes-hmm-v1,true
cam5,637,540,0.973287,0.973287,0.000235,True,accepted_posterior,bayes-hmm-v1,true
cam5,638,540,0.994228,0.994228,0.000184,True,accepted_posterior,bayes-hmm-v1,true
cam5,639,541,0.99299,0.99299,0.000154,True,accepted_posterior,bayes-hmm-v1,true
cam5,640,542,0.995024,0.995024,0.000219,True,accepted_posterior,bayes-hmm-v1,true
cam5,641,543,0.992288,0.992288,0.000223,True,accepted_posterior,bayes-hmm-v1,true
cam5,642,544,0.983569,0.983569,0.00029,True,accepted_posterior,bayes-hmm-v1,true
cam5,643,545,0.971918,0.971918,0.000332,True,accepted_posterior,bayes-hmm-v1,true
cam5,644,546,0.98385,0.98385,0.000439,True,accepted_posterior,bayes-hmm-v1,true
cam5,645,547,0.9829,0.9829,0.000475,True,accepted_posterior,bayes-hmm-v1,true
cam5,646,548,0.9834,0.9834,0.000396,True,accepted_posterior,bayes-hmm-v1,true
cam5,647,548,0.974415,0.974415,0.000474,True,accepted_posterior,bayes-hmm-v1,true
cam5,648,549,0.951519,0.951519,0.000531,True,accepted_posterior,bayes-hmm-v1,true
cam5,649,550,0.980173,0.980173,0.000572,True,accepted_posterior,bayes-hmm-v1,true
cam5,650,551,0.997101,0.997101,0.000376,True,accepted_posterior,bayes-hmm-v1,true
cam5,651,552,0.999315,0.999315,0.000288,True,accepted_posterior,bayes-hmm-v1,true
cam5,652,553,0.999728,0.999728,0.000163,True,accepted_posterior,bayes-hmm-v1,true
cam5,653,553,0.999635,0.999635,0.000139,True,accepted_posterior,bayes-hmm-v1,true
cam5,654,554,0.999783,0.999783,0.00014,True,accepted_posterior,bayes-hmm-v1,true
cam5,655,555,0.999778,0.999778,0.000128,True,accepted_posterior,bayes-hmm-v1,true
cam5,656,556,0.9998,0.9998,9.5e-05,True,accepted_posterior,bayes-hmm-v1,true
cam5,657,557,0.999602,0.999602,0.000117,True,accepted_posterior,bayes-hmm-v1,true
cam5,658,558,0.999376,0.999376,0.000112,True,accepted_posterior,bayes-hmm-v1,true
cam5,659,559,0.993951,0.993951,0.000209,True,accepted_posterior,bayes-hmm-v1,true
cam5,660,560,0.983368,0.983368,0.000339,True,accepted_posterior,bayes-hmm-v1,true
cam5,661,562,0.980114,0.980114,0.000384,True,accepted_posterior,bayes-hmm-v1,true
cam5,662,563,0.975689,0.975689,0.00031,True,accepted_posterior,bayes-hmm-v1,true
cam5,663,563,0.997353,0.997353,0.000211,True,accepted_posterior,bayes-hmm-v1,true
cam5,664,564,0.99881,0.99881,0.000178,True,accepted_posterior,bayes-hmm-v1,true
cam5,665,565,0.999297,0.999297,0.000206,True,accepted_posterior,bayes-hmm-v1,true
cam5,666,566,0.997774,0.997774,0.000257,True,accepted_posterior,bayes-hmm-v1,true
cam5,667,567,0.995493,0.995493,0.000264,True,accepted_posterior,bayes-hmm-v1,true
cam5,668,567,0.988688,0.988688,0.000324,True,accepted_posterior,bayes-hmm-v1,true
cam5,669,569,0.994485,0.994485,0.000356,True,accepted_posterior,bayes-hmm-v1,true
cam5,670,569,0.998457,0.998457,0.000259,True,accepted_posterior,bayes-hmm-v1,true
cam5,671,570,0.998708,0.998708,0.000158,True,accepted_posterior,bayes-hmm-v1,true
cam5,672,571,0.997922,0.997922,0.000144,True,accepted_posterior,bayes-hmm-v1,true
cam5,673,572,0.999094,0.999094,0.000214,True,accepted_posterior,bayes-hmm-v1,true
cam5,674,573,0.998739,0.998739,0.00025,True,accepted_posterior,bayes-hmm-v1,true
cam5,675,574,0.997894,0.997894,0.000229,True,accepted_posterior,bayes-hmm-v1,true
cam5,676,575,0.998424,0.998424,0.000176,True,accepted_posterior,bayes-hmm-v1,true
cam5,677,576,0.999106,0.999106,0.000209,True,accepted_posterior,bayes-hmm-v1,true
cam5,678,577,0.998055,0.998055,0.000151,True,accepted_posterior,bayes-hmm-v1,true
cam5,679,578,0.998337,0.998337,0.000238,True,accepted_posterior,bayes-hmm-v1,true
cam5,680,579,0.996967,0.996967,0.000173,True,accepted_posterior,bayes-hmm-v1,true
cam5,681,580,0.994137,0.994137,0.000214,True,accepted_posterior,bayes-hmm-v1,true
cam5,682,581,0.995957,0.995957,0.000234,True,accepted_posterior,bayes-hmm-v1,true
cam5,683,582,0.99493,0.99493,0.000257,True,accepted_posterior,bayes-hmm-v1,true
cam5,684,583,0.994502,0.994502,0.00029,True,accepted_posterior,bayes-hmm-v1,true
cam5,685,584,0.992046,0.992046,0.000271,True,accepted_posterior,bayes-hmm-v1,true
cam5,686,585,0.991786,0.991786,0.000245,True,accepted_posterior,bayes-hmm-v1,true
cam5,687,586,0.992905,0.992905,0.000196,True,accepted_posterior,bayes-hmm-v1,true
cam5,688,586,0.991924,0.991924,0.000194,True,accepted_posterior,bayes-hmm-v1,true
cam5,689,587,0.993147,0.993147,0.000201,True,accepted_posterior,bayes-hmm-v1,true
cam5,690,588,0.995464,0.995464,0.000216,True,accepted_posterior,bayes-hmm-v1,true
cam5,691,589,0.996662,0.996662,0.000242,True,accepted_posterior,bayes-hmm-v1,true
cam5,692,590,0.995925,0.995925,0.000256,True,accepted_posterior,bayes-hmm-v1,true
cam5,693,591,0.995573,0.995573,0.000286,True,accepted_posterior,bayes-hmm-v1,true
cam5,694,592,0.997985,0.997985,0.000258,True,accepted_posterior,bayes-hmm-v1,true
cam5,695,593,0.998127,0.998127,0.000237,True,accepted_posterior,bayes-hmm-v1,true
cam5,696,594,0.998751,0.998751,0.000233,True,accepted_posterior,bayes-hmm-v1,true
cam5,697,595,0.999313,0.999313,0.000249,True,accepted_posterior,bayes-hmm-v1,true
cam5,698,596,0.999004,0.999004,0.000205,True,accepted_posterior,bayes-hmm-v1,true
cam5,699,597,0.998212,0.998212,0.000274,True,accepted_posterior,bayes-hmm-v1,true
cam5,700,598,0.998935,0.998935,0.000306,True,accepted_posterior,bayes-hmm-v1,true
cam5,701,599,0.998622,0.998622,0.000265,True,accepted_posterior,bayes-hmm-v1,true
cam5,702,600,0.999013,0.999013,0.000182,True,accepted_posterior,bayes-hmm-v1,true
cam5,703,601,0.999072,0.999072,0.000181,True,accepted_posterior,bayes-hmm-v1,true
cam5,704,602,0.998793,0.998793,0.000185,True,accepted_posterior,bayes-hmm-v1,true
cam5,705,603,0.999441,0.999441,0.000171,True,accepted_posterior,bayes-hmm-v1,true
cam5,706,604,0.999354,0.999354,0.000221,True,accepted_posterior,bayes-hmm-v1,true
cam5,707,605,0.998995,0.998995,0.00022,True,accepted_posterior,bayes-hmm-v1,true
cam5,708,606,0.99931,0.99931,0.00027,True,accepted_posterior,bayes-hmm-v1,true
cam5,709,607,0.999313,0.999313,0.000222,True,accepted_posterior,bayes-hmm-v1,true
cam5,710,608,0.999194,0.999194,0.000174,True,accepted_posterior,bayes-hmm-v1,true
cam5,711,609,0.999663,0.999663,0.000207,True,accepted_posterior,bayes-hmm-v1,true
cam5,712,610,0.999699,0.999699,0.000192,True,accepted_posterior,bayes-hmm-v1,true
cam5,713,611,0.999719,0.999719,0.000169,True,accepted_posterior,bayes-hmm-v1,true
cam5,714,612,0.999787,0.999787,0.000135,True,accepted_posterior,bayes-hmm-v1,true
cam5,715,613,0.999584,0.999584,0.000141,True,accepted_posterior,bayes-hmm-v1,true
cam5,716,614,0.998549,0.998549,0.000134,True,accepted_posterior,bayes-hmm-v1,true
cam5,717,615,0.999017,0.999017,0.00015,True,accepted_posterior,bayes-hmm-v1,true
cam5,718,616,0.996317,0.996317,0.000142,True,accepted_posterior,bayes-hmm-v1,true
cam5,719,617,0.997122,0.997122,0.00016,True,accepted_posterior,bayes-hmm-v1,true
cam5,720,618,0.997907,0.997907,0.000241,True,accepted_posterior,bayes-hmm-v1,true
cam5,721,619,0.996977,0.996977,0.000197,True,accepted_posterior,bayes-hmm-v1,true
cam5,722,620,0.996679,0.996679,0.000202,True,accepted_posterior,bayes-hmm-v1,true
cam5,723,621,0.997691,0.997691,0.000149,True,accepted_posterior,bayes-hmm-v1,true
cam5,724,622,0.998635,0.998635,0.000149,True,accepted_posterior,bayes-hmm-v1,true
cam5,725,623,0.998571,0.998571,0.000107,True,accepted_posterior,bayes-hmm-v1,true
cam5,726,624,0.99928,0.99928,0.00011,True,accepted_posterior,bayes-hmm-v1,true
cam5,727,625,0.999737,0.999737,7.2e-05,True,accepted_posterior,bayes-hmm-v1,true
cam5,728,626,0.999745,0.999745,6.2e-05,True,accepted_posterior,bayes-hmm-v1,true
cam5,729,627,0.999257,0.999257,7e-05,True,accepted_posterior,bayes-hmm-v1,true
cam5,730,628,0.999702,0.999702,6.7e-05,True,accepted_posterior,bayes-hmm-v1,true
cam5,731,629,0.999697,0.999697,6.8e-05,True,accepted_posterior,bayes-hmm-v1,true
cam5,732,630,0.99962,0.99962,9.5e-05,True,accepted_posterior,bayes-hmm-v1,true
cam5,733,631,0.999651,0.999651,0.000146,True,accepted_posterior,bayes-hmm-v1,true
cam5,734,632,0.999581,0.999581,0.00012,True,accepted_posterior,bayes-hmm-v1,true
cam5,735,633,0.999489,0.999489,0.00012,True,accepted_posterior,bayes-hmm-v1,true
cam5,736,633,0.997479,0.997479,0.000227,True,accepted_posterior,bayes-hmm-v1,true
cam5,737,635,0.998739,0.998739,0.000265,True,accepted_posterior,bayes-hmm-v1,true
cam5,738,636,0.992025,0.992025,0.000186,True,accepted_posterior,bayes-hmm-v1,true
cam5,739,637,0.997591,0.997591,0.000104,True,accepted_posterior,bayes-hmm-v1,true
cam5,740,638,0.998929,0.998929,8.6e-05,True,accepted_posterior,bayes-hmm-v1,true
cam5,741,638,0.999448,0.999448,7.2e-05,True,accepted_posterior,bayes-hmm-v1,true
cam5,742,639,0.998209,0.998209,8.6e-05,True,accepted_posterior,bayes-hmm-v1,true
cam5,743,640,0.998919,0.998919,0.000107,True,accepted_posterior,bayes-hmm-v1,true
cam5,744,641,0.998831,0.998831,0.000146,True,accepted_posterior,bayes-hmm-v1,true
cam5,745,642,0.997641,0.997641,0.000136,True,accepted_posterior,bayes-hmm-v1,true
cam5,746,643,0.995445,0.995445,0.000207,True,accepted_posterior,bayes-hmm-v1,true
cam5,747,645,0.99442,0.99442,0.00023,True,accepted_posterior,bayes-hmm-v1,true
cam5,748,646,0.994702,0.994702,0.000241,True,accepted_posterior,bayes-hmm-v1,true
cam5,749,646,0.992356,0.992356,0.000267,True,accepted_posterior,bayes-hmm-v1,true
cam5,750,647,0.988903,0.988903,0.00041,True,accepted_posterior,bayes-hmm-v1,true
cam5,751,649,0.995597,0.995597,0.000403,True,accepted_posterior,bayes-hmm-v1,true
cam5,752,650,0.997099,0.997099,0.00038,True,accepted_posterior,bayes-hmm-v1,true
cam5,753,651,0.998619,0.998619,0.000383,True,accepted_posterior,bayes-hmm-v1,true
cam5,754,651,0.996383,0.996383,0.000267,True,accepted_posterior,bayes-hmm-v1,true
cam5,755,652,0.997639,0.997639,0.00015,True,accepted_posterior,bayes-hmm-v1,true
cam5,756,653,0.998801,0.998801,0.000122,True,accepted_posterior,bayes-hmm-v1,true
cam5,757,654,0.999805,0.999805,9.7e-05,True,accepted_posterior,bayes-hmm-v1,true
cam5,758,655,0.999747,0.999747,7.4e-05,True,accepted_posterior,bayes-hmm-v1,true
cam5,759,656,0.999638,0.999638,9.2e-05,True,accepted_posterior,bayes-hmm-v1,true
cam5,760,657,0.999459,0.999459,0.00012,True,accepted_posterior,bayes-hmm-v1,true
cam5,761,658,0.998964,0.998964,0.000179,True,accepted_posterior,bayes-hmm-v1,true
cam5,762,658,0.987394,0.987394,0.000336,True,accepted_posterior,bayes-hmm-v1,true
cam5,763,660,0.99774,0.99774,0.000392,True,accepted_posterior,bayes-hmm-v1,true
cam5,764,661,0.992814,0.992814,0.000482,True,accepted_posterior,bayes-hmm-v1,true
cam5,765,662,0.995737,0.995737,0.000533,True,accepted_posterior,bayes-hmm-v1,true
cam5,766,662,0.98203,0.98203,0.000823,True,accepted_posterior,bayes-hmm-v1,true
cam5,767,664,0.98818,0.98818,0.00108,True,accepted_posterior,bayes-hmm-v1,true
cam5,768,665,0.98346,0.98346,0.001002,True,accepted_posterior,bayes-hmm-v1,true
cam5,769,665,0.931455,0.931455,0.000988,True,accepted_posterior,bayes-hmm-v1,true
cam5,770,666,0.932649,0.932649,0.000889,True,accepted_posterior,bayes-hmm-v1,true
cam5,771,668,0.995261,0.995261,0.000769,True,accepted_posterior,bayes-hmm-v1,true
cam5,772,669,0.997669,0.997669,0.000542,True,accepted_posterior,bayes-hmm-v1,true
cam5,773,670,0.999111,0.999111,0.000333,True,accepted_posterior,bayes-hmm-v1,true
cam5,774,671,0.998713,0.998713,0.000312,True,accepted_posterior,bayes-hmm-v1,true
cam5,775,671,0.994702,0.994702,0.000426,True,accepted_posterior,bayes-hmm-v1,true
cam5,776,672,0.997376,0.997376,0.000386,True,accepted_posterior,bayes-hmm-v1,true
cam5,777,674,0.992008,0.992008,0.000359,True,accepted_posterior,bayes-hmm-v1,true
cam5,778,674,0.99242,0.99242,0.000288,True,accepted_posterior,bayes-hmm-v1,true
cam5,779,675,0.984018,0.984018,0.000367,True,accepted_posterior,bayes-hmm-v1,true
cam5,780,677,0.990181,0.990181,0.000392,True,accepted_posterior,bayes-hmm-v1,true
cam5,781,678,0.994717,0.994717,0.000323,True,accepted_posterior,bayes-hmm-v1,true
cam5,782,679,0.996423,0.996423,0.000245,True,accepted_posterior,bayes-hmm-v1,true
cam5,783,680,0.997612,0.997612,0.000142,True,accepted_posterior,bayes-hmm-v1,true
cam5,784,681,0.996705,0.996705,0.000161,True,accepted_posterior,bayes-hmm-v1,true
cam5,785,682,0.996295,0.996295,0.000153,True,accepted_posterior,bayes-hmm-v1,true
cam5,786,683,0.996337,0.996337,0.000144,True,accepted_posterior,bayes-hmm-v1,true
cam5,787,684,0.997093,0.997093,0.000129,True,accepted_posterior,bayes-hmm-v1,true
cam5,788,685,0.993274,0.993274,0.000124,True,accepted_posterior,bayes-hmm-v1,true
cam5,789,686,0.987799,0.987799,0.00013,True,accepted_posterior,bayes-hmm-v1,true
cam5,790,687,0.993591,0.993591,0.000131,True,accepted_posterior,bayes-hmm-v1,true
cam5,791,688,0.996621,0.996621,0.000125,True,accepted_posterior,bayes-hmm-v1,true
cam5,792,689,0.996319,0.996319,9.3e-05,True,accepted_posterior,bayes-hmm-v1,true
cam5,793,690,0.998151,0.998151,0.000105,True,accepted_posterior,bayes-hmm-v1,true
cam5,794,691,0.998802,0.998802,0.000125,True,accepted_posterior,bayes-hmm-v1,true
cam5,795,692,0.997553,0.997553,0.000159,True,accepted_posterior,bayes-hmm-v1,true
cam5,796,693,0.997035,0.997035,0.00015,True,accepted_posterior,bayes-hmm-v1,true
cam5,797,694,0.998807,0.998807,0.000138,True,accepted_posterior,bayes-hmm-v1,true
cam5,798,695,0.998333,0.998333,0.000133,True,accepted_posterior,bayes-hmm-v1,true
cam5,799,696,0.997972,0.997972,0.000132,True,accepted_posterior,bayes-hmm-v1,true
cam5,800,697,0.998344,0.998344,0.000141,True,accepted_posterior,bayes-hmm-v1,true
cam5,801,698,0.9981,0.9981,0.000153,True,accepted_posterior,bayes-hmm-v1,true
cam5,802,699,0.995502,0.995502,0.000186,True,accepted_posterior,bayes-hmm-v1,true
cam5,803,700,0.996099,0.996099,0.000203,True,accepted_posterior,bayes-hmm-v1,true
cam5,804,700,0.974667,0.974667,0.000222,True,accepted_posterior,bayes-hmm-v1,true
cam5,805,702,0.997076,0.997076,0.00021,True,accepted_posterior,bayes-hmm-v1,true
cam5,806,703,0.998068,0.998068,0.000125,True,accepted_posterior,bayes-hmm-v1,true
cam5,807,704,0.999333,0.999333,0.000112,True,accepted_posterior,bayes-hmm-v1,true
cam5,808,704,0.99599,0.99599,0.000112,True,accepted_posterior,bayes-hmm-v1,true
cam5,809,706,0.998946,0.998946,0.000138,True,accepted_posterior,bayes-hmm-v1,true
cam5,810,707,0.997829,0.997829,0.000132,True,accepted_posterior,bayes-hmm-v1,true
cam5,811,707,0.998589,0.998589,0.000138,True,accepted_posterior,bayes-hmm-v1,true
cam5,812,709,0.997859,0.997859,0.000156,True,accepted_posterior,bayes-hmm-v1,true
cam5,813,709,0.999365,0.999365,0.000158,True,accepted_posterior,bayes-hmm-v1,true
cam5,814,711,0.998973,0.998973,0.000123,True,accepted_posterior,bayes-hmm-v1,true
cam5,815,712,0.999418,0.999418,9.2e-05,True,accepted_posterior,bayes-hmm-v1,true
cam5,816,712,0.999696,0.999696,0.000155,True,accepted_posterior,bayes-hmm-v1,true
cam5,817,714,0.99582,0.99582,0.000283,True,accepted_posterior,bayes-hmm-v1,true
cam5,818,714,0.999053,0.999053,0.000276,True,accepted_posterior,bayes-hmm-v1,true
cam5,819,716,0.992353,0.992353,0.000291,True,accepted_posterior,bayes-hmm-v1,true
cam5,820,716,0.998624,0.998624,0.000396,True,accepted_posterior,bayes-hmm-v1,true
cam5,821,717,0.998055,0.998055,0.000508,True,accepted_posterior,bayes-hmm-v1,true
cam5,822,718,0.997853,0.997853,0.000666,True,accepted_posterior,bayes-hmm-v1,true
cam5,823,719,0.997936,0.997936,0.000553,True,accepted_posterior,bayes-hmm-v1,true
cam5,824,720,0.997361,0.997361,0.000569,True,accepted_posterior,bayes-hmm-v1,true
cam5,825,721,0.995048,0.995048,0.000474,True,accepted_posterior,bayes-hmm-v1,true
cam5,826,722,0.984856,0.984856,0.000702,True,accepted_posterior,bayes-hmm-v1,true
cam5,827,723,0.992473,0.992473,0.000406,True,accepted_posterior,bayes-hmm-v1,true
cam5,828,725,0.999164,0.999164,0.000274,True,accepted_posterior,bayes-hmm-v1,true
cam5,829,726,0.999183,0.999183,0.000169,True,accepted_posterior,bayes-hmm-v1,true
cam5,830,726,0.999156,0.999156,0.000187,True,accepted_posterior,bayes-hmm-v1,true
cam5,831,727,0.996265,0.996265,0.000341,True,accepted_posterior,bayes-hmm-v1,true
cam5,832,728,0.995318,0.995318,0.000451,True,accepted_posterior,bayes-hmm-v1,true
cam5,833,729,0.998388,0.998388,0.000574,True,accepted_posterior,bayes-hmm-v1,true
cam5,834,730,0.997757,0.997757,0.000309,True,accepted_posterior,bayes-hmm-v1,true
cam5,835,731,0.998448,0.998448,0.000193,True,accepted_posterior,bayes-hmm-v1,true
cam5,836,732,0.998124,0.998124,0.000213,True,accepted_posterior,bayes-hmm-v1,true
cam5,837,733,0.999427,0.999427,0.000205,True,accepted_posterior,bayes-hmm-v1,true
cam5,838,734,0.998634,0.998634,0.000151,True,accepted_posterior,bayes-hmm-v1,true
cam5,839,735,0.999223,0.999223,0.000129,True,accepted_posterior,bayes-hmm-v1,true
cam5,840,735,0.991644,0.991644,0.000142,True,accepted_posterior,bayes-hmm-v1,true
cam5,841,737,0.998032,0.998032,0.000154,True,accepted_posterior,bayes-hmm-v1,true
cam5,842,737,0.992143,0.992143,0.000185,True,accepted_posterior,bayes-hmm-v1,true
cam5,843,739,0.992125,0.992125,9.2e-05,True,accepted_posterior,bayes-hmm-v1,true
cam5,844,739,0.99249,0.99249,8.1e-05,True,accepted_posterior,bayes-hmm-v1,true
cam5,845,740,0.99355,0.99355,8.4e-05,True,accepted_posterior,bayes-hmm-v1,true
cam5,846,741,0.995165,0.995165,8.5e-05,True,accepted_posterior,bayes-hmm-v1,true
cam5,847,742,0.994274,0.994274,9.5e-05,True,accepted_posterior,bayes-hmm-v1,true
cam5,848,743,0.996409,0.996409,6.6e-05,True,accepted_posterior,bayes-hmm-v1,true
cam5,849,743,0.99972,0.99972,5.6e-05,True,accepted_posterior,bayes-hmm-v1,true
cam5,850,744,0.9991,0.9991,6.1e-05,True,accepted_posterior,bayes-hmm-v1,true
cam5,851,744,0.999007,0.999007,5.8e-05,True,accepted_posterior,bayes-hmm-v1,true
cam5,852,745,0.997199,0.997199,6e-05,True,accepted_posterior,bayes-hmm-v1,true
cam5,853,746,0.995396,0.995396,8.9e-05,True,accepted_posterior,bayes-hmm-v1,true
cam5,854,746,0.955347,0.955347,8.3e-05,True,accepted_posterior,bayes-hmm-v1,true
cam5,855,748,0.984438,0.984438,8.2e-05,True,accepted_posterior,bayes-hmm-v1,true
cam5,856,748,0.917627,0.917627,0.000111,True,accepted_posterior,bayes-hmm-v1,true
cam5,857,750,0.95566,0.95566,0.000139,True,accepted_posterior,bayes-hmm-v1,true
cam5,858,751,0.936747,0.936747,0.000225,True,accepted_posterior,bayes-hmm-v1,true
cam5,859,751,0.874648,0.874648,0.000235,True,accepted_posterior,bayes-hmm-v1,true
cam5,860,754,0.864718,0.864718,0.000197,True,accepted_posterior,bayes-hmm-v1,true
cam5,861,755,0.917125,0.917125,0.000207,True,accepted_posterior,bayes-hmm-v1,true
cam5,862,755,0.979827,0.979827,0.000141,True,accepted_posterior,bayes-hmm-v1,true
cam5,863,756,0.984512,0.984512,0.000151,True,accepted_posterior,bayes-hmm-v1,true
cam5,864,758,0.968318,0.968318,0.000167,True,accepted_posterior,bayes-hmm-v1,true
cam5,865,759,0.973503,0.973503,0.000123,True,accepted_posterior,bayes-hmm-v1,true
cam5,866,759,0.996788,0.996788,9.8e-05,True,accepted_posterior,bayes-hmm-v1,true
cam5,867,760,0.995776,0.995776,0.000118,True,accepted_posterior,bayes-hmm-v1,true
cam5,868,761,0.994853,0.994853,0.000133,True,accepted_posterior,bayes-hmm-v1,true
cam5,869,761,0.959212,0.959212,0.000206,True,accepted_posterior,bayes-hmm-v1,true
cam5,870,763,0.990226,0.990226,0.000177,True,accepted_posterior,bayes-hmm-v1,true
cam5,871,764,0.982571,0.982571,0.000168,True,accepted_posterior,bayes-hmm-v1,true
cam5,872,765,0.990646,0.990646,0.000169,True,accepted_posterior,bayes-hmm-v1,true
cam5,873,765,0.979888,0.979888,0.000181,True,accepted_posterior,bayes-hmm-v1,true
cam5,874,767,0.995674,0.995674,0.000166,True,accepted_posterior,bayes-hmm-v1,true
cam5,875,768,0.981681,0.981681,0.000173,True,accepted_posterior,bayes-hmm-v1,true
cam5,876,768,0.974321,0.974321,0.000194,True,accepted_posterior,bayes-hmm-v1,true
cam5,877,769,0.963486,0.963486,0.000217,True,accepted_posterior,bayes-hmm-v1,true
cam5,878,771,0.968263,0.968263,0.000207,True,accepted_posterior,bayes-hmm-v1,true
cam5,879,771,0.957937,0.957937,0.000164,True,accepted_posterior,bayes-hmm-v1,true
cam5,880,773,0.989842,0.989842,0.000148,True,accepted_posterior,bayes-hmm-v1,true
cam5,881,773,0.991652,0.991652,0.000119,True,accepted_posterior,bayes-hmm-v1,true
cam5,882,775,0.976771,0.976771,8.4e-05,True,accepted_posterior,bayes-hmm-v1,true
cam5,883,775,0.996452,0.996452,8.8e-05,True,accepted_posterior,bayes-hmm-v1,true
cam5,884,776,0.996402,0.996402,9.6e-05,True,accepted_posterior,bayes-hmm-v1,true
cam5,885,777,0.994728,0.994728,0.000111,True,accepted_posterior,bayes-hmm-v1,true
cam5,886,777,0.990935,0.990935,0.000111,True,accepted_posterior,bayes-hmm-v1,true
cam5,887,779,0.988346,0.988346,0.000118,True,accepted_posterior,bayes-hmm-v1,true
cam5,888,779,0.986158,0.986158,0.000148,True,accepted_posterior,bayes-hmm-v1,true
cam5,889,781,0.987414,0.987414,0.000143,True,accepted_posterior,bayes-hmm-v1,true
cam5,890,781,0.993241,0.993241,0.000133,True,accepted_posterior,bayes-hmm-v1,true
cam5,891,782,0.995378,0.995378,0.000109,True,accepted_posterior,bayes-hmm-v1,true
cam5,892,783,0.997991,0.997991,0.000144,True,accepted_posterior,bayes-hmm-v1,true
cam5,893,784,0.991892,0.991892,0.000141,True,accepted_posterior,bayes-hmm-v1,true
cam5,894,785,0.988199,0.988199,0.000114,True,accepted_posterior,bayes-hmm-v1,true
cam5,895,785,0.997305,0.997305,0.000141,True,accepted_posterior,bayes-hmm-v1,true
cam5,896,786,0.997885,0.997885,0.000122,True,accepted_posterior,bayes-hmm-v1,true
cam5,897,787,0.997952,0.997952,0.000139,True,accepted_posterior,bayes-hmm-v1,true
cam5,898,788,0.997863,0.997863,0.000164,True,accepted_posterior,bayes-hmm-v1,true
cam5,899,789,0.998068,0.998068,0.000157,True,accepted_posterior,bayes-hmm-v1,true
cam5,900,790,0.99569,0.99569,0.000199,True,accepted_posterior,bayes-hmm-v1,true
cam5,901,791,0.99182,0.99182,0.000272,True,accepted_posterior,bayes-hmm-v1,true
cam5,902,792,0.988209,0.988209,0.000322,True,accepted_posterior,bayes-hmm-v1,true
cam5,903,793,0.980648,0.980648,0.000483,True,accepted_posterior,bayes-hmm-v1,true
cam5,904,794,0.981531,0.981531,0.000678,True,accepted_posterior,bayes-hmm-v1,true
cam5,905,796,0.963509,0.963509,0.000767,True,accepted_posterior,bayes-hmm-v1,true
cam5,906,797,0.979295,0.979295,0.000604,True,accepted_posterior,bayes-hmm-v1,true
cam5,907,798,0.993134,0.993134,0.00045,True,accepted_posterior,bayes-hmm-v1,true
cam5,908,798,0.998416,0.998416,0.000457,True,accepted_posterior,bayes-hmm-v1,true
cam5,909,799,0.998196,0.998196,0.000577,True,accepted_posterior,bayes-hmm-v1,true
cam5,910,800,0.99892,0.99892,0.00059,True,accepted_posterior,bayes-hmm-v1,true
cam5,911,801,0.997773,0.997773,0.000725,True,accepted_posterior,bayes-hmm-v1,true
cam5,912,802,0.998215,0.998215,0.000616,True,accepted_posterior,bayes-hmm-v1,true
cam5,913,803,0.994974,0.994974,0.000446,True,accepted_posterior,bayes-hmm-v1,true
cam5,914,804,0.967386,0.967386,0.00048,True,accepted_posterior,bayes-hmm-v1,true
cam5,915,806,0.995066,0.995066,0.000398,True,accepted_posterior,bayes-hmm-v1,true
cam5,916,807,0.993657,0.993657,0.000282,True,accepted_posterior,bayes-hmm-v1,true
cam5,917,808,0.993905,0.993905,0.0002,True,accepted_posterior,bayes-hmm-v1,true
cam5,918,809,0.996106,0.996106,0.000177,True,accepted_posterior,bayes-hmm-v1,true
cam5,919,810,0.996567,0.996567,0.000125,True,accepted_posterior,bayes-hmm-v1,true
cam5,920,811,0.99729,0.99729,0.000122,True,accepted_posterior,bayes-hmm-v1,true
cam5,921,812,0.996077,0.996077,0.000122,True,accepted_posterior,bayes-hmm-v1,true
cam5,922,813,0.993946,0.993946,0.000159,True,accepted_posterior,bayes-hmm-v1,true
cam5,923,814,0.991453,0.991453,0.000181,True,accepted_posterior,bayes-hmm-v1,true
cam5,924,815,0.997702,0.997702,0.000141,True,accepted_posterior,bayes-hmm-v1,true
cam5,925,817,0.993614,0.993614,9.7e-05,True,accepted_posterior,bayes-hmm-v1,true
cam5,926,817,0.998649,0.998649,6.7e-05,True,accepted_posterior,bayes-hmm-v1,true
cam5,927,818,0.996696,0.996696,0.000114,True,accepted_posterior,bayes-hmm-v1,true
cam5,928,820,0.992768,0.992768,0.000155,True,accepted_posterior,bayes-hmm-v1,true
cam5,929,821,0.996287,0.996287,0.000128,True,accepted_posterior,bayes-hmm-v1,true
cam5,930,822,0.99867,0.99867,0.000106,True,accepted_posterior,bayes-hmm-v1,true
cam5,931,823,0.999499,0.999499,9.7e-05,True,accepted_posterior,bayes-hmm-v1,true
cam5,932,824,0.999719,0.999719,0.000113,True,accepted_posterior,bayes-hmm-v1,true
cam5,933,825,0.998819,0.998819,0.000123,True,accepted_posterior,bayes-hmm-v1,true
cam5,934,826,0.99814,0.99814,0.000144,True,accepted_posterior,bayes-hmm-v1,true
cam5,935,827,0.998086,0.998086,0.000139,True,accepted_posterior,bayes-hmm-v1,true
cam5,936,828,0.996715,0.996715,0.0001,True,accepted_posterior,bayes-hmm-v1,true
cam5,937,829,0.993584,0.993584,0.000124,True,accepted_posterior,bayes-hmm-v1,true
cam5,938,830,0.991151,0.991151,0.000116,True,accepted_posterior,bayes-hmm-v1,true
cam5,939,831,0.996414,0.996414,0.000106,True,accepted_posterior,bayes-hmm-v1,true
cam5,940,832,0.986847,0.986847,0.000127,True,accepted_posterior,bayes-hmm-v1,true
cam5,941,833,0.958829,0.958829,0.000158,True,accepted_posterior,bayes-hmm-v1,true
cam5,942,833,0.75171,0.75171,0.000137,True,accepted_posterior,bayes-hmm-v1,true
cam5,943,836,0.949865,0.949865,0.00013,True,accepted_posterior,bayes-hmm-v1,true
cam5,944,837,0.98695,0.98695,7.9e-05,True,accepted_posterior,bayes-hmm-v1,true
cam5,945,838,0.995561,0.995561,8.6e-05,True,accepted_posterior,bayes-hmm-v1,true
cam5,946,839,0.992109,0.992109,0.000101,True,accepted_posterior,bayes-hmm-v1,true
cam5,947,839,0.975354,0.975354,0.000143,True,accepted_posterior,bayes-hmm-v1,true
cam5,948,840,0.942999,0.942999,0.00018,True,accepted_posterior,bayes-hmm-v1,true
cam5,949,842,0.989158,0.989158,0.000177,True,accepted_posterior,bayes-hmm-v1,true
cam5,950,843,0.994947,0.994947,0.000132,True,accepted_posterior,bayes-hmm-v1,true
cam5,951,844,0.997025,0.997025,0.00012,True,accepted_posterior,bayes-hmm-v1,true
cam5,952,845,0.996304,0.996304,0.000118,True,accepted_posterior,bayes-hmm-v1,true
cam5,953,846,0.993648,0.993648,0.000179,True,accepted_posterior,bayes-hmm-v1,true
cam5,954,847,0.996701,0.996701,0.000176,True,accepted_posterior,bayes-hmm-v1,true
cam5,955,848,0.997773,0.997773,0.000152,True,accepted_posterior,bayes-hmm-v1,true
cam5,956,849,0.998606,0.998606,0.000119,True,accepted_posterior,bayes-hmm-v1,true
cam5,957,850,0.999694,0.999694,7.9e-05,True,accepted_posterior,bayes-hmm-v1,true
cam5,958,851,0.999586,0.999586,0.000102,True,accepted_posterior,bayes-hmm-v1,true
cam5,959,852,0.999061,0.999061,9.8e-05,True,accepted_posterior,bayes-hmm-v1,true
cam5,960,853,0.997158,0.997158,0.000118,True,accepted_posterior,bayes-hmm-v1,true
cam5,961,855,0.995445,0.995445,0.000153,True,accepted_posterior,bayes-hmm-v1,true
cam5,962,856,0.998269,0.998269,0.000139,True,accepted_posterior,bayes-hmm-v1,true
cam5,963,857,0.998734,0.998734,0.000127,True,accepted_posterior,bayes-hmm-v1,true
cam5,964,858,0.998307,0.998307,7.3e-05,True,accepted_posterior,bayes-hmm-v1,true
cam5,965,859,0.994112,0.994112,0.000105,True,accepted_posterior,bayes-hmm-v1,true
cam5,966,860,0.985327,0.985327,9.2e-05,True,accepted_posterior,bayes-hmm-v1,true
cam5,967,862,0.991767,0.991767,0.000142,True,accepted_posterior,bayes-hmm-v1,true
cam5,968,863,0.990596,0.990596,0.000155,True,accepted_posterior,bayes-hmm-v1,true
cam5,969,864,0.993641,0.993641,0.000175,True,accepted_posterior,bayes-hmm-v1,true
cam5,970,865,0.992919,0.992919,0.000221,True,accepted_posterior,bayes-hmm-v1,true
cam5,971,866,0.989999,0.989999,0.000201,True,accepted_posterior,bayes-hmm-v1,true
cam5,972,867,0.992981,0.992981,0.000158,True,accepted_posterior,bayes-hmm-v1,true
cam5,973,868,0.99749,0.99749,0.00014,True,accepted_posterior,bayes-hmm-v1,true
cam5,974,869,0.996319,0.996319,0.000153,True,accepted_posterior,bayes-hmm-v1,true
cam5,975,870,0.997266,0.997266,0.000196,True,accepted_posterior,bayes-hmm-v1,true
cam5,976,871,0.998648,0.998648,0.000161,True,accepted_posterior,bayes-hmm-v1,true
cam5,977,872,0.996473,0.996473,8.6e-05,True,accepted_posterior,bayes-hmm-v1,true
cam5,978,873,0.991181,0.991181,0.000152,True,accepted_posterior,bayes-hmm-v1,true
cam5,979,874,0.992807,0.992807,0.000412,True,accepted_posterior,bayes-hmm-v1,true
cam5,980,875,0.99081,0.99081,0.000569,True,accepted_posterior,bayes-hmm-v1,true
cam5,981,876,0.988762,0.988762,0.000377,True,accepted_posterior,bayes-hmm-v1,true
cam5,982,878,0.981991,0.981991,0.000206,True,accepted_posterior,bayes-hmm-v1,true
cam5,983,879,0.995645,0.995645,0.000178,True,accepted_posterior,bayes-hmm-v1,true
cam5,984,880,0.998364,0.998364,0.000171,True,accepted_posterior,bayes-hmm-v1,true
cam5,985,881,0.997472,0.997472,0.000369,True,accepted_posterior,bayes-hmm-v1,true
cam5,986,882,0.997121,0.997121,0.000495,True,accepted_posterior,bayes-hmm-v1,true
cam5,987,884,0.991296,0.991296,0.000407,True,accepted_posterior,bayes-hmm-v1,true
cam5,988,885,0.99362,0.99362,0.000393,True,accepted_posterior,bayes-hmm-v1,true
cam5,989,886,0.996343,0.996343,0.000286,True,accepted_posterior,bayes-hmm-v1,true
cam5,990,887,0.995012,0.995012,0.000266,True,accepted_posterior,bayes-hmm-v1,true
cam5,991,888,0.992715,0.992715,0.000244,True,accepted_posterior,bayes-hmm-v1,true
cam5,992,890,0.992787,0.992787,0.000317,True,accepted_posterior,bayes-hmm-v1,true
cam5,993,891,0.992471,0.992471,0.000324,True,accepted_posterior,bayes-hmm-v1,true
cam5,994,892,0.990642,0.990642,0.000356,True,accepted_posterior,bayes-hmm-v1,true
cam5,995,893,0.976717,0.976717,0.000404,True,accepted_posterior,bayes-hmm-v1,true
cam5,996,894,0.975632,0.975632,0.000465,True,accepted_posterior,bayes-hmm-v1,true
cam5,997,896,0.987876,0.987876,0.000368,True,accepted_posterior,bayes-hmm-v1,true
cam5,998,897,0.995338,0.995338,0.000261,True,accepted_posterior,bayes-hmm-v1,true
cam5,999,898,0.997866,0.997866,0.000251,True,accepted_posterior,bayes-hmm-v1,true
cam5,1000,899,0.997077,0.997077,0.000175,True,accepted_posterior,bayes-hmm-v1,true
cam5,1001,900,0.998306,0.998306,0.000176,True,accepted_posterior,bayes-hmm-v1,true
cam5,1002,901,0.99859,0.99859,0.000192,True,accepted_posterior,bayes-hmm-v1,true
cam5,1003,902,0.998752,0.998752,0.000179,True,accepted_posterior,bayes-hmm-v1,true
cam5,1004,903,0.998371,0.998371,0.000136,True,accepted_posterior,bayes-hmm-v1,true
cam5,1005,904,0.998461,0.998461,0.000147,True,accepted_posterior,bayes-hmm-v1,true
cam5,1006,906,0.997646,0.997646,0.000173,True,accepted_posterior,bayes-hmm-v1,true
cam5,1007,907,0.99837,0.99837,0.00011,True,accepted_posterior,bayes-hmm-v1,true
cam5,1008,908,0.999551,0.999551,0.000131,True,accepted_posterior,bayes-hmm-v1,true
cam5,1009,909,0.999481,0.999481,0.000177,True,accepted_posterior,bayes-hmm-v1,true
cam5,1010,910,0.999361,0.999361,0.000194,True,accepted_posterior,bayes-hmm-v1,true
cam5,1011,911,0.999194,0.999194,0.000183,True,accepted_posterior,bayes-hmm-v1,true
cam5,1012,912,0.998275,0.998275,0.000201,True,accepted_posterior,bayes-hmm-v1,true
cam5,1013,913,0.995461,0.995461,0.00024,True,accepted_posterior,bayes-hmm-v1,true
cam5,1014,914,0.993863,0.993863,0.000334,True,accepted_posterior,bayes-hmm-v1,true
cam5,1015,915,0.983023,0.983023,0.000371,True,accepted_posterior,bayes-hmm-v1,true
cam5,1016,916,0.952957,0.952957,0.000562,True,accepted_posterior,bayes-hmm-v1,true
cam5,1017,917,0.919549,0.919549,0.000867,True,accepted_posterior,bayes-hmm-v1,true
cam5,1018,919,0.935021,0.935021,0.000675,True,accepted_posterior,bayes-hmm-v1,true
cam5,1019,920,0.95818,0.95818,0.000592,True,accepted_posterior,bayes-hmm-v1,true
cam5,1020,921,0.970524,0.970524,0.000505,True,accepted_posterior,bayes-hmm-v1,true
cam5,1021,922,0.977229,0.977229,0.000392,True,accepted_posterior,bayes-hmm-v1,true
cam5,1022,923,0.983118,0.983118,0.0003,True,accepted_posterior,bayes-hmm-v1,true
cam5,1023,924,0.99231,0.99231,0.000271,True,accepted_posterior,bayes-hmm-v1,true
cam5,1024,925,0.995014,0.995014,0.000186,True,accepted_posterior,bayes-hmm-v1,true
cam5,1025,926,0.996183,0.996183,0.000172,True,accepted_posterior,bayes-hmm-v1,true
cam5,1026,927,0.995632,0.995632,0.000168,True,accepted_posterior,bayes-hmm-v1,true
cam5,1027,928,0.993013,0.993013,0.000157,True,accepted_posterior,bayes-hmm-v1,true
cam5,1028,929,0.99485,0.99485,0.000153,True,accepted_posterior,bayes-hmm-v1,true
cam5,1029,931,0.990288,0.990288,0.000145,True,accepted_posterior,bayes-hmm-v1,true
cam5,1030,931,0.99838,0.99838,0.000106,True,accepted_posterior,bayes-hmm-v1,true
cam5,1031,932,0.998282,0.998282,9.7e-05,True,accepted_posterior,bayes-hmm-v1,true
cam5,1032,933,0.997514,0.997514,0.000109,True,accepted_posterior,bayes-hmm-v1,true
cam5,1033,935,0.990979,0.990979,0.000126,True,accepted_posterior,bayes-hmm-v1,true
cam5,1034,936,0.995474,0.995474,9.4e-05,True,accepted_posterior,bayes-hmm-v1,true
cam5,1035,937,0.998638,0.998638,8.9e-05,True,accepted_posterior,bayes-hmm-v1,true
cam5,1036,938,0.99929,0.99929,0.000129,True,accepted_posterior,bayes-hmm-v1,true
cam5,1037,939,0.999393,0.999393,0.000141,True,accepted_posterior,bayes-hmm-v1,true
cam5,1038,940,0.999571,0.999571,0.00013,True,accepted_posterior,bayes-hmm-v1,true
cam5,1039,941,0.999508,0.999508,0.000134,True,accepted_posterior,bayes-hmm-v1,true
cam5,1040,942,0.999603,0.999603,0.000153,True,accepted_posterior,bayes-hmm-v1,true
cam5,1041,943,0.999407,0.999407,0.000152,True,accepted_posterior,bayes-hmm-v1,true
cam5,1042,944,0.999341,0.999341,0.00011,True,accepted_posterior,bayes-hmm-v1,true
cam5,1043,945,0.999582,0.999582,0.000114,True,accepted_posterior,bayes-hmm-v1,true
cam5,1044,946,0.998863,0.998863,0.000144,True,accepted_posterior,bayes-hmm-v1,true
cam5,1045,947,0.997721,0.997721,0.000169,True,accepted_posterior,bayes-hmm-v1,true
cam5,1046,948,0.996898,0.996898,0.000238,True,accepted_posterior,bayes-hmm-v1,true
cam5,1047,949,0.997101,0.997101,0.000199,True,accepted_posterior,bayes-hmm-v1,true
cam5,1048,950,0.994024,0.994024,0.000232,True,accepted_posterior,bayes-hmm-v1,true
cam5,1049,951,0.994876,0.994876,0.000243,True,accepted_posterior,bayes-hmm-v1,true
cam5,1050,953,0.990419,0.990419,0.000255,True,accepted_posterior,bayes-hmm-v1,true
cam5,1051,954,0.994072,0.994072,0.00029,True,accepted_posterior,bayes-hmm-v1,true
cam5,1052,955,0.997624,0.997624,0.000201,True,accepted_posterior,bayes-hmm-v1,true
cam5,1053,956,0.998732,0.998732,0.00013,True,accepted_posterior,bayes-hmm-v1,true
cam5,1054,956,0.995901,0.995901,0.000127,True,accepted_posterior,bayes-hmm-v1,true
cam5,1055,958,0.999169,0.999169,0.00013,True,accepted_posterior,bayes-hmm-v1,true
cam5,1056,959,0.997149,0.997149,0.000182,True,accepted_posterior,bayes-hmm-v1,true
cam5,1057,960,0.995305,0.995305,0.000158,True,accepted_posterior,bayes-hmm-v1,true
cam5,1058,961,0.993534,0.993534,0.0002,True,accepted_posterior,bayes-hmm-v1,true
cam5,1059,962,0.996329,0.996329,0.000217,True,accepted_posterior,bayes-hmm-v1,true
cam5,1060,963,0.998071,0.998071,0.000138,True,accepted_posterior,bayes-hmm-v1,true
cam5,1061,964,0.998813,0.998813,0.000162,True,accepted_posterior,bayes-hmm-v1,true
cam5,1062,965,0.998384,0.998384,0.000242,True,accepted_posterior,bayes-hmm-v1,true
cam5,1063,966,0.997517,0.997517,0.000213,True,accepted_posterior,bayes-hmm-v1,true
cam5,1064,967,0.995928,0.995928,0.00022,True,accepted_posterior,bayes-hmm-v1,true
cam5,1065,968,0.997261,0.997261,0.000275,True,accepted_posterior,bayes-hmm-v1,true
cam5,1066,969,0.995275,0.995275,0.000242,True,accepted_posterior,bayes-hmm-v1,true
cam5,1067,970,0.995034,0.995034,0.000211,True,accepted_posterior,bayes-hmm-v1,true
cam5,1068,970,0.983258,0.983258,0.000198,True,accepted_posterior,bayes-hmm-v1,true
cam5,1069,972,0.994007,0.994007,0.000188,True,accepted_posterior,bayes-hmm-v1,true
cam5,1070,973,0.995303,0.995303,0.000129,True,accepted_posterior,bayes-hmm-v1,true
cam5,1071,974,0.995859,0.995859,0.000133,True,accepted_posterior,bayes-hmm-v1,true
cam5,1072,975,0.997493,0.997493,0.000143,True,accepted_posterior,bayes-hmm-v1,true
cam5,1073,976,0.998055,0.998055,0.000172,True,accepted_posterior,bayes-hmm-v1,true
cam5,1074,977,0.997105,0.997105,0.000175,True,accepted_posterior,bayes-hmm-v1,true
cam5,1075,978,0.997758,0.997758,0.000177,True,accepted_posterior,bayes-hmm-v1,true
cam5,1076,979,0.998248,0.998248,0.000229,True,accepted_posterior,bayes-hmm-v1,true
cam5,1077,980,0.997935,0.997935,0.000302,True,accepted_posterior,bayes-hmm-v1,true
cam5,1078,981,0.996712,0.996712,0.000346,True,accepted_posterior,bayes-hmm-v1,true
cam5,1079,982,0.988336,0.988336,0.000426,True,accepted_posterior,bayes-hmm-v1,true
cam5,1080,983,0.988825,0.988825,0.000304,True,accepted_posterior,bayes-hmm-v1,true
cam5,1081,984,0.986405,0.986405,0.000484,True,accepted_posterior,bayes-hmm-v1,true
cam5,1082,984,0.996794,0.996794,0.000559,True,accepted_posterior,bayes-hmm-v1,true
cam5,1083,986,0.982987,0.982987,0.000489,True,accepted_posterior,bayes-hmm-v1,true
cam5,1084,986,0.99479,0.99479,0.000363,True,accepted_posterior,bayes-hmm-v1,true
cam5,1085,988,0.990553,0.990553,0.000402,True,accepted_posterior,bayes-hmm-v1,true
cam5,1086,988,0.995261,0.995261,0.000456,True,accepted_posterior,bayes-hmm-v1,true
cam5,1087,989,0.993393,0.993393,0.000442,True,accepted_posterior,bayes-hmm-v1,true
cam5,1088,990,0.995596,0.995596,0.000437,True,accepted_posterior,bayes-hmm-v1,true
cam5,1089,991,0.996534,0.996534,0.000389,True,accepted_posterior,bayes-hmm-v1,true
cam5,1090,992,0.996908,0.996908,0.000295,True,accepted_posterior,bayes-hmm-v1,true
cam5,1091,994,0.997108,0.997108,0.000282,True,accepted_posterior,bayes-hmm-v1,true
cam5,1092,994,0.999362,0.999362,0.000187,True,accepted_posterior,bayes-hmm-v1,true
cam5,1093,995,0.998955,0.998955,0.000256,True,accepted_posterior,bayes-hmm-v1,true
cam5,1094,996,0.999415,0.999415,0.000265,True,accepted_posterior,bayes-hmm-v1,true
cam5,1095,997,0.999459,0.999459,0.000311,True,accepted_posterior,bayes-hmm-v1,true
cam5,1096,998,0.99943,0.99943,0.000187,True,accepted_posterior,bayes-hmm-v1,true
cam5,1097,999,0.999023,0.999023,0.000217,True,accepted_posterior,bayes-hmm-v1,true
cam5,1098,1000,0.998065,0.998065,0.000309,True,accepted_posterior,bayes-hmm-v1,true
cam5,1099,1001,0.992191,0.992191,0.00035,True,accepted_posterior,bayes-hmm-v1,true
cam5,1100,1002,0.991551,0.991551,0.000478,True,accepted_posterior,bayes-hmm-v1,true
cam5,1101,1002,0.962851,0.962851,0.000463,True,accepted_posterior,bayes-hmm-v1,true
cam5,1102,1003,0.961506,0.961506,0.00053,True,accepted_posterior,bayes-hmm-v1,true
cam5,1103,1005,0.987695,0.987695,0.000546,True,accepted_posterior,bayes-hmm-v1,true
cam5,1104,1006,0.982613,0.982613,0.000416,True,accepted_posterior,bayes-hmm-v1,true
cam5,1105,1006,0.918595,0.918595,0.000474,True,accepted_posterior,bayes-hmm-v1,true
cam5,1106,1008,0.981608,0.981608,0.000567,True,accepted_posterior,bayes-hmm-v1,true
cam5,1107,1009,0.969038,0.969038,0.000729,True,accepted_posterior,bayes-hmm-v1,true
cam5,1108,1010,0.966332,0.966332,0.000897,True,accepted_posterior,bayes-hmm-v1,true
cam5,1109,1010,0.928321,0.928321,0.001071,True,accepted_posterior,bayes-hmm-v1,true
cam5,1110,1012,0.947264,0.947264,0.001024,True,accepted_posterior,bayes-hmm-v1,true
cam5,1111,1014,0.900039,0.900039,0.000945,True,accepted_posterior,bayes-hmm-v1,true
cam5,1112,1014,0.960694,0.960694,0.000569,True,accepted_posterior,bayes-hmm-v1,true
cam5,1113,1015,0.984672,0.984672,0.000432,True,accepted_posterior,bayes-hmm-v1,true
cam5,1114,1016,0.996312,0.996312,0.000187,True,accepted_posterior,bayes-hmm-v1,true
cam5,1115,1017,0.99838,0.99838,0.000128,True,accepted_posterior,bayes-hmm-v1,true
cam5,1116,1018,0.998736,0.998736,0.000133,True,accepted_posterior,bayes-hmm-v1,true
cam5,1117,1019,0.997871,0.997871,0.000185,True,accepted_posterior,bayes-hmm-v1,true
cam5,1118,1019,0.980726,0.980726,0.000367,True,accepted_posterior,bayes-hmm-v1,true
cam5,1119,1020,0.988201,0.988201,0.000489,True,accepted_posterior,bayes-hmm-v1,true
cam5,1120,1022,0.972102,0.972102,0.000562,True,accepted_posterior,bayes-hmm-v1,true
cam5,1121,1022,0.993506,0.993506,0.000661,True,accepted_posterior,bayes-hmm-v1,true
cam5,1122,1023,0.991981,0.991981,0.000931,True,accepted_posterior,bayes-hmm-v1,true
cam5,1123,1024,0.98501,0.98501,0.001726,True,accepted_posterior,bayes-hmm-v1,true
cam5,1124,1025,0.967009,0.967009,0.002891,True,accepted_posterior,bayes-hmm-v1,true
cam5,1125,1027,0.905341,0.905341,0.004458,True,accepted_posterior,bayes-hmm-v1,true
cam5,1126,1028,0.94068,0.94068,0.00461,True,accepted_posterior,bayes-hmm-v1,true
cam5,1127,1029,0.971958,0.971958,0.003862,True,accepted_posterior,bayes-hmm-v1,true
cam5,1128,1030,0.963215,0.963215,0.003429,True,accepted_posterior,bayes-hmm-v1,true
cam5,1129,1031,0.921401,0.921401,0.002856,True,accepted_posterior,bayes-hmm-v1,true
cam5,1130,1033,0.987357,0.987357,0.001316,True,accepted_posterior,bayes-hmm-v1,true
cam5,1131,1034,0.99532,0.99532,0.000614,True,accepted_posterior,bayes-hmm-v1,true
cam5,1132,1035,0.997906,0.997906,0.000376,True,accepted_posterior,bayes-hmm-v1,true
cam5,1133,1036,0.998713,0.998713,0.000302,True,accepted_posterior,bayes-hmm-v1,true
cam5,1134,1037,0.998381,0.998381,0.00029,True,accepted_posterior,bayes-hmm-v1,true
cam5,1135,1038,0.998444,0.998444,0.00028,True,accepted_posterior,bayes-hmm-v1,true
cam5,1136,1038,0.997538,0.997538,0.000299,True,accepted_posterior,bayes-hmm-v1,true
cam5,1137,1040,0.996014,0.996014,0.000264,True,accepted_posterior,bayes-hmm-v1,true
cam5,1138,1040,0.994291,0.994291,0.000292,True,accepted_posterior,bayes-hmm-v1,true
cam5,1139,1041,0.996633,0.996633,0.000374,True,accepted_posterior,bayes-hmm-v1,true
cam5,1140,1043,0.987979,0.987979,0.000356,True,accepted_posterior,bayes-hmm-v1,true
cam5,1141,1043,0.994211,0.994211,0.000376,True,accepted_posterior,bayes-hmm-v1,true
cam5,1142,1044,0.99582,0.99582,0.000425,True,accepted_posterior,bayes-hmm-v1,true
cam5,1143,1045,0.995449,0.995449,0.000402,True,accepted_posterior,bayes-hmm-v1,true
cam5,1144,1046,0.993544,0.993544,0.000292,True,accepted_posterior,bayes-hmm-v1,true
cam5,1145,1047,0.995809,0.995809,0.00038,True,accepted_posterior,bayes-hmm-v1,true
cam5,1146,1048,0.993999,0.993999,0.000381,True,accepted_posterior,bayes-hmm-v1,true
cam5,1147,1049,0.99555,0.99555,0.000318,True,accepted_posterior,bayes-hmm-v1,true
cam5,1148,1050,0.99606,0.99606,0.000239,True,accepted_posterior,bayes-hmm-v1,true
cam5,1149,1051,0.994875,0.994875,0.00025,True,accepted_posterior,bayes-hmm-v1,true
cam5,1150,1051,0.931143,0.931143,0.000291,True,accepted_posterior,bayes-hmm-v1,true
cam5,1151,1053,0.984267,0.984267,0.000211,True,accepted_posterior,bayes-hmm-v1,true
cam5,1152,1054,0.990399,0.990399,0.000109,True,accepted_posterior,bayes-hmm-v1,true
cam5,1153,1055,0.986018,0.986018,8.6e-05,True,accepted_posterior,bayes-hmm-v1,true
cam5,1154,1056,0.973879,0.973879,9e-05,True,accepted_posterior,bayes-hmm-v1,true
cam5,1155,1057,0.974949,0.974949,0.000146,True,accepted_posterior,bayes-hmm-v1,true
cam5,1156,1059,0.931616,0.931616,0.000162,True,accepted_posterior,bayes-hmm-v1,true
cam5,1157,1060,0.966541,0.966541,0.000163,True,accepted_posterior,bayes-hmm-v1,true
cam5,1158,1061,0.986933,0.986933,0.000101,True,accepted_posterior,bayes-hmm-v1,true
cam5,1159,1061,0.9981,0.9981,0.000125,True,accepted_posterior,bayes-hmm-v1,true
cam5,1160,1062,0.998631,0.998631,9.1e-05,True,accepted_posterior,bayes-hmm-v1,true
cam5,1161,1064,0.990372,0.990372,0.000121,True,accepted_posterior,bayes-hmm-v1,true
cam5,1162,1065,0.987275,0.987275,0.000128,True,accepted_posterior,bayes-hmm-v1,true
cam5,1163,1066,0.98527,0.98527,0.000139,True,accepted_posterior,bayes-hmm-v1,true
cam5,1164,1066,0.995628,0.995628,0.00015,True,accepted_posterior,bayes-hmm-v1,true
cam5,1165,1068,0.986081,0.986081,0.000146,True,accepted_posterior,bayes-hmm-v1,true
cam5,1166,1068,0.985014,0.985014,0.000259,True,accepted_posterior,bayes-hmm-v1,true
cam5,1167,1069,0.951984,0.951984,0.000302,True,accepted_posterior,bayes-hmm-v1,true
cam5,1168,1070,0.93707,0.93707,0.000263,True,accepted_posterior,bayes-hmm-v1,true
cam5,1169,1072,0.973089,0.973089,0.000283,True,accepted_posterior,bayes-hmm-v1,true
cam5,1170,1073,0.968365,0.968365,0.000249,True,accepted_posterior,bayes-hmm-v1,true
cam5,1171,1074,0.986746,0.986746,0.000145,True,accepted_posterior,bayes-hmm-v1,true
cam5,1172,1075,0.983411,0.983411,0.000114,True,accepted_posterior,bayes-hmm-v1,true
cam5,1173,1076,0.981901,0.981901,0.000141,True,accepted_posterior,bayes-hmm-v1,true
cam5,1174,1077,0.968399,0.968399,0.000146,True,accepted_posterior,bayes-hmm-v1,true
cam5,1175,1078,0.936206,0.936206,0.000247,True,accepted_posterior,bayes-hmm-v1,true
cam5,1176,1079,0.926328,0.926328,0.000242,True,accepted_posterior,bayes-hmm-v1,true
cam5,1177,1079,0.966159,0.966159,0.000189,True,accepted_posterior,bayes-hmm-v1,true
cam5,1178,1080,0.969288,0.969288,0.00021,True,accepted_posterior,bayes-hmm-v1,true
cam5,1179,1081,0.971686,0.971686,0.000184,True,accepted_posterior,bayes-hmm-v1,true
cam5,1180,1081,0.989683,0.989683,0.000137,True,accepted_posterior,bayes-hmm-v1,true
cam5,1181,1083,0.937296,0.937296,0.000134,True,accepted_posterior,bayes-hmm-v1,true
cam5,1182,1083,0.983798,0.983798,0.000159,True,accepted_posterior,bayes-hmm-v1,true
cam5,1183,1084,0.962133,0.962133,0.000226,True,accepted_posterior,bayes-hmm-v1,true
cam5,1184,1085,0.959074,0.959074,0.000237,True,accepted_posterior,bayes-hmm-v1,true
cam5,1185,1086,0.949012,0.949012,0.000232,True,accepted_posterior,bayes-hmm-v1,true
cam5,1186,1087,0.945215,0.945215,0.000245,True,accepted_posterior,bayes-hmm-v1,true
cam5,1187,1088,0.952751,0.952751,0.000268,True,accepted_posterior,bayes-hmm-v1,true
cam5,1188,1089,0.962497,0.962497,0.000214,True,accepted_posterior,bayes-hmm-v1,true
cam5,1189,1090,0.957253,0.957253,0.000232,True,accepted_posterior,bayes-hmm-v1,true
cam5,1190,1091,0.949061,0.949061,0.000262,True,accepted_posterior,bayes-hmm-v1,true
cam5,1191,1092,0.953741,0.953741,0.000408,True,accepted_posterior,bayes-hmm-v1,true
cam5,1192,1093,0.958594,0.958594,0.000402,True,accepted_posterior,bayes-hmm-v1,true
cam5,1193,1094,0.961133,0.961133,0.000596,True,accepted_posterior,bayes-hmm-v1,true
cam5,1194,1095,0.958911,0.958911,0.000365,True,accepted_posterior,bayes-hmm-v1,true
cam5,1195,1097,0.90386,0.90386,0.00041,True,accepted_posterior,bayes-hmm-v1,true
cam5,1196,1098,0.950092,0.950092,0.0003,True,accepted_posterior,bayes-hmm-v1,true
cam5,1197,1099,0.973425,0.973425,0.000235,True,accepted_posterior,bayes-hmm-v1,true
cam5,1198,1100,0.98194,0.98194,0.000204,True,accepted_posterior,bayes-hmm-v1,true
cam5,1199,1101,0.987623,0.987623,0.000162,True,accepted_posterior,bayes-hmm-v1,true
cam5,1200,1102,0.986512,0.986512,0.000141,True,accepted_posterior,bayes-hmm-v1,true
cam5,1201,1102,0.992506,0.992506,0.00012,True,accepted_posterior,bayes-hmm-v1,true
cam5,1202,1103,0.990312,0.990312,0.000194,True,accepted_posterior,bayes-hmm-v1,true
cam5,1203,1104,0.988335,0.988335,0.000188,True,accepted_posterior,bayes-hmm-v1,true
cam5,1204,1105,0.963791,0.963791,0.000194,True,accepted_posterior,bayes-hmm-v1,true
cam5,1205,1106,0.92918,0.92918,0.000362,True,accepted_posterior,bayes-hmm-v1,true
cam5,1206,1108,0.955397,0.955397,0.000368,True,accepted_posterior,bayes-hmm-v1,true
cam5,1207,1110,0.931258,0.931258,0.000338,True,accepted_posterior,bayes-hmm-v1,true
cam5,1208,1112,0.861227,0.861227,0.000216,True,accepted_posterior,bayes-hmm-v1,true
cam5,1209,1112,0.955992,0.955992,0.000198,True,accepted_posterior,bayes-hmm-v1,true
cam5,1210,1113,0.957785,0.957785,0.000156,True,accepted_posterior,bayes-hmm-v1,true
cam5,1211,1115,0.900299,0.900299,0.000157,True,accepted_posterior,bayes-hmm-v1,true
cam5,1212,1116,0.882097,0.882097,0.000149,True,accepted_posterior,bayes-hmm-v1,true
cam5,1213,1117,0.913504,0.913504,0.000175,True,accepted_posterior,bayes-hmm-v1,true
cam5,1214,1119,0.881221,0.881221,0.000156,True,accepted_posterior,bayes-hmm-v1,true
cam5,1215,1120,0.90643,0.90643,8.6e-05,True,accepted_posterior,bayes-hmm-v1,true
cam5,1216,1121,0.918621,0.918621,6.4e-05,True,accepted_posterior,bayes-hmm-v1,true
cam5,1217,1122,0.925358,0.925358,6.6e-05,True,accepted_posterior,bayes-hmm-v1,true
cam5,1218,1123,0.926781,0.926781,7.6e-05,True,accepted_posterior,bayes-hmm-v1,true
cam5,1219,1124,0.923725,0.923725,6.7e-05,True,accepted_posterior,bayes-hmm-v1,true
cam5,1220,1125,0.926103,0.926103,6.5e-05,True,accepted_posterior,bayes-hmm-v1,true
cam5,1221,1127,0.910447,0.910447,7.8e-05,True,accepted_posterior,bayes-hmm-v1,true
cam5,1222,1127,0.926528,0.926528,9.2e-05,True,accepted_posterior,bayes-hmm-v1,true
cam5,1223,1129,0.882529,0.882529,0.000103,True,accepted_posterior,bayes-hmm-v1,true
cam5,1224,1130,0.772332,0.772332,9.3e-05,True,accepted_posterior,bayes-hmm-v1,true
cam5,1225,1131,0.75428,0.75428,0.000143,True,accepted_posterior,bayes-hmm-v1,true
cam5,1226,1131,0.839876,0.839876,0.000158,True,accepted_posterior,bayes-hmm-v1,true
cam5,1227,1132,0.838272,0.838272,0.000203,True,accepted_posterior,bayes-hmm-v1,true
cam5,1228,1133,0.821128,0.821128,0.000194,True,accepted_posterior,bayes-hmm-v1,true
cam5,1229,1134,0.788076,0.788076,0.000184,True,accepted_posterior,bayes-hmm-v1,true
cam5,1230,1135,0.820252,0.820252,0.000198,True,accepted_posterior,bayes-hmm-v1,true
cam5,1231,1135,0.903768,0.903768,0.000244,True,accepted_posterior,bayes-hmm-v1,true
cam5,1232,1135,0.696551,0.696551,0.000167,True,accepted_posterior,bayes-hmm-v1,true
cam5,1233,1139,0.753634,0.753634,0.000164,True,accepted_posterior,bayes-hmm-v1,true
cam5,1234,1139,0.878107,0.878107,0.000199,True,accepted_posterior,bayes-hmm-v1,true
cam5,1235,1140,0.842751,0.842751,0.000216,True,accepted_posterior,bayes-hmm-v1,true
cam5,1236,1143,0.703318,0.703318,0.000232,True,accepted_posterior,bayes-hmm-v1,true
cam5,1237,1144,0.789888,0.789888,0.000242,True,accepted_posterior,bayes-hmm-v1,true
cam5,1238,1145,0.863368,0.863368,0.000233,True,accepted_posterior,bayes-hmm-v1,true
cam5,1239,1145,0.952258,0.952258,0.000142,True,accepted_posterior,bayes-hmm-v1,true
cam5,1240,1146,0.959453,0.959453,0.000106,True,accepted_posterior,bayes-hmm-v1,true
cam5,1241,1146,0.991073,0.991073,0.000133,True,accepted_posterior,bayes-hmm-v1,true
cam5,1242,1147,0.993756,0.993756,0.00015,True,accepted_posterior,bayes-hmm-v1,true
cam5,1243,1148,0.973273,0.973273,0.00012,True,accepted_posterior,bayes-hmm-v1,true
cam5,1244,1148,0.994226,0.994226,9.6e-05,True,accepted_posterior,bayes-hmm-v1,true
cam5,1245,1148,0.995687,0.995687,7.9e-05,True,accepted_posterior,bayes-hmm-v1,true
cam5,1246,1149,0.995355,0.995355,4.6e-05,True,accepted_posterior,bayes-hmm-v1,true
cam5,1247,1149,0.973491,0.973491,5.5e-05,True,accepted_posterior,bayes-hmm-v1,true
cam5,1248,1150,0.957195,0.957195,6.5e-05,True,accepted_posterior,bayes-hmm-v1,true
cam5,1249,1152,0.973536,0.973536,5.4e-05,True,accepted_posterior,bayes-hmm-v1,true
cam5,1250,1153,0.965107,0.965107,4.1e-05,True,accepted_posterior,bayes-hmm-v1,true
cam5,1251,1154,0.964872,0.964872,3.1e-05,True,accepted_posterior,bayes-hmm-v1,true
cam5,1252,1154,0.884673,0.884673,3e-05,True,accepted_posterior,bayes-hmm-v1,true
cam5,1253,1156,0.970043,0.970043,3.3e-05,True,accepted_posterior,bayes-hmm-v1,true
cam5,1254,1157,0.97168,0.97168,3.3e-05,True,accepted_posterior,bayes-hmm-v1,true
cam5,1255,1158,0.983476,0.983476,3.2e-05,True,accepted_posterior,bayes-hmm-v1,true
cam5,1256,1159,0.988331,0.988331,2.6e-05,True,accepted_posterior,bayes-hmm-v1,true
cam5,1257,1160,0.98402,0.98402,5.1e-05,True,accepted_posterior,bayes-hmm-v1,true
cam5,1258,1161,0.965047,0.965047,4.7e-05,True,accepted_posterior,bayes-hmm-v1,true
cam5,1259,1162,0.955702,0.955702,6.5e-05,True,accepted_posterior,bayes-hmm-v1,true
cam5,1260,1162,0.977302,0.977302,4.5e-05,True,accepted_posterior,bayes-hmm-v1,true
cam5,1261,1163,0.973684,0.973684,5.5e-05,True,accepted_posterior,bayes-hmm-v1,true
cam5,1262,1164,0.980576,0.980576,5.8e-05,True,accepted_posterior,bayes-hmm-v1,true
cam5,1263,1164,0.946713,0.946713,7.3e-05,True,accepted_posterior,bayes-hmm-v1,true
cam5,1264,1166,0.976246,0.976246,6.6e-05,True,accepted_posterior,bayes-hmm-v1,true
cam5,1265,1166,0.992462,0.992462,8.3e-05,True,accepted_posterior,bayes-hmm-v1,true
cam5,1266,1167,0.989851,0.989851,7.8e-05,True,accepted_posterior,bayes-hmm-v1,true
cam5,1267,1168,0.992951,0.992951,8.9e-05,True,accepted_posterior,bayes-hmm-v1,true
cam5,1268,1168,0.983009,0.983009,0.000124,True,accepted_posterior,bayes-hmm-v1,true
cam5,1269,1169,0.943513,0.943513,0.000208,True,accepted_posterior,bayes-hmm-v1,true
cam5,1270,1172,0.725031,0.725031,0.000286,True,accepted_posterior,bayes-hmm-v1,true
cam5,1271,1172,0.922933,0.922933,0.000348,True,accepted_posterior,bayes-hmm-v1,true
cam5,1272,1174,0.906472,0.906472,0.000228,True,accepted_posterior,bayes-hmm-v1,true
cam5,1273,1175,0.935437,0.935437,0.000244,True,accepted_posterior,bayes-hmm-v1,true
cam5,1274,1176,0.936748,0.936748,0.000207,True,accepted_posterior,bayes-hmm-v1,true
cam5,1275,1176,0.964137,0.964137,0.000351,True,accepted_posterior,bayes-hmm-v1,true
cam5,1276,1178,0.963351,0.963351,0.000322,True,accepted_posterior,bayes-hmm-v1,true
cam5,1277,1179,0.969039,0.969039,0.000286,True,accepted_posterior,bayes-hmm-v1,true
cam5,1278,1180,0.977797,0.977797,0.000377,True,accepted_posterior,bayes-hmm-v1,true
cam5,1279,1181,0.979608,0.979608,0.000392,True,accepted_posterior,bayes-hmm-v1,true
cam5,1280,1182,0.981509,0.981509,0.000413,True,accepted_posterior,bayes-hmm-v1,true
cam5,1281,1183,0.959315,0.959315,0.000455,True,accepted_posterior,bayes-hmm-v1,true
cam5,1282,1184,0.882196,0.882196,0.000415,True,accepted_posterior,bayes-hmm-v1,true
cam5,1283,1185,0.774976,0.774976,0.000354,True,accepted_posterior,bayes-hmm-v1,true
cam5,1284,1186,0.786774,0.786774,0.000398,True,accepted_posterior,bayes-hmm-v1,true
cam5,1285,1187,0.794959,0.794959,0.000298,True,accepted_posterior,bayes-hmm-v1,true
cam5,1286,1188,0.968388,0.968388,0.000208,True,accepted_posterior,bayes-hmm-v1,true
cam5,1287,1189,0.987663,0.987663,0.000208,True,accepted_posterior,bayes-hmm-v1,true
cam5,1288,1190,0.986568,0.986568,0.000182,True,accepted_posterior,bayes-hmm-v1,true
cam5,1289,1191,0.992768,0.992768,0.00023,True,accepted_posterior,bayes-hmm-v1,true
cam5,1290,1191,0.942143,0.942143,0.000218,True,accepted_posterior,bayes-hmm-v1,true
cam5,1291,1193,0.997987,0.997987,0.000248,True,accepted_posterior,bayes-hmm-v1,true
cam5,1292,1194,0.996553,0.996553,0.000171,True,accepted_posterior,bayes-hmm-v1,true
cam5,1293,1194,0.995855,0.995855,0.000148,True,accepted_posterior,bayes-hmm-v1,true
cam5,1294,1195,0.987873,0.987873,0.000214,True,accepted_posterior,bayes-hmm-v1,true
cam5,1295,1196,0.949702,0.949702,0.00033,True,accepted_posterior,bayes-hmm-v1,true
cam5,1296,1197,0.932835,0.932835,0.0004,True,accepted_posterior,bayes-hmm-v1,true
cam5,1297,1199,0.988077,0.988077,0.00055,True,accepted_posterior,bayes-hmm-v1,true
cam5,1298,1200,0.992025,0.992025,0.000432,True,accepted_posterior,bayes-hmm-v1,true
cam5,1299,1202,0.954841,0.954841,0.000641,True,accepted_posterior,bayes-hmm-v1,true
cam5,1300,1202,0.991007,0.991007,0.000673,True,accepted_posterior,bayes-hmm-v1,true
cam5,1301,1204,0.973715,0.973715,0.000807,True,accepted_posterior,bayes-hmm-v1,true
cam5,1302,1205,0.97631,0.97631,0.000785,True,accepted_posterior,bayes-hmm-v1,true
cam5,1303,1206,0.990488,0.990488,0.00083,True,accepted_posterior,bayes-hmm-v1,true
cam5,1304,1208,0.926472,0.926472,0.001033,True,accepted_posterior,bayes-hmm-v1,true
cam5,1305,1208,0.99302,0.99302,0.000521,True,accepted_posterior,bayes-hmm-v1,true
cam5,1306,1209,0.996853,0.996853,0.00037,True,accepted_posterior,bayes-hmm-v1,true
cam5,1307,1209,0.990747,0.990747,0.000557,True,accepted_posterior,bayes-hmm-v1,true
cam5,1308,1210,0.984333,0.984333,0.000924,True,accepted_posterior,bayes-hmm-v1,true
cam5,1309,1212,0.985112,0.985112,0.000927,True,accepted_posterior,bayes-hmm-v1,true
cam5,1310,1213,0.991022,0.991022,0.000726,True,accepted_posterior,bayes-hmm-v1,true
cam5,1311,1214,0.998224,0.998224,0.000345,True,accepted_posterior,bayes-hmm-v1,true
cam5,1312,1215,0.998319,0.998319,0.000277,True,accepted_posterior,bayes-hmm-v1,true
cam5,1313,1216,0.995201,0.995201,0.000388,True,accepted_posterior,bayes-hmm-v1,true
cam5,1314,1217,0.978481,0.978481,0.000666,True,accepted_posterior,bayes-hmm-v1,true
cam5,1315,1218,0.975146,0.975146,0.000703,True,accepted_posterior,bayes-hmm-v1,true
cam5,1316,1220,0.980926,0.980926,0.000561,True,accepted_posterior,bayes-hmm-v1,true
cam5,1317,1220,0.993645,0.993645,0.000423,True,accepted_posterior,bayes-hmm-v1,true
cam5,1318,1222,0.992578,0.992578,0.000294,True,accepted_posterior,bayes-hmm-v1,true
cam5,1319,1222,0.99119,0.99119,0.000434,True,accepted_posterior,bayes-hmm-v1,true
cam5,1320,1223,0.974667,0.974667,0.000678,True,accepted_posterior,bayes-hmm-v1,true
cam5,1321,1224,0.963611,0.963611,0.001393,True,accepted_posterior,bayes-hmm-v1,true
cam5,1322,1226,0.903504,0.903504,0.001406,True,accepted_posterior,bayes-hmm-v1,true
cam5,1323,1226,0.962256,0.962256,0.001502,True,accepted_posterior,bayes-hmm-v1,true
cam5,1324,1228,0.961991,0.961991,0.001196,True,accepted_posterior,bayes-hmm-v1,true
cam5,1325,1228,0.976113,0.976113,0.001296,True,accepted_posterior,bayes-hmm-v1,true
cam5,1326,1229,0.942147,0.942147,0.001439,True,accepted_posterior,bayes-hmm-v1,true
cam5,1327,1231,0.928483,0.928483,0.001963,True,accepted_posterior,bayes-hmm-v1,true
cam5,1328,1232,0.932349,0.932349,0.001555,True,accepted_posterior,bayes-hmm-v1,true
cam5,1329,1233,0.967542,0.967542,0.001107,True,accepted_posterior,bayes-hmm-v1,true
cam5,1330,1234,0.979169,0.979169,0.000649,True,accepted_posterior,bayes-hmm-v1,true
cam5,1331,1234,0.993596,0.993596,0.000611,True,accepted_posterior,bayes-hmm-v1,true
cam5,1332,1235,0.992361,0.992361,0.000646,True,accepted_posterior,bayes-hmm-v1,true
cam5,1333,1236,0.99223,0.99223,0.000606,True,accepted_posterior,bayes-hmm-v1,true
cam5,1334,1237,0.971495,0.971495,0.000767,True,accepted_posterior,bayes-hmm-v1,true
cam5,1335,1238,0.951604,0.951604,0.000655,True,accepted_posterior,bayes-hmm-v1,true
cam5,1336,1238,0.947351,0.947351,0.000928,True,accepted_posterior,bayes-hmm-v1,true
cam5,1337,1240,0.866403,0.866403,0.001478,True,accepted_posterior,bayes-hmm-v1,true
cam5,1338,1240,0.914853,0.914853,0.001684,True,accepted_posterior,bayes-hmm-v1,true
cam5,1339,1242,0.937881,0.937881,0.001297,True,accepted_posterior,bayes-hmm-v1,true
cam5,1340,1243,0.96449,0.96449,0.000989,True,accepted_posterior,bayes-hmm-v1,true
cam5,1341,1243,0.996964,0.996964,0.000777,True,accepted_posterior,bayes-hmm-v1,true
cam5,1342,1244,0.99833,0.99833,0.000396,True,accepted_posterior,bayes-hmm-v1,true
cam5,1343,1244,0.991211,0.991211,0.000804,True,accepted_posterior,bayes-hmm-v1,true
cam5,1344,1245,0.986833,0.986833,0.001487,True,accepted_posterior,bayes-hmm-v1,true
cam5,1345,1247,0.99178,0.99178,0.001247,True,accepted_posterior,bayes-hmm-v1,true
cam5,1346,1248,0.996252,0.996252,0.000766,True,accepted_posterior,bayes-hmm-v1,true
cam5,1347,1248,0.998211,0.998211,0.00033,True,accepted_posterior,bayes-hmm-v1,true
cam5,1348,1249,0.999039,0.999039,0.000164,True,accepted_posterior,bayes-hmm-v1,true
cam5,1349,1250,0.996894,0.996894,0.000178,True,accepted_posterior,bayes-hmm-v1,true
cam5,1350,1251,0.998671,0.998671,0.000229,True,accepted_posterior,bayes-hmm-v1,true
cam5,1351,1252,0.998993,0.998993,0.000244,True,accepted_posterior,bayes-hmm-v1,true
cam5,1352,1253,0.999548,0.999548,0.000217,True,accepted_posterior,bayes-hmm-v1,true
cam5,1353,1254,0.999583,0.999583,0.000115,True,accepted_posterior,bayes-hmm-v1,true
cam5,1354,1255,0.999523,0.999523,0.00011,True,accepted_posterior,bayes-hmm-v1,true
cam5,1355,1256,0.998337,0.998337,0.000159,True,accepted_posterior,bayes-hmm-v1,true
cam5,1356,1257,0.996444,0.996444,0.000307,True,accepted_posterior,bayes-hmm-v1,true
cam5,1357,1258,0.99357,0.99357,0.000204,True,accepted_posterior,bayes-hmm-v1,true
cam5,1358,1260,0.977335,0.977335,0.000345,True,accepted_posterior,bayes-hmm-v1,true
cam5,1359,1260,0.994654,0.994654,0.00073,True,accepted_posterior,bayes-hmm-v1,true
cam5,1360,1261,0.992882,0.992882,0.000694,True,accepted_posterior,bayes-hmm-v1,true
cam5,1361,1262,0.992547,0.992547,0.000927,True,accepted_posterior,bayes-hmm-v1,true
cam5,1362,1263,0.985681,0.985681,0.000555,True,accepted_posterior,bayes-hmm-v1,true
cam5,1363,1264,0.986632,0.986632,0.000511,True,accepted_posterior,bayes-hmm-v1,true
cam5,1364,1266,0.977588,0.977588,0.000377,True,accepted_posterior,bayes-hmm-v1,true
cam5,1365,1266,0.991415,0.991415,0.000469,True,accepted_posterior,bayes-hmm-v1,true
cam5,1366,1267,0.97878,0.97878,0.000244,True,accepted_posterior,bayes-hmm-v1,true
cam5,1367,1268,0.983985,0.983985,0.0005,True,accepted_posterior,bayes-hmm-v1,true
cam5,1368,1270,0.989495,0.989495,0.000458,True,accepted_posterior,bayes-hmm-v1,true
cam5,1369,1271,0.988186,0.988186,0.000393,True,accepted_posterior,bayes-hmm-v1,true
cam5,1370,1272,0.98944,0.98944,0.000421,True,accepted_posterior,bayes-hmm-v1,true
cam5,1371,1273,0.987793,0.987793,0.00043,True,accepted_posterior,bayes-hmm-v1,true
cam5,1372,1274,0.991998,0.991998,0.000415,True,accepted_posterior,bayes-hmm-v1,true
cam5,1373,1276,0.986988,0.986988,0.000227,True,accepted_posterior,bayes-hmm-v1,true
cam5,1374,1276,0.989606,0.989606,0.000226,True,accepted_posterior,bayes-hmm-v1,true
cam5,1375,1277,0.987911,0.987911,0.000294,True,accepted_posterior,bayes-hmm-v1,true
cam5,1376,1278,0.985652,0.985652,0.000311,True,accepted_posterior,bayes-hmm-v1,true
cam5,1377,1279,0.97719,0.97719,0.000359,True,accepted_posterior,bayes-hmm-v1,true
cam5,1378,1280,0.979604,0.979604,0.000384,True,accepted_posterior,bayes-hmm-v1,true
cam5,1379,1281,0.981229,0.981229,0.000341,True,accepted_posterior,bayes-hmm-v1,true
cam5,1380,1282,0.985813,0.985813,0.000375,True,accepted_posterior,bayes-hmm-v1,true
cam5,1381,1283,0.990638,0.990638,0.000252,True,accepted_posterior,bayes-hmm-v1,true
cam5,1382,1284,0.989874,0.989874,0.000226,True,accepted_posterior,bayes-hmm-v1,true
cam5,1383,1285,0.98726,0.98726,0.000231,True,accepted_posterior,bayes-hmm-v1,true
cam5,1384,1285,0.991837,0.991837,0.000294,True,accepted_posterior,bayes-hmm-v1,true
cam5,1385,1286,0.997062,0.997062,0.000307,True,accepted_posterior,bayes-hmm-v1,true
cam5,1386,1287,0.996831,0.996831,0.000215,True,accepted_posterior,bayes-hmm-v1,true
cam5,1387,1288,0.996538,0.996538,0.000241,True,accepted_posterior,bayes-hmm-v1,true
cam5,1388,1289,0.993465,0.993465,0.000207,True,accepted_posterior,bayes-hmm-v1,true
cam5,1389,1290,0.991546,0.991546,0.000253,True,accepted_posterior,bayes-hmm-v1,true
cam5,1390,1291,0.98962,0.98962,0.000257,True,accepted_posterior,bayes-hmm-v1,true
cam5,1391,1292,0.98603,0.98603,0.000388,True,accepted_posterior,bayes-hmm-v1,true
cam5,1392,1293,0.952971,0.952971,0.000357,True,accepted_posterior,bayes-hmm-v1,true
cam5,1393,1294,0.98241,0.98241,0.00027,True,accepted_posterior,bayes-hmm-v1,true
cam5,1394,1296,0.992677,0.992677,0.000143,True,accepted_posterior,bayes-hmm-v1,true
cam5,1395,1297,0.995571,0.995571,0.000149,True,accepted_posterior,bayes-hmm-v1,true
cam5,1396,1298,0.999117,0.999117,0.000153,True,accepted_posterior,bayes-hmm-v1,true
cam5,1397,1299,0.995915,0.995915,8e-05,True,accepted_posterior,bayes-hmm-v1,true
cam5,1398,1300,0.997607,0.997607,6.9e-05,True,accepted_posterior,bayes-hmm-v1,true
cam5,1399,1300,0.994947,0.994947,0.000107,True,accepted_posterior,bayes-hmm-v1,true
cam5,1400,1301,0.991065,0.991065,0.000116,True,accepted_posterior,bayes-hmm-v1,true
cam5,1401,1303,0.98993,0.98993,0.000169,True,accepted_posterior,bayes-hmm-v1,true
cam5,1402,1304,0.987828,0.987828,0.00015,True,accepted_posterior,bayes-hmm-v1,true
cam5,1403,1305,0.993094,0.993094,0.000141,True,accepted_posterior,bayes-hmm-v1,true
cam5,1404,1306,0.994879,0.994879,0.00012,True,accepted_posterior,bayes-hmm-v1,true
cam5,1405,1307,0.997151,0.997151,0.000116,True,accepted_posterior,bayes-hmm-v1,true
cam5,1406,1308,0.998435,0.998435,0.000167,True,accepted_posterior,bayes-hmm-v1,true
cam5,1407,1309,0.995153,0.995153,0.000152,True,accepted_posterior,bayes-hmm-v1,true
cam5,1408,1310,0.992518,0.992518,0.000144,True,accepted_posterior,bayes-hmm-v1,true
cam5,1409,1311,0.991834,0.991834,0.000137,True,accepted_posterior,bayes-hmm-v1,true
cam5,1410,1312,0.98732,0.98732,0.000146,True,accepted_posterior,bayes-hmm-v1,true
cam5,1411,1314,0.967084,0.967084,0.000168,True,accepted_posterior,bayes-hmm-v1,true
cam5,1412,1315,0.971064,0.971064,0.000207,True,accepted_posterior,bayes-hmm-v1,true
cam5,1413,1316,0.989908,0.989908,0.000175,True,accepted_posterior,bayes-hmm-v1,true
cam5,1414,1317,0.995562,0.995562,0.000106,True,accepted_posterior,bayes-hmm-v1,true
cam5,1415,1318,0.996501,0.996501,8.6e-05,True,accepted_posterior,bayes-hmm-v1,true
cam5,1416,1319,0.990625,0.990625,0.000102,True,accepted_posterior,bayes-hmm-v1,true
cam5,1417,1320,0.965272,0.965272,0.000163,True,accepted_posterior,bayes-hmm-v1,true
cam5,1418,1320,0.822539,0.822539,0.00019,True,accepted_posterior,bayes-hmm-v1,true
cam5,1419,1323,0.901723,0.901723,0.000212,True,accepted_posterior,bayes-hmm-v1,true
cam5,1420,1324,0.951713,0.951713,0.000172,True,accepted_posterior,bayes-hmm-v1,true
cam5,1421,1324,0.988567,0.988567,0.000144,True,accepted_posterior,bayes-hmm-v1,true
cam5,1422,1325,0.988723,0.988723,8.7e-05,True,accepted_posterior,bayes-hmm-v1,true
cam5,1423,1326,0.973351,0.973351,0.000153,True,accepted_posterior,bayes-hmm-v1,true
cam5,1424,1326,0.813702,0.813702,0.000334,True,accepted_posterior,bayes-hmm-v1,true
cam5,1425,1329,0.902083,0.902083,0.000423,True,accepted_posterior,bayes-hmm-v1,true
cam5,1426,1329,0.932731,0.932731,0.000276,True,accepted_posterior,bayes-hmm-v1,true
cam5,1427,1330,0.946116,0.946116,0.000296,True,accepted_posterior,bayes-hmm-v1,true
cam5,1428,1332,0.97193,0.97193,0.000221,True,accepted_posterior,bayes-hmm-v1,true
cam5,1429,1334,0.77626,0.77626,0.00018,True,accepted_posterior,bayes-hmm-v1,true
cam5,1430,1334,0.985974,0.985974,0.000133,True,accepted_posterior,bayes-hmm-v1,true
cam5,1431,1335,0.991659,0.991659,0.000118,True,accepted_posterior,bayes-hmm-v1,true
cam5,1432,1335,0.98892,0.98892,0.000131,True,accepted_posterior,bayes-hmm-v1,true
cam5,1433,1336,0.988885,0.988885,0.000144,True,accepted_posterior,bayes-hmm-v1,true
cam5,1434,1337,0.992064,0.992064,9.5e-05,True,accepted_posterior,bayes-hmm-v1,true
cam5,1435,1339,0.988184,0.988184,8.4e-05,True,accepted_posterior,bayes-hmm-v1,true
cam5,1436,1340,0.991841,0.991841,0.000136,True,accepted_posterior,bayes-hmm-v1,true
cam5,1437,1341,0.990573,0.990573,0.000159,True,accepted_posterior,bayes-hmm-v1,true
cam5,1438,1341,0.979543,0.979543,0.000143,True,accepted_posterior,bayes-hmm-v1,true
cam5,1439,1342,0.990024,0.990024,0.000174,True,accepted_posterior,bayes-hmm-v1,true
cam5,1440,1344,0.983672,0.983672,0.00021,True,accepted_posterior,bayes-hmm-v1,true
cam5,1441,1344,0.987025,0.987025,0.00023,True,accepted_posterior,bayes-hmm-v1,true
cam5,1442,1346,0.984361,0.984361,0.000244,True,accepted_posterior,bayes-hmm-v1,true
cam5,1443,1346,0.992088,0.992088,0.000226,True,accepted_posterior,bayes-hmm-v1,true
cam5,1444,1347,0.988822,0.988822,0.000212,True,accepted_posterior,bayes-hmm-v1,true
cam5,1445,1348,0.980953,0.980953,0.000222,True,accepted_posterior,bayes-hmm-v1,true
cam5,1446,1349,0.970411,0.970411,0.000297,True,accepted_posterior,bayes-hmm-v1,true
cam5,1447,1351,0.977092,0.977092,0.00035,True,accepted_posterior,bayes-hmm-v1,true
cam5,1448,1352,0.980583,0.980583,0.000284,True,accepted_posterior,bayes-hmm-v1,true
cam5,1449,1353,0.982909,0.982909,0.000276,True,accepted_posterior,bayes-hmm-v1,true
cam5,1450,1354,0.982485,0.982485,0.00028,True,accepted_posterior,bayes-hmm-v1,true
cam5,1451,1355,0.982954,0.982954,0.000299,True,accepted_posterior,bayes-hmm-v1,true
cam5,1452,1356,0.982636,0.982636,0.000344,True,accepted_posterior,bayes-hmm-v1,true
cam5,1453,1357,0.964094,0.964094,0.000419,True,accepted_posterior,bayes-hmm-v1,true
cam5,1454,1358,0.916877,0.916877,0.000539,True,accepted_posterior,bayes-hmm-v1,true
cam5,1455,1359,0.877448,0.877448,0.000731,True,accepted_posterior,bayes-hmm-v1,true
cam5,1456,1361,0.87782,0.87782,0.000787,True,accepted_posterior,bayes-hmm-v1,true
cam5,1457,1363,0.888045,0.888045,0.000733,True,accepted_posterior,bayes-hmm-v1,true
cam5,1458,1364,0.892753,0.892753,0.000707,True,accepted_posterior,bayes-hmm-v1,true
cam5,1459,1365,0.933279,0.933279,0.000686,True,accepted_posterior,bayes-hmm-v1,true
cam5,1460,1367,0.881509,0.881509,0.000781,True,accepted_posterior,bayes-hmm-v1,true
cam5,1461,1367,0.96081,0.96081,0.000651,True,accepted_posterior,bayes-hmm-v1,true
cam5,1462,1368,0.946428,0.946428,0.000639,True,accepted_posterior,bayes-hmm-v1,true
cam5,1463,1369,0.972743,0.972743,0.000684,True,accepted_posterior,bayes-hmm-v1,true
cam5,1464,1371,0.926241,0.926241,0.00061,True,accepted_posterior,bayes-hmm-v1,true
cam5,1465,1371,0.979091,0.979091,0.000623,True,accepted_posterior,bayes-hmm-v1,true
cam5,1466,1372,0.980364,0.980364,0.00065,True,accepted_posterior,bayes-hmm-v1,true
cam5,1467,1373,0.989764,0.989764,0.000614,True,accepted_posterior,bayes-hmm-v1,true
cam5,1468,1374,0.98825,0.98825,0.000551,True,accepted_posterior,bayes-hmm-v1,true
cam5,1469,1375,0.982295,0.982295,0.000492,True,accepted_posterior,bayes-hmm-v1,true
cam5,1470,1376,0.979746,0.979746,0.000518,True,accepted_posterior,bayes-hmm-v1,true
cam5,1471,1377,0.969616,0.969616,0.000522,True,accepted_posterior,bayes-hmm-v1,true
cam5,1472,1377,0.984216,0.984216,0.000483,True,accepted_posterior,bayes-hmm-v1,true
cam5,1473,1379,0.942607,0.942607,0.000549,True,accepted_posterior,bayes-hmm-v1,true
cam5,1474,1379,0.980361,0.980361,0.000659,True,accepted_posterior,bayes-hmm-v1,true
cam5,1475,1379,0.957605,0.957605,0.00074,True,accepted_posterior,bayes-hmm-v1,true
cam5,1476,1381,0.983215,0.983215,0.000746,True,accepted_posterior,bayes-hmm-v1,true
cam5,1477,1381,0.991642,0.991642,0.000744,True,accepted_posterior,bayes-hmm-v1,true
cam5,1478,1382,0.990977,0.990977,0.000673,True,accepted_posterior,bayes-hmm-v1,true
cam5,1479,1382,0.975204,0.975204,0.000903,True,accepted_posterior,bayes-hmm-v1,true
cam5,1480,1384,0.979687,0.979687,0.001206,True,accepted_posterior,bayes-hmm-v1,true
cam5,1481,1384,0.985904,0.985904,0.002025,True,accepted_posterior,bayes-hmm-v1,true
cam5,1482,1385,0.962534,0.962534,0.003609,True,accepted_posterior,bayes-hmm-v1,true
cam5,1483,1386,0.936421,0.936421,0.005222,True,accepted_posterior,bayes-hmm-v1,true
cam5,1484,1387,0.893611,0.893611,0.006584,True,accepted_posterior,bayes-hmm-v1,true
cam5,1485,1390,0.822651,0.822651,0.00574,True,accepted_posterior,bayes-hmm-v1,true
cam5,1486,1390,0.960408,0.960408,0.002942,True,accepted_posterior,bayes-hmm-v1,true
cam5,1487,1391,0.948494,0.948494,0.001735,True,accepted_posterior,bayes-hmm-v1,true
cam5,1488,1392,0.850448,0.850448,0.001785,True,accepted_posterior,bayes-hmm-v1,true
cam5,1489,1393,0.684346,0.684346,0.001855,True,accepted_posterior,bayes-hmm-v1,true
cam5,1490,1396,0.768374,0.768374,0.002005,True,accepted_posterior,bayes-hmm-v1,true
cam5,1491,1397,0.794472,0.794472,0.001947,True,accepted_posterior,bayes-hmm-v1,true
cam5,1492,1398,0.816984,0.816984,0.001228,True,accepted_posterior,bayes-hmm-v1,true
cam5,1493,1400,0.903996,0.903996,0.000917,True,accepted_posterior,bayes-hmm-v1,true
cam5,1494,1402,0.875857,0.875857,0.000748,True,accepted_posterior,bayes-hmm-v1,true
cam5,1495,1402,0.960277,0.960277,0.000599,True,accepted_posterior,bayes-hmm-v1,true
cam5,1496,1403,0.968626,0.968626,0.000591,True,accepted_posterior,bayes-hmm-v1,true
cam5,1497,1404,0.981494,0.981494,0.000577,True,accepted_posterior,bayes-hmm-v1,true
cam5,1498,1405,0.974737,0.974737,0.000476,True,accepted_posterior,bayes-hmm-v1,true
cam5,1499,1406,0.977071,0.977071,0.000445,True,accepted_posterior,bayes-hmm-v1,true
cam5,1500,1406,0.969685,0.969685,0.000445,True,accepted_posterior,bayes-hmm-v1,true
cam5,1501,1407,0.973145,0.973145,0.000444,True,accepted_posterior,bayes-hmm-v1,true
cam5,1502,1409,0.982369,0.982369,0.000363,True,accepted_posterior,bayes-hmm-v1,true
cam5,1503,1410,0.97287,0.97287,0.000419,True,accepted_posterior,bayes-hmm-v1,true
cam5,1504,1411,0.945696,0.945696,0.000463,True,accepted_posterior,bayes-hmm-v1,true
cam5,1505,1413,0.945035,0.945035,0.000585,True,accepted_posterior,bayes-hmm-v1,true
cam5,1506,1414,0.934118,0.934118,0.000525,True,accepted_posterior,bayes-hmm-v1,true
cam5,1507,1415,0.922293,0.922293,0.000552,True,accepted_posterior,bayes-hmm-v1,true
cam5,1508,1416,0.914021,0.914021,0.000549,True,accepted_posterior,bayes-hmm-v1,true
cam5,1509,1418,0.93324,0.93324,0.000514,True,accepted_posterior,bayes-hmm-v1,true
cam5,1510,1419,0.936518,0.936518,0.000426,True,accepted_posterior,bayes-hmm-v1,true
cam5,1511,1419,0.850689,0.850689,0.000432,True,accepted_posterior,bayes-hmm-v1,true
cam5,1512,1421,0.908668,0.908668,0.000518,True,accepted_posterior,bayes-hmm-v1,true
cam5,1513,1423,0.846387,0.846387,0.000453,True,accepted_posterior,bayes-hmm-v1,true
cam5,1514,1423,0.850613,0.850613,0.000336,True,accepted_posterior,bayes-hmm-v1,true
cam5,1515,1425,0.909667,0.909667,0.000264,True,accepted_posterior,bayes-hmm-v1,true
cam5,1516,1426,0.889128,0.889128,0.000333,True,accepted_posterior,bayes-hmm-v1,true
cam5,1517,1426,0.820868,0.820868,0.00036,True,accepted_posterior,bayes-hmm-v1,true
cam5,1518,1428,0.897745,0.897745,0.000318,True,accepted_posterior,bayes-hmm-v1,true
cam5,1519,1429,0.867548,0.867548,0.000383,True,accepted_posterior,bayes-hmm-v1,true
cam5,1520,1431,0.810314,0.810314,0.000349,True,accepted_posterior,bayes-hmm-v1,true
cam5,1521,1432,0.795439,0.795439,0.000382,True,accepted_posterior,bayes-hmm-v1,true
cam5,1522,1433,0.7983,0.7983,0.000409,True,accepted_posterior,bayes-hmm-v1,true
cam5,1523,1434,0.845499,0.845499,0.000344,True,accepted_posterior,bayes-hmm-v1,true
cam5,1524,1435,0.889729,0.889729,0.000278,True,accepted_posterior,bayes-hmm-v1,true
cam5,1525,1436,0.918709,0.918709,0.000225,True,accepted_posterior,bayes-hmm-v1,true
cam5,1526,1437,0.924663,0.924663,0.000159,True,accepted_posterior,bayes-hmm-v1,true
cam5,1527,1437,0.946553,0.946553,0.000179,True,accepted_posterior,bayes-hmm-v1,true
cam5,1528,1438,0.962473,0.962473,0.000205,True,accepted_posterior,bayes-hmm-v1,true
cam5,1529,1439,0.970996,0.970996,0.000211,True,accepted_posterior,bayes-hmm-v1,true
cam5,1530,1439,0.923329,0.923329,0.000248,True,accepted_posterior,bayes-hmm-v1,true
cam5,1531,1440,0.921665,0.921665,0.000172,True,accepted_posterior,bayes-hmm-v1,true
cam5,1532,1441,0.94097,0.94097,0.000172,True,accepted_posterior,bayes-hmm-v1,true
cam5,1533,1443,0.962107,0.962107,0.000157,True,accepted_posterior,bayes-hmm-v1,true
cam5,1534,1444,0.964061,0.964061,0.000166,True,accepted_posterior,bayes-hmm-v1,true
cam5,1535,1445,0.980955,0.980955,0.000134,True,accepted_posterior,bayes-hmm-v1,true
cam5,1536,1446,0.982458,0.982458,0.000121,True,accepted_posterior,bayes-hmm-v1,true
cam5,1537,1447,0.986723,0.986723,0.000118,True,accepted_posterior,bayes-hmm-v1,true
cam5,1538,1447,0.985337,0.985337,0.000137,True,accepted_posterior,bayes-hmm-v1,true
cam5,1539,1449,0.968355,0.968355,0.000196,True,accepted_posterior,bayes-hmm-v1,true
cam5,1540,1450,0.940592,0.940592,0.00023,True,accepted_posterior,bayes-hmm-v1,true
cam5,1541,1451,0.927011,0.927011,0.000223,True,accepted_posterior,bayes-hmm-v1,true
cam5,1542,1452,0.914215,0.914215,0.00023,True,accepted_posterior,bayes-hmm-v1,true
cam5,1543,1452,0.94889,0.94889,0.000443,True,accepted_posterior,bayes-hmm-v1,true
cam5,1544,1452,0.822615,0.822615,0.001381,True,accepted_posterior,bayes-hmm-v1,true
cam5,1545,1454,0.745324,0.745324,0.003863,True,accepted_posterior,bayes-hmm-v1,true
cam5,1546,1458,0.563701,0.563701,0.006368,True,accepted_posterior,bayes-hmm-v1,true
cam5,1547,1460,0.638124,0.638124,0.008299,True,accepted_posterior,bayes-hmm-v1,true
cam5,1548,1461,0.68973,0.68973,0.008758,True,accepted_posterior,bayes-hmm-v1,true
cam5,1549,1462,0.730546,0.730546,0.006354,True,accepted_posterior,bayes-hmm-v1,true
cam5,1550,1462,0.676673,0.676673,0.004703,True,accepted_posterior,bayes-hmm-v1,true
cam5,1551,1466,0.772756,0.772756,0.002192,True,accepted_posterior,bayes-hmm-v1,true
cam5,1552,1466,0.841446,0.841446,0.001437,True,accepted_posterior,bayes-hmm-v1,true
cam5,1553,1468,0.944311,0.944311,0.000796,True,accepted_posterior,bayes-hmm-v1,true
cam5,1554,1469,0.966562,0.966562,0.000499,True,accepted_posterior,bayes-hmm-v1,true
cam5,1555,1470,0.979881,0.979881,0.000455,True,accepted_posterior,bayes-hmm-v1,true
cam5,1556,1471,0.986302,0.986302,0.000556,True,accepted_posterior,bayes-hmm-v1,true
cam5,1557,1472,0.987514,0.987514,0.000453,True,accepted_posterior,bayes-hmm-v1,true
cam5,1558,1473,0.984591,0.984591,0.000387,True,accepted_posterior,bayes-hmm-v1,true
cam5,1559,1474,0.990369,0.990369,0.000357,True,accepted_posterior,bayes-hmm-v1,true
cam5,1560,1475,0.986749,0.986749,0.000652,True,accepted_posterior,bayes-hmm-v1,true
cam5,1561,1476,0.992008,0.992008,0.000463,True,accepted_posterior,bayes-hmm-v1,true
cam5,1562,1477,0.993437,0.993437,0.000241,True,accepted_posterior,bayes-hmm-v1,true
cam5,1563,1479,0.998998,0.998998,0.000326,True,accepted_posterior,bayes-hmm-v1,true
cam5,1564,1480,0.99914,0.99914,0.000389,True,accepted_posterior,bayes-hmm-v1,true
cam5,1565,1481,0.999066,0.999066,0.000517,True,accepted_posterior,bayes-hmm-v1,true
cam5,1566,1482,0.998209,0.998209,0.000437,True,accepted_posterior,bayes-hmm-v1,true
cam5,1567,1483,0.998787,0.998787,0.000457,True,accepted_posterior,bayes-hmm-v1,true
cam5,1568,1484,0.998789,0.998789,0.000817,True,accepted_posterior,bayes-hmm-v1,true
cam5,1569,1485,0.997893,0.997893,0.001167,True,accepted_posterior,bayes-hmm-v1,true
cam5,1570,1486,0.995937,0.995937,0.001747,True,accepted_posterior,bayes-hmm-v1,true
cam5,1571,1488,0.98569,0.98569,0.003701,True,accepted_posterior,bayes-hmm-v1,true
cam5,1572,1489,0.992701,0.992701,0.001734,True,accepted_posterior,bayes-hmm-v1,true
cam5,1573,1490,0.997793,0.997793,0.000973,True,accepted_posterior,bayes-hmm-v1,true
cam5,1574,1491,0.996984,0.996984,0.000612,True,accepted_posterior,bayes-hmm-v1,true
cam5,1575,1492,0.986772,0.986772,0.001049,True,accepted_posterior,bayes-hmm-v1,true
cam5,1576,1493,0.983348,0.983348,0.000941,True,accepted_posterior,bayes-hmm-v1,true
cam5,1577,1494,0.934643,0.934643,0.000758,True,accepted_posterior,bayes-hmm-v1,true
cam5,1578,1495,0.944697,0.944697,0.000879,True,accepted_posterior,bayes-hmm-v1,true
cam5,1579,1496,0.96207,0.96207,0.00059,True,accepted_posterior,bayes-hmm-v1,true
cam5,1580,1497,0.949977,0.949977,0.000594,True,accepted_posterior,bayes-hmm-v1,true
cam5,1581,1498,0.961574,0.961574,0.000676,True,accepted_posterior,bayes-hmm-v1,true
cam5,1582,1499,0.945537,0.945537,0.000641,True,accepted_posterior,bayes-hmm-v1,true
cam5,1583,1501,0.990105,0.990105,0.000607,True,accepted_posterior,bayes-hmm-v1,true
cam5,1584,1501,0.959814,0.959814,0.000474,True,accepted_posterior,bayes-hmm-v1,true
cam5,1585,1502,0.933943,0.933943,0.000608,True,accepted_posterior,bayes-hmm-v1,true
cam5,1586,1503,0.926031,0.926031,0.000601,True,accepted_posterior,bayes-hmm-v1,true
cam5,1587,1504,0.915284,0.915284,0.000554,True,accepted_posterior,bayes-hmm-v1,true
cam5,1588,1506,0.991119,0.991119,0.000547,True,accepted_posterior,bayes-hmm-v1,true
cam5,1589,1507,0.9931,0.9931,0.000343,True,accepted_posterior,bayes-hmm-v1,true
cam5,1590,1508,0.992819,0.992819,0.000374,True,accepted_posterior,bayes-hmm-v1,true
cam5,1591,1509,0.99046,0.99046,0.000272,True,accepted_posterior,bayes-hmm-v1,true
cam5,1592,1510,0.992842,0.992842,0.000365,True,accepted_posterior,bayes-hmm-v1,true
cam5,1593,1511,0.989464,0.989464,0.000346,True,accepted_posterior,bayes-hmm-v1,true
cam5,1594,1512,0.995414,0.995414,0.000249,True,accepted_posterior,bayes-hmm-v1,true
cam5,1595,1513,0.993562,0.993562,0.000194,True,accepted_posterior,bayes-hmm-v1,true
cam5,1596,1514,0.989324,0.989324,0.000209,True,accepted_posterior,bayes-hmm-v1,true
cam5,1597,1516,0.994649,0.994649,0.000194,True,accepted_posterior,bayes-hmm-v1,true
cam5,1598,1517,0.986504,0.986504,0.000224,True,accepted_posterior,bayes-hmm-v1,true
cam5,1599,1518,0.992854,0.992854,0.000225,True,accepted_posterior,bayes-hmm-v1,true
cam5,1600,1519,0.994997,0.994997,0.000235,True,accepted_posterior,bayes-hmm-v1,true
cam5,1601,1520,0.994299,0.994299,0.000361,True,accepted_posterior,bayes-hmm-v1,true
cam5,1602,1521,0.978865,0.978865,0.000508,True,accepted_posterior,bayes-hmm-v1,true
cam5,1603,1522,0.980625,0.980625,0.000528,True,accepted_posterior,bayes-hmm-v1,true
cam5,1604,1524,0.982038,0.982038,0.000544,True,accepted_posterior,bayes-hmm-v1,true
cam5,1605,1525,0.986013,0.986013,0.000489,True,accepted_posterior,bayes-hmm-v1,true
cam5,1606,1526,0.993148,0.993148,0.000554,True,accepted_posterior,bayes-hmm-v1,true
cam5,1607,1527,0.992201,0.992201,0.000525,True,accepted_posterior,bayes-hmm-v1,true
cam5,1608,1528,0.994704,0.994704,0.000565,True,accepted_posterior,bayes-hmm-v1,true
cam5,1609,1529,0.989187,0.989187,0.000568,True,accepted_posterior,bayes-hmm-v1,true
cam5,1610,1530,0.971634,0.971634,0.000708,True,accepted_posterior,bayes-hmm-v1,true
cam5,1611,1531,0.918752,0.918752,0.000829,True,accepted_posterior,bayes-hmm-v1,true
cam5,1612,1532,0.892978,0.892978,0.001097,True,accepted_posterior,bayes-hmm-v1,true
cam5,1613,1533,0.897859,0.897859,0.000795,True,accepted_posterior,bayes-hmm-v1,true
cam5,1614,1534,0.877876,0.877876,0.000688,True,accepted_posterior,bayes-hmm-v1,true
cam5,1615,1536,0.956396,0.956396,0.000738,True,accepted_posterior,bayes-hmm-v1,true
cam5,1616,1538,0.97294,0.97294,0.000711,True,accepted_posterior,bayes-hmm-v1,true
cam5,1617,1539,0.97663,0.97663,0.000612,True,accepted_posterior,bayes-hmm-v1,true
cam5,1618,1540,0.981096,0.981096,0.000696,True,accepted_posterior,bayes-hmm-v1,true
cam5,1619,1542,0.985197,0.985197,0.000749,True,accepted_posterior,bayes-hmm-v1,true
cam5,1620,1542,0.941375,0.941375,0.000638,True,accepted_posterior,bayes-hmm-v1,true
cam5,1621,1544,0.987733,0.987733,0.000636,True,accepted_posterior,bayes-hmm-v1,true
cam5,1622,1545,0.982802,0.982802,0.000541,True,accepted_posterior,bayes-hmm-v1,true
cam5,1623,1546,0.991306,0.991306,0.000432,True,accepted_posterior,bayes-hmm-v1,true
cam5,1624,1547,0.992214,0.992214,0.000328,True,accepted_posterior,bayes-hmm-v1,true
cam5,1625,1547,0.994061,0.994061,0.000325,True,accepted_posterior,bayes-hmm-v1,true
cam5,1626,1548,0.98962,0.98962,0.000392,True,accepted_posterior,bayes-hmm-v1,true
cam5,1627,1549,0.974148,0.974148,0.000571,True,accepted_posterior,bayes-hmm-v1,true
cam5,1628,1550,0.97096,0.97096,0.000859,True,accepted_posterior,bayes-hmm-v1,true
cam5,1629,1552,0.959353,0.959353,0.001204,True,accepted_posterior,bayes-hmm-v1,true
cam5,1630,1553,0.941439,0.941439,0.001408,True,accepted_posterior,bayes-hmm-v1,true
cam5,1631,1554,0.968863,0.968863,0.000567,True,accepted_posterior,bayes-hmm-v1,true
cam5,1632,1556,0.994055,0.994055,0.000389,True,accepted_posterior,bayes-hmm-v1,true
cam5,1633,1557,0.995895,0.995895,0.000356,True,accepted_posterior,bayes-hmm-v1,true
cam5,1634,1558,0.994156,0.994156,0.000362,True,accepted_posterior,bayes-hmm-v1,true
cam5,1635,1559,0.980381,0.980381,0.000516,True,accepted_posterior,bayes-hmm-v1,true
cam5,1636,1560,0.969042,0.969042,0.000674,True,accepted_posterior,bayes-hmm-v1,true
cam5,1637,1562,0.964992,0.964992,0.000562,True,accepted_posterior,bayes-hmm-v1,true
cam5,1638,1562,0.980196,0.980196,0.000421,True,accepted_posterior,bayes-hmm-v1,true
cam5,1639,1564,0.994463,0.994463,0.00032,True,accepted_posterior,bayes-hmm-v1,true
cam5,1640,1565,0.995175,0.995175,0.000335,True,accepted_posterior,bayes-hmm-v1,true
cam5,1641,1567,0.961307,0.961307,0.00043,True,accepted_posterior,bayes-hmm-v1,true
cam5,1642,1567,0.982675,0.982675,0.000541,True,accepted_posterior,bayes-hmm-v1,true
cam5,1643,1568,0.983287,0.983287,0.00061,True,accepted_posterior,bayes-hmm-v1,true
cam5,1644,1570,0.987065,0.987065,0.000713,True,accepted_posterior,bayes-hmm-v1,true
cam5,1645,1570,0.982877,0.982877,0.000656,True,accepted_posterior,bayes-hmm-v1,true
cam5,1646,1572,0.994097,0.994097,0.000527,True,accepted_posterior,bayes-hmm-v1,true
cam5,1647,1573,0.995414,0.995414,0.000463,True,accepted_posterior,bayes-hmm-v1,true
cam5,1648,1573,0.987723,0.987723,0.000458,True,accepted_posterior,bayes-hmm-v1,true
cam5,1649,1575,0.993908,0.993908,0.00057,True,accepted_posterior,bayes-hmm-v1,true
cam5,1650,1575,0.98267,0.98267,0.000731,True,accepted_posterior,bayes-hmm-v1,true
cam5,1651,1577,0.984949,0.984949,0.000891,True,accepted_posterior,bayes-hmm-v1,true
cam5,1652,1578,0.969902,0.969902,0.000992,True,accepted_posterior,bayes-hmm-v1,true
cam5,1653,1579,0.968334,0.968334,0.001038,True,accepted_posterior,bayes-hmm-v1,true
cam5,1654,1580,0.955257,0.955257,0.001174,True,accepted_posterior,bayes-hmm-v1,true
cam5,1655,1582,0.95613,0.95613,0.001422,True,accepted_posterior,bayes-hmm-v1,true
cam5,1656,1584,0.941417,0.941417,0.001354,True,accepted_posterior,bayes-hmm-v1,true
cam5,1657,1584,0.959041,0.959041,0.001199,True,accepted_posterior,bayes-hmm-v1,true
cam5,1658,1586,0.963857,0.963857,0.001041,True,accepted_posterior,bayes-hmm-v1,true
cam5,1659,1586,0.91812,0.91812,0.001127,True,accepted_posterior,bayes-hmm-v1,true
cam5,1660,1588,0.962846,0.962846,0.001013,True,accepted_posterior,bayes-hmm-v1,true
cam5,1661,1589,0.954673,0.954673,0.000844,True,accepted_posterior,bayes-hmm-v1,true
cam5,1662,1591,0.950057,0.950057,0.000717,True,accepted_posterior,bayes-hmm-v1,true
cam5,1663,1592,0.97034,0.97034,0.000596,True,accepted_posterior,bayes-hmm-v1,true
cam5,1664,1592,0.978943,0.978943,0.000499,True,accepted_posterior,bayes-hmm-v1,true
cam5,1665,1593,0.985032,0.985032,0.000488,True,accepted_posterior,bayes-hmm-v1,true
cam5,1666,1594,0.987275,0.987275,0.000475,True,accepted_posterior,bayes-hmm-v1,true
cam5,1667,1595,0.979858,0.979858,0.000516,True,accepted_posterior,bayes-hmm-v1,true
cam5,1668,1596,0.972969,0.972969,0.000454,True,accepted_posterior,bayes-hmm-v1,true
cam5,1669,1597,0.973044,0.973044,0.000453,True,accepted_posterior,bayes-hmm-v1,true
cam5,1670,1598,0.971247,0.971247,0.000438,True,accepted_posterior,bayes-hmm-v1,true
cam5,1671,1599,0.9755,0.9755,0.000388,True,accepted_posterior,bayes-hmm-v1,true
cam5,1672,1600,0.98401,0.98401,0.000492,True,accepted_posterior,bayes-hmm-v1,true
cam5,1673,1601,0.984773,0.984773,0.000493,True,accepted_posterior,bayes-hmm-v1,true
cam5,1674,1602,0.948171,0.948171,0.00082,True,accepted_posterior,bayes-hmm-v1,true
cam5,1675,1603,0.926107,0.926107,0.000856,True,accepted_posterior,bayes-hmm-v1,true
cam5,1676,1605,0.930184,0.930184,0.000929,True,accepted_posterior,bayes-hmm-v1,true
cam5,1677,1605,0.853857,0.853857,0.000825,True,accepted_posterior,bayes-hmm-v1,true
cam5,1678,1606,0.838572,0.838572,0.000982,True,accepted_posterior,bayes-hmm-v1,true
cam5,1679,1607,0.777364,0.777364,0.00159,True,accepted_posterior,bayes-hmm-v1,true
cam5,1680,1608,0.711366,0.711366,0.002333,True,accepted_posterior,bayes-hmm-v1,true
cam5,1681,1609,0.562372,0.562372,0.003084,True,accepted_posterior,bayes-hmm-v1,true
cam5,1682,1610,0.490059,0.490059,0.002289,True,accepted_posterior,bayes-hmm-v1,true
cam5,1683,1612,0.595101,0.595101,0.001698,True,accepted_posterior,bayes-hmm-v1,true
cam5,1684,1616,0.869318,0.869318,0.001305,True,accepted_posterior,bayes-hmm-v1,true
cam5,1685,1616,0.903795,0.903795,0.000884,True,accepted_posterior,bayes-hmm-v1,true
cam5,1686,1617,0.854657,0.854657,0.001096,True,accepted_posterior,bayes-hmm-v1,true
cam5,1687,1620,0.897439,0.897439,0.000846,True,accepted_posterior,bayes-hmm-v1,true
cam5,1688,1620,0.984072,0.984072,0.000681,True,accepted_posterior,bayes-hmm-v1,true
cam5,1689,1621,0.973635,0.973635,0.001011,True,accepted_posterior,bayes-hmm-v1,true
cam5,1690,1622,0.953909,0.953909,0.00147,True,accepted_posterior,bayes-hmm-v1,true
cam5,1691,1623,0.903617,0.903617,0.001924,True,accepted_posterior,bayes-hmm-v1,true
cam5,1692,1625,0.942466,0.942466,0.002358,True,accepted_posterior,bayes-hmm-v1,true
cam5,1693,1625,0.791786,0.791786,0.003085,True,accepted_posterior,bayes-hmm-v1,true
cam5,1694,1627,0.790703,0.790703,0.003273,True,accepted_posterior,bayes-hmm-v1,true
cam5,1695,1628,0.739739,0.739739,0.0031,True,accepted_posterior,bayes-hmm-v1,true
cam5,1696,1632,0.787282,0.787282,0.002133,True,accepted_posterior,bayes-hmm-v1,true
cam5,1697,1633,0.966901,0.966901,0.000945,True,accepted_posterior,bayes-hmm-v1,true
cam5,1698,1634,0.983305,0.983305,0.000324,True,accepted_posterior,bayes-hmm-v1,true
cam5,1699,1635,0.987664,0.987664,0.000223,True,accepted_posterior,bayes-hmm-v1,true
cam5,1700,1636,0.976718,0.976718,0.000233,True,accepted_posterior,bayes-hmm-v1,true
cam5,1701,1638,0.988531,0.988531,0.000224,True,accepted_posterior,bayes-hmm-v1,true
cam5,1702,1639,0.993348,0.993348,0.000177,True,accepted_posterior,bayes-hmm-v1,true
cam5,1703,1640,0.994525,0.994525,0.000155,True,accepted_posterior,bayes-hmm-v1,true
cam5,1704,1641,0.989992,0.989992,0.000156,True,accepted_posterior,bayes-hmm-v1,true
cam5,1705,1642,0.98633,0.98633,0.000169,True,accepted_posterior,bayes-hmm-v1,true
cam5,1706,1642,0.920627,0.920627,0.000185,True,accepted_posterior,bayes-hmm-v1,true
cam5,1707,1644,0.961227,0.961227,0.000235,True,accepted_posterior,bayes-hmm-v1,true
cam5,1708,1645,0.932878,0.932878,0.000272,True,accepted_posterior,bayes-hmm-v1,true
cam5,1709,1647,0.955259,0.955259,0.000272,True,accepted_posterior,bayes-hmm-v1,true
cam5,1710,1647,0.881465,0.881465,0.000292,True,accepted_posterior,bayes-hmm-v1,true
cam5,1711,1649,0.968852,0.968852,0.000261,True,accepted_posterior,bayes-hmm-v1,true
cam5,1712,1649,0.868898,0.868898,0.000219,True,accepted_posterior,bayes-hmm-v1,true
cam5,1713,1651,0.964123,0.964123,0.000197,True,accepted_posterior,bayes-hmm-v1,true
cam5,1714,1652,0.942955,0.942955,0.000215,True,accepted_posterior,bayes-hmm-v1,true
cam5,1715,1654,0.948521,0.948521,0.000235,True,accepted_posterior,bayes-hmm-v1,true
cam5,1716,1655,0.952908,0.952908,0.000206,True,accepted_posterior,bayes-hmm-v1,true
cam5,1717,1656,0.963057,0.963057,0.000274,True,accepted_posterior,bayes-hmm-v1,true
cam5,1718,1657,0.973224,0.973224,0.000242,True,accepted_posterior,bayes-hmm-v1,true
cam5,1719,1658,0.976887,0.976887,0.000207,True,accepted_posterior,bayes-hmm-v1,true
cam5,1720,1659,0.961673,0.961673,0.00029,True,accepted_posterior,bayes-hmm-v1,true
cam5,1721,1660,0.967866,0.967866,0.000262,True,accepted_posterior,bayes-hmm-v1,true
cam5,1722,1662,0.981321,0.981321,0.000185,True,accepted_posterior,bayes-hmm-v1,true
cam5,1723,1663,0.987184,0.987184,0.000193,True,accepted_posterior,bayes-hmm-v1,true
cam5,1724,1663,0.958993,0.958993,0.000249,True,accepted_posterior,bayes-hmm-v1,true
cam5,1725,1665,0.988695,0.988695,0.000198,True,accepted_posterior,bayes-hmm-v1,true
cam5,1726,1666,0.989607,0.989607,0.000196,True,accepted_posterior,bayes-hmm-v1,true
cam5,1727,1667,0.995765,0.995765,0.000111,True,accepted_posterior,bayes-hmm-v1,true
cam5,1728,1668,0.99563,0.99563,0.000114,True,accepted_posterior,bayes-hmm-v1,true
cam5,1729,1668,0.9943,0.9943,0.000124,True,accepted_posterior,bayes-hmm-v1,true
cam5,1730,1669,0.985312,0.985312,0.000159,True,accepted_posterior,bayes-hmm-v1,true
cam5,1731,1670,0.975683,0.975683,0.000107,True,accepted_posterior,bayes-hmm-v1,true
cam5,1732,1672,0.984428,0.984428,0.00013,True,accepted_posterior,bayes-hmm-v1,true
cam5,1733,1673,0.976655,0.976655,0.000145,True,accepted_posterior,bayes-hmm-v1,true
cam5,1734,1674,0.975325,0.975325,0.000182,True,accepted_posterior,bayes-hmm-v1,true
cam5,1735,1676,0.951368,0.951368,0.000152,True,accepted_posterior,bayes-hmm-v1,true
cam5,1736,1677,0.956459,0.956459,0.000177,True,accepted_posterior,bayes-hmm-v1,true
cam5,1737,1678,0.962976,0.962976,0.000179,True,accepted_posterior,bayes-hmm-v1,true
cam5,1738,1679,0.96601,0.96601,0.000175,True,accepted_posterior,bayes-hmm-v1,true
cam5,1739,1679,0.934102,0.934102,0.000156,True,accepted_posterior,bayes-hmm-v1,true
cam5,1740,1681,0.977136,0.977136,0.000162,True,accepted_posterior,bayes-hmm-v1,true
cam5,1741,1682,0.968506,0.968506,0.000152,True,accepted_posterior,bayes-hmm-v1,true
cam5,1742,1683,0.977218,0.977218,0.000125,True,accepted_posterior,bayes-hmm-v1,true
cam5,1743,1685,0.978077,0.978077,0.000107,True,accepted_posterior,bayes-hmm-v1,true
cam5,1744,1686,0.98302,0.98302,5.5e-05,True,accepted_posterior,bayes-hmm-v1,true
cam5,1745,1687,0.992361,0.992361,5.6e-05,True,accepted_posterior,bayes-hmm-v1,true
cam5,1746,1688,0.993388,0.993388,5.2e-05,True,accepted_posterior,bayes-hmm-v1,true
cam5,1747,1689,0.992482,0.992482,5.3e-05,True,accepted_posterior,bayes-hmm-v1,true
cam5,1748,1690,0.985309,0.985309,7.4e-05,True,accepted_posterior,bayes-hmm-v1,true
cam5,1749,1691,0.993647,0.993647,7.6e-05,True,accepted_posterior,bayes-hmm-v1,true
cam5,1750,1692,0.984083,0.984083,8.3e-05,True,accepted_posterior,bayes-hmm-v1,true
cam5,1751,1693,0.95919,0.95919,0.000131,True,accepted_posterior,bayes-hmm-v1,true
cam5,1752,1694,0.917782,0.917782,0.00021,True,accepted_posterior,bayes-hmm-v1,true
cam5,1753,1696,0.930949,0.930949,0.000274,True,accepted_posterior,bayes-hmm-v1,true
cam5,1754,1697,0.941537,0.941537,0.000249,True,accepted_posterior,bayes-hmm-v1,true
cam5,1755,1699,0.967534,0.967534,0.000181,True,accepted_posterior,bayes-hmm-v1,true
cam5,1756,1700,0.979825,0.979825,0.000161,True,accepted_posterior,bayes-hmm-v1,true
cam5,1757,1701,0.985044,0.985044,0.000128,True,accepted_posterior,bayes-hmm-v1,true
cam5,1758,1702,0.97249,0.97249,0.000147,True,accepted_posterior,bayes-hmm-v1,true
cam5,1759,1704,0.95557,0.95557,0.000153,True,accepted_posterior,bayes-hmm-v1,true
cam5,1760,1705,0.972037,0.972037,0.000128,True,accepted_posterior,bayes-hmm-v1,true
cam5,1761,1706,0.971995,0.971995,0.000103,True,accepted_posterior,bayes-hmm-v1,true
cam5,1762,1708,0.959679,0.959679,0.000108,True,accepted_posterior,bayes-hmm-v1,true
cam5,1763,1709,0.976034,0.976034,0.000113,True,accepted_posterior,bayes-hmm-v1,true
cam5,1764,1710,0.965747,0.965747,9.2e-05,True,accepted_posterior,bayes-hmm-v1,true
cam5,1765,1711,0.969674,0.969674,0.000114,True,accepted_posterior,bayes-hmm-v1,true
cam5,1766,1711,0.901546,0.901546,0.000116,True,accepted_posterior,bayes-hmm-v1,true
cam5,1767,1713,0.980385,0.980385,0.000132,True,accepted_posterior,bayes-hmm-v1,true
cam5,1768,1714,0.97291,0.97291,0.000142,True,accepted_posterior,bayes-hmm-v1,true
cam5,1769,1714,0.885083,0.885083,0.000192,True,accepted_posterior,bayes-hmm-v1,true
cam5,1770,1716,0.977761,0.977761,0.000163,True,accepted_posterior,bayes-hmm-v1,true
cam5,1771,1717,0.983926,0.983926,0.000155,True,accepted_posterior,bayes-hmm-v1,true
cam5,1772,1719,0.98666,0.98666,0.00018,True,accepted_posterior,bayes-hmm-v1,true
cam5,1773,1720,0.987083,0.987083,0.000181,True,accepted_posterior,bayes-hmm-v1,true
cam5,1774,1721,0.986077,0.986077,0.000167,True,accepted_posterior,bayes-hmm-v1,true
cam5,1775,1722,0.987606,0.987606,0.000157,True,accepted_posterior,bayes-hmm-v1,true
cam5,1776,1723,0.992642,0.992642,0.000162,True,accepted_posterior,bayes-hmm-v1,true
cam5,1777,1724,0.987158,0.987158,0.000143,True,accepted_posterior,bayes-hmm-v1,true
cam5,1778,1725,0.975939,0.975939,0.000232,True,accepted_posterior,bayes-hmm-v1,true
cam5,1779,1727,0.961712,0.961712,0.000236,True,accepted_posterior,bayes-hmm-v1,true
cam5,1780,1728,0.967092,0.967092,0.000254,True,accepted_posterior,bayes-hmm-v1,true
cam5,1781,1729,0.981975,0.981975,0.000249,True,accepted_posterior,bayes-hmm-v1,true
cam5,1782,1730,0.992099,0.992099,0.000208,True,accepted_posterior,bayes-hmm-v1,true
cam5,1783,1731,0.994088,0.994088,0.000168,True,accepted_posterior,bayes-hmm-v1,true
cam5,1784,1732,0.981453,0.981453,0.000194,True,accepted_posterior,bayes-hmm-v1,true
cam5,1785,1733,0.934896,0.934896,0.000254,True,accepted_posterior,bayes-hmm-v1,true
cam5,1786,1735,0.956544,0.956544,0.000285,True,accepted_posterior,bayes-hmm-v1,true
cam5,1787,1736,0.94655,0.94655,0.00028,True,accepted_posterior,bayes-hmm-v1,true
cam5,1788,1738,0.920987,0.920987,0.000243,True,accepted_posterior,bayes-hmm-v1,true
cam5,1789,1739,0.944805,0.944805,0.000208,True,accepted_posterior,bayes-hmm-v1,true
cam5,1790,1740,0.956213,0.956213,0.000225,True,accepted_posterior,bayes-hmm-v1,true
cam5,1791,1741,0.955913,0.955913,0.00026,True,accepted_posterior,bayes-hmm-v1,true
cam5,1792,1741,0.928148,0.928148,0.000284,True,accepted_posterior,bayes-hmm-v1,true
cam5,1793,1743,0.970184,0.970184,0.000269,True,accepted_posterior,bayes-hmm-v1,true
cam5,1794,1744,0.973803,0.973803,0.000271,True,accepted_posterior,bayes-hmm-v1,true
cam5,1795,1745,0.979325,0.979325,0.00026,True,accepted_posterior,bayes-hmm-v1,true
cam5,1796,1746,0.984604,0.984604,0.000253,True,accepted_posterior,bayes-hmm-v1,true
cam5,1797,1747,0.987345,0.987345,0.000222,True,accepted_posterior,bayes-hmm-v1,true
cam5,1798,1748,0.98481,0.98481,0.000212,True,accepted_posterior,bayes-hmm-v1,true
cam5,1799,1749,0.976006,0.976006,0.000313,True,accepted_posterior,bayes-hmm-v1,true
cam5,1800,1750,0.96447,0.96447,0.000326,True,accepted_posterior,bayes-hmm-v1,true
cam5,1801,1751,0.957277,0.957277,0.00037,True,accepted_posterior,bayes-hmm-v1,true
cam5,1802,1753,0.895242,0.895242,0.000388,True,accepted_posterior,bayes-hmm-v1,true
cam5,1803,1753,0.975461,0.975461,0.000355,True,accepted_posterior,bayes-hmm-v1,true
cam5,1804,1754,0.981372,0.981372,0.000249,True,accepted_posterior,bayes-hmm-v1,true
cam5,1805,1755,0.986829,0.986829,0.000241,True,accepted_posterior,bayes-hmm-v1,true
cam5,1806,1756,0.981175,0.981175,0.000259,True,accepted_posterior,bayes-hmm-v1,true
cam5,1807,1757,0.967841,0.967841,0.000257,True,accepted_posterior,bayes-hmm-v1,true
cam5,1808,1758,0.969232,0.969232,0.000277,True,accepted_posterior,bayes-hmm-v1,true
cam5,1809,1759,0.968266,0.968266,0.000313,True,accepted_posterior,bayes-hmm-v1,true
cam5,1810,1760,0.954732,0.954732,0.000304,True,accepted_posterior,bayes-hmm-v1,true
cam5,1811,1761,0.962518,0.962518,0.000349,True,accepted_posterior,bayes-hmm-v1,true
cam5,1812,1761,0.933411,0.933411,0.000448,True,accepted_posterior,bayes-hmm-v1,true
cam5,1813,1763,0.943422,0.943422,0.000542,True,accepted_posterior,bayes-hmm-v1,true
cam5,1814,1764,0.942607,0.942607,0.000472,True,accepted_posterior,bayes-hmm-v1,true
cam5,1815,1765,0.957357,0.957357,0.000532,True,accepted_posterior,bayes-hmm-v1,true
cam5,1816,1765,0.959387,0.959387,0.000518,True,accepted_posterior,bayes-hmm-v1,true
cam5,1817,1767,0.968425,0.968425,0.000528,True,accepted_posterior,bayes-hmm-v1,true
cam5,1818,1767,0.960506,0.960506,0.000451,True,accepted_posterior,bayes-hmm-v1,true
cam5,1819,1769,0.961307,0.961307,0.000444,True,accepted_posterior,bayes-hmm-v1,true
cam5,1820,1769,0.910599,0.910599,0.000585,True,accepted_posterior,bayes-hmm-v1,true
cam5,1821,1771,0.965223,0.965223,0.000558,True,accepted_posterior,bayes-hmm-v1,true
cam5,1822,1772,0.961429,0.961429,0.000516,True,accepted_posterior,bayes-hmm-v1,true
cam5,1823,1773,0.942464,0.942464,0.000555,True,accepted_posterior,bayes-hmm-v1,true
cam5,1824,1774,0.876827,0.876827,0.000671,True,accepted_posterior,bayes-hmm-v1,true
cam5,1825,1777,0.865442,0.865442,0.000745,True,accepted_posterior,bayes-hmm-v1,true
cam5,1826,1778,0.894154,0.894154,0.000663,True,accepted_posterior,bayes-hmm-v1,true
cam5,1827,1779,0.933289,0.933289,0.00059,True,accepted_posterior,bayes-hmm-v1,true
cam5,1828,1779,0.96652,0.96652,0.000504,True,accepted_posterior,bayes-hmm-v1,true
cam5,1829,1779,0.899951,0.899951,0.000657,True,accepted_posterior,bayes-hmm-v1,true
cam5,1830,1781,0.983533,0.983533,0.000595,True,accepted_posterior,bayes-hmm-v1,true
cam5,1831,1782,0.969891,0.969891,0.000535,True,accepted_posterior,bayes-hmm-v1,true
cam5,1832,1782,0.981491,0.981491,0.000374,True,accepted_posterior,bayes-hmm-v1,true
cam5,1833,1783,0.990791,0.990791,0.000385,True,accepted_posterior,bayes-hmm-v1,true
cam5,1834,1784,0.990357,0.990357,0.00053,True,accepted_posterior,bayes-hmm-v1,true
cam5,1835,1785,0.991552,0.991552,0.000593,True,accepted_posterior,bayes-hmm-v1,true
cam5,1836,1785,0.97388,0.97388,0.000617,True,accepted_posterior,bayes-hmm-v1,true
cam5,1837,1787,0.996331,0.996331,0.000388,True,accepted_posterior,bayes-hmm-v1,true
cam5,1838,1787,0.998287,0.998287,0.0002,True,accepted_posterior,bayes-hmm-v1,true
cam5,1839,1788,0.996931,0.996931,0.000125,True,accepted_posterior,bayes-hmm-v1,true
cam5,1840,1789,0.993315,0.993315,0.000173,True,accepted_posterior,bayes-hmm-v1,true
cam5,1841,1789,0.941624,0.941624,0.000257,True,accepted_posterior,bayes-hmm-v1,true
cam5,1842,1790,0.885594,0.885594,0.000261,True,accepted_posterior,bayes-hmm-v1,true
cam5,1843,1791,0.872592,0.872592,0.000265,True,accepted_posterior,bayes-hmm-v1,true
cam5,1844,1794,0.986453,0.986453,0.000312,True,accepted_posterior,bayes-hmm-v1,true
cam5,1845,1795,0.984301,0.984301,0.000279,True,accepted_posterior,bayes-hmm-v1,true
cam5,1846,1796,0.975958,0.975958,0.0002,True,accepted_posterior,bayes-hmm-v1,true
cam5,1847,1797,0.957326,0.957326,0.000235,True,accepted_posterior,bayes-hmm-v1,true
cam5,1848,1798,0.968292,0.968292,0.000277,True,accepted_posterior,bayes-hmm-v1,true
cam5,1849,1800,0.9612,0.9612,0.000247,True,accepted_posterior,bayes-hmm-v1,true
cam5,1850,1801,0.977474,0.977474,0.000225,True,accepted_posterior,bayes-hmm-v1,true
cam5,1851,1802,0.985033,0.985033,0.000288,True,accepted_posterior,bayes-hmm-v1,true
cam5,1852,1803,0.982625,0.982625,0.000305,True,accepted_posterior,bayes-hmm-v1,true
cam5,1853,1804,0.98582,0.98582,0.000327,True,accepted_posterior,bayes-hmm-v1,true
cam5,1854,1805,0.988545,0.988545,0.000325,True,accepted_posterior,bayes-hmm-v1,true
cam5,1855,1806,0.988751,0.988751,0.000352,True,accepted_posterior,bayes-hmm-v1,true
cam5,1856,1807,0.99392,0.99392,0.000308,True,accepted_posterior,bayes-hmm-v1,true
cam5,1857,1808,0.991924,0.991924,0.000323,True,accepted_posterior,bayes-hmm-v1,true
cam5,1858,1809,0.993884,0.993884,0.000313,True,accepted_posterior,bayes-hmm-v1,true
cam5,1859,1810,0.992378,0.992378,0.000309,True,accepted_posterior,bayes-hmm-v1,true
cam5,1860,1811,0.995772,0.995772,0.000264,True,accepted_posterior,bayes-hmm-v1,true
cam5,1861,1812,0.995133,0.995133,0.000264,True,accepted_posterior,bayes-hmm-v1,true
cam5,1862,1813,0.996476,0.996476,0.000357,True,accepted_posterior,bayes-hmm-v1,true
cam5,1863,1814,0.993992,0.993992,0.000431,True,accepted_posterior,bayes-hmm-v1,true
cam5,1864,1815,0.995787,0.995787,0.000576,True,accepted_posterior,bayes-hmm-v1,true
cam5,1865,1816,0.993064,0.993064,0.000485,True,accepted_posterior,bayes-hmm-v1,true
cam5,1866,1817,0.993469,0.993469,0.000379,True,accepted_posterior,bayes-hmm-v1,true
cam5,1867,1818,0.992615,0.992615,0.000287,True,accepted_posterior,bayes-hmm-v1,true
cam5,1868,1820,0.990621,0.990621,0.000335,True,accepted_posterior,bayes-hmm-v1,true
cam5,1869,1821,0.990822,0.990822,0.000349,True,accepted_posterior,bayes-hmm-v1,true
cam5,1870,1822,0.994375,0.994375,0.000314,True,accepted_posterior,bayes-hmm-v1,true
cam5,1871,1823,0.992468,0.992468,0.000349,True,accepted_posterior,bayes-hmm-v1,true
cam5,1872,1823,0.977801,0.977801,0.000452,True,accepted_posterior,bayes-hmm-v1,true
cam5,1873,1825,0.979846,0.979846,0.000498,True,accepted_posterior,bayes-hmm-v1,true
cam5,1874,1825,0.982523,0.982523,0.000491,True,accepted_posterior,bayes-hmm-v1,true
cam5,1875,1826,0.988431,0.988431,0.000462,True,accepted_posterior,bayes-hmm-v1,true
cam5,1876,1827,0.993918,0.993918,0.000452,True,accepted_posterior,bayes-hmm-v1,true
cam5,1877,1828,0.992169,0.992169,0.000414,True,accepted_posterior,bayes-hmm-v1,true
cam5,1878,1829,0.990549,0.990549,0.000356,True,accepted_posterior,bayes-hmm-v1,true
cam5,1879,1830,0.989624,0.989624,0.000374,True,accepted_posterior,bayes-hmm-v1,true
cam5,1880,1831,0.989984,0.989984,0.000433,True,accepted_posterior,bayes-hmm-v1,true
cam5,1881,1832,0.982049,0.982049,0.000408,True,accepted_posterior,bayes-hmm-v1,true
cam5,1882,1833,0.985243,0.985243,0.000289,True,accepted_posterior,bayes-hmm-v1,true
cam5,1883,1833,0.991931,0.991931,0.000302,True,accepted_posterior,bayes-hmm-v1,true
cam5,1884,1834,0.995702,0.995702,0.000357,True,accepted_posterior,bayes-hmm-v1,true
cam5,1885,1836,0.97421,0.97421,0.000341,True,accepted_posterior,bayes-hmm-v1,true
cam5,1886,1836,0.991162,0.991162,0.000349,True,accepted_posterior,bayes-hmm-v1,true
cam5,1887,1837,0.992353,0.992353,0.000326,True,accepted_posterior,bayes-hmm-v1,true
cam5,1888,1839,0.984572,0.984572,0.000325,True,accepted_posterior,bayes-hmm-v1,true
cam5,1889,1840,0.986634,0.986634,0.000348,True,accepted_posterior,bayes-hmm-v1,true
cam5,1890,1840,0.988574,0.988574,0.000308,True,accepted_posterior,bayes-hmm-v1,true
cam5,1891,1841,0.984305,0.984305,0.000422,True,accepted_posterior,bayes-hmm-v1,true
cam5,1892,1843,0.989334,0.989334,0.000413,True,accepted_posterior,bayes-hmm-v1,true
cam5,1893,1844,0.991443,0.991443,0.00038,True,accepted_posterior,bayes-hmm-v1,true
cam5,1894,1845,0.98876,0.98876,0.000363,True,accepted_posterior,bayes-hmm-v1,true
cam5,1895,1846,0.986393,0.986393,0.000387,True,accepted_posterior,bayes-hmm-v1,true
cam5,1896,1847,0.982233,0.982233,0.000367,True,accepted_posterior,bayes-hmm-v1,true
cam5,1897,1848,0.973258,0.973258,0.000319,True,accepted_posterior,bayes-hmm-v1,true
cam5,1898,1849,0.983321,0.983321,0.00032,True,accepted_posterior,bayes-hmm-v1,true
cam5,1899,1851,0.975701,0.975701,0.000303,True,accepted_posterior,bayes-hmm-v1,true
cam5,1900,1851,0.970189,0.970189,0.000291,True,accepted_posterior,bayes-hmm-v1,true
cam5,1901,1852,0.951008,0.951008,0.000375,True,accepted_posterior,bayes-hmm-v1,true
cam5,1902,1853,0.905926,0.905926,0.000466,True,accepted_posterior,bayes-hmm-v1,true
cam5,1903,1855,0.952199,0.952199,0.000484,True,accepted_posterior,bayes-hmm-v1,true
cam5,1904,1856,0.944241,0.944241,0.000509,True,accepted_posterior,bayes-hmm-v1,true
cam5,1905,1857,0.940727,0.940727,0.000612,True,accepted_posterior,bayes-hmm-v1,true
cam5,1906,1858,0.960401,0.960401,0.000597,True,accepted_posterior,bayes-hmm-v1,true
cam5,1907,1859,0.972813,0.972813,0.000495,True,accepted_posterior,bayes-hmm-v1,true
cam5,1908,1860,0.981371,0.981371,0.000397,True,accepted_posterior,bayes-hmm-v1,true
cam5,1909,1861,0.98107,0.98107,0.000378,True,accepted_posterior,bayes-hmm-v1,true
cam5,1910,1862,0.992622,0.992622,0.000367,True,accepted_posterior,bayes-hmm-v1,true
cam5,1911,1863,0.992569,0.992569,0.000336,True,accepted_posterior,bayes-hmm-v1,true
cam5,1912,1864,0.994073,0.994073,0.000358,True,accepted_posterior,bayes-hmm-v1,true
cam5,1913,1865,0.992207,0.992207,0.000373,True,accepted_posterior,bayes-hmm-v1,true
cam5,1914,1866,0.995316,0.995316,0.000427,True,accepted_posterior,bayes-hmm-v1,true
cam5,1915,1867,0.9952,0.9952,0.000332,True,accepted_posterior,bayes-hmm-v1,true
cam5,1916,1868,0.995036,0.995036,0.000304,True,accepted_posterior,bayes-hmm-v1,true
cam5,1917,1869,0.992789,0.992789,0.000327,True,accepted_posterior,bayes-hmm-v1,true
cam5,1918,1870,0.988409,0.988409,0.000276,True,accepted_posterior,bayes-hmm-v1,true
cam5,1919,1870,0.995992,0.995992,0.000246,True,accepted_posterior,bayes-hmm-v1,true
cam5,1920,1871,0.996898,0.996898,0.000273,True,accepted_posterior,bayes-hmm-v1,true
cam5,1921,1872,0.995273,0.995273,0.000249,True,accepted_posterior,bayes-hmm-v1,true
cam5,1922,1873,0.992049,0.992049,0.000271,True,accepted_posterior,bayes-hmm-v1,true
cam5,1923,1873,0.915104,0.915104,0.000261,True,accepted_posterior,bayes-hmm-v1,true
cam5,1924,1876,0.882658,0.882658,0.000275,True,accepted_posterior,bayes-hmm-v1,true
cam5,1925,1877,0.947444,0.947444,0.000195,True,accepted_posterior,bayes-hmm-v1,true
cam5,1926,1878,0.979988,0.979988,0.000185,True,accepted_posterior,bayes-hmm-v1,true
cam5,1927,1879,0.99257,0.99257,0.000135,True,accepted_posterior,bayes-hmm-v1,true
cam5,1928,1880,0.997678,0.997678,9.8e-05,True,accepted_posterior,bayes-hmm-v1,true
cam5,1929,1880,0.993456,0.993456,0.000104,True,accepted_posterior,bayes-hmm-v1,true
cam5,1930,1882,0.988301,0.988301,0.000162,True,accepted_posterior,bayes-hmm-v1,true
cam5,1931,1882,0.905471,0.905471,0.000218,True,accepted_posterior,bayes-hmm-v1,true
cam5,1932,1883,0.828353,0.828353,0.000297,True,accepted_posterior,bayes-hmm-v1,true
cam5,1933,1884,0.755619,0.755619,0.000291,True,accepted_posterior,bayes-hmm-v1,true
cam5,1934,1887,0.874584,0.874584,0.000173,True,accepted_posterior,bayes-hmm-v1,true
cam5,1935,1888,0.881926,0.881926,0.000123,True,accepted_posterior,bayes-hmm-v1,true
cam5,1936,1888,0.893507,0.893507,0.000114,True,accepted_posterior,bayes-hmm-v1,true
cam5,1937,1890,0.875768,0.875768,0.000114,True,accepted_posterior,bayes-hmm-v1,true
cam5,1938,1890,0.915271,0.915271,0.000105,True,accepted_posterior,bayes-hmm-v1,true
cam5,1939,1891,0.938332,0.938332,8.7e-05,True,accepted_posterior,bayes-hmm-v1,true
cam5,1940,1892,0.960374,0.960374,8.2e-05,True,accepted_posterior,bayes-hmm-v1,true
cam5,1941,1893,0.966836,0.966836,7e-05,True,accepted_posterior,bayes-hmm-v1,true
cam5,1942,1894,0.978983,0.978983,6.2e-05,True,accepted_posterior,bayes-hmm-v1,true
cam5,1943,1895,0.979311,0.979311,6.2e-05,True,accepted_posterior,bayes-hmm-v1,true
cam5,1944,1896,0.986509,0.986509,5e-05,True,accepted_posterior,bayes-hmm-v1,true
cam5,1945,1896,0.998098,0.998098,5.5e-05,True,accepted_posterior,bayes-hmm-v1,true
cam5,1946,1897,0.998097,0.998097,5.8e-05,True,accepted_posterior,bayes-hmm-v1,true
cam5,1947,1898,0.997253,0.997253,0.000116,True,accepted_posterior,bayes-hmm-v1,true
cam5,1948,1899,0.997301,0.997301,0.00016,True,accepted_posterior,bayes-hmm-v1,true
cam5,1949,1900,0.997771,0.997771,0.000147,True,accepted_posterior,bayes-hmm-v1,true
cam5,1950,1901,0.995046,0.995046,0.000207,True,accepted_posterior,bayes-hmm-v1,true
cam5,1951,1902,0.986255,0.986255,0.000282,True,accepted_posterior,bayes-hmm-v1,true
cam5,1952,1904,0.992037,0.992037,0.000381,True,accepted_posterior,bayes-hmm-v1,true
cam5,1953,1905,0.992439,0.992439,0.000244,True,accepted_posterior,bayes-hmm-v1,true
cam5,1954,1906,0.996225,0.996225,0.000169,True,accepted_posterior,bayes-hmm-v1,true
cam5,1955,1907,0.996606,0.996606,0.000186,True,accepted_posterior,bayes-hmm-v1,true
cam5,1956,1908,0.997535,0.997535,0.000224,True,accepted_posterior,bayes-hmm-v1,true
cam5,1957,1909,0.995326,0.995326,0.000211,True,accepted_posterior,bayes-hmm-v1,true
cam5,1958,1910,0.997703,0.997703,0.000201,True,accepted_posterior,bayes-hmm-v1,true
cam5,1959,1911,0.997081,0.997081,0.000159,True,accepted_posterior,bayes-hmm-v1,true
cam5,1960,1912,0.995402,0.995402,0.000235,True,accepted_posterior,bayes-hmm-v1,true
cam5,1961,1913,0.994885,0.994885,0.000224,True,accepted_posterior,bayes-hmm-v1,true
cam5,1962,1913,0.989533,0.989533,0.000246,True,accepted_posterior,bayes-hmm-v1,true
cam5,1963,1915,0.986841,0.986841,0.00031,True,accepted_posterior,bayes-hmm-v1,true
cam5,1964,1915,0.986938,0.986938,0.000294,True,accepted_posterior,bayes-hmm-v1,true
cam5,1965,1917,0.98155,0.98155,0.000359,True,accepted_posterior,bayes-hmm-v1,true
cam5,1966,1918,0.97338,0.97338,0.000357,True,accepted_posterior,bayes-hmm-v1,true
cam5,1967,1919,0.989254,0.989254,0.000281,True,accepted_posterior,bayes-hmm-v1,true
cam5,1968,1920,0.991825,0.991825,0.0002,True,accepted_posterior,bayes-hmm-v1,true
cam5,1969,1921,0.996973,0.996973,0.000175,True,accepted_posterior,bayes-hmm-v1,true
cam5,1970,1923,0.986725,0.986725,0.000189,True,accepted_posterior,bayes-hmm-v1,true
cam5,1971,1923,0.985098,0.985098,0.000325,True,accepted_posterior,bayes-hmm-v1,true
cam5,1972,1924,0.971516,0.971516,0.000424,True,accepted_posterior,bayes-hmm-v1,true
cam5,1973,1926,0.976431,0.976431,0.0004,True,accepted_posterior,bayes-hmm-v1,true
cam5,1974,1927,0.972128,0.972128,0.000417,True,accepted_posterior,bayes-hmm-v1,true
cam5,1975,1928,0.980216,0.980216,0.000385,True,accepted_posterior,bayes-hmm-v1,true
cam5,1976,1930,0.971126,0.971126,0.00037,True,accepted_posterior,bayes-hmm-v1,true
cam5,1977,1930,0.983347,0.983347,0.000273,True,accepted_posterior,bayes-hmm-v1,true
cam5,1978,1932,0.984302,0.984302,0.000231,True,accepted_posterior,bayes-hmm-v1,true
cam5,1979,1932,0.994299,0.994299,0.000223,True,accepted_posterior,bayes-hmm-v1,true
cam5,1980,1934,0.984786,0.984786,0.000145,True,accepted_posterior,bayes-hmm-v1,true
cam5,1981,1934,0.996415,0.996415,0.000154,True,accepted_posterior,bayes-hmm-v1,true
cam5,1982,1935,0.994882,0.994882,0.000153,True,accepted_posterior,bayes-hmm-v1,true
cam5,1983,1936,0.996589,0.996589,0.000154,True,accepted_posterior,bayes-hmm-v1,true
cam5,1984,1937,0.994505,0.994505,0.000124,True,accepted_posterior,bayes-hmm-v1,true
cam5,1985,1938,0.995274,0.995274,0.000129,True,accepted_posterior,bayes-hmm-v1,true
cam5,1986,1939,0.990728,0.990728,0.00012,True,accepted_posterior,bayes-hmm-v1,true
cam5,1987,1940,0.979344,0.979344,0.000166,True,accepted_posterior,bayes-hmm-v1,true
cam5,1988,1941,0.961051,0.961051,0.000238,True,accepted_posterior,bayes-hmm-v1,true
cam5,1989,1943,0.945242,0.945242,0.00026,True,accepted_posterior,bayes-hmm-v1,true
cam5,1990,1944,0.958053,0.958053,0.000278,True,accepted_posterior,bayes-hmm-v1,true
cam5,1991,1945,0.935397,0.935397,0.000317,True,accepted_posterior,bayes-hmm-v1,true
cam5,1992,1948,0.80273,0.80273,0.000284,True,accepted_posterior,bayes-hmm-v1,true
cam5,1993,1948,0.954972,0.954972,0.000277,True,accepted_posterior,bayes-hmm-v1,true
cam5,1994,1949,0.976116,0.976116,0.000262,True,accepted_posterior,bayes-hmm-v1,true
cam5,1995,1951,0.881653,0.881653,0.000312,True,accepted_posterior,bayes-hmm-v1,true
cam5,1996,1951,0.980987,0.980987,0.000278,True,accepted_posterior,bayes-hmm-v1,true
cam5,1997,1952,0.979702,0.979702,0.000315,True,accepted_posterior,bayes-hmm-v1,true
cam5,1998,1952,0.988182,0.988182,0.000283,True,accepted_posterior,bayes-hmm-v1,true
cam5,1999,1953,0.989376,0.989376,0.000286,True,accepted_posterior,bayes-hmm-v1,true
cam5,2000,1954,0.986775,0.986775,0.00037,True,accepted_posterior,bayes-hmm-v1,true
cam5,2001,1955,0.96724,0.96724,0.000471,True,accepted_posterior,bayes-hmm-v1,true
cam5,2002,1956,0.961735,0.961735,0.000579,True,accepted_posterior,bayes-hmm-v1,true
cam5,2003,1956,0.830642,0.830642,0.000667,True,accepted_posterior,bayes-hmm-v1,true
cam5,2004,1958,0.964456,0.964456,0.000739,True,accepted_posterior,bayes-hmm-v1,true
cam5,2005,1959,0.968133,0.968133,0.000725,True,accepted_posterior,bayes-hmm-v1,true
cam5,2006,1960,0.975162,0.975162,0.000509,True,accepted_posterior,bayes-hmm-v1,true
cam5,2007,1961,0.97143,0.97143,0.000401,True,accepted_posterior,bayes-hmm-v1,true
cam5,2008,1962,0.97972,0.97972,0.000386,True,accepted_posterior,bayes-hmm-v1,true
cam5,2009,1962,0.959939,0.959939,0.000379,True,accepted_posterior,bayes-hmm-v1,true
cam5,2010,1964,0.994063,0.994063,0.000285,True,accepted_posterior,bayes-hmm-v1,true
cam5,2011,1965,0.992907,0.992907,0.000267,True,accepted_posterior,bayes-hmm-v1,true
cam5,2012,1965,0.99562,0.99562,0.000303,True,accepted_posterior,bayes-hmm-v1,true
cam5,2013,1966,0.992856,0.992856,0.000335,True,accepted_posterior,bayes-hmm-v1,true
cam5,2014,1967,0.994672,0.994672,0.000293,True,accepted_posterior,bayes-hmm-v1,true
cam5,2015,1969,0.992598,0.992598,0.000274,True,accepted_posterior,bayes-hmm-v1,true
cam5,2016,1970,0.994315,0.994315,0.000219,True,accepted_posterior,bayes-hmm-v1,true
cam5,2017,1971,0.993861,0.993861,0.000213,True,accepted_posterior,bayes-hmm-v1,true
cam5,2018,1972,0.992674,0.992674,0.000189,True,accepted_posterior,bayes-hmm-v1,true
cam5,2019,1973,0.990343,0.990343,0.000129,True,accepted_posterior,bayes-hmm-v1,true
cam5,2020,1974,0.98685,0.98685,0.00012,True,accepted_posterior,bayes-hmm-v1,true
cam5,2021,1975,0.97467,0.97467,0.000136,True,accepted_posterior,bayes-hmm-v1,true
cam5,2022,1976,0.954121,0.954121,0.000138,True,accepted_posterior,bayes-hmm-v1,true
cam5,2023,1977,0.952303,0.952303,0.000135,True,accepted_posterior,bayes-hmm-v1,true
cam5,2024,1979,0.981134,0.981134,9.6e-05,True,accepted_posterior,bayes-hmm-v1,true
cam5,2025,1980,0.991924,0.991924,0.000111,True,accepted_posterior,bayes-hmm-v1,true
cam5,2026,1981,0.99597,0.99597,9.4e-05,True,accepted_posterior,bayes-hmm-v1,true
cam5,2027,1981,0.995899,0.995899,0.000115,True,accepted_posterior,bayes-hmm-v1,true
cam5,2028,1982,0.992262,0.992262,9.5e-05,True,accepted_posterior,bayes-hmm-v1,true
cam5,2029,1983,0.991291,0.991291,0.000118,True,accepted_posterior,bayes-hmm-v1,true
cam5,2030,1985,0.9973,0.9973,0.000136,True,accepted_posterior,bayes-hmm-v1,true
cam5,2031,1986,0.996974,0.996974,0.000118,True,accepted_posterior,bayes-hmm-v1,true
cam5,2032,1987,0.998814,0.998814,9.1e-05,True,accepted_posterior,bayes-hmm-v1,true
cam5,2033,1988,0.998821,0.998821,0.000108,True,accepted_posterior,bayes-hmm-v1,true
cam5,2034,1989,0.998573,0.998573,0.000131,True,accepted_posterior,bayes-hmm-v1,true
cam5,2035,1990,0.997476,0.997476,0.000193,True,accepted_posterior,bayes-hmm-v1,true
cam5,2036,1991,0.994655,0.994655,0.000252,True,accepted_posterior,bayes-hmm-v1,true
cam5,2037,1992,0.983971,0.983971,0.000221,True,accepted_posterior,bayes-hmm-v1,true
cam5,2038,1994,0.997491,0.997491,0.000186,True,accepted_posterior,bayes-hmm-v1,true
cam5,2039,1995,0.997746,0.997746,0.000134,True,accepted_posterior,bayes-hmm-v1,true
cam5,2040,1996,0.998889,0.998889,7.7e-05,True,accepted_posterior,bayes-hmm-v1,true
cam5,2041,1997,0.999469,0.999469,0.000104,True,accepted_posterior,bayes-hmm-v1,true
cam5,2042,1998,0.998855,0.998855,0.000112,True,accepted_posterior,bayes-hmm-v1,true
cam5,2043,1999,0.996889,0.996889,0.000127,True,accepted_posterior,bayes-hmm-v1,true
cam5,2044,2000,0.996286,0.996286,0.000117,True,accepted_posterior,bayes-hmm-v1,true
cam5,2045,2001,0.998223,0.998223,0.000126,True,accepted_posterior,bayes-hmm-v1,true
cam5,2046,2003,0.995271,0.995271,8.9e-05,True,accepted_posterior,bayes-hmm-v1,true
cam5,2047,2003,0.99345,0.99345,0.000129,True,accepted_posterior,bayes-hmm-v1,true
cam5,2048,2005,0.996525,0.996525,0.000157,True,accepted_posterior,bayes-hmm-v1,true
cam5,2049,2006,0.994126,0.994126,0.000167,True,accepted_posterior,bayes-hmm-v1,true
cam5,2050,2007,0.997623,0.997623,0.000165,True,accepted_posterior,bayes-hmm-v1,true
cam5,2051,2008,0.998006,0.998006,0.000199,True,accepted_posterior,bayes-hmm-v1,true
cam5,2052,2009,0.996622,0.996622,0.000197,True,accepted_posterior,bayes-hmm-v1,true
cam5,2053,2010,0.994691,0.994691,0.000172,True,accepted_posterior,bayes-hmm-v1,true
cam5,2054,2012,0.997755,0.997755,0.000187,True,accepted_posterior,bayes-hmm-v1,true
cam5,2055,2013,0.996117,0.996117,0.000223,True,accepted_posterior,bayes-hmm-v1,true
cam5,2056,2014,0.994011,0.994011,0.000281,True,accepted_posterior,bayes-hmm-v1,true
cam5,2057,2015,0.992126,0.992126,0.000266,True,accepted_posterior,bayes-hmm-v1,true
cam5,2058,2016,0.979534,0.979534,0.000242,True,accepted_posterior,bayes-hmm-v1,true
cam5,2059,2017,0.941642,0.941642,0.000289,True,accepted_posterior,bayes-hmm-v1,true
cam5,2060,2018,0.918272,0.918272,0.000378,True,accepted_posterior,bayes-hmm-v1,true
cam5,2061,2020,0.974642,0.974642,0.000434,True,accepted_posterior,bayes-hmm-v1,true
cam5,2062,2021,0.979492,0.979492,0.000384,True,accepted_posterior,bayes-hmm-v1,true
cam5,2063,2022,0.989366,0.989366,0.000345,True,accepted_posterior,bayes-hmm-v1,true
cam5,2064,2023,0.98994,0.98994,0.000216,True,accepted_posterior,bayes-hmm-v1,true
cam5,2065,2024,0.99533,0.99533,0.000231,True,accepted_posterior,bayes-hmm-v1,true
cam5,2066,2025,0.993349,0.993349,0.000217,True,accepted_posterior,bayes-hmm-v1,true
cam5,2067,2026,0.983907,0.983907,0.000282,True,accepted_posterior,bayes-hmm-v1,true
cam5,2068,2027,0.973222,0.973222,0.000397,True,accepted_posterior,bayes-hmm-v1,true
cam5,2069,2029,0.969493,0.969493,0.000464,True,accepted_posterior,bayes-hmm-v1,true
cam5,2070,2030,0.981662,0.981662,0.000468,True,accepted_posterior,bayes-hmm-v1,true
cam5,2071,2032,0.933879,0.933879,0.000577,True,accepted_posterior,bayes-hmm-v1,true
cam5,2072,2033,0.947517,0.947517,0.000482,True,accepted_posterior,bayes-hmm-v1,true
cam5,2073,2034,0.957434,0.957434,0.000491,True,accepted_posterior,bayes-hmm-v1,true
cam5,2074,2036,0.958274,0.958274,0.000368,True,accepted_posterior,bayes-hmm-v1,true
cam5,2075,2036,0.856129,0.856129,0.000402,True,accepted_posterior,bayes-hmm-v1,true
cam5,2076,2037,0.733807,0.733807,0.000349,True,accepted_posterior,bayes-hmm-v1,true
cam5,2077,2040,0.879023,0.879023,0.000451,True,accepted_posterior,bayes-hmm-v1,true
cam5,2078,2040,0.836065,0.836065,0.000518,True,accepted_posterior,bayes-hmm-v1,true
cam5,2079,2042,0.864181,0.864181,0.000622,True,accepted_posterior,bayes-hmm-v1,true
cam5,2080,2045,0.734072,0.734072,0.000612,True,accepted_posterior,bayes-hmm-v1,true
cam5,2081,2046,0.841642,0.841642,0.000588,True,accepted_posterior,bayes-hmm-v1,true
cam5,2082,2047,0.915587,0.915587,0.000381,True,accepted_posterior,bayes-hmm-v1,true
cam5,2083,2048,0.960032,0.960032,0.000361,True,accepted_posterior,bayes-hmm-v1,true
cam5,2084,2049,0.965771,0.965771,0.000288,True,accepted_posterior,bayes-hmm-v1,true
cam5,2085,2050,0.976987,0.976987,0.00029,True,accepted_posterior,bayes-hmm-v1,true
cam5,2086,2051,0.974691,0.974691,0.000236,True,accepted_posterior,bayes-hmm-v1,true
cam5,2087,2051,0.966602,0.966602,0.00028,True,accepted_posterior,bayes-hmm-v1,true
cam5,2088,2053,0.952749,0.952749,0.000278,True,accepted_posterior,bayes-hmm-v1,true
cam5,2089,2054,0.94077,0.94077,0.000339,True,accepted_posterior,bayes-hmm-v1,true
cam5,2090,2054,0.981935,0.981935,0.00029,True,accepted_posterior,bayes-hmm-v1,true
cam5,2091,2055,0.986741,0.986741,0.00028,True,accepted_posterior,bayes-hmm-v1,true
cam5,2092,2056,0.982755,0.982755,0.000435,True,accepted_posterior,bayes-hmm-v1,true
cam5,2093,2057,0.972824,0.972824,0.000539,True,accepted_posterior,bayes-hmm-v1,true
cam5,2094,2058,0.973702,0.973702,0.000538,True,accepted_posterior,bayes-hmm-v1,true
cam5,2095,2059,0.981388,0.981388,0.000465,True,accepted_posterior,bayes-hmm-v1,true
cam5,2096,2060,0.982874,0.982874,0.000324,True,accepted_posterior,bayes-hmm-v1,true
cam5,2097,2061,0.990601,0.990601,0.000307,True,accepted_posterior,bayes-hmm-v1,true
cam5,2098,2062,0.990599,0.990599,0.000385,True,accepted_posterior,bayes-hmm-v1,true
cam5,2099,2063,0.99138,0.99138,0.000422,True,accepted_posterior,bayes-hmm-v1,true
cam5,2100,2064,0.987833,0.987833,0.000331,True,accepted_posterior,bayes-hmm-v1,true
cam5,2101,2064,0.982119,0.982119,0.000274,True,accepted_posterior,bayes-hmm-v1,true
cam5,2102,2065,0.976696,0.976696,0.000425,True,accepted_posterior,bayes-hmm-v1,true
cam5,2103,2066,0.959806,0.959806,0.000393,True,accepted_posterior,bayes-hmm-v1,true
cam5,2104,2068,0.998646,0.998646,0.000165,True,accepted_posterior,bayes-hmm-v1,true
cam5,2105,2069,0.996569,0.996569,0.000106,True,accepted_posterior,bayes-hmm-v1,true
cam5,2106,2070,0.998399,0.998399,8.2e-05,True,accepted_posterior,bayes-hmm-v1,true
cam5,2107,2071,0.998375,0.998375,0.000116,True,accepted_posterior,bayes-hmm-v1,true
cam5,2108,2071,0.989377,0.989377,0.00016,True,accepted_posterior,bayes-hmm-v1,true
cam5,2109,2072,0.998409,0.998409,0.000211,True,accepted_posterior,bayes-hmm-v1,true
cam5,2110,2073,0.997976,0.997976,0.000156,True,accepted_posterior,bayes-hmm-v1,true
cam5,2111,2074,0.996363,0.996363,0.000181,True,accepted_posterior,bayes-hmm-v1,true
cam5,2112,2074,0.980109,0.980109,0.000208,True,accepted_posterior,bayes-hmm-v1,true
cam5,2113,2076,0.994347,0.994347,0.000275,True,accepted_posterior,bayes-hmm-v1,true
cam5,2114,2077,0.984928,0.984928,0.000167,True,accepted_posterior,bayes-hmm-v1,true
cam5,2115,2077,0.997492,0.997492,0.000229,True,accepted_posterior,bayes-hmm-v1,true
cam5,2116,2079,0.993698,0.993698,0.00018,True,accepted_posterior,bayes-hmm-v1,true
cam5,2117,2080,0.960582,0.960582,0.000261,True,accepted_posterior,bayes-hmm-v1,true
cam5,2118,2081,0.841356,0.841356,0.00021,True,accepted_posterior,bayes-hmm-v1,true
cam5,2119,2084,0.900393,0.900393,0.000113,True,accepted_posterior,bayes-hmm-v1,true
cam5,2120,2085,0.944092,0.944092,0.000146,True,accepted_posterior,bayes-hmm-v1,true
cam5,2121,2086,0.966694,0.966694,0.000137,True,accepted_posterior,bayes-hmm-v1,true
cam5,2122,2087,0.965958,0.965958,0.000117,True,accepted_posterior,bayes-hmm-v1,true
cam5,2123,2088,0.961055,0.961055,0.000118,True,accepted_posterior,bayes-hmm-v1,true
cam5,2124,2089,0.958006,0.958006,0.000157,True,accepted_posterior,bayes-hmm-v1,true
cam5,2125,2091,0.981814,0.981814,0.000193,True,accepted_posterior,bayes-hmm-v1,true
cam5,2126,2092,0.989185,0.989185,0.000195,True,accepted_posterior,bayes-hmm-v1,true
cam5,2127,2093,0.990447,0.990447,0.000222,True,accepted_posterior,bayes-hmm-v1,true
cam5,2128,2094,0.986334,0.986334,0.00024,True,accepted_posterior,bayes-hmm-v1,true
cam5,2129,2095,0.976296,0.976296,0.00031,True,accepted_posterior,bayes-hmm-v1,true
cam5,2130,2096,0.959759,0.959759,0.00033,True,accepted_posterior,bayes-hmm-v1,true
cam5,2131,2097,0.958982,0.958982,0.000338,True,accepted_posterior,bayes-hmm-v1,true
cam5,2132,2099,0.923769,0.923769,0.000364,True,accepted_posterior,bayes-hmm-v1,true
cam5,2133,2099,0.920817,0.920817,0.000439,True,accepted_posterior,bayes-hmm-v1,true
cam5,2134,2100,0.877585,0.877585,0.00056,True,accepted_posterior,bayes-hmm-v1,true
cam5,2135,2102,0.943444,0.943444,0.000638,True,accepted_posterior,bayes-hmm-v1,true
cam5,2136,2104,0.919143,0.919143,0.000584,True,accepted_posterior,bayes-hmm-v1,true
cam5,2137,2104,0.954116,0.954116,0.000544,True,accepted_posterior,bayes-hmm-v1,true
cam5,2138,2106,0.971871,0.971871,0.00047,True,accepted_posterior,bayes-hmm-v1,true
cam5,2139,2106,0.92565,0.92565,0.000456,True,accepted_posterior,bayes-hmm-v1,true
cam5,2140,2108,0.971102,0.971102,0.00043,True,accepted_posterior,bayes-hmm-v1,true
cam5,2141,2110,0.932049,0.932049,0.000412,True,accepted_posterior,bayes-hmm-v1,true
cam5,2142,2110,0.954982,0.954982,0.000417,True,accepted_posterior,bayes-hmm-v1,true
cam5,2143,2111,0.942282,0.942282,0.000396,True,accepted_posterior,bayes-hmm-v1,true
cam5,2144,2113,0.965518,0.965518,0.000438,True,accepted_posterior,bayes-hmm-v1,true
cam5,2145,2114,0.963647,0.963647,0.000456,True,accepted_posterior,bayes-hmm-v1,true
cam5,2146,2115,0.969222,0.969222,0.00039,True,accepted_posterior,bayes-hmm-v1,true
cam5,2147,2116,0.970977,0.970977,0.000371,True,accepted_posterior,bayes-hmm-v1,true
cam5,2148,2117,0.97107,0.97107,0.000368,True,accepted_posterior,bayes-hmm-v1,true
cam5,2149,2118,0.973697,0.973697,0.000384,True,accepted_posterior,bayes-hmm-v1,true
cam5,2150,2119,0.979582,0.979582,0.000292,True,accepted_posterior,bayes-hmm-v1,true
cam5,2151,2120,0.976434,0.976434,0.000284,True,accepted_posterior,bayes-hmm-v1,true
cam5,2152,2120,0.94999,0.94999,0.000392,True,accepted_posterior,bayes-hmm-v1,true
cam5,2153,2121,0.933584,0.933584,0.00049,True,accepted_posterior,bayes-hmm-v1,true
cam5,2154,2123,0.963417,0.963417,0.000424,True,accepted_posterior,bayes-hmm-v1,true
cam5,2155,2124,0.968582,0.968582,0.000371,True,accepted_posterior,bayes-hmm-v1,true
cam5,2156,2125,0.983961,0.983961,0.00024,True,accepted_posterior,bayes-hmm-v1,true
cam5,2157,2126,0.992669,0.992669,0.00015,True,accepted_posterior,bayes-hmm-v1,true
cam5,2158,2126,0.999083,0.999083,0.000148,True,accepted_posterior,bayes-hmm-v1,true
cam5,2159,2127,0.999315,0.999315,0.000148,True,accepted_posterior,bayes-hmm-v1,true
cam5,2160,2128,0.998793,0.998793,0.000152,True,accepted_posterior,bayes-hmm-v1,true
cam5,2161,2128,0.994896,0.994896,0.000204,True,accepted_posterior,bayes-hmm-v1,true
cam5,2162,2129,0.990885,0.990885,0.000197,True,accepted_posterior,bayes-hmm-v1,true
cam5,2163,2130,0.984708,0.984708,0.000183,True,accepted_posterior,bayes-hmm-v1,true
cam5,2164,2131,0.984747,0.984747,0.000246,True,accepted_posterior,bayes-hmm-v1,true
cam5,2165,2133,0.98968,0.98968,0.000216,True,accepted_posterior,bayes-hmm-v1,true
cam5,2166,2134,0.98871,0.98871,0.000201,True,accepted_posterior,bayes-hmm-v1,true
cam5,2167,2135,0.988401,0.988401,0.000199,True,accepted_posterior,bayes-hmm-v1,true
cam5,2168,2135,0.988359,0.988359,0.000168,True,accepted_posterior,bayes-hmm-v1,true
cam5,2169,2136,0.993642,0.993642,0.000154,True,accepted_posterior,bayes-hmm-v1,true
cam5,2170,2137,0.988128,0.988128,0.000211,True,accepted_posterior,bayes-hmm-v1,true
cam5,2171,2138,0.9912,0.9912,0.000193,True,accepted_posterior,bayes-hmm-v1,true
cam5,2172,2139,0.99082,0.99082,0.000209,True,accepted_posterior,bayes-hmm-v1,true
cam5,2173,2140,0.978455,0.978455,0.000246,True,accepted_posterior,bayes-hmm-v1,true
cam5,2174,2141,0.974081,0.974081,0.000259,True,accepted_posterior,bayes-hmm-v1,true
cam5,2175,2143,0.965017,0.965017,0.000322,True,accepted_posterior,bayes-hmm-v1,true
cam5,2176,2145,0.937996,0.937996,0.000252,True,accepted_posterior,bayes-hmm-v1,true
cam5,2177,2145,0.992285,0.992285,0.000182,True,accepted_posterior,bayes-hmm-v1,true
cam5,2178,2146,0.995792,0.995792,0.000162,True,accepted_posterior,bayes-hmm-v1,true
cam5,2179,2147,0.996888,0.996888,0.00015,True,accepted_posterior,bayes-hmm-v1,true
cam5,2180,2148,0.995659,0.995659,0.000147,True,accepted_posterior,bayes-hmm-v1,true
cam5,2181,2149,0.993775,0.993775,0.000141,True,accepted_posterior,bayes-hmm-v1,true
cam5,2182,2150,0.996526,0.996526,0.000154,True,accepted_posterior,bayes-hmm-v1,true
cam5,2183,2151,0.995684,0.995684,0.000136,True,accepted_posterior,bayes-hmm-v1,true
cam5,2184,2152,0.995521,0.995521,0.00016,True,accepted_posterior,bayes-hmm-v1,true
cam5,2185,2153,0.994745,0.994745,0.00014,True,accepted_posterior,bayes-hmm-v1,true
cam5,2186,2154,0.989285,0.989285,0.00016,True,accepted_posterior,bayes-hmm-v1,true
cam5,2187,2155,0.983799,0.983799,0.00022,True,accepted_posterior,bayes-hmm-v1,true
cam5,2188,2157,0.978863,0.978863,0.000191,True,accepted_posterior,bayes-hmm-v1,true
cam5,2189,2157,0.979267,0.979267,0.000173,True,accepted_posterior,bayes-hmm-v1,true
cam5,2190,2159,0.993234,0.993234,0.000155,True,accepted_posterior,bayes-hmm-v1,true
cam5,2191,2160,0.988174,0.988174,0.000169,True,accepted_posterior,bayes-hmm-v1,true
cam5,2192,2160,0.982402,0.982402,0.000181,True,accepted_posterior,bayes-hmm-v1,true
cam5,2193,2161,0.985322,0.985322,0.000191,True,accepted_posterior,bayes-hmm-v1,true
cam5,2194,2162,0.990273,0.990273,0.000176,True,accepted_posterior,bayes-hmm-v1,true
cam5,2195,2163,0.992048,0.992048,0.000196,True,accepted_posterior,bayes-hmm-v1,true
cam5,2196,2164,0.991719,0.991719,0.000213,True,accepted_posterior,bayes-hmm-v1,true
cam5,2197,2165,0.995114,0.995114,0.000191,True,accepted_posterior,bayes-hmm-v1,true
cam5,2198,2166,0.997162,0.997162,0.000164,True,accepted_posterior,bayes-hmm-v1,true
cam5,2199,2167,0.996126,0.996126,0.000193,True,accepted_posterior,bayes-hmm-v1,true
cam5,2200,2168,0.994249,0.994249,0.000196,True,accepted_posterior,bayes-hmm-v1,true
cam5,2201,2169,0.994839,0.994839,0.000154,True,accepted_posterior,bayes-hmm-v1,true
cam5,2202,2170,0.994966,0.994966,0.000183,True,accepted_posterior,bayes-hmm-v1,true
cam5,2203,2171,0.99628,0.99628,0.000188,True,accepted_posterior,bayes-hmm-v1,true
cam5,2204,2171,0.975621,0.975621,0.000167,True,accepted_posterior,bayes-hmm-v1,true
cam5,2205,2172,0.990018,0.990018,0.00021,True,accepted_posterior,bayes-hmm-v1,true
cam5,2206,2174,0.989797,0.989797,0.00024,True,accepted_posterior,bayes-hmm-v1,true
cam5,2207,2174,0.997154,0.997154,0.000237,True,accepted_posterior,bayes-hmm-v1,true
cam5,2208,2175,0.996421,0.996421,0.000287,True,accepted_posterior,bayes-hmm-v1,true
cam5,2209,2176,0.995494,0.995494,0.00032,True,accepted_posterior,bayes-hmm-v1,true
cam5,2210,2177,0.995883,0.995883,0.000279,True,accepted_posterior,bayes-hmm-v1,true
cam5,2211,2178,0.995641,0.995641,0.000277,True,accepted_posterior,bayes-hmm-v1,true
cam5,2212,2179,0.997338,0.997338,0.000221,True,accepted_posterior,bayes-hmm-v1,true
cam5,2213,2180,0.997865,0.997865,0.00023,True,accepted_posterior,bayes-hmm-v1,true
cam5,2214,2181,0.996285,0.996285,0.00023,True,accepted_posterior,bayes-hmm-v1,true
cam5,2215,2182,0.99405,0.99405,0.000232,True,accepted_posterior,bayes-hmm-v1,true
cam5,2216,2182,0.980433,0.980433,0.000335,True,accepted_posterior,bayes-hmm-v1,true
cam5,2217,2183,0.972271,0.972271,0.000477,True,accepted_posterior,bayes-hmm-v1,true
cam5,2218,2184,0.958231,0.958231,0.000506,True,accepted_posterior,bayes-hmm-v1,true
cam5,2219,2185,0.971743,0.971743,0.000393,True,accepted_posterior,bayes-hmm-v1,true
cam5,2220,2186,0.939308,0.939308,0.000429,True,accepted_posterior,bayes-hmm-v1,true
cam5,2221,2187,0.90483,0.90483,0.000606,True,accepted_posterior,bayes-hmm-v1,true
cam5,2222,2189,0.979427,0.979427,0.000654,True,accepted_posterior,bayes-hmm-v1,true
cam5,2223,2190,0.975348,0.975348,0.000546,True,accepted_posterior,bayes-hmm-v1,true
cam5,2224,2191,0.967396,0.967396,0.000657,True,accepted_posterior,bayes-hmm-v1,true
cam5,2225,2192,0.949402,0.949402,0.000831,True,accepted_posterior,bayes-hmm-v1,true
cam5,2226,2193,0.936181,0.936181,0.000874,True,accepted_posterior,bayes-hmm-v1,true
cam5,2227,2194,0.920256,0.920256,0.000916,True,accepted_posterior,bayes-hmm-v1,true
cam5,2228,2195,0.937198,0.937198,0.000916,True,accepted_posterior,bayes-hmm-v1,true
cam5,2229,2197,0.970858,0.970858,0.000797,True,accepted_posterior,bayes-hmm-v1,true
cam5,2230,2197,0.963801,0.963801,0.000594,True,accepted_posterior,bayes-hmm-v1,true
cam5,2231,2198,0.970148,0.970148,0.000471,True,accepted_posterior,bayes-hmm-v1,true
cam5,2232,2199,0.979371,0.979371,0.00036,True,accepted_posterior,bayes-hmm-v1,true
cam5,2233,2200,0.977864,0.977864,0.000354,True,accepted_posterior,bayes-hmm-v1,true
cam5,2234,2201,0.985847,0.985847,0.000321,True,accepted_posterior,bayes-hmm-v1,true
cam5,2235,2202,0.993392,0.993392,0.000288,True,accepted_posterior,bayes-hmm-v1,true
cam5,2236,2203,0.992266,0.992266,0.000281,True,accepted_posterior,bayes-hmm-v1,true
cam5,2237,2204,0.994605,0.994605,0.000248,True,accepted_posterior,bayes-hmm-v1,true
cam5,2238,2205,0.992253,0.992253,0.000251,True,accepted_posterior,bayes-hmm-v1,true
cam5,2239,2206,0.981397,0.981397,0.000342,True,accepted_posterior,bayes-hmm-v1,true
cam5,2240,2207,0.970661,0.970661,0.000317,True,accepted_posterior,bayes-hmm-v1,true
cam5,2241,2209,0.995152,0.995152,0.000294,True,accepted_posterior,bayes-hmm-v1,true
cam5,2242,2210,0.991762,0.991762,0.000353,True,accepted_posterior,bayes-hmm-v1,true
cam5,2243,2211,0.995042,0.995042,0.000205,True,accepted_posterior,bayes-hmm-v1,true
cam5,2244,2213,0.995765,0.995765,0.000187,True,accepted_posterior,bayes-hmm-v1,true
cam5,2245,2213,0.989139,0.989139,0.000186,True,accepted_posterior,bayes-hmm-v1,true
cam5,2246,2215,0.998759,0.998759,0.000169,True,accepted_posterior,bayes-hmm-v1,true
cam5,2247,2216,0.998858,0.998858,0.000124,True,accepted_posterior,bayes-hmm-v1,true
cam5,2248,2217,0.997604,0.997604,0.000147,True,accepted_posterior,bayes-hmm-v1,true
cam5,2249,2218,0.997623,0.997623,0.000167,True,accepted_posterior,bayes-hmm-v1,true
cam5,2250,2219,0.997242,0.997242,0.000178,True,accepted_posterior,bayes-hmm-v1,true
cam5,2251,2220,0.991903,0.991903,0.000226,True,accepted_posterior,bayes-hmm-v1,true
cam5,2252,2221,0.98859,0.98859,0.00026,True,accepted_posterior,bayes-hmm-v1,true
cam5,2253,2222,0.978695,0.978695,0.000274,True,accepted_posterior,bayes-hmm-v1,true
cam5,2254,2223,0.980263,0.980263,0.000303,True,accepted_posterior,bayes-hmm-v1,true
cam5,2255,2224,0.96825,0.96825,0.000388,True,accepted_posterior,bayes-hmm-v1,true
cam5,2256,2225,0.979964,0.979964,0.000129,True,accepted_posterior,bayes-hmm-v1,true
cam5,2257,2227,0.963854,0.963854,0.000109,True,accepted_posterior,bayes-hmm-v1,true
cam5,2258,2227,0.97724,0.97724,0.00014,True,accepted_posterior,bayes-hmm-v1,true
cam5,2259,2229,0.976158,0.976158,0.000122,True,accepted_posterior,bayes-hmm-v1,true
cam5,2260,2230,0.977738,0.977738,9e-05,True,accepted_posterior,bayes-hmm-v1,true
cam5,2261,2230,0.991062,0.991062,0.0001,True,accepted_posterior,bayes-hmm-v1,true
cam5,2262,2231,0.986616,0.986616,0.000178,True,accepted_posterior,bayes-hmm-v1,true
cam5,2263,2232,0.984752,0.984752,0.000248,True,accepted_posterior,bayes-hmm-v1,true
cam5,2264,2234,0.931352,0.931352,0.00026,True,accepted_posterior,bayes-hmm-v1,true
cam5,2265,2235,0.966351,0.966351,0.000272,True,accepted_posterior,bayes-hmm-v1,true
cam5,2266,2236,0.97363,0.97363,0.000305,True,accepted_posterior,bayes-hmm-v1,true
cam5,2267,2237,0.979845,0.979845,0.000248,True,accepted_posterior,bayes-hmm-v1,true
cam5,2268,2239,0.97695,0.97695,0.000216,True,accepted_posterior,bayes-hmm-v1,true
cam5,2269,2240,0.986005,0.986005,0.000161,True,accepted_posterior,bayes-hmm-v1,true
cam5,2270,2241,0.990951,0.990951,0.000103,True,accepted_posterior,bayes-hmm-v1,true
cam5,2271,2242,0.988366,0.988366,0.000102,True,accepted_posterior,bayes-hmm-v1,true
cam5,2272,2243,0.977058,0.977058,0.000118,True,accepted_posterior,bayes-hmm-v1,true
cam5,2273,2244,0.973058,0.973058,0.000131,True,accepted_posterior,bayes-hmm-v1,true
cam5,2274,2246,0.971446,0.971446,0.000108,True,accepted_posterior,bayes-hmm-v1,true
cam5,2275,2246,0.9491,0.9491,0.000128,True,accepted_posterior,bayes-hmm-v1,true
cam5,2276,2248,0.978885,0.978885,0.000121,True,accepted_posterior,bayes-hmm-v1,true
cam5,2277,2249,0.977091,0.977091,0.000132,True,accepted_posterior,bayes-hmm-v1,true
cam5,2278,2250,0.980573,0.980573,0.000102,True,accepted_posterior,bayes-hmm-v1,true
cam5,2279,2251,0.987977,0.987977,9.9e-05,True,accepted_posterior,bayes-hmm-v1,true
cam5,2280,2252,0.979723,0.979723,0.000111,True,accepted_posterior,bayes-hmm-v1,true
cam5,2281,2252,0.946647,0.946647,0.000142,True,accepted_posterior,bayes-hmm-v1,true
cam5,2282,2253,0.893043,0.893043,0.000197,True,accepted_posterior,bayes-hmm-v1,true
cam5,2283,2256,0.799407,0.799407,0.000222,True,accepted_posterior,bayes-hmm-v1,true
cam5,2284,2256,0.965391,0.965391,0.000141,True,accepted_posterior,bayes-hmm-v1,true
cam5,2285,2257,0.990969,0.990969,4e-05,True,accepted_posterior,bayes-hmm-v1,true
cam5,2286,2257,0.998663,0.998663,3.6e-05,True,accepted_posterior,bayes-hmm-v1,true
cam5,2287,2258,0.997859,0.997859,4.2e-05,True,accepted_posterior,bayes-hmm-v1,true
cam5,2288,2259,0.989882,0.989882,9.9e-05,True,accepted_posterior,bayes-hmm-v1,true
cam5,2289,2261,0.953102,0.953102,0.000105,True,accepted_posterior,bayes-hmm-v1,true
cam5,2290,2262,0.956988,0.956988,9.3e-05,True,accepted_posterior,bayes-hmm-v1,true
cam5,2291,2264,0.935102,0.935102,0.000163,True,accepted_posterior,bayes-hmm-v1,true
cam5,2292,2265,0.982881,0.982881,0.000139,True,accepted_posterior,bayes-hmm-v1,true
cam5,2293,2265,0.996553,0.996553,0.000144,True,accepted_posterior,bayes-hmm-v1,true
cam5,2294,2266,0.997551,0.997551,0.000148,True,accepted_posterior,bayes-hmm-v1,true
cam5,2295,2267,0.996836,0.996836,0.000221,True,accepted_posterior,bayes-hmm-v1,true
cam5,2296,2268,0.997309,0.997309,0.000103,True,accepted_posterior,bayes-hmm-v1,true
cam5,2297,2269,0.994318,0.994318,9.7e-05,True,accepted_posterior,bayes-hmm-v1,true
cam5,2298,2270,0.977542,0.977542,0.000148,True,accepted_posterior,bayes-hmm-v1,true
cam5,2299,2272,0.997363,0.997363,0.000148,True,accepted_posterior,bayes-hmm-v1,true
cam5,2300,2274,0.975455,0.975455,0.000116,True,accepted_posterior,bayes-hmm-v1,true
cam5,2301,2275,0.987513,0.987513,0.000114,True,accepted_posterior,bayes-hmm-v1,true
cam5,2302,2276,0.993193,0.993193,0.000117,True,accepted_posterior,bayes-hmm-v1,true
cam5,2303,2277,0.995597,0.995597,0.00013,True,accepted_posterior,bayes-hmm-v1,true
cam5,2304,2278,0.994242,0.994242,0.000121,True,accepted_posterior,bayes-hmm-v1,true
cam5,2305,2279,0.996073,0.996073,0.000105,True,accepted_posterior,bayes-hmm-v1,true
cam5,2306,2280,0.995793,0.995793,0.000109,True,accepted_posterior,bayes-hmm-v1,true
cam5,2307,2281,0.994944,0.994944,0.000163,True,accepted_posterior,bayes-hmm-v1,true
cam5,2308,2282,0.990511,0.990511,0.00019,True,accepted_posterior,bayes-hmm-v1,true
cam5,2309,2283,0.993391,0.993391,0.000217,True,accepted_posterior,bayes-hmm-v1,true
cam5,2310,2284,0.991618,0.991618,0.0002,True,accepted_posterior,bayes-hmm-v1,true
cam5,2311,2285,0.994976,0.994976,0.000187,True,accepted_posterior,bayes-hmm-v1,true
cam5,2312,2286,0.996515,0.996515,0.000117,True,accepted_posterior,bayes-hmm-v1,true
cam5,2313,2287,0.994704,0.994704,0.000132,True,accepted_posterior,bayes-hmm-v1,true
cam5,2314,2288,0.997401,0.997401,0.000154,True,accepted_posterior,bayes-hmm-v1,true
cam5,2315,2290,0.994767,0.994767,0.000121,True,accepted_posterior,bayes-hmm-v1,true
cam5,2316,2291,0.995975,0.995975,0.000116,True,accepted_posterior,bayes-hmm-v1,true
cam5,2317,2292,0.996002,0.996002,0.000133,True,accepted_posterior,bayes-hmm-v1,true
cam5,2318,2293,0.996313,0.996313,0.000162,True,accepted_posterior,bayes-hmm-v1,true
cam5,2319,2295,0.98785,0.98785,0.000163,True,accepted_posterior,bayes-hmm-v1,true
cam5,2320,2296,0.990328,0.990328,0.000134,True,accepted_posterior,bayes-hmm-v1,true
cam5,2321,2297,0.996182,0.996182,0.0001,True,accepted_posterior,bayes-hmm-v1,true
cam5,2322,2298,0.997243,0.997243,0.000121,True,accepted_posterior,bayes-hmm-v1,true
cam5,2323,2299,0.994672,0.994672,0.000137,True,accepted_posterior,bayes-hmm-v1,true
cam5,2324,2299,0.99902,0.99902,0.000151,True,accepted_posterior,bayes-hmm-v1,true
cam5,2325,2300,0.997343,0.997343,0.000129,True,accepted_posterior,bayes-hmm-v1,true
cam5,2326,2301,0.995577,0.995577,0.000178,True,accepted_posterior,bayes-hmm-v1,true
cam5,2327,2302,0.99473,0.99473,0.000245,True,accepted_posterior,bayes-hmm-v1,true
cam5,2328,2303,0.99265,0.99265,0.000276,True,accepted_posterior,bayes-hmm-v1,true
cam5,2329,2304,0.995636,0.995636,0.000226,True,accepted_posterior,bayes-hmm-v1,true
cam5,2330,2305,0.997102,0.997102,0.000217,True,accepted_posterior,bayes-hmm-v1,true
cam5,2331,2306,0.99707,0.99707,0.00021,True,accepted_posterior,bayes-hmm-v1,true
cam5,2332,2307,0.997158,0.997158,0.000182,True,accepted_posterior,bayes-hmm-v1,true
cam5,2333,2308,0.996249,0.996249,0.000206,True,accepted_posterior,bayes-hmm-v1,true
cam5,2334,2309,0.995326,0.995326,0.000227,True,accepted_posterior,bayes-hmm-v1,true
cam5,2335,2310,0.987225,0.987225,0.000277,True,accepted_posterior,bayes-hmm-v1,true
cam5,2336,2310,0.905393,0.905393,0.000301,True,accepted_posterior,bayes-hmm-v1,true
cam5,2337,2311,0.915651,0.915651,0.000355,True,accepted_posterior,bayes-hmm-v1,true
cam5,2338,2313,0.975039,0.975039,0.00034,True,accepted_posterior,bayes-hmm-v1,true
cam5,2339,2314,0.970295,0.970295,0.000334,True,accepted_posterior,bayes-hmm-v1,true
cam5,2340,2315,0.972234,0.972234,0.000317,True,accepted_posterior,bayes-hmm-v1,true
cam5,2341,2316,0.975219,0.975219,0.000321,True,accepted_posterior,bayes-hmm-v1,true
cam5,2342,2317,0.951831,0.951831,0.000427,True,accepted_posterior,bayes-hmm-v1,true
cam5,2343,2318,0.943627,0.943627,0.000385,True,accepted_posterior,bayes-hmm-v1,true
cam5,2344,2319,0.935969,0.935969,0.000377,True,accepted_posterior,bayes-hmm-v1,true
cam5,2345,2320,0.934771,0.934771,0.000385,True,accepted_posterior,bayes-hmm-v1,true
cam5,2346,2321,0.915485,0.915485,0.00038,True,accepted_posterior,bayes-hmm-v1,true
cam5,2347,2322,0.897412,0.897412,0.000464,True,accepted_posterior,bayes-hmm-v1,true
cam5,2348,2323,0.900693,0.900693,0.000478,True,accepted_posterior,bayes-hmm-v1,true
cam5,2349,2324,0.894609,0.894609,0.000511,True,accepted_posterior,bayes-hmm-v1,true
cam5,2350,2325,0.897119,0.897119,0.000453,True,accepted_posterior,bayes-hmm-v1,true
cam5,2351,2326,0.911957,0.911957,0.000426,True,accepted_posterior,bayes-hmm-v1,true
cam5,2352,2327,0.869056,0.869056,0.000411,True,accepted_posterior,bayes-hmm-v1,true
cam5,2353,2328,0.869019,0.869019,0.000519,True,accepted_posterior,bayes-hmm-v1,true
cam5,2354,2329,0.840873,0.840873,0.000461,True,accepted_posterior,bayes-hmm-v1,true
cam5,2355,2330,0.846178,0.846178,0.000452,True,accepted_posterior,bayes-hmm-v1,true
cam5,2356,2331,0.867991,0.867991,0.000423,True,accepted_posterior,bayes-hmm-v1,true
cam5,2357,2332,0.894777,0.894777,0.000295,True,accepted_posterior,bayes-hmm-v1,true
cam5,2358,2334,0.990203,0.990203,0.000233,True,accepted_posterior,bayes-hmm-v1,true
cam5,2359,2334,0.958366,0.958366,0.000185,True,accepted_posterior,bayes-hmm-v1,true
cam5,2360,2336,0.997637,0.997637,0.00012,True,accepted_posterior,bayes-hmm-v1,true
cam5,2361,2336,0.982463,0.982463,0.000137,True,accepted_posterior,bayes-hmm-v1,true
cam5,2362,2337,0.957274,0.957274,0.000163,True,accepted_posterior,bayes-hmm-v1,true
cam5,2363,2338,0.940326,0.940326,0.000207,True,accepted_posterior,bayes-hmm-v1,true
cam5,2364,2340,0.989706,0.989706,0.000199,True,accepted_posterior,bayes-hmm-v1,true
cam5,2365,2341,0.993867,0.993867,0.00015,True,accepted_posterior,bayes-hmm-v1,true
cam5,2366,2342,0.988884,0.988884,0.00026,True,accepted_posterior,bayes-hmm-v1,true
cam5,2367,2343,0.965669,0.965669,0.000518,True,accepted_posterior,bayes-hmm-v1,true
cam5,2368,2345,0.977472,0.977472,0.000538,True,accepted_posterior,bayes-hmm-v1,true
cam5,2369,2346,0.986053,0.986053,0.000464,True,accepted_posterior,bayes-hmm-v1,true
cam5,2370,2347,0.980281,0.980281,0.000333,True,accepted_posterior,bayes-hmm-v1,true
cam5,2371,2349,0.985983,0.985983,0.000408,True,accepted_posterior,bayes-hmm-v1,true
cam5,2372,2350,0.985659,0.985659,0.000371,True,accepted_posterior,bayes-hmm-v1,true
cam5,2373,2351,0.99443,0.99443,0.000309,True,accepted_posterior,bayes-hmm-v1,true
cam5,2374,2352,0.997663,0.997663,0.000224,True,accepted_posterior,bayes-hmm-v1,true
cam5,2375,2353,0.99757,0.99757,0.000253,True,accepted_posterior,bayes-hmm-v1,true
cam5,2376,2354,0.996316,0.996316,0.000203,True,accepted_posterior,bayes-hmm-v1,true
cam5,2377,2355,0.98749,0.98749,0.000242,True,accepted_posterior,bayes-hmm-v1,true
cam5,2378,2357,0.984954,0.984954,0.000196,True,accepted_posterior,bayes-hmm-v1,true
cam5,2379,2358,0.989749,0.989749,0.000155,True,accepted_posterior,bayes-hmm-v1,true
cam5,2380,2359,0.993113,0.993113,0.00011,True,accepted_posterior,bayes-hmm-v1,true
cam5,2381,2360,0.993161,0.993161,9.3e-05,True,accepted_posterior,bayes-hmm-v1,true
cam5,2382,2361,0.984182,0.984182,0.000106,True,accepted_posterior,bayes-hmm-v1,true
cam5,2383,2363,0.983477,0.983477,0.000108,True,accepted_posterior,bayes-hmm-v1,true
cam5,2384,2364,0.986029,0.986029,8.9e-05,True,accepted_posterior,bayes-hmm-v1,true
cam5,2385,2365,0.985976,0.985976,8.5e-05,True,accepted_posterior,bayes-hmm-v1,true
cam5,2386,2366,0.985637,0.985637,8.2e-05,True,accepted_posterior,bayes-hmm-v1,true
cam5,2387,2367,0.96283,0.96283,9.2e-05,True,accepted_posterior,bayes-hmm-v1,true
cam5,2388,2368,0.952566,0.952566,8.8e-05,True,accepted_posterior,bayes-hmm-v1,true
cam5,2389,2370,0.976323,0.976323,6.3e-05,True,accepted_posterior,bayes-hmm-v1,true
cam5,2390,2371,0.968678,0.968678,7.8e-05,True,accepted_posterior,bayes-hmm-v1,true
cam5,2391,2373,0.960482,0.960482,7.6e-05,True,accepted_posterior,bayes-hmm-v1,true
cam5,2392,2374,0.96946,0.96946,6.4e-05,True,accepted_posterior,bayes-hmm-v1,true
cam5,2393,2375,0.98489,0.98489,5.6e-05,True,accepted_posterior,bayes-hmm-v1,true
cam5,2394,2376,0.988817,0.988817,6.2e-05,True,accepted_posterior,bayes-hmm-v1,true
cam5,2395,2377,0.983183,0.983183,6.5e-05,True,accepted_posterior,bayes-hmm-v1,true
cam5,2396,2378,0.976272,0.976272,9.5e-05,True,accepted_posterior,bayes-hmm-v1,true
cam5,2397,2380,0.975734,0.975734,0.000128,True,accepted_posterior,bayes-hmm-v1,true
cam5,2398,2381,0.977837,0.977837,0.000139,True,accepted_posterior,bayes-hmm-v1,true
cam5,2399,2383,0.945326,0.945326,0.000151,True,accepted_posterior,bayes-hmm-v1,true
cam5,2400,2384,0.972208,0.972208,0.000132,True,accepted_posterior,bayes-hmm-v1,true
cam5,2401,2385,0.991582,0.991582,9.5e-05,True,accepted_posterior,bayes-hmm-v1,true
cam5,2402,2386,0.998022,0.998022,8.6e-05,True,accepted_posterior,bayes-hmm-v1,true
cam5,2403,2387,0.997669,0.997669,7.5e-05,True,accepted_posterior,bayes-hmm-v1,true
cam5,2404,2389,0.984463,0.984463,0.000141,True,accepted_posterior,bayes-hmm-v1,true
cam5,2405,2390,0.975245,0.975245,0.000262,True,accepted_posterior,bayes-hmm-v1,true
cam5,2406,2391,0.985483,0.985483,0.000194,True,accepted_posterior,bayes-hmm-v1,true
cam5,2407,2393,0.969213,0.969213,0.000181,True,accepted_posterior,bayes-hmm-v1,true
cam5,2408,2394,0.974499,0.974499,0.000228,True,accepted_posterior,bayes-hmm-v1,true
cam5,2409,2395,0.983625,0.983625,0.000215,True,accepted_posterior,bayes-hmm-v1,true
cam5,2410,2396,0.986582,0.986582,0.00024,True,accepted_posterior,bayes-hmm-v1,true
cam5,2411,2397,0.984112,0.984112,0.000266,True,accepted_posterior,bayes-hmm-v1,true
cam5,2412,2398,0.973512,0.973512,0.000351,True,accepted_posterior,bayes-hmm-v1,true
cam5,2413,2399,0.935274,0.935274,0.000521,True,accepted_posterior,bayes-hmm-v1,true
cam5,2414,2402,0.788124,0.788124,0.000655,True,accepted_posterior,bayes-hmm-v1,true
cam5,2415,2402,0.921734,0.921734,0.000804,True,accepted_posterior,bayes-hmm-v1,true
cam5,2416,2404,0.898107,0.898107,0.000984,True,accepted_posterior,bayes-hmm-v1,true
cam5,2417,2405,0.871407,0.871407,0.001257,True,accepted_posterior,bayes-hmm-v1,true
cam5,2418,2406,0.809689,0.809689,0.001399,True,accepted_posterior,bayes-hmm-v1,true
cam5,2419,2409,0.854641,0.854641,0.001146,True,accepted_posterior,bayes-hmm-v1,true
cam5,2420,2410,0.917713,0.917713,0.000996,True,accepted_posterior,bayes-hmm-v1,true
cam5,2421,2411,0.914987,0.914987,0.00108,True,accepted_posterior,bayes-hmm-v1,true
cam5,2422,2412,0.906158,0.906158,0.001478,True,accepted_posterior,bayes-hmm-v1,true
cam5,2423,2413,0.887054,0.887054,0.004146,True,accepted_posterior,bayes-hmm-v1,true
cam5,2424,2414,0.843029,0.843029,0.012137,True,accepted_posterior,bayes-hmm-v1,true
cam5,2425,2415,0.801746,0.801746,0.025539,True,accepted_posterior,bayes-hmm-v1,true
cam5,2426,2417,0.732477,0.732477,0.040823,True,accepted_posterior,bayes-hmm-v1,true
cam5,2427,,abstain,0.548303,0.057716,True,posterior_no_correspondence,bayes-hmm-v1,true
cam5,2428,,abstain,0.517615,0.071082,True,posterior_no_correspondence,bayes-hmm-v1,true
cam5,2429,,abstain,0.560655,0.07325,True,posterior_no_correspondence,bayes-hmm-v1,true
cam5,2430,,abstain,0.640955,0.06416,True,posterior_no_correspondence,bayes-hmm-v1,true
cam5,2431,,abstain,0.778379,0.051863,True,posterior_no_correspondence,bayes-hmm-v1,true
cam5,2432,2431,0.810441,0.810441,0.037096,True,accepted_posterior,bayes-hmm-v1,true
cam5,2433,2433,0.821038,0.821038,0.024975,True,accepted_posterior,bayes-hmm-v1,true
cam5,2434,2436,0.795101,0.795101,0.015055,True,accepted_posterior,bayes-hmm-v1,true
cam5,2435,2436,0.626066,0.626066,0.010824,True,accepted_posterior,bayes-hmm-v1,true
cam5,2436,2440,0.771225,0.771225,0.005587,True,accepted_posterior,bayes-hmm-v1,true
cam5,2437,2444,0.753631,0.753631,0.003167,True,accepted_posterior,bayes-hmm-v1,true
cam5,2438,2444,0.940038,0.940038,0.001517,True,accepted_posterior,bayes-hmm-v1,true
cam5,2439,2445,0.89782,0.89782,0.001169,True,accepted_posterior,bayes-hmm-v1,true
cam5,2440,2447,0.917586,0.917586,0.000731,True,accepted_posterior,bayes-hmm-v1,true
cam5,2441,2448,0.890509,0.890509,0.000604,True,accepted_posterior,bayes-hmm-v1,true
cam5,2442,2449,0.886048,0.886048,0.000472,True,accepted_posterior,bayes-hmm-v1,true
cam5,2443,2452,0.827678,0.827678,0.00035,True,accepted_posterior,bayes-hmm-v1,true
cam5,2444,2452,0.957687,0.957687,0.00032,True,accepted_posterior,bayes-hmm-v1,true
cam5,2445,2453,0.968867,0.968867,0.000281,True,accepted_posterior,bayes-hmm-v1,true
cam5,2446,2454,0.975506,0.975506,0.000174,True,accepted_posterior,bayes-hmm-v1,true
cam5,2447,2454,0.965061,0.965061,0.000178,True,accepted_posterior,bayes-hmm-v1,true
cam5,2448,2455,0.966072,0.966072,0.000144,True,accepted_posterior,bayes-hmm-v1,true
cam5,2449,2455,0.907173,0.907173,0.000141,True,accepted_posterior,bayes-hmm-v1,true
cam5,2450,2456,0.971953,0.971953,0.000124,True,accepted_posterior,bayes-hmm-v1,true
cam5,2451,2458,0.884848,0.884848,0.000159,True,accepted_posterior,bayes-hmm-v1,true
cam5,2452,2458,0.953418,0.953418,0.000152,True,accepted_posterior,bayes-hmm-v1,true
cam5,2453,2458,0.967789,0.967789,0.000145,True,accepted_posterior,bayes-hmm-v1,true
cam5,2454,2459,0.968521,0.968521,0.000138,True,accepted_posterior,bayes-hmm-v1,true
cam5,2455,2460,0.966599,0.966599,0.000178,True,accepted_posterior,bayes-hmm-v1,true
cam5,2456,2461,0.931676,0.931676,0.000181,True,accepted_posterior,bayes-hmm-v1,true
cam5,2457,2461,0.902856,0.902856,0.000319,True,accepted_posterior,bayes-hmm-v1,true
cam5,2458,2462,0.828293,0.828293,0.000664,True,accepted_posterior,bayes-hmm-v1,true
cam5,2459,2463,0.751265,0.751265,0.001695,True,accepted_posterior,bayes-hmm-v1,true
cam5,2460,2467,0.783885,0.783885,0.001506,True,accepted_posterior,bayes-hmm-v1,true
cam5,2461,2469,0.816245,0.816245,0.001046,True,accepted_posterior,bayes-hmm-v1,true
cam5,2462,2470,0.889432,0.889432,0.000645,True,accepted_posterior,bayes-hmm-v1,true
cam5,2463,2472,0.902513,0.902513,0.000306,True,accepted_posterior,bayes-hmm-v1,true
cam5,2464,2473,0.94066,0.94066,0.000194,True,accepted_posterior,bayes-hmm-v1,true
cam5,2465,2473,0.964217,0.964217,0.000127,True,accepted_posterior,bayes-hmm-v1,true
cam5,2466,2474,0.986748,0.986748,9.6e-05,True,accepted_posterior,bayes-hmm-v1,true
cam5,2467,2475,0.995379,0.995379,7.8e-05,True,accepted_posterior,bayes-hmm-v1,true
cam5,2468,2476,0.989235,0.989235,6.8e-05,True,accepted_posterior,bayes-hmm-v1,true
cam5,2469,2477,0.985855,0.985855,0.000138,True,accepted_posterior,bayes-hmm-v1,true
cam5,2470,2478,0.978313,0.978313,0.000134,True,accepted_posterior,bayes-hmm-v1,true
cam5,2471,2479,0.954709,0.954709,0.000102,True,accepted_posterior,bayes-hmm-v1,true
cam5,2472,2479,0.988295,0.988295,0.000131,True,accepted_posterior,bayes-hmm-v1,true
cam5,2473,2481,0.932042,0.932042,0.000171,True,accepted_posterior,bayes-hmm-v1,true
cam5,2474,2482,0.86434,0.86434,0.000196,True,accepted_posterior,bayes-hmm-v1,true
cam5,2475,2483,0.917538,0.917538,0.000178,True,accepted_posterior,bayes-hmm-v1,true
cam5,2476,2483,0.977821,0.977821,0.000116,True,accepted_posterior,bayes-hmm-v1,true
cam5,2477,2484,0.99035,0.99035,0.000107,True,accepted_posterior,bayes-hmm-v1,true
cam5,2478,2485,0.994706,0.994706,0.000107,True,accepted_posterior,bayes-hmm-v1,true
cam5,2479,2485,0.980612,0.980612,0.000116,True,accepted_posterior,bayes-hmm-v1,true
cam5,2480,2487,0.968582,0.968582,0.000125,True,accepted_posterior,bayes-hmm-v1,true
cam5,2481,2487,0.906824,0.906824,0.000207,True,accepted_posterior,bayes-hmm-v1,true
cam5,2482,2490,0.896331,0.896331,0.000147,True,accepted_posterior,bayes-hmm-v1,true
cam5,2483,2490,0.978777,0.978777,0.00011,True,accepted_posterior,bayes-hmm-v1,true
cam5,2484,2491,0.983474,0.983474,9e-05,True,accepted_posterior,bayes-hmm-v1,true
cam5,2485,2492,0.973657,0.973657,9.4e-05,True,accepted_posterior,bayes-hmm-v1,true
cam5,2486,2494,0.834468,0.834468,0.000126,True,accepted_posterior,bayes-hmm-v1,true
cam5,2487,2494,0.926661,0.926661,0.000141,True,accepted_posterior,bayes-hmm-v1,true
cam5,2488,2494,0.934491,0.934491,0.000125,True,accepted_posterior,bayes-hmm-v1,true
cam5,2489,2495,0.937602,0.937602,0.00012,True,accepted_posterior,bayes-hmm-v1,true
cam5,2490,2496,0.948618,0.948618,0.0001,True,accepted_posterior,bayes-hmm-v1,true
cam5,2491,2497,0.859929,0.859929,0.000128,True,accepted_posterior,bayes-hmm-v1,true
cam5,2492,2498,0.801782,0.801782,0.00018,True,accepted_posterior,bayes-hmm-v1,true
cam5,2493,2499,0.763567,0.763567,0.000224,True,accepted_posterior,bayes-hmm-v1,true
cam5,2494,2500,0.71937,0.71937,0.000241,True,accepted_posterior,bayes-hmm-v1,true
cam5,2495,2500,0.817922,0.817922,0.000203,True,accepted_posterior,bayes-hmm-v1,true
cam5,2496,2500,0.894343,0.894343,0.000254,True,accepted_posterior,bayes-hmm-v1,true
cam5,2497,2500,0.929626,0.929626,0.000737,True,accepted_posterior,bayes-hmm-v1,true
cam5,2498,2500,0.90738,0.90738,0.002803,True,accepted_posterior,bayes-hmm-v1,true
cam5,2499,2501,0.895325,0.895325,0.010545,True,accepted_posterior,bayes-hmm-v1,true
cam5,2500,2502,0.89667,0.89667,0.035224,True,accepted_posterior,bayes-hmm-v1,true
cam5,2501,,abstain,0.771859,0.096516,True,posterior_no_correspondence,bayes-hmm-v1,true
cam5,2502,,abstain,0.646627,0.208231,True,posterior_no_correspondence,bayes-hmm-v1,true
cam5,2503,,abstain,0.550006,0.353881,True,posterior_no_correspondence,bayes-hmm-v1,true
cam5,2504,,abstain,0.36376,0.55974,True,posterior_no_correspondence,bayes-hmm-v1,true
cam5,2505,,abstain,0.196239,0.734965,True,posterior_no_correspondence,bayes-hmm-v1,true
cam5,2506,,abstain,0.100599,0.830488,True,posterior_no_correspondence,bayes-hmm-v1,true
cam5,2507,,abstain,0.064063,0.8419,True,posterior_no_correspondence,bayes-hmm-v1,true
cam5,2508,,abstain,0.200719,0.738396,True,posterior_no_correspondence,bayes-hmm-v1,true
cam5,2509,,abstain,0.349177,0.573271,True,posterior_no_correspondence,bayes-hmm-v1,true
cam5,2510,,abstain,0.509962,0.389749,True,posterior_no_correspondence,bayes-hmm-v1,true
cam5,2511,,abstain,0.66783,0.231718,True,posterior_no_correspondence,bayes-hmm-v1,true
cam5,2512,,abstain,0.783569,0.111006,True,posterior_no_correspondence,bayes-hmm-v1,true
cam5,2513,2525,0.884367,0.884367,0.046053,True,accepted_posterior,bayes-hmm-v1,true
cam5,2514,2526,0.942054,0.942054,0.017908,True,accepted_posterior,bayes-hmm-v1,true
cam5,2515,2527,0.977485,0.977485,0.005332,True,accepted_posterior,bayes-hmm-v1,true
cam5,2516,2528,0.99118,0.99118,0.001436,True,accepted_posterior,bayes-hmm-v1,true
cam5,2517,2529,0.996873,0.996873,0.000607,True,accepted_posterior,bayes-hmm-v1,true
cam5,2518,2530,0.99768,0.99768,0.00028,True,accepted_posterior,bayes-hmm-v1,true
cam5,2519,2530,0.97843,0.97843,0.000241,True,accepted_posterior,bayes-hmm-v1,true
cam5,2520,2531,0.97214,0.97214,0.00013,True,accepted_posterior,bayes-hmm-v1,true
cam5,2521,2533,0.99179,0.99179,0.000137,True,accepted_posterior,bayes-hmm-v1,true
cam5,2522,2534,0.991987,0.991987,0.000104,True,accepted_posterior,bayes-hmm-v1,true
cam5,2523,2535,0.99794,0.99794,7.5e-05,True,accepted_posterior,bayes-hmm-v1,true
cam5,2524,2536,0.999171,0.999171,5e-05,True,accepted_posterior,bayes-hmm-v1,true
cam5,2525,2537,0.999409,0.999409,4.9e-05,True,accepted_posterior,bayes-hmm-v1,true
cam5,2526,2537,0.993557,0.993557,4.2e-05,True,accepted_posterior,bayes-hmm-v1,true
cam5,2527,2539,0.998642,0.998642,4.8e-05,True,accepted_posterior,bayes-hmm-v1,true
cam5,2528,2540,0.989926,0.989926,3.7e-05,True,accepted_posterior,bayes-hmm-v1,true
cam5,2529,2541,0.990585,0.990585,3.9e-05,True,accepted_posterior,bayes-hmm-v1,true
cam5,2530,2542,0.981753,0.981753,4.4e-05,True,accepted_posterior,bayes-hmm-v1,true
cam5,2531,2543,0.977908,0.977908,3.7e-05,True,accepted_posterior,bayes-hmm-v1,true
cam5,2532,2545,0.996128,0.996128,3.2e-05,True,accepted_posterior,bayes-hmm-v1,true
cam5,2533,2546,0.996582,0.996582,2.5e-05,True,accepted_posterior,bayes-hmm-v1,true
cam5,2534,2547,0.998524,0.998524,2.8e-05,True,accepted_posterior,bayes-hmm-v1,true
cam5,2535,2547,0.996441,0.996441,4.4e-05,True,accepted_posterior,bayes-hmm-v1,true
cam5,2536,2549,0.99352,0.99352,6.5e-05,True,accepted_posterior,bayes-hmm-v1,true
cam5,2537,2550,0.98734,0.98734,9.2e-05,True,accepted_posterior,bayes-hmm-v1,true
cam5,2538,2551,0.984363,0.984363,7.7e-05,True,accepted_posterior,bayes-hmm-v1,true
cam5,2539,2552,0.992061,0.992061,7.4e-05,True,accepted_posterior,bayes-hmm-v1,true
cam5,2540,2553,0.995102,0.995102,5.6e-05,True,accepted_posterior,bayes-hmm-v1,true
cam5,2541,2554,0.996863,0.996863,6.3e-05,True,accepted_posterior,bayes-hmm-v1,true
cam5,2542,2555,0.993604,0.993604,5.1e-05,True,accepted_posterior,bayes-hmm-v1,true
cam5,2543,2556,0.995002,0.995002,7e-05,True,accepted_posterior,bayes-hmm-v1,true
cam5,2544,2556,0.96079,0.96079,6.4e-05,True,accepted_posterior,bayes-hmm-v1,true
cam5,2545,2558,0.993798,0.993798,6.9e-05,True,accepted_posterior,bayes-hmm-v1,true
cam5,2546,2559,0.993056,0.993056,7.1e-05,True,accepted_posterior,bayes-hmm-v1,true
cam5,2547,2559,0.98721,0.98721,7.2e-05,True,accepted_posterior,bayes-hmm-v1,true
cam5,2548,2561,0.993722,0.993722,6.9e-05,True,accepted_posterior,bayes-hmm-v1,true
cam5,2549,2561,0.979117,0.979117,8.9e-05,True,accepted_posterior,bayes-hmm-v1,true
cam5,2550,2563,0.990647,0.990647,0.000113,True,accepted_posterior,bayes-hmm-v1,true
cam5,2551,2564,0.989965,0.989965,0.000107,True,accepted_posterior,bayes-hmm-v1,true
cam5,2552,2565,0.987563,0.987563,7.5e-05,True,accepted_posterior,bayes-hmm-v1,true
cam5,2553,2566,0.976448,0.976448,9.1e-05,True,accepted_posterior,bayes-hmm-v1,true
cam5,2554,2567,0.973324,0.973324,8.5e-05,True,accepted_posterior,bayes-hmm-v1,true
cam5,2555,2569,0.985068,0.985068,9.3e-05,True,accepted_posterior,bayes-hmm-v1,true
cam5,2556,2570,0.961586,0.961586,0.000105,True,accepted_posterior,bayes-hmm-v1,true
cam5,2557,2571,0.912604,0.912604,0.000146,True,accepted_posterior,bayes-hmm-v1,true
cam5,2558,2573,0.936911,0.936911,0.00014,True,accepted_posterior,bayes-hmm-v1,true
cam5,2559,2575,0.946194,0.946194,9.8e-05,True,accepted_posterior,bayes-hmm-v1,true
cam5,2560,2576,0.961575,0.961575,6.9e-05,True,accepted_posterior,bayes-hmm-v1,true
cam5,2561,2578,0.967879,0.967879,4.5e-05,True,accepted_posterior,bayes-hmm-v1,true
cam5,2562,2579,0.971682,0.971682,4.2e-05,True,accepted_posterior,bayes-hmm-v1,true
cam5,2563,2580,0.968602,0.968602,4.4e-05,True,accepted_posterior,bayes-hmm-v1,true
cam5,2564,2581,0.951377,0.951377,5.6e-05,True,accepted_posterior,bayes-hmm-v1,true
cam5,2565,2582,0.945754,0.945754,5e-05,True,accepted_posterior,bayes-hmm-v1,true
cam5,2566,2582,0.858254,0.858254,5.8e-05,True,accepted_posterior,bayes-hmm-v1,true
cam5,2567,2583,0.853787,0.853787,5.4e-05,True,accepted_posterior,bayes-hmm-v1,true
cam5,2568,2586,0.739905,0.739905,4.9e-05,True,accepted_posterior,bayes-hmm-v1,true
cam5,2569,2586,0.877838,0.877838,5.1e-05,True,accepted_posterior,bayes-hmm-v1,true
cam5,2570,2586,0.952516,0.952516,4.3e-05,True,accepted_posterior,bayes-hmm-v1,true
cam5,2571,2587,0.936197,0.936197,3.8e-05,True,accepted_posterior,bayes-hmm-v1,true
cam5,2572,2587,0.972343,0.972343,4.9e-05,True,accepted_posterior,bayes-hmm-v1,true
cam5,2573,2588,0.97183,0.97183,4e-05,True,accepted_posterior,bayes-hmm-v1,true
cam5,2574,2588,0.990597,0.990597,3.9e-05,True,accepted_posterior,bayes-hmm-v1,true
cam5,2575,2589,0.971126,0.971126,4.2e-05,True,accepted_posterior,bayes-hmm-v1,true
cam5,2576,2590,0.933926,0.933926,4.5e-05,True,accepted_posterior,bayes-hmm-v1,true
cam5,2577,2590,0.973571,0.973571,4.4e-05,True,accepted_posterior,bayes-hmm-v1,true
cam5,2578,2590,0.985135,0.985135,5.1e-05,True,accepted_posterior,bayes-hmm-v1,true
cam5,2579,2591,0.970151,0.970151,6.4e-05,True,accepted_posterior,bayes-hmm-v1,true
cam5,2580,2592,0.960318,0.960318,6.7e-05,True,accepted_posterior,bayes-hmm-v1,true
cam5,2581,2593,0.92212,0.92212,6.6e-05,True,accepted_posterior,bayes-hmm-v1,true
cam5,2582,2593,0.975124,0.975124,6.3e-05,True,accepted_posterior,bayes-hmm-v1,true
cam5,2583,2594,0.975762,0.975762,6.1e-05,True,accepted_posterior,bayes-hmm-v1,true
cam5,2584,2595,0.971105,0.971105,5.9e-05,True,accepted_posterior,bayes-hmm-v1,true
cam5,2585,2595,0.995075,0.995075,4.4e-05,True,accepted_posterior,bayes-hmm-v1,true
cam5,2586,2596,0.995164,0.995164,3.5e-05,True,accepted_posterior,bayes-hmm-v1,true
cam5,2587,2597,0.997376,0.997376,2.4e-05,True,accepted_posterior,bayes-hmm-v1,true
cam5,2588,2597,0.999575,0.999575,1.4e-05,True,accepted_posterior,bayes-hmm-v1,true
cam5,2589,2597,0.999907,0.999907,1.3e-05,True,accepted_posterior,bayes-hmm-v1,true
cam5,2590,2597,0.999971,0.999971,1.5e-05,True,accepted_posterior,bayes-hmm-v1,true
cam5,2591,2597,0.999984,0.999984,1.5e-05,True,accepted_posterior,bayes-hmm-v1,true
cam5,2592,2597,0.999983,0.999983,1.7e-05,True,accepted_posterior,bayes-hmm-v1,true
cam5,2593,2597,0.999977,0.999977,2.3e-05,True,accepted_posterior,bayes-hmm-v1,true
cam5,2594,2598,0.999982,0.999982,1.8e-05,True,accepted_posterior,bayes-hmm-v1,true
cam5,2595,2598,0.999985,0.999985,1.5e-05,True,accepted_posterior,bayes-hmm-v1,true
cam5,2596,2598,0.999983,0.999983,1.7e-05,True,accepted_posterior,bayes-hmm-v1,true
cam5,2597,2598,0.999982,0.999982,1.7e-05,True,accepted_posterior,bayes-hmm-v1,true
cam5,2598,2598,0.99998,0.99998,1.8e-05,True,accepted_posterior,bayes-hmm-v1,true
cam5,2599,2598,0.999968,0.999968,2.1e-05,True,accepted_posterior,bayes-hmm-v1,true
cam5,2600,2599,0.999954,0.999954,1.9e-05,True,accepted_posterior,bayes-hmm-v1,true
cam5,2601,2599,0.99985,0.99985,1.9e-05,True,accepted_posterior,bayes-hmm-v1,true
cam5,2602,2599,0.999425,0.999425,1.8e-05,True,accepted_posterior,bayes-hmm-v1,true
cam5,2603,2599,0.997987,0.997987,1.7e-05,True,accepted_posterior,bayes-hmm-v1,true
cam5,2604,2599,0.993792,0.993792,1.7e-05,True,accepted_posterior,bayes-hmm-v1,true
cam5,2605,2599,0.983428,0.983428,2.4e-05,True,accepted_posterior,bayes-hmm-v1,true
cam5,2606,2599,0.964756,0.964756,5.2e-05,True,accepted_posterior,bayes-hmm-v1,true
cam5,2607,2600,0.944242,0.944242,7.5e-05,True,accepted_posterior,bayes-hmm-v1,true
cam5,2608,2600,0.869277,0.869277,0.000127,True,accepted_posterior,bayes-hmm-v1,true
cam5,2609,2600,0.731478,0.731478,0.000171,True,accepted_posterior,bayes-hmm-v1,true
cam5,2610,2600,0.5768,0.5768,0.000201,True,accepted_posterior,bayes-hmm-v1,true
cam5,2611,2601,0.481089,0.481089,0.000215,True,accepted_posterior,bayes-hmm-v1,true
cam5,2612,2601,0.381569,0.381569,0.000224,True,accepted_posterior,bayes-hmm-v1,true
cam5,2613,2601,0.333144,0.333144,0.000218,True,accepted_posterior,bayes-hmm-v1,true
cam5,2614,2602,0.317859,0.317859,0.000349,True,accepted_posterior,bayes-hmm-v1,true
cam5,2615,2611,0.519333,0.519333,0.001697,True,accepted_posterior,bayes-hmm-v1,true
cam5,2616,,abstain,,,True,idle_segment,bayes-hmm-v1,true
cam5,2617,,abstain,,,True,idle_segment,bayes-hmm-v1,true
cam5,2618,,abstain,,,True,idle_segment,bayes-hmm-v1,true
cam5,2619,,abstain,,,True,idle_segment,bayes-hmm-v1,true
cam5,2620,,abstain,,,True,idle_segment,bayes-hmm-v1,true
cam5,2621,,abstain,,,True,idle_segment,bayes-hmm-v1,true
cam5,2622,,abstain,,,True,idle_segment,bayes-hmm-v1,true
cam5,2623,,abstain,,,True,idle_segment,bayes-hmm-v1,true
cam5,2624,,abstain,,,True,idle_segment,bayes-hmm-v1,true
cam5,2625,,abstain,,,True,idle_segment,bayes-hmm-v1,true
cam5,2626,,abstain,,,True,idle_segment,bayes-hmm-v1,true
cam5,2627,,abstain,,,True,idle_segment,bayes-hmm-v1,true
cam5,2628,,abstain,,,True,idle_segment,bayes-hmm-v1,true
cam5,2629,,abstain,,,True,idle_segment,bayes-hmm-v1,true
cam5,2630,,abstain,,,True,idle_segment,bayes-hmm-v1,true
cam5,2631,,abstain,,,True,idle_segment,bayes-hmm-v1,true
cam5,2632,,abstain,,,True,idle_segment,bayes-hmm-v1,true
cam5,2633,,abstain,,,True,idle_segment,bayes-hmm-v1,true
cam5,2634,,abstain,,,True,idle_segment,bayes-hmm-v1,true
cam5,2635,,abstain,,,True,idle_segment,bayes-hmm-v1,true
cam5,2636,,abstain,,,True,idle_segment,bayes-hmm-v1,true
cam5,2637,,abstain,,,True,idle_segment,bayes-hmm-v1,true
cam5,2638,,abstain,,,True,idle_segment,bayes-hmm-v1,true
cam5,2639,,abstain,,,True,idle_segment,bayes-hmm-v1,true
cam5,2640,,abstain,,,True,idle_segment,bayes-hmm-v1,true
cam5,2641,,abstain,,,True,idle_segment,bayes-hmm-v1,true
cam5,2642,,abstain,,,True,idle_segment,bayes-hmm-v1,true
cam5,2643,,abstain,,,True,idle_segment,bayes-hmm-v1,true
cam5,2644,,abstain,,,True,idle_segment,bayes-hmm-v1,true
cam5,2645,,abstain,,,True,idle_segment,bayes-hmm-v1,true
cam5,2646,,abstain,,,True,idle_segment,bayes-hmm-v1,true
cam5,2647,,abstain,,,True,idle_segment,bayes-hmm-v1,true
cam5,2648,,abstain,,,True,idle_segment,bayes-hmm-v1,true
cam5,2649,,abstain,,,True,idle_segment,bayes-hmm-v1,true
cam5,2650,,abstain,,,True,idle_segment,bayes-hmm-v1,true
cam5,2651,,abstain,,,True,idle_segment,bayes-hmm-v1,true
cam5,2652,,abstain,,,True,idle_segment,bayes-hmm-v1,true
cam5,2653,,abstain,,,True,idle_segment,bayes-hmm-v1,true
cam5,2654,,abstain,,,True,idle_segment,bayes-hmm-v1,true
cam5,2655,,abstain,,,True,idle_segment,bayes-hmm-v1,true
cam5,2656,,abstain,,,True,idle_segment,bayes-hmm-v1,true
cam5,2657,,abstain,,,True,idle_segment,bayes-hmm-v1,true
cam5,2658,,abstain,,,True,idle_segment,bayes-hmm-v1,true
cam5,2659,,abstain,,,True,idle_segment,bayes-hmm-v1,true
cam5,2660,,abstain,,,True,idle_segment,bayes-hmm-v1,true
cam5,2661,,abstain,,,True,idle_segment,bayes-hmm-v1,true
cam5,2662,,abstain,,,True,idle_segment,bayes-hmm-v1,true
cam5,2663,,abstain,,,True,idle_segment,bayes-hmm-v1,true
cam5,2664,,abstain,,,True,idle_segment,bayes-hmm-v1,true
cam5,2665,,abstain,,,True,idle_segment,bayes-hmm-v1,true
cam5,2666,,abstain,,,True,idle_segment,bayes-hmm-v1,true
cam5,2667,,abstain,,,True,idle_segment,bayes-hmm-v1,true
cam5,2668,,abstain,,,True,idle_segment,bayes-hmm-v1,true
cam5,2669,,abstain,,,True,idle_segment,bayes-hmm-v1,true
cam5,2670,,abstain,,,True,idle_segment,bayes-hmm-v1,true
cam5,2671,,abstain,,,True,idle_segment,bayes-hmm-v1,true
cam5,2672,,abstain,,,True,idle_segment,bayes-hmm-v1,true
cam5,2673,,abstain,,,True,idle_segment,bayes-hmm-v1,true
