camera_id,runA_frame,runB_frame,confidence,posterior_probability,posterior_no_correspondence,confidence_is_calibrated_probability,status,method,motion_channel
cam0,0,,abstain,,,True,idle_segment,bayes-hmm-v1,true
cam0,1,,abstain,,,True,idle_segment,bayes-hmm-v1,true
cam0,2,,abstain,,,True,idle_segment,bayes-hmm-v1,true
cam0,3,,abstain,,,True,idle_segment,bayes-hmm-v1,true
cam0,4,,abstain,,,True,idle_segment,bayes-hmm-v1,true
cam0,5,,abstain,,,True,idle_segment,bayes-hmm-v1,true
cam0,6,,abstain,,,True,idle_segment,bayes-hmm-v1,true
cam0,7,,abstain,,,True,idle_segment,bayes-hmm-v1,true
cam0,8,,abstain,,,True,idle_segment,bayes-hmm-v1,true
cam0,9,,abstain,,,True,idle_segment,bayes-hmm-v1,true
cam0,10,,abstain,,,True,idle_segment,bayes-hmm-v1,true
cam0,11,,abstain,,,True,idle_segment,bayes-hmm-v1,true
cam0,12,,abstain,,,True,idle_segment,bayes-hmm-v1,true
cam0,13,,abstain,,,True,idle_segment,bayes-hmm-v1,true
cam0,14,,abstain,,,True,idle_segment,bayes-hmm-v1,true
cam0,15,,abstain,,,True,idle_segment,bayes-hmm-v1,true
cam0,16,,abstain,,,True,idle_segment,bayes-hmm-v1,true
cam0,17,,abstain,,,True,idle_segment,bayes-hmm-v1,true
cam0,18,,abstain,,,True,idle_segment,bayes-hmm-v1,true
cam0,19,,abstain,,,True,idle_segment,bayes-hmm-v1,true
cam0,20,,abstain,,,True,idle_segment,bayes-hmm-v1,true
cam0,21,,abstain,,,True,idle_segment,bayes-hmm-v1,true
cam0,22,,abstain,,,True,idle_segment,bayes-hmm-v1,true
cam0,23,,abstain,,,True,idle_segment,bayes-hmm-v1,true
cam0,24,,abstain,,,True,idle_segment,bayes-hmm-v1,true
cam0,25,,abstain,,,True,idle_segment,bayes-hmm-v1,true
cam0,26,,abstain,,,True,idle_segment,bayes-hmm-v1,true
cam0,27,,abstain,,,True,idle_segment,bayes-hmm-v1,true
cam0,28,,abstain,,,True,idle_segment,bayes-hmm-v1,true
cam0,29,,abstain,,,True,idle_segment,bayes-hmm-v1,true
cam0,30,,abstain,,,True,idle_segment,bayes-hmm-v1,true
cam0,31,,abstain,,,True,idle_segment,bayes-hmm-v1,true
cam0,32,,abstain,,,True,idle_segment,bayes-hmm-v1,true
cam0,33,,abstain,,,True,idle_segment,bayes-hmm-v1,true
cam0,34,,abstain,,,True,idle_segment,bayes-hmm-v1,true
cam0,35,,abstain,,,True,idle_segment,bayes-hmm-v1,true
cam0,36,,abstain,,,True,idle_segment,bayes-hmm-v1,true
cam0,37,,abstain,,,True,idle_segment,bayes-hmm-v1,true
cam0,38,,abstain,,,True,idle_segment,bayes-hmm-v1,true
cam0,39,,abstain,,,True,idle_segment,bayes-hmm-v1,true
cam0,40,,abstain,,,True,idle_segment,bayes-hmm-v1,true
cam0,41,,abstain,,,True,idle_segment,bayes-hmm-v1,true
cam0,42,,abstain,,,True,idle_segment,bayes-hmm-v1,true
cam0,43,,abstain,,,True,idle_segment,bayes-hmm-v1,true
cam0,44,,abstain,,,True,idle_segment,bayes-hmm-v1,true
cam0,45,,abstain,,,True,idle_segment,bayes-hmm-v1,true
cam0,46,,abstain,,,True,idle_segment,bayes-hmm-v1,true
cam0,47,,abstain,,,True,idle_segment,bayes-hmm-v1,true
cam0,48,,abstain,,,True,idle_segment,bayes-hmm-v1,true
cam0,49,,abstain,,,True,idle_segment,bayes-hmm-v1,true
cam0,50,,abstain,,,True,idle_segment,bayes-hmm-v1,true
cam0,51,,abstain,,,True,idle_segment,bayes-hmm-v1,true
cam0,52,,abstain,,,True,idle_segment,bayes-hmm-v1,true
cam0,53,,abstain,,,True,idle_segment,bayes-hmm-v1,true
cam0,54,,abstain,,,True,idle_segment,bayes-hmm-v1,true
cam0,55,,abstain,,,True,idle_segment,bayes-hmm-v1,true
cam0,56,,abstain,,,True,idle_segment,bayes-hmm-v1,true
cam0,57,,abstain,,,True,idle_segment,bayes-hmm-v1,true
cam0,58,,abstain,,,True,idle_segment,bayes-hmm-v1,true
cam0,59,,abstain,,,True,idle_segment,bayes-hmm-v1,true
cam0,60,,abstain,,,True,idle_segment,bayes-hmm-v1,true
cam0,61,,abstain,,,True,idle_segment,bayes-hmm-v1,true
cam0,62,,abstain,,,True,idle_segment,bayes-hmm-v1,true
cam0,63,,abstain,,,True,idle_segment,bayes-hmm-v1,true
cam0,64,,abstain,,,True,idle_segment,bayes-hmm-v1,true
cam0,65,,abstain,,,True,idle_segment,bayes-hmm-v1,true
cam0,66,,abstain,,,True,idle_segment,bayes-hmm-v1,true
cam0,67,,abstain,,,True,idle_segment,bayes-hmm-v1,true
cam0,68,,abstain,,,True,idle_segment,bayes-hmm-v1,true
cam0,69,,abstain,,,True,idle_segment,bayes-hmm-v1,true
cam0,70,,abstain,,,True,idle_segment,bayes-hmm-v1,true
cam0,71,,abstain,,,True,idle_segment,bayes-hmm-v1,true
cam0,72,,abstain,,,True,idle_segment,bayes-hmm-v1,true
cam0,73,,abstain,,,True,idle_segment,bayes-hmm-v1,true
cam0,74,,abstain,,,True,idle_segment,bayes-hmm-v1,true
cam0,75,,abstain,,,True,idle_segment,bayes-hmm-v1,true
cam0,76,,abstain,,,True,idle_segment,bayes-hmm-v1,true
cam0,77,,abstain,,,True,idle_segment,bayes-hmm-v1,true
cam0,78,,abstain,,,True,idle_segment,bayes-hmm-v1,true
cam0,79,,abstain,,,True,idle_segment,bayes-hmm-v1,true
cam0,80,,abstain,,,True,idle_segment,bayes-hmm-v1,true
cam0,81,,abstain,,,True,idle_segment,bayes-hmm-v1,true
cam0,82,,abstain,,,True,idle_segment,bayes-hmm-v1,true
cam0,83,,abstain,,,True,idle_segment,bayes-hmm-v1,true
cam0,84,,abstain,,,True,idle_segment,bayes-hmm-v1,true
cam0,85,,abstain,,,True,idle_segment,bayes-hmm-v1,true
cam0,86,,abstain,,,True,idle_segment,bayes-hmm-v1,true
cam0,87,,abstain,,,True,idle_segment,bayes-hmm-v1,true
cam0,88,,abstain,,,True,idle_segment,bayes-hmm-v1,true
cam0,89,,abstain,,,True,idle_segment,bayes-hmm-v1,true
cam0,90,,abstain,,,True,idle_segment,bayes-hmm-v1,true
cam0,91,,abstain,,,True,idle_segment,bayes-hmm-v1,true
cam0,92,,abstain,,,True,idle_segment,bayes-hmm-v1,true
cam0,93,,abstain,,,True,idle_segment,bayes-hmm-v1,true
cam0,94,,abstain,,,True,idle_segment,bayes-hmm-v1,true
cam0,95,,abstain,,,True,idle_segment,bayes-hmm-v1,true
cam0,96,,abstain,,,True,idle_segment,bayes-hmm-v1,true
cam0,97,,abstain,,,True,idle_segment,bayes-hmm-v1,true
cam0,98,,abstain,,,True,idle_segment,bayes-hmm-v1,true
cam0,99,,abstain,,,True,idle_segment,bayes-hmm-v1,true
cam0,100,,abstain,,,True,idle_segment,bayes-hmm-v1,true
cam0,101,,abstain,,,True,idle_segment,bayes-hmm-v1,true
cam0,102,,abstain,,,True,idle_segment,bayes-hmm-v1,true
cam0,103,,abstain,,,True,idle_segment,bayes-hmm-v1,true
cam0,104,,abstain,,,True,idle_segment,bayes-hmm-v1,true
cam0,105,,abstain,,,True,idle_segment,bayes-hmm-v1,true
cam0,106,,abstain,,,True,idle_segment,bayes-hmm-v1,true
cam0,107,,abstain,,,True,idle_segment,bayes-hmm-v1,true
cam0,108,,abstain,,,True,idle_segment,bayes-hmm-v1,true
cam0,109,,abstain,,,True,idle_segment,bayes-hmm-v1,true
cam0,110,,abstain,,,True,idle_segment,bayes-hmm-v1,true
cam0,111,,abstain,,,True,idle_segment,bayes-hmm-v1,true
cam0,112,,abstain,,,True,idle_segment,bayes-hmm-v1,true
cam0,113,,abstain,,,True,idle_segment,bayes-hmm-v1,true
cam0,114,,abstain,,,True,idle_segment,bayes-hmm-v1,true
cam0,115,,abstain,,,True,idle_segment,bayes-hmm-v1,true
cam0,116,,abstain,,,True,idle_segment,bayes-hmm-v1,true
cam0,117,,abstain,,,True,idle_segment,bayes-hmm-v1,true
cam0,118,,abstain,,,True,idle_segment,bayes-hmm-v1,true
cam0,119,,abstain,,,True,idle_segment,bayes-hmm-v1,true
cam0,120,,abstain,,,True,idle_segment,bayes-hmm-v1,true
cam0,121,,abstain,,,True,idle_segment,bayes-hmm-v1,true
cam0,122,,abstain,,,True,idle_segment,bayes-hmm-v1,true
cam0,123,,abstain,,,True,idle_segment,bayes-hmm-v1,true
cam0,124,,abstain,,,True,idle_segment,bayes-hmm-v1,true
cam0,125,,abstain,,,True,idle_segment,bayes-hmm-v1,true
cam0,126,,abstain,,,True,idle_segment,bayes-hmm-v1,true
cam0,127,,abstain,,,True,idle_segment,bayes-hmm-v1,true
cam0,128,,abstain,,,True,idle_segment,bayes-hmm-v1,true
cam0,129,,abstain,,,True,idle_segment,bayes-hmm-v1,true
cam0,130,,abstain,,,True,idle_segment,bayes-hmm-v1,true
cam0,131,,abstain,,,True,idle_segment,bayes-hmm-v1,true
cam0,132,,abstain,,,True,idle_segment,bayes-hmm-v1,true
cam0,133,,abstain,,,True,idle_segment,bayes-hmm-v1,true
cam0,134,,abstain,,,True,idle_segment,bayes-hmm-v1,true
cam0,135,,abstain,,,True,idle_segment,bayes-hmm-v1,true
cam0,136,,abstain,,,True,idle_segment,bayes-hmm-v1,true
cam0,137,,abstain,,,True,idle_segment,bayes-hmm-v1,true
cam0,138,,abstain,,,True,idle_segment,bayes-hmm-v1,true
cam0,139,,abstain,,,True,idle_segment,bayes-hmm-v1,true
cam0,140,,abstain,,,True,idle_segment,bayes-hmm-v1,true
cam0,141,,abstain,,,True,idle_segment,bayes-hmm-v1,true
cam0,142,,abstain,,,True,idle_segment,bayes-hmm-v1,true
cam0,143,,abstain,,,True,idle_segment,bayes-hmm-v1,true
cam0,144,,abstain,,,True,idle_segment,bayes-hmm-v1,true
cam0,145,,abstain,,,True,idle_segment,bayes-hmm-v1,true
cam0,146,,abstain,,,True,idle_segment,bayes-hmm-v1,true
cam0,147,,abstain,,,True,idle_segment,bayes-hmm-v1,true
cam0,148,,abstain,,,True,idle_segment,bayes-hmm-v1,true
cam0,149,,abstain,,,True,idle_segment,bayes-hmm-v1,true
cam0,150,,abstain,,,True,idle_segment,bayes-hmm-v1,true
cam0,151,,abstain,,,True,idle_segment,bayes-hmm-v1,true
cam0,152,,abstain,,,True,idle_segment,bayes-hmm-v1,true
cam0,153,,abstain,,,True,idle_segment,bayes-hmm-v1,true
cam0,154,,abstain,,,True,idle_segment,bayes-hmm-v1,true
cam0,155,,abstain,,,True,idle_segment,bayes-hmm-v1,true
cam0,156,,abstain,,,True,idle_segment,bayes-hmm-v1,true
cam0,157,,abstain,,,True,idle_segment,bayes-hmm-v1,true
cam0,158,,abstain,,,True,idle_segment,bayes-hmm-v1,true
cam0,159,,abstain,,,True,idle_segment,bayes-hmm-v1,true
cam0,160,,abstain,,,True,idle_segment,bayes-hmm-v1,true
cam0,161,,abstain,,,True,idle_segment,bayes-hmm-v1,true
cam0,162,,abstain,,,True,idle_segment,bayes-hmm-v1,true
cam0,163,,abstain,,,True,idle_segment,bayes-hmm-v1,true
cam0,164,,abstain,,,True,idle_segment,bayes-hmm-v1,true
cam0,165,,abstain,,,True,idle_segment,bayes-hmm-v1,true
cam0,166,,abstain,,,True,idle_segment,bayes-hmm-v1,true
cam0,167,,abstain,,,True,idle_segment,bayes-hmm-v1,true
cam0,168,,abstain,,,True,idle_segment,bayes-hmm-v1,true
cam0,169,,abstain,,,True,idle_segment,bayes-hmm-v1,true
cam0,170,,abstain,,,True,idle_segment,bayes-hmm-v1,true
cam0,171,,abstain,,,True,idle_segment,bayes-hmm-v1,true
cam0,172,,abstain,,,True,idle_segment,bayes-hmm-v1,true
cam0,173,,abstain,,,True,idle_segment,bayes-hmm-v1,true
cam0,174,,abstain,,,True,idle_segment,bayes-hmm-v1,true
cam0,175,,abstain,,,True,idle_segment,bayes-hmm-v1,true
cam0,176,,abstain,,,True,idle_segment,bayes-hmm-v1,true
cam0,177,,abstain,,,True,idle_segment,bayes-hmm-v1,true
cam0,178,,abstain,,,True,idle_segment,bayes-hmm-v1,true
cam0,179,,abstain,,,True,idle_segment,bayes-hmm-v1,true
cam0,180,114,2.996882,2.996882,0.000138,True,accepted_posterior,bayes-hmm-v1,true
cam0,181,114,2.987349,2.987349,7.9e-05,True,accepted_posterior,bayes-hmm-v1,true
cam0,182,114,2.973636,2.973636,5e-05,True,accepted_posterior,bayes-hmm-v1,true
cam0,183,114,2.950431,2.950431,3.6e-05,True,accepted_posterior,bayes-hmm-v1,true
cam0,184,114,2.909297,2.909297,4.4e-05,True,accepted_posterior,bayes-hmm-v1,true
cam0,185,114,2.834863,2.834863,6.9e-05,True,accepted_posterior,bayes-hmm-v1,true
cam0,186,114,2.699462,2.699462,0.000155,True,accepted_posterior,bayes-hmm-v1,true
cam0,187,114,2.485923,2.485923,0.000159,True,accepted_posterior,bayes-hmm-v1,true
cam0,188,114,2.183513,2.183513,0.000167,True,accepted_posterior,bayes-hmm-v1,true
cam0,189,114,1.787077,1.787077,0.000202,True,accepted_posterior,bayes-hmm-v1,true
cam0,190,115,1.216287,1.216287,0.000224,True,accepted_posterior,bayes-hmm-v1,true
cam0,191,116,0.999251,0.999251,0.000254,True,accepted_posterior,bayes-hmm-v1,true
cam0,192,116,0.997224,0.997224,0.000231,True,accepted_posterior,bayes-hmm-v1,true
cam0,193,117,0.998938,0.998938,0.000165,True,accepted_posterior,bayes-hmm-v1,true
cam0,194,117,0.996464,0.996464,0.000174,True,accepted_posterior,bayes-hmm-v1,true
cam0,195,118,0.9986,0.9986,0.000174,True,accepted_posterior,bayes-hmm-v1,true
cam0,196,118,0.992651,0.992651,0.000155,True,accepted_posterior,bayes-hmm-v1,true
cam0,197,119,0.997755,0.997755,0.000155,True,accepted_posterior,bayes-hmm-v1,true
cam0,198,120,0.99901,0.99901,0.000166,True,accepted_posterior,bayes-hmm-v1,true
cam0,199,120,0.993509,0.993509,0.00021,True,accepted_posterior,bayes-hmm-v1,true
cam0,200,121,0.996537,0.996537,0.000159,True,accepted_posterior,bayes-hmm-v1,true
cam0,201,122,0.997485,0.997485,0.000145,True,accepted_posterior,bayes-hmm-v1,true
cam0,202,122,0.982389,0.982389,0.000138,True,accepted_posterior,bayes-hmm-v1,true
cam0,203,123,0.993254,0.993254,0.000117,True,accepted_posterior,bayes-hmm-v1,true
cam0,204,124,0.998353,0.998353,0.000103,True,accepted_posterior,bayes-hmm-v1,true
cam0,205,125,0.999429,0.999429,0.000119,True,accepted_posterior,bayes-hmm-v1,true
cam0,206,126,0.99972,0.99972,0.000108,True,accepted_posterior,bayes-hmm-v1,true
cam0,207,127,0.999783,0.999783,0.000109,True,accepted_posterior,bayes-hmm-v1,true
cam0,208,127,0.998577,0.998577,0.000125,True,accepted_posterior,bayes-hmm-v1,true
cam0,209,128,0.998341,0.998341,0.000291,True,accepted_posterior,bayes-hmm-v1,true
cam0,210,129,0.999091,0.999091,0.000337,True,accepted_posterior,bayes-hmm-v1,true
cam0,211,129,0.994558,0.994558,0.000319,True,accepted_posterior,bayes-hmm-v1,true
cam0,212,130,0.99495,0.99495,0.000259,True,accepted_posterior,bayes-hmm-v1,true
cam0,213,131,0.991076,0.991076,0.000279,True,accepted_posterior,bayes-hmm-v1,true
cam0,214,132,0.984002,0.984002,0.000416,True,accepted_posterior,bayes-hmm-v1,true
cam0,215,133,0.982465,0.982465,0.000491,True,accepted_posterior,bayes-hmm-v1,true
cam0,216,134,0.988427,0.988427,0.00048,True,accepted_posterior,bayes-hmm-v1,true
cam0,217,135,0.994102,0.994102,0.000303,True,accepted_posterior,bayes-hmm-v1,true
cam0,218,136,0.995585,0.995585,0.00021,True,accepted_posterior,bayes-hmm-v1,true
cam0,219,136,0.996412,0.996412,0.00011,True,accepted_posterior,bayes-hmm-v1,true
cam0,220,137,0.999077,0.999077,7.6e-05,True,accepted_posterior,bayes-hmm-v1,true
cam0,221,137,0.994948,0.994948,8.1e-05,True,accepted_posterior,bayes-hmm-v1,true
cam0,222,138,0.999236,0.999236,9.7e-05,True,accepted_posterior,bayes-hmm-v1,true
cam0,223,139,0.999712,0.999712,9.6e-05,True,accepted_posterior,bayes-hmm-v1,true
cam0,224,140,0.999465,0.999465,0.000111,True,accepted_posterior,bayes-hmm-v1,true
cam0,225,140,0.998795,0.998795,0.000127,True,accepted_posterior,bayes-hmm-v1,true
cam0,226,140,0.992336,0.992336,0.00017,True,accepted_posterior,bayes-hmm-v1,true
cam0,227,141,0.995608,0.995608,0.000204,True,accepted_posterior,bayes-hmm-v1,true
cam0,228,141,0.975695,0.975695,0.00025,True,accepted_posterior,bayes-hmm-v1,true
cam0,229,142,0.993899,0.993899,0.00028,True,accepted_posterior,bayes-hmm-v1,true
cam0,230,143,0.996987,0.996987,0.00026,True,accepted_posterior,bayes-hmm-v1,true
cam0,231,144,0.997354,0.997354,0.000191,True,accepted_posterior,bayes-hmm-v1,true
cam0,232,144,0.988313,0.988313,0.000191,True,accepted_posterior,bayes-hmm-v1,true
cam0,233,145,0.992461,0.992461,0.000248,True,accepted_posterior,bayes-hmm-v1,true
cam0,234,145,0.95836,0.95836,0.000222,True,accepted_posterior,bayes-hmm-v1,true
cam0,235,146,0.975433,0.975433,0.000231,True,accepted_posterior,bayes-hmm-v1,true
cam0,236,147,0.987153,0.987153,0.000175,True,accepted_posterior,bayes-hmm-v1,true
cam0,237,148,0.991157,0.991157,0.000166,True,accepted_posterior,bayes-hmm-v1,true
cam0,238,149,0.995758,0.995758,0.000123,True,accepted_posterior,bayes-hmm-v1,true
cam0,239,149,0.982487,0.982487,0.000113,True,accepted_posterior,bayes-hmm-v1,true
cam0,240,150,0.990484,0.990484,9.6e-05,True,accepted_posterior,bayes-hmm-v1,true
cam0,241,151,0.996781,0.996781,9.5e-05,True,accepted_posterior,bayes-hmm-v1,true
cam0,242,152,0.99914,0.99914,7e-05,True,accepted_posterior,bayes-hmm-v1,true
cam0,243,153,0.999732,0.999732,3.4e-05,True,accepted_posterior,bayes-hmm-v1,true
cam0,244,154,0.999801,0.999801,3.3e-05,True,accepted_posterior,bayes-hmm-v1,true
cam0,245,155,0.999654,0.999654,3.2e-05,True,accepted_posterior,bayes-hmm-v1,true
cam0,246,156,0.99931,0.99931,4.8e-05,True,accepted_posterior,bayes-hmm-v1,true
cam0,247,157,0.999192,0.999192,6.5e-05,True,accepted_posterior,bayes-hmm-v1,true
cam0,248,158,0.99928,0.99928,4.1e-05,True,accepted_posterior,bayes-hmm-v1,true
cam0,249,159,0.998857,0.998857,3.3e-05,True,accepted_posterior,bayes-hmm-v1,true
cam0,250,161,0.996587,0.996587,2.9e-05,True,accepted_posterior,bayes-hmm-v1,true
cam0,251,162,0.997273,0.997273,2.8e-05,True,accepted_posterior,bayes-hmm-v1,true
cam0,252,163,0.998494,0.998494,2.5e-05,True,accepted_posterior,bayes-hmm-v1,true
cam0,253,164,0.999019,0.999019,2.1e-05,True,accepted_posterior,bayes-hmm-v1,true
cam0,254,165,0.999338,0.999338,1.9e-05,True,accepted_posterior,bayes-hmm-v1,true
cam0,255,166,0.999071,0.999071,2.1e-05,True,accepted_posterior,bayes-hmm-v1,true
cam0,256,167,0.998876,0.998876,2.6e-05,True,accepted_posterior,bayes-hmm-v1,true
cam0,257,168,0.998692,0.998692,3.3e-05,True,accepted_posterior,bayes-hmm-v1,true
cam0,258,169,0.998444,0.998444,4e-05,True,accepted_posterior,bayes-hmm-v1,true
cam0,259,170,0.998424,0.998424,2.7e-05,True,accepted_posterior,bayes-hmm-v1,true
cam0,260,171,0.999637,0.999637,1.5e-05,True,accepted_posterior,bayes-hmm-v1,true
cam0,261,172,0.999964,0.999964,1.3e-05,True,accepted_posterior,bayes-hmm-v1,true
cam0,262,173,0.999958,0.999958,2e-05,True,accepted_posterior,bayes-hmm-v1,true
cam0,263,174,0.999958,0.999958,1.7e-05,True,accepted_posterior,bayes-hmm-v1,true
cam0,264,175,0.999928,0.999928,3.1e-05,True,accepted_posterior,bayes-hmm-v1,true
cam0,265,176,0.999887,0.999887,2.6e-05,True,accepted_posterior,bayes-hmm-v1,true
cam0,266,177,0.999777,0.999777,1.3e-05,True,accepted_posterior,bayes-hmm-v1,true
cam0,267,178,0.999822,0.999822,1.9e-05,True,accepted_posterior,bayes-hmm-v1,true
cam0,268,179,0.999892,0.999892,1.8e-05,True,accepted_posterior,bayes-hmm-v1,true
cam0,269,180,0.999935,0.999935,1.8e-05,True,accepted_posterior,bayes-hmm-v1,true
cam0,270,181,0.999966,0.999966,1.1e-05,True,accepted_posterior,bayes-hmm-v1,true
cam0,271,182,0.999969,0.999969,1.1e-05,True,accepted_posterior,bayes-hmm-v1,true
cam0,272,183,0.999966,0.999966,1.5e-05,True,accepted_posterior,bayes-hmm-v1,true
cam0,273,184,0.999939,0.999939,2.3e-05,True,accepted_posterior,bayes-hmm-v1,true
cam0,274,185,0.999924,0.999924,3.7e-05,True,accepted_posterior,bayes-hmm-v1,true
cam0,275,186,0.999955,0.999955,1.8e-05,True,accepted_posterior,bayes-hmm-v1,true
cam0,276,187,0.999768,0.999768,1.9e-05,True,accepted_posterior,bayes-hmm-v1,true
cam0,277,187,0.999843,0.999843,3.2e-05,True,accepted_posterior,bayes-hmm-v1,true
cam0,278,188,0.99971,0.99971,3.8e-05,True,accepted_posterior,bayes-hmm-v1,true
cam0,279,189,0.999361,0.999361,4.7e-05,True,accepted_posterior,bayes-hmm-v1,true
cam0,280,190,0.999377,0.999377,4.4e-05,True,accepted_posterior,bayes-hmm-v1,true
cam0,281,191,0.997967,0.997967,3.4e-05,True,accepted_posterior,bayes-hmm-v1,true
cam0,282,192,0.999884,0.999884,1.5e-05,True,accepted_posterior,bayes-hmm-v1,true
cam0,283,194,0.99987,0.99987,1.2e-05,True,accepted_posterior,bayes-hmm-v1,true
cam0,284,194,0.999979,0.999979,1e-05,True,accepted_posterior,bayes-hmm-v1,true
cam0,285,195,0.999881,0.999881,1.2e-05,True,accepted_posterior,bayes-hmm-v1,true
cam0,286,196,0.999944,0.999944,8e-06,True,accepted_posterior,bayes-hmm-v1,true
cam0,287,197,0.997138,0.997138,2.8e-05,True,accepted_posterior,bayes-hmm-v1,true
cam0,288,198,0.994744,0.994744,3e-05,True,accepted_posterior,bayes-hmm-v1,true
cam0,289,199,0.988692,0.988692,3.7e-05,True,accepted_posterior,bayes-hmm-v1,true
cam0,290,200,0.997612,0.997612,4.4e-05,True,accepted_posterior,bayes-hmm-v1,true
cam0,291,201,0.997243,0.997243,2.7e-05,True,accepted_posterior,bayes-hmm-v1,true
cam0,292,202,0.999443,0.999443,2.6e-05,True,accepted_posterior,bayes-hmm-v1,true
cam0,293,203,0.999749,0.999749,1.6e-05,True,accepted_posterior,bayes-hmm-v1,true
cam0,294,203,0.999269,0.999269,2.3e-05,True,accepted_posterior,bayes-hmm-v1,true
cam0,295,205,0.999132,0.999132,2.5e-05,True,accepted_posterior,bayes-hmm-v1,true
cam0,296,206,0.997408,0.997408,2.1e-05,True,accepted_posterior,bayes-hmm-v1,true
cam0,297,207,0.998104,0.998104,2.6e-05,True,accepted_posterior,bayes-hmm-v1,true
cam0,298,208,0.999549,0.999549,1.4e-05,True,accepted_posterior,bayes-hmm-v1,true
cam0,299,209,0.999729,0.999729,1.8e-05,True,accepted_posterior,bayes-hmm-v1,true
cam0,300,210,0.99986,0.99986,1.5e-05,True,accepted_posterior,bayes-hmm-v1,true
cam0,301,211,0.999948,0.999948,1.8e-05,True,accepted_posterior,bayes-hmm-v1,true
cam0,302,212,0.999966,0.999966,2.1e-05,True,accepted_posterior,bayes-hmm-v1,true
cam0,303,213,0.999972,0.999972,1.3e-05,True,accepted_posterior,bayes-hmm-v1,true
cam0,304,214,0.999844,0.999844,1.3e-05,True,accepted_posterior,bayes-hmm-v1,true
cam0,305,215,0.999503,0.999503,4.9e-05,True,accepted_posterior,bayes-hmm-v1,true
cam0,306,216,0.999516,0.999516,0.000108,True,accepted_posterior,bayes-hmm-v1,true
cam0,307,218,0.998691,0.998691,0.00011,True,accepted_posterior,bayes-hmm-v1,true
cam0,308,219,0.999665,0.999665,9.3e-05,True,accepted_posterior,bayes-hmm-v1,true
cam0,309,220,0.999839,0.999839,9.6e-05,True,accepted_posterior,bayes-hmm-v1,true
cam0,310,221,0.999667,0.999667,0.000185,True,accepted_posterior,bayes-hmm-v1,true
cam0,311,222,0.999588,0.999588,0.000213,True,accepted_posterior,bayes-hmm-v1,true
cam0,312,223,0.999374,0.999374,0.000107,True,accepted_posterior,bayes-hmm-v1,true
cam0,313,224,0.999388,0.999388,9.1e-05,True,accepted_posterior,bayes-hmm-v1,true
cam0,314,225,0.998158,0.998158,8e-05,True,accepted_posterior,bayes-hmm-v1,true
cam0,315,226,0.998791,0.998791,0.000159,True,accepted_posterior,bayes-hmm-v1,true
cam0,316,228,0.998395,0.998395,0.000136,True,accepted_posterior,bayes-hmm-v1,true
cam0,317,229,0.999184,0.999184,0.000109,True,accepted_posterior,bayes-hmm-v1,true
cam0,318,230,0.999184,0.999184,0.000121,True,accepted_posterior,bayes-hmm-v1,true
cam0,319,231,0.999012,0.999012,0.000173,True,accepted_posterior,bayes-hmm-v1,true
cam0,320,232,0.999124,0.999124,0.000121,True,accepted_posterior,bayes-hmm-v1,true
cam0,321,233,0.997963,0.997963,0.000132,True,accepted_posterior,bayes-hmm-v1,true
cam0,322,234,0.998834,0.998834,0.000148,True,accepted_posterior,bayes-hmm-v1,true
cam0,323,236,0.996898,0.996898,0.000103,True,accepted_posterior,bayes-hmm-v1,true
cam0,324,237,0.998612,0.998612,8.8e-05,True,accepted_posterior,bayes-hmm-v1,true
cam0,325,238,0.999653,0.999653,7.9e-05,True,accepted_posterior,bayes-hmm-v1,true
cam0,326,239,0.999793,0.999793,5.1e-05,True,accepted_posterior,bayes-hmm-v1,true
cam0,327,240,0.998317,0.998317,8.2e-05,True,accepted_posterior,bayes-hmm-v1,true
cam0,328,241,0.997272,0.997272,0.000132,True,accepted_posterior,bayes-hmm-v1,true
cam0,329,242,0.998587,0.998587,0.000128,True,accepted_posterior,bayes-hmm-v1,true
cam0,330,243,0.999741,0.999741,6.4e-05,True,accepted_posterior,bayes-hmm-v1,true
cam0,331,244,0.999884,0.999884,3.5e-05,True,accepted_posterior,bayes-hmm-v1,true
cam0,332,245,0.999975,0.999975,1.2e-05,True,accepted_posterior,bayes-hmm-v1,true
cam0,333,246,0.999966,0.999966,1.2e-05,True,accepted_posterior,bayes-hmm-v1,true
cam0,334,247,0.999262,0.999262,8e-06,True,accepted_posterior,bayes-hmm-v1,true
cam0,335,248,0.9928,0.9928,2.8e-05,True,accepted_posterior,bayes-hmm-v1,true
cam0,336,250,0.99924,0.99924,1e-05,True,accepted_posterior,bayes-hmm-v1,true
cam0,337,251,0.999977,0.999977,9e-06,True,accepted_posterior,bayes-hmm-v1,true
cam0,338,252,0.999992,0.999992,5e-06,True,accepted_posterior,bayes-hmm-v1,true
cam0,339,253,0.999991,0.999991,6e-06,True,accepted_posterior,bayes-hmm-v1,true
cam0,340,254,0.999971,0.999971,1e-05,True,accepted_posterior,bayes-hmm-v1,true
cam0,341,255,0.999933,0.999933,1.7e-05,True,accepted_posterior,bayes-hmm-v1,true
cam0,342,256,0.999757,0.999757,2e-05,True,accepted_posterior,bayes-hmm-v1,true
cam0,343,257,0.999858,0.999858,1.9e-05,True,accepted_posterior,bayes-hmm-v1,true
cam0,344,258,0.999688,0.999688,3.1e-05,True,accepted_posterior,bayes-hmm-v1,true
cam0,345,259,0.999476,0.999476,2.1e-05,True,accepted_posterior,bayes-hmm-v1,true
cam0,346,260,0.99807,0.99807,1.8e-05,True,accepted_posterior,bayes-hmm-v1,true
cam0,347,261,0.99894,0.99894,4.2e-05,True,accepted_posterior,bayes-hmm-v1,true
cam0,348,261,0.999705,0.999705,6e-05,True,accepted_posterior,bayes-hmm-v1,true
cam0,349,262,0.999665,0.999665,7.7e-05,True,accepted_posterior,bayes-hmm-v1,true
cam0,350,263,0.999298,0.999298,0.000102,True,accepted_posterior,bayes-hmm-v1,true
cam0,351,264,0.99705,0.99705,0.000155,True,accepted_posterior,bayes-hmm-v1,true
cam0,352,266,0.987217,0.987217,0.000207,True,accepted_posterior,bayes-hmm-v1,true
cam0,353,267,0.990373,0.990373,0.000186,True,accepted_posterior,bayes-hmm-v1,true
cam0,354,268,0.996496,0.996496,0.000125,True,accepted_posterior,bayes-hmm-v1,true
cam0,355,269,0.999188,0.999188,6.2e-05,True,accepted_posterior,bayes-hmm-v1,true
cam0,356,270,0.999552,0.999552,4.5e-05,True,accepted_posterior,bayes-hmm-v1,true
cam0,357,271,0.999658,0.999658,4.8e-05,True,accepted_posterior,bayes-hmm-v1,true
cam0,358,272,0.999562,0.999562,5.3e-05,True,accepted_posterior,bayes-hmm-v1,true
cam0,359,273,0.999499,0.999499,5.2e-05,True,accepted_posterior,bayes-hmm-v1,true
cam0,360,274,0.999254,0.999254,5.9e-05,True,accepted_posterior,bayes-hmm-v1,true
cam0,361,275,0.99854,0.99854,8e-05,True,accepted_posterior,bayes-hmm-v1,true
cam0,362,276,0.997081,0.997081,5.2e-05,True,accepted_posterior,bayes-hmm-v1,true
cam0,363,277,0.996617,0.996617,7.7e-05,True,accepted_posterior,bayes-hmm-v1,true
cam0,364,278,0.996801,0.996801,0.000108,True,accepted_posterior,bayes-hmm-v1,true
cam0,365,279,0.994905,0.994905,9.4e-05,True,accepted_posterior,bayes-hmm-v1,true
cam0,366,279,0.999339,0.999339,0.000106,True,accepted_posterior,bayes-hmm-v1,true
cam0,367,280,0.999135,0.999135,0.000112,True,accepted_posterior,bayes-hmm-v1,true
cam0,368,281,0.999177,0.999177,0.000145,True,accepted_posterior,bayes-hmm-v1,true
cam0,369,282,0.999057,0.999057,0.000263,True,accepted_posterior,bayes-hmm-v1,true
cam0,370,283,0.998703,0.998703,0.000444,True,accepted_posterior,bayes-hmm-v1,true
cam0,371,285,0.994641,0.994641,0.001389,True,accepted_posterior,bayes-hmm-v1,true
cam0,372,285,0.994858,0.994858,0.000754,True,accepted_posterior,bayes-hmm-v1,true
cam0,373,287,0.996855,0.996855,0.000622,True,accepted_posterior,bayes-hmm-v1,true
cam0,374,288,0.993147,0.993147,0.000628,True,accepted_posterior,bayes-hmm-v1,true
cam0,375,289,0.995108,0.995108,0.000365,True,accepted_posterior,bayes-hmm-v1,true
cam0,376,290,0.994939,0.994939,0.000286,True,accepted_posterior,bayes-hmm-v1,true
cam0,377,291,0.993669,0.993669,0.000268,True,accepted_posterior,bayes-hmm-v1,true
cam0,378,292,0.996942,0.996942,0.00016,True,accepted_posterior,bayes-hmm-v1,true
cam0,379,293,0.998821,0.998821,0.000127,True,accepted_posterior,bayes-hmm-v1,true
cam0,380,294,0.999687,0.999687,9.3e-05,True,accepted_posterior,bayes-hmm-v1,true
cam0,381,295,0.99979,0.99979,9.5e-05,True,accepted_posterior,bayes-hmm-v1,true
cam0,382,296,0.999796,0.999796,0.000111,True,accepted_posterior,bayes-hmm-v1,true
cam0,383,297,0.999647,0.999647,0.000143,True,accepted_posterior,bayes-hmm-v1,true
cam0,384,298,0.999476,0.999476,0.00018,True,accepted_posterior,bayes-hmm-v1,true
cam0,385,299,0.999463,0.999463,0.000119,True,accepted_posterior,bayes-hmm-v1,true
cam0,386,300,0.99948,0.99948,0.000102,True,accepted_posterior,bayes-hmm-v1,true
cam0,387,301,0.999374,0.999374,0.000103,True,accepted_posterior,bayes-hmm-v1,true
cam0,388,301,0.999701,0.999701,0.000117,True,accepted_posterior,bayes-hmm-v1,true
cam0,389,302,0.999537,0.999537,9.9e-05,True,accepted_posterior,bayes-hmm-v1,true
cam0,390,303,0.999655,0.999655,8.7e-05,True,accepted_posterior,bayes-hmm-v1,true
cam0,391,304,0.999162,0.999162,9.5e-05,True,accepted_posterior,bayes-hmm-v1,true
cam0,392,305,0.999516,0.999516,9.1e-05,True,accepted_posterior,bayes-hmm-v1,true
cam0,393,306,0.999263,0.999263,0.000128,True,accepted_posterior,bayes-hmm-v1,true
cam0,394,307,0.998977,0.998977,9.8e-05,True,accepted_posterior,bayes-hmm-v1,true
cam0,395,308,0.998144,0.998144,0.000117,True,accepted_posterior,bayes-hmm-v1,true
cam0,396,309,0.998356,0.998356,0.000131,True,accepted_posterior,bayes-hmm-v1,true
cam0,397,310,0.998672,0.998672,0.000164,True,accepted_posterior,bayes-hmm-v1,true
cam0,398,311,0.998512,0.998512,0.000122,True,accepted_posterior,bayes-hmm-v1,true
cam0,399,312,0.999155,0.999155,0.000168,True,accepted_posterior,bayes-hmm-v1,true
cam0,400,313,0.999113,0.999113,0.000177,True,accepted_posterior,bayes-hmm-v1,true
cam0,401,314,0.999123,0.999123,0.000157,True,accepted_posterior,bayes-hmm-v1,true
cam0,402,315,0.995426,0.995426,0.000245,True,accepted_posterior,bayes-hmm-v1,true
cam0,403,316,0.986567,0.986567,0.000236,True,accepted_posterior,bayes-hmm-v1,true
cam0,404,318,0.998511,0.998511,0.000243,True,accepted_posterior,bayes-hmm-v1,true
cam0,405,319,0.999001,0.999001,0.000166,True,accepted_posterior,bayes-hmm-v1,true
cam0,406,320,0.999461,0.999461,0.000128,True,accepted_posterior,bayes-hmm-v1,true
cam0,407,321,0.999654,0.999654,0.0001,True,accepted_posterior,bayes-hmm-v1,true
cam0,408,322,0.99956,0.99956,0.00012,True,accepted_posterior,bayes-hmm-v1,true
cam0,409,323,0.998922,0.998922,0.000136,True,accepted_posterior,bayes-hmm-v1,true
cam0,410,323,0.996304,0.996304,0.000185,True,accepted_posterior,bayes-hmm-v1,true
cam0,411,325,0.99816,0.99816,0.000187,True,accepted_posterior,bayes-hmm-v1,true
cam0,412,325,0.994911,0.994911,0.00013,True,accepted_posterior,bayes-hmm-v1,true
cam0,413,327,0.997865,0.997865,0.000114,True,accepted_posterior,bayes-hmm-v1,true
cam0,414,328,0.997788,0.997788,8e-05,True,accepted_posterior,bayes-hmm-v1,true
cam0,415,328,0.999261,0.999261,6.1e-05,True,accepted_posterior,bayes-hmm-v1,true
cam0,416,329,0.999375,0.999375,6.4e-05,True,accepted_posterior,bayes-hmm-v1,true
cam0,417,330,0.999681,0.999681,5.3e-05,True,accepted_posterior,bayes-hmm-v1,true
cam0,418,331,0.999475,0.999475,6.3e-05,True,accepted_posterior,bayes-hmm-v1,true
cam0,419,332,0.999629,0.999629,5.6e-05,True,accepted_posterior,bayes-hmm-v1,true
cam0,420,333,0.999551,0.999551,6.5e-05,True,accepted_posterior,bayes-hmm-v1,true
cam0,421,334,0.999555,0.999555,7.6e-05,True,accepted_posterior,bayes-hmm-v1,true
cam0,422,335,0.999186,0.999186,8.4e-05,True,accepted_posterior,bayes-hmm-v1,true
cam0,423,336,0.999598,0.999598,0.000124,True,accepted_posterior,bayes-hmm-v1,true
cam0,424,337,0.999645,0.999645,0.000104,True,accepted_posterior,bayes-hmm-v1,true
cam0,425,338,0.999616,0.999616,0.000105,True,accepted_posterior,bayes-hmm-v1,true
cam0,426,339,0.999653,0.999653,9.5e-05,True,accepted_posterior,bayes-hmm-v1,true
cam0,427,340,0.999783,0.999783,0.000124,True,accepted_posterior,bayes-hmm-v1,true
cam0,428,341,0.999722,0.999722,0.000113,True,accepted_posterior,bayes-hmm-v1,true
cam0,429,342,0.999809,0.999809,7.4e-05,True,accepted_posterior,bayes-hmm-v1,true
cam0,430,343,0.999715,0.999715,0.000128,True,accepted_posterior,bayes-hmm-v1,true
cam0,431,344,0.999606,0.999606,0.000122,True,accepted_posterior,bayes-hmm-v1,true
cam0,432,345,0.998982,0.998982,0.00013,True,accepted_posterior,bayes-hmm-v1,true
cam0,433,346,0.998783,0.998783,0.000116,True,accepted_posterior,bayes-hmm-v1,true
cam0,434,347,0.998493,0.998493,0.000107,True,accepted_posterior,bayes-hmm-v1,true
cam0,435,348,0.999397,0.999397,0.000108,True,accepted_posterior,bayes-hmm-v1,true
cam0,436,349,0.999084,0.999084,8.8e-05,True,accepted_posterior,bayes-hmm-v1,true
cam0,437,350,0.999525,0.999525,9.6e-05,True,accepted_posterior,bayes-hmm-v1,true
cam0,438,351,0.999581,0.999581,0.000108,True,accepted_posterior,bayes-hmm-v1,true
cam0,439,352,0.999513,0.999513,9.3e-05,True,accepted_posterior,bayes-hmm-v1,true
cam0,440,353,0.998085,0.998085,8e-05,True,accepted_posterior,bayes-hmm-v1,true
cam0,441,353,0.99926,0.99926,6.5e-05,True,accepted_posterior,bayes-hmm-v1,true
cam0,442,354,0.998695,0.998695,8.9e-05,True,accepted_posterior,bayes-hmm-v1,true
cam0,443,355,0.999308,0.999308,0.000125,True,accepted_posterior,bayes-hmm-v1,true
cam0,444,356,0.99939,0.99939,0.000122,True,accepted_posterior,bayes-hmm-v1,true
cam0,445,357,0.999234,0.999234,0.000102,True,accepted_posterior,bayes-hmm-v1,true
cam0,446,358,0.999329,0.999329,0.000104,True,accepted_posterior,bayes-hmm-v1,true
cam0,447,359,0.999524,0.999524,0.000104,True,accepted_posterior,bayes-hmm-v1,true
cam0,448,360,0.998845,0.998845,0.000105,True,accepted_posterior,bayes-hmm-v1,true
cam0,449,361,0.998754,0.998754,8.9e-05,True,accepted_posterior,bayes-hmm-v1,true
cam0,450,362,0.998746,0.998746,8.7e-05,True,accepted_posterior,bayes-hmm-v1,true
cam0,451,362,0.99717,0.99717,0.000101,True,accepted_posterior,bayes-hmm-v1,true
cam0,452,363,0.99735,0.99735,0.000113,True,accepted_posterior,bayes-hmm-v1,true
cam0,453,364,0.999018,0.999018,9.5e-05,True,accepted_posterior,bayes-hmm-v1,true
cam0,454,365,0.999474,0.999474,0.000101,True,accepted_posterior,bayes-hmm-v1,true
cam0,455,366,0.999531,0.999531,7.8e-05,True,accepted_posterior,bayes-hmm-v1,true
cam0,456,367,0.999514,0.999514,7.3e-05,True,accepted_posterior,bayes-hmm-v1,true
cam0,457,368,0.999284,0.999284,7.3e-05,True,accepted_posterior,bayes-hmm-v1,true
cam0,458,369,0.997447,0.997447,7.1e-05,True,accepted_posterior,bayes-hmm-v1,true
cam0,459,369,0.998377,0.998377,9.6e-05,True,accepted_posterior,bayes-hmm-v1,true
cam0,460,370,0.998479,0.998479,0.000114,True,accepted_posterior,bayes-hmm-v1,true
cam0,461,371,0.998563,0.998563,0.000109,True,accepted_posterior,bayes-hmm-v1,true
cam0,462,372,0.998135,0.998135,0.000111,True,accepted_posterior,bayes-hmm-v1,true
cam0,463,373,0.998795,0.998795,0.000108,True,accepted_posterior,bayes-hmm-v1,true
cam0,464,374,0.999026,0.999026,0.000123,True,accepted_posterior,bayes-hmm-v1,true
cam0,465,375,0.998784,0.998784,0.000118,True,accepted_posterior,bayes-hmm-v1,true
cam0,466,376,0.998631,0.998631,0.000124,True,accepted_posterior,bayes-hmm-v1,true
cam0,467,377,0.998624,0.998624,0.000114,True,accepted_posterior,bayes-hmm-v1,true
cam0,468,378,0.998027,0.998027,0.000104,True,accepted_posterior,bayes-hmm-v1,true
cam0,469,379,0.998022,0.998022,9.1e-05,True,accepted_posterior,bayes-hmm-v1,true
cam0,470,379,0.996444,0.996444,9.9e-05,True,accepted_posterior,bayes-hmm-v1,true
cam0,471,380,0.997414,0.997414,8.5e-05,True,accepted_posterior,bayes-hmm-v1,true
cam0,472,381,0.99819,0.99819,7.4e-05,True,accepted_posterior,bayes-hmm-v1,true
cam0,473,382,0.998262,0.998262,5.7e-05,True,accepted_posterior,bayes-hmm-v1,true
cam0,474,383,0.995489,0.995489,6.9e-05,True,accepted_posterior,bayes-hmm-v1,true
cam0,475,383,0.997052,0.997052,8.4e-05,True,accepted_posterior,bayes-hmm-v1,true
cam0,476,384,0.998091,0.998091,7.9e-05,True,accepted_posterior,bayes-hmm-v1,true
cam0,477,385,0.998975,0.998975,7.7e-05,True,accepted_posterior,bayes-hmm-v1,true
cam0,478,386,0.998974,0.998974,6.6e-05,True,accepted_posterior,bayes-hmm-v1,true
cam0,479,387,0.998937,0.998937,5.8e-05,True,accepted_posterior,bayes-hmm-v1,true
cam0,480,388,0.999243,0.999243,4.8e-05,True,accepted_posterior,bayes-hmm-v1,true
cam0,481,388,0.994766,0.994766,6.4e-05,True,accepted_posterior,bayes-hmm-v1,true
cam0,482,389,0.994786,0.994786,7.7e-05,True,accepted_posterior,bayes-hmm-v1,true
cam0,483,390,0.995359,0.995359,9.3e-05,True,accepted_posterior,bayes-hmm-v1,true
cam0,484,391,0.995996,0.995996,9.1e-05,True,accepted_posterior,bayes-hmm-v1,true
cam0,485,392,0.99698,0.99698,8.6e-05,True,accepted_posterior,bayes-hmm-v1,true
cam0,486,393,0.997592,0.997592,8.2e-05,True,accepted_posterior,bayes-hmm-v1,true
cam0,487,394,0.996978,0.996978,7.3e-05,True,accepted_posterior,bayes-hmm-v1,true
cam0,488,395,0.996134,0.996134,0.0001,True,accepted_posterior,bayes-hmm-v1,true
cam0,489,395,0.98966,0.98966,0.000103,True,accepted_posterior,bayes-hmm-v1,true
cam0,490,396,0.992409,0.992409,8.9e-05,True,accepted_posterior,bayes-hmm-v1,true
cam0,491,397,0.993228,0.993228,8.7e-05,True,accepted_posterior,bayes-hmm-v1,true
cam0,492,398,0.994817,0.994817,8.7e-05,True,accepted_posterior,bayes-hmm-v1,true
cam0,493,399,0.995585,0.995585,9.4e-05,True,accepted_posterior,bayes-hmm-v1,true
cam0,494,400,0.995861,0.995861,0.000109,True,accepted_posterior,bayes-hmm-v1,true
cam0,495,401,0.995325,0.995325,0.000105,True,accepted_posterior,bayes-hmm-v1,true
cam0,496,402,0.996003,0.996003,8.7e-05,True,accepted_posterior,bayes-hmm-v1,true
cam0,497,403,0.996495,0.996495,8.8e-05,True,accepted_posterior,bayes-hmm-v1,true
cam0,498,404,0.998067,0.998067,8.4e-05,True,accepted_posterior,bayes-hmm-v1,true
cam0,499,405,0.998511,0.998511,7.5e-05,True,accepted_posterior,bayes-hmm-v1,true
cam0,500,406,0.999075,0.999075,6.4e-05,True,accepted_posterior,bayes-hmm-v1,true
cam0,501,407,0.99856,0.99856,5.6e-05,True,accepted_posterior,bayes-hmm-v1,true
cam0,502,408,0.998587,0.998587,4.9e-05,True,accepted_posterior,bayes-hmm-v1,true
cam0,503,409,0.998336,0.998336,4.4e-05,True,accepted_posterior,bayes-hmm-v1,true
cam0,504,410,0.998412,0.998412,5.8e-05,True,accepted_posterior,bayes-hmm-v1,true
cam0,505,411,0.998901,0.998901,6.5e-05,True,accepted_posterior,bayes-hmm-v1,true
cam0,506,412,0.998676,0.998676,6.9e-05,True,accepted_posterior,bayes-hmm-v1,true
cam0,507,413,0.998072,0.998072,6e-05,True,accepted_posterior,bayes-hmm-v1,true
cam0,508,414,0.99829,0.99829,8e-05,True,accepted_posterior,bayes-hmm-v1,true
cam0,509,415,0.998834,0.998834,7.3e-05,True,accepted_posterior,bayes-hmm-v1,true
cam0,510,416,0.999039,0.999039,6.1e-05,True,accepted_posterior,bayes-hmm-v1,true
cam0,511,417,0.99879,0.99879,6.3e-05,True,accepted_posterior,bayes-hmm-v1,true
cam0,512,418,0.998706,0.998706,8.4e-05,True,accepted_posterior,bayes-hmm-v1,true
cam0,513,419,0.997117,0.997117,0.000133,True,accepted_posterior,bayes-hmm-v1,true
cam0,514,420,0.99802,0.99802,0.000102,True,accepted_posterior,bayes-hmm-v1,true
cam0,515,421,0.998115,0.998115,8.4e-05,True,accepted_posterior,bayes-hmm-v1,true
cam0,516,422,0.998495,0.998495,0.000103,True,accepted_posterior,bayes-hmm-v1,true
cam0,517,423,0.996322,0.996322,8.7e-05,True,accepted_posterior,bayes-hmm-v1,true
cam0,518,424,0.996952,0.996952,9.3e-05,True,accepted_posterior,bayes-hmm-v1,true
cam0,519,425,0.995916,0.995916,0.000125,True,accepted_posterior,bayes-hmm-v1,true
cam0,520,426,0.994316,0.994316,0.000154,True,accepted_posterior,bayes-hmm-v1,true
cam0,521,427,0.993938,0.993938,0.00013,True,accepted_posterior,bayes-hmm-v1,true
cam0,522,428,0.996417,0.996417,0.000149,True,accepted_posterior,bayes-hmm-v1,true
cam0,523,429,0.996749,0.996749,0.000142,True,accepted_posterior,bayes-hmm-v1,true
cam0,524,430,0.995254,0.995254,0.000185,True,accepted_posterior,bayes-hmm-v1,true
cam0,525,431,0.995193,0.995193,0.000251,True,accepted_posterior,bayes-hmm-v1,true
cam0,526,432,0.995661,0.995661,0.000257,True,accepted_posterior,bayes-hmm-v1,true
cam0,527,433,0.995631,0.995631,0.00025,True,accepted_posterior,bayes-hmm-v1,true
cam0,528,434,0.998623,0.998623,0.000208,True,accepted_posterior,bayes-hmm-v1,true
cam0,529,435,0.999321,0.999321,0.000192,True,accepted_posterior,bayes-hmm-v1,true
cam0,530,436,0.999351,0.999351,0.000148,True,accepted_posterior,bayes-hmm-v1,true
cam0,531,437,0.999362,0.999362,0.000188,True,accepted_posterior,bayes-hmm-v1,true
cam0,532,438,0.999327,0.999327,0.000202,True,accepted_posterior,bayes-hmm-v1,true
cam0,533,439,0.998638,0.998638,0.000174,True,accepted_posterior,bayes-hmm-v1,true
cam0,534,440,0.997565,0.997565,0.000207,True,accepted_posterior,bayes-hmm-v1,true
cam0,535,441,0.997301,0.997301,0.000285,True,accepted_posterior,bayes-hmm-v1,true
cam0,536,442,0.99643,0.99643,0.000342,True,accepted_posterior,bayes-hmm-v1,true
cam0,537,443,0.996719,0.996719,0.000245,True,accepted_posterior,bayes-hmm-v1,true
cam0,538,444,0.998477,0.998477,0.000144,True,accepted_posterior,bayes-hmm-v1,true
cam0,539,445,0.999565,0.999565,0.000117,True,accepted_posterior,bayes-hmm-v1,true
cam0,540,446,0.999707,0.999707,0.000126,True,accepted_posterior,bayes-hmm-v1,true
cam0,541,447,0.999312,0.999312,0.000184,True,accepted_posterior,bayes-hmm-v1,true
cam0,542,448,0.998224,0.998224,0.000117,True,accepted_posterior,bayes-hmm-v1,true
cam0,543,449,0.998077,0.998077,0.000113,True,accepted_posterior,bayes-hmm-v1,true
cam0,544,450,0.997321,0.997321,6.4e-05,True,accepted_posterior,bayes-hmm-v1,true
cam0,545,451,0.999142,0.999142,7.9e-05,True,accepted_posterior,bayes-hmm-v1,true
cam0,546,452,0.99908,0.99908,8.5e-05,True,accepted_posterior,bayes-hmm-v1,true
cam0,547,453,0.999603,0.999603,3.2e-05,True,accepted_posterior,bayes-hmm-v1,true
cam0,548,454,0.999676,0.999676,5.3e-05,True,accepted_posterior,bayes-hmm-v1,true
cam0,549,455,0.999793,0.999793,2.6e-05,True,accepted_posterior,bayes-hmm-v1,true
cam0,550,456,0.999498,0.999498,2.9e-05,True,accepted_posterior,bayes-hmm-v1,true
cam0,551,457,0.999678,0.999678,5.3e-05,True,accepted_posterior,bayes-hmm-v1,true
cam0,552,458,0.999719,0.999719,4.8e-05,True,accepted_posterior,bayes-hmm-v1,true
cam0,553,459,0.999756,0.999756,3.7e-05,True,accepted_posterior,bayes-hmm-v1,true
cam0,554,460,0.999774,0.999774,4e-05,True,accepted_posterior,bayes-hmm-v1,true
cam0,555,461,0.999619,0.999619,4.7e-05,True,accepted_posterior,bayes-hmm-v1,true
cam0,556,462,0.999713,0.999713,8.1e-05,True,accepted_posterior,bayes-hmm-v1,true
cam0,557,463,0.999305,0.999305,7.6e-05,True,accepted_posterior,bayes-hmm-v1,true
cam0,558,464,0.999577,0.999577,5.6e-05,True,accepted_posterior,bayes-hmm-v1,true
cam0,559,465,0.998972,0.998972,0.000104,True,accepted_posterior,bayes-hmm-v1,true
cam0,560,466,0.998688,0.998688,0.000147,True,accepted_posterior,bayes-hmm-v1,true
cam0,561,467,0.998641,0.998641,0.000102,True,accepted_posterior,bayes-hmm-v1,true
cam0,562,468,0.999805,0.999805,9.6e-05,True,accepted_posterior,bayes-hmm-v1,true
cam0,563,469,0.99984,0.99984,8.6e-05,True,accepted_posterior,bayes-hmm-v1,true
cam0,564,470,0.99984,0.99984,7e-05,True,accepted_posterior,bayes-hmm-v1,true
cam0,565,471,0.999788,0.999788,0.000112,True,accepted_posterior,bayes-hmm-v1,true
cam0,566,472,0.999623,0.999623,0.000151,True,accepted_posterior,bayes-hmm-v1,true
cam0,567,473,0.997853,0.997853,0.0002,True,accepted_posterior,bayes-hmm-v1,true
cam0,568,474,0.998686,0.998686,0.000333,True,accepted_posterior,bayes-hmm-v1,true
cam0,569,475,0.998294,0.998294,0.000657,True,accepted_posterior,bayes-hmm-v1,true
cam0,570,476,0.997216,0.997216,0.000648,True,accepted_posterior,bayes-hmm-v1,true
cam0,571,477,0.997071,0.997071,0.000727,True,accepted_posterior,bayes-hmm-v1,true
cam0,572,478,0.998103,0.998103,0.000544,True,accepted_posterior,bayes-hmm-v1,true
cam0,573,479,0.998145,0.998145,0.000315,True,accepted_posterior,bayes-hmm-v1,true
cam0,574,480,0.999131,0.999131,0.000315,True,accepted_posterior,bayes-hmm-v1,true
cam0,575,481,0.999141,0.999141,0.000243,True,accepted_posterior,bayes-hmm-v1,true
cam0,576,482,0.999469,0.999469,0.000167,True,accepted_posterior,bayes-hmm-v1,true
cam0,577,483,0.999379,0.999379,0.00018,True,accepted_posterior,bayes-hmm-v1,true
cam0,578,484,0.99947,0.99947,0.00011,True,accepted_posterior,bayes-hmm-v1,true
cam0,579,485,0.998987,0.998987,0.000118,True,accepted_posterior,bayes-hmm-v1,true
cam0,580,486,0.999499,0.999499,0.000112,True,accepted_posterior,bayes-hmm-v1,true
cam0,581,487,0.9997,0.9997,7.2e-05,True,accepted_posterior,bayes-hmm-v1,true
cam0,582,488,0.999794,0.999794,4e-05,True,accepted_posterior,bayes-hmm-v1,true
cam0,583,489,0.999806,0.999806,2.5e-05,True,accepted_posterior,bayes-hmm-v1,true
cam0,584,490,0.999923,0.999923,2.3e-05,True,accepted_posterior,bayes-hmm-v1,true
cam0,585,491,0.999916,0.999916,2.3e-05,True,accepted_posterior,bayes-hmm-v1,true
cam0,586,492,0.999689,0.999689,2.6e-05,True,accepted_posterior,bayes-hmm-v1,true
cam0,587,492,0.999741,0.999741,2.4e-05,True,accepted_posterior,bayes-hmm-v1,true
cam0,588,493,0.999842,0.999842,2.9e-05,True,accepted_posterior,bayes-hmm-v1,true
cam0,589,494,0.999929,0.999929,3.2e-05,True,accepted_posterior,bayes-hmm-v1,true
cam0,590,495,0.999804,0.999804,4.1e-05,True,accepted_posterior,bayes-hmm-v1,true
cam0,591,496,0.999604,0.999604,6.6e-05,True,accepted_posterior,bayes-hmm-v1,true
cam0,592,497,0.999593,0.999593,9.4e-05,True,accepted_posterior,bayes-hmm-v1,true
cam0,593,498,0.999105,0.999105,0.000107,True,accepted_posterior,bayes-hmm-v1,true
cam0,594,499,0.999062,0.999062,9.1e-05,True,accepted_posterior,bayes-hmm-v1,true
cam0,595,500,0.999518,0.999518,9.7e-05,True,accepted_posterior,bayes-hmm-v1,true
cam0,596,501,0.999647,0.999647,8.2e-05,True,accepted_posterior,bayes-hmm-v1,true
cam0,597,502,0.999831,0.999831,7.2e-05,True,accepted_posterior,bayes-hmm-v1,true
cam0,598,503,0.999787,0.999787,8.4e-05,True,accepted_posterior,bayes-hmm-v1,true
cam0,599,504,0.99985,0.99985,9.1e-05,True,accepted_posterior,bayes-hmm-v1,true
cam0,600,504,0.999678,0.999678,5.9e-05,True,accepted_posterior,bayes-hmm-v1,true
cam0,601,505,0.999718,0.999718,5.8e-05,True,accepted_posterior,bayes-hmm-v1,true
cam0,602,506,0.999804,0.999804,5.2e-05,True,accepted_posterior,bayes-hmm-v1,true
cam0,603,507,0.999857,0.999857,5.2e-05,True,accepted_posterior,bayes-hmm-v1,true
cam0,604,508,0.999903,0.999903,5e-05,True,accepted_posterior,bayes-hmm-v1,true
cam0,605,509,0.999919,0.999919,3.4e-05,True,accepted_posterior,bayes-hmm-v1,true
cam0,606,510,0.999932,0.999932,3.1e-05,True,accepted_posterior,bayes-hmm-v1,true
cam0,607,511,0.999919,0.999919,2.8e-05,True,accepted_posterior,bayes-hmm-v1,true
cam0,608,512,0.999727,0.999727,5.3e-05,True,accepted_posterior,bayes-hmm-v1,true
cam0,609,513,0.999282,0.999282,5.5e-05,True,accepted_posterior,bayes-hmm-v1,true
cam0,610,513,0.999844,0.999844,6.3e-05,True,accepted_posterior,bayes-hmm-v1,true
cam0,611,514,0.999806,0.999806,8.1e-05,True,accepted_posterior,bayes-hmm-v1,true
cam0,612,515,0.999835,0.999835,0.000101,True,accepted_posterior,bayes-hmm-v1,true
cam0,613,516,0.999814,0.999814,0.000109,True,accepted_posterior,bayes-hmm-v1,true
cam0,614,517,0.999794,0.999794,9e-05,True,accepted_posterior,bayes-hmm-v1,true
cam0,615,518,0.999836,0.999836,6.3e-05,True,accepted_posterior,bayes-hmm-v1,true
cam0,616,519,0.999767,0.999767,5.9e-05,True,accepted_posterior,bayes-hmm-v1,true
cam0,617,520,0.999751,0.999751,5.7e-05,True,accepted_posterior,bayes-hmm-v1,true
cam0,618,521,0.999471,0.999471,9.6e-05,True,accepted_posterior,bayes-hmm-v1,true
cam0,619,522,0.999446,0.999446,7e-05,True,accepted_posterior,bayes-hmm-v1,true
cam0,620,522,0.999922,0.999922,6e-05,True,accepted_posterior,bayes-hmm-v1,true
cam0,621,523,0.999965,0.999965,3e-05,True,accepted_posterior,bayes-hmm-v1,true
cam0,622,524,0.999969,0.999969,3e-05,True,accepted_posterior,bayes-hmm-v1,true
cam0,623,525,0.999959,0.999959,3.9e-05,True,accepted_posterior,bayes-hmm-v1,true
cam0,624,526,0.999973,0.999973,2.2e-05,True,accepted_posterior,bayes-hmm-v1,true
cam0,625,527,0.999928,0.999928,4.3e-05,True,accepted_posterior,bayes-hmm-v1,true
cam0,626,528,0.999921,0.999921,3.5e-05,True,accepted_posterior,bayes-hmm-v1,true
cam0,627,529,0.999824,0.999824,5.3e-05,True,accepted_posterior,bayes-hmm-v1,true
cam0,628,530,0.99992,0.99992,6.8e-05,True,accepted_posterior,bayes-hmm-v1,true
cam0,629,531,0.999896,0.999896,7.8e-05,True,accepted_posterior,bayes-hmm-v1,true
cam0,630,532,0.999808,0.999808,5.3e-05,True,accepted_posterior,bayes-hmm-v1,true
cam0,631,532,0.999921,0.999921,3.3e-05,True,accepted_posterior,bayes-hmm-v1,true
cam0,632,533,0.999894,0.999894,4.7e-05,True,accepted_posterior,bayes-hmm-v1,true
cam0,633,534,0.999627,0.999627,8.1e-05,True,accepted_posterior,bayes-hmm-v1,true
cam0,634,535,0.993595,0.993595,8.6e-05,True,accepted_posterior,bayes-hmm-v1,true
cam0,635,535,0.998701,0.998701,9.5e-05,True,accepted_posterior,bayes-hmm-v1,true
cam0,636,536,0.995873,0.995873,0.000197,True,accepted_posterior,bayes-hmm-v1,true
cam0,637,537,0.994308,0.994308,0.000714,True,accepted_posterior,bayes-hmm-v1,true
cam0,638,538,0.986057,0.986057,0.003987,True,accepted_posterior,bayes-hmm-v1,true
cam0,639,539,0.95461,0.95461,0.019678,True,accepted_posterior,bayes-hmm-v1,true
cam0,640,,abstain,0.854436,0.061205,True,posterior_no_correspondence,bayes-hmm-v1,true
cam0,641,,abstain,0.582682,0.105054,True,posterior_no_correspondence,bayes-hmm-v1,true
cam0,642,,abstain,0.685279,0.107625,True,posterior_no_correspondence,bayes-hmm-v1,true
cam0,643,,abstain,0.874303,0.079665,True,posterior_no_correspondence,bayes-hmm-v1,true
cam0,644,547,0.941154,0.941154,0.048472,True,accepted_posterior,bayes-hmm-v1,true
cam0,645,547,0.985071,0.985071,0.013635,True,accepted_posterior,bayes-hmm-v1,true
cam0,646,547,0.997135,0.997135,0.001944,True,accepted_posterior,bayes-hmm-v1,true
cam0,647,548,0.999318,0.999318,0.000302,True,accepted_posterior,bayes-hmm-v1,true
cam0,648,548,0.99839,0.99839,9.1e-05,True,accepted_posterior,bayes-hmm-v1,true
cam0,649,548,0.995279,0.995279,9.1e-05,True,accepted_posterior,bayes-hmm-v1,true
cam0,650,549,0.99736,0.99736,9.2e-05,True,accepted_posterior,bayes-hmm-v1,true
cam0,651,550,0.999405,0.999405,7e-05,True,accepted_posterior,bayes-hmm-v1,true
cam0,652,551,0.999863,0.999863,9.6e-05,True,accepted_posterior,bayes-hmm-v1,true
cam0,653,552,0.999939,0.999939,4.9e-05,True,accepted_posterior,bayes-hmm-v1,true
cam0,654,553,0.999967,0.999967,2.9e-05,True,accepted_posterior,bayes-hmm-v1,true
cam0,655,554,0.999971,0.999971,2.8e-05,True,accepted_posterior,bayes-hmm-v1,true
cam0,656,554,0.99995,0.99995,3.2e-05,True,accepted_posterior,bayes-hmm-v1,true
cam0,657,555,0.999969,0.999969,3e-05,True,accepted_posterior,bayes-hmm-v1,true
cam0,658,556,0.999978,0.999978,2e-05,True,accepted_posterior,bayes-hmm-v1,true
cam0,659,557,0.99998,0.99998,1.9e-05,True,accepted_posterior,bayes-hmm-v1,true
cam0,660,558,0.999971,0.999971,2.8e-05,True,accepted_posterior,bayes-hmm-v1,true
cam0,661,559,0.999952,0.999952,4.5e-05,True,accepted_posterior,bayes-hmm-v1,true
cam0,662,560,0.99997,0.99997,2.5e-05,True,accepted_posterior,bayes-hmm-v1,true
cam0,663,561,0.999957,0.999957,3.4e-05,True,accepted_posterior,bayes-hmm-v1,true
cam0,664,562,0.999969,0.999969,2.1e-05,True,accepted_posterior,bayes-hmm-v1,true
cam0,665,563,0.999779,0.999779,5.1e-05,True,accepted_posterior,bayes-hmm-v1,true
cam0,666,564,0.999672,0.999672,9.4e-05,True,accepted_posterior,bayes-hmm-v1,true
cam0,667,565,0.997623,0.997623,0.00012,True,accepted_posterior,bayes-hmm-v1,true
cam0,668,566,0.999319,0.999319,0.000146,True,accepted_posterior,bayes-hmm-v1,true
cam0,669,566,0.999551,0.999551,0.000148,True,accepted_posterior,bayes-hmm-v1,true
cam0,670,567,0.999603,0.999603,0.000135,True,accepted_posterior,bayes-hmm-v1,true
cam0,671,568,0.999728,0.999728,0.000128,True,accepted_posterior,bayes-hmm-v1,true
cam0,672,569,0.999906,0.999906,9e-05,True,accepted_posterior,bayes-hmm-v1,true
cam0,673,570,0.999948,0.999948,5.1e-05,True,accepted_posterior,bayes-hmm-v1,true
cam0,674,571,0.999943,0.999943,5.5e-05,True,accepted_posterior,bayes-hmm-v1,true
cam0,675,572,0.999892,0.999892,0.000106,True,accepted_posterior,bayes-hmm-v1,true
cam0,676,573,0.999872,0.999872,9.6e-05,True,accepted_posterior,bayes-hmm-v1,true
cam0,677,574,0.999774,0.999774,0.000155,True,accepted_posterior,bayes-hmm-v1,true
cam0,678,575,0.999789,0.999789,0.000195,True,accepted_posterior,bayes-hmm-v1,true
cam0,679,576,0.999906,0.999906,8.9e-05,True,accepted_posterior,bayes-hmm-v1,true
cam0,680,577,0.999923,0.999923,7.5e-05,True,accepted_posterior,bayes-hmm-v1,true
cam0,681,578,0.999926,0.999926,7.4e-05,True,accepted_posterior,bayes-hmm-v1,true
cam0,682,579,0.999974,0.999974,2.3e-05,True,accepted_posterior,bayes-hmm-v1,true
cam0,683,580,0.999975,0.999975,2.3e-05,True,accepted_posterior,bayes-hmm-v1,true
cam0,684,581,0.999953,0.999953,4.5e-05,True,accepted_posterior,bayes-hmm-v1,true
cam0,685,582,0.99978,0.99978,4.6e-05,True,accepted_posterior,bayes-hmm-v1,true
cam0,686,583,0.999809,0.999809,6.2e-05,True,accepted_posterior,bayes-hmm-v1,true
cam0,687,584,0.99991,0.99991,6.5e-05,True,accepted_posterior,bayes-hmm-v1,true
cam0,688,585,0.999901,0.999901,7.7e-05,True,accepted_posterior,bayes-hmm-v1,true
cam0,689,586,0.999985,0.999985,1.2e-05,True,accepted_posterior,bayes-hmm-v1,true
cam0,690,587,0.999972,0.999972,2.4e-05,True,accepted_posterior,bayes-hmm-v1,true
cam0,691,588,0.999968,0.999968,3.1e-05,True,accepted_posterior,bayes-hmm-v1,true
cam0,692,589,0.999976,0.999976,2.1e-05,True,accepted_posterior,bayes-hmm-v1,true
cam0,693,590,0.99998,0.99998,1.8e-05,True,accepted_posterior,bayes-hmm-v1,true
cam0,694,591,0.999967,0.999967,1.4e-05,True,accepted_posterior,bayes-hmm-v1,true
cam0,695,591,0.999981,0.999981,8e-06,True,accepted_posterior,bayes-hmm-v1,true
cam0,696,592,0.999972,0.999972,2.2e-05,True,accepted_posterior,bayes-hmm-v1,true
cam0,697,593,0.99997,0.99997,2.9e-05,True,accepted_posterior,bayes-hmm-v1,true
cam0,698,594,0.999977,0.999977,2.1e-05,True,accepted_posterior,bayes-hmm-v1,true
cam0,699,595,0.999957,0.999957,3.8e-05,True,accepted_posterior,bayes-hmm-v1,true
cam0,700,596,0.999806,0.999806,0.000115,True,accepted_posterior,bayes-hmm-v1,true
cam0,701,597,0.999815,0.999815,8.1e-05,True,accepted_posterior,bayes-hmm-v1,true
cam0,702,598,0.999904,0.999904,6.5e-05,True,accepted_posterior,bayes-hmm-v1,true
cam0,703,599,0.999951,0.999951,3.9e-05,True,accepted_posterior,bayes-hmm-v1,true
cam0,704,600,0.999965,0.999965,2e-05,True,accepted_posterior,bayes-hmm-v1,true
cam0,705,601,0.999955,0.999955,3.7e-05,True,accepted_posterior,bayes-hmm-v1,true
cam0,706,602,0.99996,0.99996,3.1e-05,True,accepted_posterior,bayes-hmm-v1,true
cam0,707,603,0.999931,0.999931,4e-05,True,accepted_posterior,bayes-hmm-v1,true
cam0,708,604,0.999947,0.999947,3.3e-05,True,accepted_posterior,bayes-hmm-v1,true
cam0,709,605,0.999922,0.999922,2.5e-05,True,accepted_posterior,bayes-hmm-v1,true
cam0,710,606,0.999813,0.999813,2.5e-05,True,accepted_posterior,bayes-hmm-v1,true
cam0,711,607,0.999869,0.999869,6.1e-05,True,accepted_posterior,bayes-hmm-v1,true
cam0,712,608,0.999935,0.999935,4.6e-05,True,accepted_posterior,bayes-hmm-v1,true
cam0,713,609,0.999965,0.999965,2.8e-05,True,accepted_posterior,bayes-hmm-v1,true
cam0,714,610,0.999977,0.999977,2.3e-05,True,accepted_posterior,bayes-hmm-v1,true
cam0,715,611,0.999954,0.999954,4.5e-05,True,accepted_posterior,bayes-hmm-v1,true
cam0,716,612,0.999953,0.999953,4.1e-05,True,accepted_posterior,bayes-hmm-v1,true
cam0,717,613,0.999866,0.999866,9.7e-05,True,accepted_posterior,bayes-hmm-v1,true
cam0,718,614,0.9999,0.9999,6.5e-05,True,accepted_posterior,bayes-hmm-v1,true
cam0,719,615,0.999858,0.999858,5e-05,True,accepted_posterior,bayes-hmm-v1,true
cam0,720,616,0.999959,0.999959,3.3e-05,True,accepted_posterior,bayes-hmm-v1,true
cam0,721,617,0.99998,0.99998,2e-05,True,accepted_posterior,bayes-hmm-v1,true
cam0,722,618,0.999978,0.999978,2.1e-05,True,accepted_posterior,bayes-hmm-v1,true
cam0,723,619,0.999979,0.999979,1.9e-05,True,accepted_posterior,bayes-hmm-v1,true
cam0,724,620,0.999967,0.999967,3.2e-05,True,accepted_posterior,bayes-hmm-v1,true
cam0,725,621,0.999969,0.999969,2.7e-05,True,accepted_posterior,bayes-hmm-v1,true
cam0,726,622,0.999977,0.999977,2e-05,True,accepted_posterior,bayes-hmm-v1,true
cam0,727,623,0.999952,0.999952,4.4e-05,True,accepted_posterior,bayes-hmm-v1,true
cam0,728,624,0.999978,0.999978,2e-05,True,accepted_posterior,bayes-hmm-v1,true
cam0,729,625,0.999984,0.999984,1e-05,True,accepted_posterior,bayes-hmm-v1,true
cam0,730,626,0.999988,0.999988,1.2e-05,True,accepted_posterior,bayes-hmm-v1,true
cam0,731,627,0.999985,0.999985,1.4e-05,True,accepted_posterior,bayes-hmm-v1,true
cam0,732,628,0.999983,0.999983,1.3e-05,True,accepted_posterior,bayes-hmm-v1,true
cam0,733,629,0.999982,0.999982,1.5e-05,True,accepted_posterior,bayes-hmm-v1,true
cam0,734,630,0.999988,0.999988,1.1e-05,True,accepted_posterior,bayes-hmm-v1,true
cam0,735,631,0.999992,0.999992,7e-06,True,accepted_posterior,bayes-hmm-v1,true
cam0,736,632,0.999975,0.999975,1.7e-05,True,accepted_posterior,bayes-hmm-v1,true
cam0,737,633,0.999978,0.999978,1.1e-05,True,accepted_posterior,bayes-hmm-v1,true
cam0,738,634,0.99986,0.99986,1.5e-05,True,accepted_posterior,bayes-hmm-v1,true
cam0,739,635,0.999963,0.999963,1.2e-05,True,accepted_posterior,bayes-hmm-v1,true
cam0,740,636,0.999946,0.999946,1.5e-05,True,accepted_posterior,bayes-hmm-v1,true
cam0,741,637,0.999979,0.999979,1.1e-05,True,accepted_posterior,bayes-hmm-v1,true
cam0,742,638,0.999966,0.999966,1e-05,True,accepted_posterior,bayes-hmm-v1,true
cam0,743,639,0.999982,0.999982,1.1e-05,True,accepted_posterior,bayes-hmm-v1,true
cam0,744,640,0.999962,0.999962,8e-06,True,accepted_posterior,bayes-hmm-v1,true
cam0,745,641,0.999985,0.999985,1.1e-05,True,accepted_posterior,bayes-hmm-v1,true
cam0,746,642,0.999976,0.999976,2e-05,True,accepted_posterior,bayes-hmm-v1,true
cam0,747,643,0.999966,0.999966,3.2e-05,True,accepted_posterior,bayes-hmm-v1,true
cam0,748,644,0.999962,0.999962,3.7e-05,True,accepted_posterior,bayes-hmm-v1,true
cam0,749,645,0.999953,0.999953,4.2e-05,True,accepted_posterior,bayes-hmm-v1,true
cam0,750,646,0.999895,0.999895,9.7e-05,True,accepted_posterior,bayes-hmm-v1,true
cam0,751,647,0.999957,0.999957,3.8e-05,True,accepted_posterior,bayes-hmm-v1,true
cam0,752,647,0.999977,0.999977,1.1e-05,True,accepted_posterior,bayes-hmm-v1,true
cam0,753,648,0.999947,0.999947,1e-05,True,accepted_posterior,bayes-hmm-v1,true
cam0,754,649,0.999952,0.999952,1.3e-05,True,accepted_posterior,bayes-hmm-v1,true
cam0,755,650,0.999933,0.999933,1.9e-05,True,accepted_posterior,bayes-hmm-v1,true
cam0,756,651,0.999948,0.999948,1.2e-05,True,accepted_posterior,bayes-hmm-v1,true
cam0,757,652,0.9999,0.9999,1.8e-05,True,accepted_posterior,bayes-hmm-v1,true
cam0,758,653,0.999933,0.999933,2.4e-05,True,accepted_posterior,bayes-hmm-v1,true
cam0,759,654,0.999799,0.999799,3.1e-05,True,accepted_posterior,bayes-hmm-v1,true
cam0,760,655,0.99992,0.99992,1.5e-05,True,accepted_posterior,bayes-hmm-v1,true
cam0,761,656,0.999972,0.999972,1.1e-05,True,accepted_posterior,bayes-hmm-v1,true
cam0,762,657,0.999986,0.999986,9e-06,True,accepted_posterior,bayes-hmm-v1,true
cam0,763,658,0.999986,0.999986,1.2e-05,True,accepted_posterior,bayes-hmm-v1,true
cam0,764,659,0.999995,0.999995,5e-06,True,accepted_posterior,bayes-hmm-v1,true
cam0,765,660,0.999994,0.999994,5e-06,True,accepted_posterior,bayes-hmm-v1,true
cam0,766,661,0.999992,0.999992,7e-06,True,accepted_posterior,bayes-hmm-v1,true
cam0,767,662,0.999986,0.999986,1.3e-05,True,accepted_posterior,bayes-hmm-v1,true
cam0,768,663,0.999977,0.999977,1.8e-05,True,accepted_posterior,bayes-hmm-v1,true
cam0,769,664,0.999977,0.999977,1.6e-05,True,accepted_posterior,bayes-hmm-v1,true
cam0,770,665,0.999959,0.999959,3.9e-05,True,accepted_posterior,bayes-hmm-v1,true
cam0,771,666,0.999938,0.999938,4.5e-05,True,accepted_posterior,bayes-hmm-v1,true
cam0,772,667,0.999332,0.999332,7.1e-05,True,accepted_posterior,bayes-hmm-v1,true
cam0,773,667,0.996414,0.996414,0.000126,True,accepted_posterior,bayes-hmm-v1,true
cam0,774,669,0.995705,0.995705,0.000134,True,accepted_posterior,bayes-hmm-v1,true
cam0,775,670,0.996239,0.996239,9.8e-05,True,accepted_posterior,bayes-hmm-v1,true
cam0,776,671,0.998803,0.998803,7.4e-05,True,accepted_posterior,bayes-hmm-v1,true
cam0,777,672,0.999519,0.999519,8.2e-05,True,accepted_posterior,bayes-hmm-v1,true
cam0,778,673,0.999585,0.999585,7.1e-05,True,accepted_posterior,bayes-hmm-v1,true
cam0,779,674,0.999898,0.999898,4.2e-05,True,accepted_posterior,bayes-hmm-v1,true
cam0,780,675,0.999973,0.999973,1.7e-05,True,accepted_posterior,bayes-hmm-v1,true
cam0,781,676,0.999983,0.999983,1.5e-05,True,accepted_posterior,bayes-hmm-v1,true
cam0,782,677,0.99998,0.99998,1.9e-05,True,accepted_posterior,bayes-hmm-v1,true
cam0,783,678,0.999989,0.999989,1.1e-05,True,accepted_posterior,bayes-hmm-v1,true
cam0,784,679,0.999978,0.999978,1.9e-05,True,accepted_posterior,bayes-hmm-v1,true
cam0,785,680,0.999988,0.999988,1.2e-05,True,accepted_posterior,bayes-hmm-v1,true
cam0,786,681,0.999989,0.999989,8e-06,True,accepted_posterior,bayes-hmm-v1,true
cam0,787,682,0.999988,0.999988,9e-06,True,accepted_posterior,bayes-hmm-v1,true
cam0,788,683,0.999962,0.999962,3e-05,True,accepted_posterior,bayes-hmm-v1,true
cam0,789,684,0.999959,0.999959,3.8e-05,True,accepted_posterior,bayes-hmm-v1,true
cam0,790,685,0.999917,0.999917,6.9e-05,True,accepted_posterior,bayes-hmm-v1,true
cam0,791,686,0.999844,0.999844,0.000102,True,accepted_posterior,bayes-hmm-v1,true
cam0,792,687,0.999784,0.999784,0.000122,True,accepted_posterior,bayes-hmm-v1,true
cam0,793,688,0.999626,0.999626,0.000114,True,accepted_posterior,bayes-hmm-v1,true
cam0,794,689,0.999814,0.999814,8.1e-05,True,accepted_posterior,bayes-hmm-v1,true
cam0,795,690,0.999846,0.999846,0.000122,True,accepted_posterior,bayes-hmm-v1,true
cam0,796,691,0.999915,0.999915,6.7e-05,True,accepted_posterior,bayes-hmm-v1,true
cam0,797,692,0.999834,0.999834,7.7e-05,True,accepted_posterior,bayes-hmm-v1,true
cam0,798,693,0.99987,0.99987,8.5e-05,True,accepted_posterior,bayes-hmm-v1,true
cam0,799,694,0.99981,0.99981,9.9e-05,True,accepted_posterior,bayes-hmm-v1,true
cam0,800,695,0.999813,0.999813,7.1e-05,True,accepted_posterior,bayes-hmm-v1,true
cam0,801,696,0.999846,0.999846,5.8e-05,True,accepted_posterior,bayes-hmm-v1,true
cam0,802,697,0.999871,0.999871,5.5e-05,True,accepted_posterior,bayes-hmm-v1,true
cam0,803,698,0.999826,0.999826,4.9e-05,True,accepted_posterior,bayes-hmm-v1,true
cam0,804,699,0.999683,0.999683,5.8e-05,True,accepted_posterior,bayes-hmm-v1,true
cam0,805,700,0.999668,0.999668,6.6e-05,True,accepted_posterior,bayes-hmm-v1,true
cam0,806,701,0.999211,0.999211,4.8e-05,True,accepted_posterior,bayes-hmm-v1,true
cam0,807,702,0.999116,0.999116,4.8e-05,True,accepted_posterior,bayes-hmm-v1,true
cam0,808,703,0.999443,0.999443,4.4e-05,True,accepted_posterior,bayes-hmm-v1,true
cam0,809,704,0.99965,0.99965,3.6e-05,True,accepted_posterior,bayes-hmm-v1,true
cam0,810,705,0.999665,0.999665,4.2e-05,True,accepted_posterior,bayes-hmm-v1,true
cam0,811,706,0.999876,0.999876,5.2e-05,True,accepted_posterior,bayes-hmm-v1,true
cam0,812,707,0.999887,0.999887,4.8e-05,True,accepted_posterior,bayes-hmm-v1,true
cam0,813,708,0.999918,0.999918,3e-05,True,accepted_posterior,bayes-hmm-v1,true
cam0,814,709,0.99995,0.99995,3.7e-05,True,accepted_posterior,bayes-hmm-v1,true
cam0,815,710,0.999942,0.999942,4.8e-05,True,accepted_posterior,bayes-hmm-v1,true
cam0,816,711,0.999884,0.999884,3.3e-05,True,accepted_posterior,bayes-hmm-v1,true
cam0,817,712,0.999896,0.999896,5.2e-05,True,accepted_posterior,bayes-hmm-v1,true
cam0,818,713,0.999894,0.999894,7.9e-05,True,accepted_posterior,bayes-hmm-v1,true
cam0,819,714,0.999727,0.999727,9.9e-05,True,accepted_posterior,bayes-hmm-v1,true
cam0,820,715,0.999552,0.999552,0.000134,True,accepted_posterior,bayes-hmm-v1,true
cam0,821,716,0.999478,0.999478,0.000191,True,accepted_posterior,bayes-hmm-v1,true
cam0,822,716,0.997063,0.997063,0.000275,True,accepted_posterior,bayes-hmm-v1,true
cam0,823,717,0.994966,0.994966,0.000403,True,accepted_posterior,bayes-hmm-v1,true
cam0,824,718,0.997816,0.997816,0.00045,True,accepted_posterior,bayes-hmm-v1,true
cam0,825,719,0.998731,0.998731,0.000151,True,accepted_posterior,bayes-hmm-v1,true
cam0,826,720,0.997344,0.997344,9.6e-05,True,accepted_posterior,bayes-hmm-v1,true
cam0,827,721,0.998912,0.998912,0.000106,True,accepted_posterior,bayes-hmm-v1,true
cam0,828,722,0.998787,0.998787,0.000171,True,accepted_posterior,bayes-hmm-v1,true
cam0,829,723,0.996759,0.996759,0.000129,True,accepted_posterior,bayes-hmm-v1,true
cam0,830,724,0.994542,0.994542,0.000125,True,accepted_posterior,bayes-hmm-v1,true
cam0,831,725,0.997311,0.997311,0.00019,True,accepted_posterior,bayes-hmm-v1,true
cam0,832,726,0.996368,0.996368,0.000155,True,accepted_posterior,bayes-hmm-v1,true
cam0,833,726,0.998273,0.998273,0.000146,True,accepted_posterior,bayes-hmm-v1,true
cam0,834,727,0.999297,0.999297,6.3e-05,True,accepted_posterior,bayes-hmm-v1,true
cam0,835,728,0.998902,0.998902,0.000111,True,accepted_posterior,bayes-hmm-v1,true
cam0,836,729,0.998871,0.998871,9.7e-05,True,accepted_posterior,bayes-hmm-v1,true
cam0,837,730,0.99984,0.99984,0.000107,True,accepted_posterior,bayes-hmm-v1,true
cam0,838,731,0.99982,0.99982,7.1e-05,True,accepted_posterior,bayes-hmm-v1,true
cam0,839,732,0.9998,0.9998,5.7e-05,True,accepted_posterior,bayes-hmm-v1,true
cam0,840,732,0.999492,0.999492,5e-05,True,accepted_posterior,bayes-hmm-v1,true
cam0,841,733,0.999824,0.999824,8.9e-05,True,accepted_posterior,bayes-hmm-v1,true
cam0,842,734,0.999893,0.999893,7.2e-05,True,accepted_posterior,bayes-hmm-v1,true
cam0,843,735,0.999818,0.999818,3.9e-05,True,accepted_posterior,bayes-hmm-v1,true
cam0,844,736,0.999901,0.999901,5e-05,True,accepted_posterior,bayes-hmm-v1,true
cam0,845,736,0.999715,0.999715,4.6e-05,True,accepted_posterior,bayes-hmm-v1,true
cam0,846,737,0.999953,0.999953,4.1e-05,True,accepted_posterior,bayes-hmm-v1,true
cam0,847,738,0.999969,0.999969,2.7e-05,True,accepted_posterior,bayes-hmm-v1,true
cam0,848,739,0.999963,0.999963,3.2e-05,True,accepted_posterior,bayes-hmm-v1,true
cam0,849,740,0.99997,0.99997,2.8e-05,True,accepted_posterior,bayes-hmm-v1,true
cam0,850,740,0.999895,0.999895,2.7e-05,True,accepted_posterior,bayes-hmm-v1,true
cam0,851,741,0.999777,0.999777,4.2e-05,True,accepted_posterior,bayes-hmm-v1,true
cam0,852,742,0.999758,0.999758,7e-05,True,accepted_posterior,bayes-hmm-v1,true
cam0,853,743,0.999569,0.999569,0.000177,True,accepted_posterior,bayes-hmm-v1,true
cam0,854,744,0.99947,0.99947,0.000136,True,accepted_posterior,bayes-hmm-v1,true
cam0,855,745,0.99957,0.99957,8e-05,True,accepted_posterior,bayes-hmm-v1,true
cam0,856,746,0.999669,0.999669,8.5e-05,True,accepted_posterior,bayes-hmm-v1,true
cam0,857,747,0.999686,0.999686,0.000101,True,accepted_posterior,bayes-hmm-v1,true
cam0,858,748,0.998809,0.998809,0.000178,True,accepted_posterior,bayes-hmm-v1,true
cam0,859,749,0.995391,0.995391,0.000253,True,accepted_posterior,bayes-hmm-v1,true
cam0,860,749,0.975822,0.975822,0.00033,True,accepted_posterior,bayes-hmm-v1,true
cam0,861,751,0.986038,0.986038,0.000492,True,accepted_posterior,bayes-hmm-v1,true
cam0,862,752,0.97435,0.97435,0.000545,True,accepted_posterior,bayes-hmm-v1,true
cam0,863,753,0.976028,0.976028,0.00069,True,accepted_posterior,bayes-hmm-v1,true
cam0,864,754,0.975418,0.975418,0.000844,True,accepted_posterior,bayes-hmm-v1,true
cam0,865,755,0.980876,0.980876,0.000679,True,accepted_posterior,bayes-hmm-v1,true
cam0,866,756,0.993399,0.993399,0.00059,True,accepted_posterior,bayes-hmm-v1,true
cam0,867,757,0.998015,0.998015,0.000339,True,accepted_posterior,bayes-hmm-v1,true
cam0,868,758,0.99771,0.99771,0.000178,True,accepted_posterior,bayes-hmm-v1,true
cam0,869,759,0.99802,0.99802,0.000215,True,accepted_posterior,bayes-hmm-v1,true
cam0,870,760,0.99631,0.99631,0.000334,True,accepted_posterior,bayes-hmm-v1,true
cam0,871,761,0.996664,0.996664,0.000358,True,accepted_posterior,bayes-hmm-v1,true
cam0,872,762,0.994567,0.994567,0.000392,True,accepted_posterior,bayes-hmm-v1,true
cam0,873,763,0.995945,0.995945,0.000298,True,accepted_posterior,bayes-hmm-v1,true
cam0,874,764,0.990751,0.990751,0.000416,True,accepted_posterior,bayes-hmm-v1,true
cam0,875,765,0.990306,0.990306,0.000396,True,accepted_posterior,bayes-hmm-v1,true
cam0,876,766,0.991555,0.991555,0.000371,True,accepted_posterior,bayes-hmm-v1,true
cam0,877,767,0.995628,0.995628,0.000287,True,accepted_posterior,bayes-hmm-v1,true
cam0,878,768,0.998317,0.998317,0.000182,True,accepted_posterior,bayes-hmm-v1,true
cam0,879,769,0.99913,0.99913,0.000115,True,accepted_posterior,bayes-hmm-v1,true
cam0,880,770,0.999483,0.999483,9.3e-05,True,accepted_posterior,bayes-hmm-v1,true
cam0,881,770,0.998767,0.998767,9.8e-05,True,accepted_posterior,bayes-hmm-v1,true
cam0,882,771,0.999447,0.999447,9.9e-05,True,accepted_posterior,bayes-hmm-v1,true
cam0,883,772,0.99963,0.99963,7.4e-05,True,accepted_posterior,bayes-hmm-v1,true
cam0,884,773,0.999747,0.999747,8.1e-05,True,accepted_posterior,bayes-hmm-v1,true
cam0,885,774,0.999822,0.999822,0.000102,True,accepted_posterior,bayes-hmm-v1,true
cam0,886,775,0.999747,0.999747,6.8e-05,True,accepted_posterior,bayes-hmm-v1,true
cam0,887,776,0.999787,0.999787,9.8e-05,True,accepted_posterior,bayes-hmm-v1,true
cam0,888,777,0.999807,0.999807,9.3e-05,True,accepted_posterior,bayes-hmm-v1,true
cam0,889,778,0.999776,0.999776,9.5e-05,True,accepted_posterior,bayes-hmm-v1,true
cam0,890,779,0.99955,0.99955,0.000125,True,accepted_posterior,bayes-hmm-v1,true
cam0,891,780,0.999448,0.999448,0.000129,True,accepted_posterior,bayes-hmm-v1,true
cam0,892,781,0.999205,0.999205,0.000141,True,accepted_posterior,bayes-hmm-v1,true
cam0,893,782,0.999125,0.999125,9.8e-05,True,accepted_posterior,bayes-hmm-v1,true
cam0,894,783,0.999376,0.999376,8.8e-05,True,accepted_posterior,bayes-hmm-v1,true
cam0,895,784,0.999435,0.999435,6.9e-05,True,accepted_posterior,bayes-hmm-v1,true
cam0,896,785,0.999754,0.999754,5.3e-05,True,accepted_posterior,bayes-hmm-v1,true
cam0,897,786,0.999877,0.999877,3.9e-05,True,accepted_posterior,bayes-hmm-v1,true
cam0,898,787,0.999947,0.999947,3.7e-05,True,accepted_posterior,bayes-hmm-v1,true
cam0,899,788,0.999935,0.999935,4.1e-05,True,accepted_posterior,bayes-hmm-v1,true
cam0,900,789,0.99992,0.99992,3.8e-05,True,accepted_posterior,bayes-hmm-v1,true
cam0,901,790,0.999462,0.999462,0.000159,True,accepted_posterior,bayes-hmm-v1,true
cam0,902,791,0.993549,0.993549,0.003342,True,accepted_posterior,bayes-hmm-v1,true
cam0,903,792,0.940463,0.940463,0.047102,True,accepted_posterior,bayes-hmm-v1,true
cam0,904,,abstain,0.791223,0.190863,True,posterior_no_correspondence,bayes-hmm-v1,true
cam0,905,,abstain,0.565864,0.420607,True,posterior_no_correspondence,bayes-hmm-v1,true
cam0,906,,abstain,0.327625,0.670257,True,posterior_no_correspondence,bayes-hmm-v1,true
cam0,907,,abstain,0.108449,0.888055,True,posterior_no_correspondence,bayes-hmm-v1,true
cam0,908,,abstain,0.021683,0.975667,True,posterior_no_correspondence,bayes-hmm-v1,true
cam0,909,,abstain,0.019406,0.977681,True,posterior_no_correspondence,bayes-hmm-v1,true
cam0,910,,abstain,0.073623,0.925959,True,posterior_no_correspondence,bayes-hmm-v1,true
cam0,911,,abstain,0.393016,0.606221,True,posterior_no_correspondence,bayes-hmm-v1,true
cam0,912,,abstain,0.722601,0.276446,True,posterior_no_correspondence,bayes-hmm-v1,true
cam0,913,802,0.956692,0.956692,0.042785,True,accepted_posterior,bayes-hmm-v1,true
cam0,914,803,0.997452,0.997452,0.002402,True,accepted_posterior,bayes-hmm-v1,true
cam0,915,804,0.999795,0.999795,0.000163,True,accepted_posterior,bayes-hmm-v1,true
cam0,916,805,0.999949,0.999949,3.4e-05,True,accepted_posterior,bayes-hmm-v1,true
cam0,917,806,0.999965,0.999965,2.1e-05,True,accepted_posterior,bayes-hmm-v1,true
cam0,918,807,0.999971,0.999971,2.2e-05,True,accepted_posterior,bayes-hmm-v1,true
cam0,919,808,0.999947,0.999947,3.4e-05,True,accepted_posterior,bayes-hmm-v1,true
cam0,920,809,0.999908,0.999908,1.3e-05,True,accepted_posterior,bayes-hmm-v1,true
cam0,921,810,0.999481,0.999481,2.6e-05,True,accepted_posterior,bayes-hmm-v1,true
cam0,922,811,0.999681,0.999681,6.9e-05,True,accepted_posterior,bayes-hmm-v1,true
cam0,923,812,0.999688,0.999688,4.9e-05,True,accepted_posterior,bayes-hmm-v1,true
cam0,924,813,0.999828,0.999828,3.5e-05,True,accepted_posterior,bayes-hmm-v1,true
cam0,925,814,0.999732,0.999732,5.8e-05,True,accepted_posterior,bayes-hmm-v1,true
cam0,926,815,0.99874,0.99874,9.7e-05,True,accepted_posterior,bayes-hmm-v1,true
cam0,927,816,0.988593,0.988593,0.0002,True,accepted_posterior,bayes-hmm-v1,true
cam0,928,817,0.984237,0.984237,0.000343,True,accepted_posterior,bayes-hmm-v1,true
cam0,929,818,0.980601,0.980601,0.000373,True,accepted_posterior,bayes-hmm-v1,true
cam0,930,818,0.965353,0.965353,0.000338,True,accepted_posterior,bayes-hmm-v1,true
cam0,931,820,0.983133,0.983133,0.000424,True,accepted_posterior,bayes-hmm-v1,true
cam0,932,820,0.947652,0.947652,0.000296,True,accepted_posterior,bayes-hmm-v1,true
cam0,933,822,0.998514,0.998514,0.000152,True,accepted_posterior,bayes-hmm-v1,true
cam0,934,824,0.995882,0.995882,0.000101,True,accepted_posterior,bayes-hmm-v1,true
cam0,935,825,0.991953,0.991953,8.1e-05,True,accepted_posterior,bayes-hmm-v1,true
cam0,936,826,0.993061,0.993061,6.7e-05,True,accepted_posterior,bayes-hmm-v1,true
cam0,937,827,0.997678,0.997678,5.5e-05,True,accepted_posterior,bayes-hmm-v1,true
cam0,938,828,0.999017,0.999017,6.8e-05,True,accepted_posterior,bayes-hmm-v1,true
cam0,939,829,0.998627,0.998627,0.000108,True,accepted_posterior,bayes-hmm-v1,true
cam0,940,830,0.997797,0.997797,0.000114,True,accepted_posterior,bayes-hmm-v1,true
cam0,941,831,0.999654,0.999654,7.1e-05,True,accepted_posterior,bayes-hmm-v1,true
cam0,942,833,0.999728,0.999728,2.9e-05,True,accepted_posterior,bayes-hmm-v1,true
cam0,943,834,0.999788,0.999788,3.1e-05,True,accepted_posterior,bayes-hmm-v1,true
cam0,944,835,0.999883,0.999883,4.7e-05,True,accepted_posterior,bayes-hmm-v1,true
cam0,945,836,0.999815,0.999815,5.4e-05,True,accepted_posterior,bayes-hmm-v1,true
cam0,946,837,0.999842,0.999842,5.9e-05,True,accepted_posterior,bayes-hmm-v1,true
cam0,947,838,0.999863,0.999863,6.9e-05,True,accepted_posterior,bayes-hmm-v1,true
cam0,948,839,0.999865,0.999865,6.3e-05,True,accepted_posterior,bayes-hmm-v1,true
cam0,949,840,0.999913,0.999913,4.8e-05,True,accepted_posterior,bayes-hmm-v1,true
cam0,950,841,0.999931,0.999931,4.7e-05,True,accepted_posterior,bayes-hmm-v1,true
cam0,951,842,0.999956,0.999956,2.6e-05,True,accepted_posterior,bayes-hmm-v1,true
cam0,952,843,0.999921,0.999921,4.9e-05,True,accepted_posterior,bayes-hmm-v1,true
cam0,953,844,0.999917,0.999917,4.1e-05,True,accepted_posterior,bayes-hmm-v1,true
cam0,954,845,0.999942,0.999942,1.7e-05,True,accepted_posterior,bayes-hmm-v1,true
cam0,955,846,0.99974,0.99974,3.5e-05,True,accepted_posterior,bayes-hmm-v1,true
cam0,956,847,0.99968,0.99968,3.5e-05,True,accepted_posterior,bayes-hmm-v1,true
cam0,957,849,0.996691,0.996691,4.3e-05,True,accepted_posterior,bayes-hmm-v1,true
cam0,958,850,0.998135,0.998135,5e-05,True,accepted_posterior,bayes-hmm-v1,true
cam0,959,851,0.999517,0.999517,8e-05,True,accepted_posterior,bayes-hmm-v1,true
cam0,960,852,0.999838,0.999838,3.2e-05,True,accepted_posterior,bayes-hmm-v1,true
cam0,961,853,0.999919,0.999919,4.6e-05,True,accepted_posterior,bayes-hmm-v1,true
cam0,962,854,0.99991,0.99991,4.2e-05,True,accepted_posterior,bayes-hmm-v1,true
cam0,963,855,0.999918,0.999918,4.1e-05,True,accepted_posterior,bayes-hmm-v1,true
cam0,964,856,0.999781,0.999781,3.9e-05,True,accepted_posterior,bayes-hmm-v1,true
cam0,965,858,0.999927,0.999927,4.1e-05,True,accepted_posterior,bayes-hmm-v1,true
cam0,966,859,0.999952,0.999952,2.2e-05,True,accepted_posterior,bayes-hmm-v1,true
cam0,967,860,0.999967,0.999967,1.8e-05,True,accepted_posterior,bayes-hmm-v1,true
cam0,968,861,0.999987,0.999987,1e-05,True,accepted_posterior,bayes-hmm-v1,true
cam0,969,862,0.999987,0.999987,1e-05,True,accepted_posterior,bayes-hmm-v1,true
cam0,970,863,0.999973,0.999973,1.4e-05,True,accepted_posterior,bayes-hmm-v1,true
cam0,971,864,0.999871,0.999871,2.2e-05,True,accepted_posterior,bayes-hmm-v1,true
cam0,972,865,0.999683,0.999683,2.6e-05,True,accepted_posterior,bayes-hmm-v1,true
cam0,973,866,0.999657,0.999657,4.9e-05,True,accepted_posterior,bayes-hmm-v1,true
cam0,974,868,0.999668,0.999668,4.4e-05,True,accepted_posterior,bayes-hmm-v1,true
cam0,975,869,0.999916,0.999916,3.2e-05,True,accepted_posterior,bayes-hmm-v1,true
cam0,976,870,0.999971,0.999971,2e-05,True,accepted_posterior,bayes-hmm-v1,true
cam0,977,871,0.999967,0.999967,2.8e-05,True,accepted_posterior,bayes-hmm-v1,true
cam0,978,872,0.999967,0.999967,2.8e-05,True,accepted_posterior,bayes-hmm-v1,true
cam0,979,873,0.999943,0.999943,4.8e-05,True,accepted_posterior,bayes-hmm-v1,true
cam0,980,874,0.999871,0.999871,9.8e-05,True,accepted_posterior,bayes-hmm-v1,true
cam0,981,875,0.999503,0.999503,0.000245,True,accepted_posterior,bayes-hmm-v1,true
cam0,982,876,0.998383,0.998383,0.000358,True,accepted_posterior,bayes-hmm-v1,true
cam0,983,878,0.993998,0.993998,0.000553,True,accepted_posterior,bayes-hmm-v1,true
cam0,984,879,0.993793,0.993793,0.000713,True,accepted_posterior,bayes-hmm-v1,true
cam0,985,880,0.996819,0.996819,0.000491,True,accepted_posterior,bayes-hmm-v1,true
cam0,986,881,0.998229,0.998229,0.000259,True,accepted_posterior,bayes-hmm-v1,true
cam0,987,882,0.997888,0.997888,0.00048,True,accepted_posterior,bayes-hmm-v1,true
cam0,988,883,0.998695,0.998695,0.000415,True,accepted_posterior,bayes-hmm-v1,true
cam0,989,884,0.997331,0.997331,0.00028,True,accepted_posterior,bayes-hmm-v1,true
cam0,990,886,0.99882,0.99882,0.000298,True,accepted_posterior,bayes-hmm-v1,true
cam0,991,887,0.998974,0.998974,0.000383,True,accepted_posterior,bayes-hmm-v1,true
cam0,992,888,0.999303,0.999303,0.00017,True,accepted_posterior,bayes-hmm-v1,true
cam0,993,889,0.999876,0.999876,9e-05,True,accepted_posterior,bayes-hmm-v1,true
cam0,994,890,0.999895,0.999895,9.4e-05,True,accepted_posterior,bayes-hmm-v1,true
cam0,995,891,0.999912,0.999912,8.2e-05,True,accepted_posterior,bayes-hmm-v1,true
cam0,996,892,0.999931,0.999931,6.4e-05,True,accepted_posterior,bayes-hmm-v1,true
cam0,997,893,0.999899,0.999899,8.4e-05,True,accepted_posterior,bayes-hmm-v1,true
cam0,998,894,0.999578,0.999578,0.000201,True,accepted_posterior,bayes-hmm-v1,true
cam0,999,896,0.999386,0.999386,0.000338,True,accepted_posterior,bayes-hmm-v1,true
cam0,1000,897,0.999377,0.999377,0.000244,True,accepted_posterior,bayes-hmm-v1,true
cam0,1001,898,0.999818,0.999818,0.000113,True,accepted_posterior,bayes-hmm-v1,true
cam0,1002,899,0.99993,0.99993,5.8e-05,True,accepted_posterior,bayes-hmm-v1,true
cam0,1003,900,0.999849,0.999849,4.5e-05,True,accepted_posterior,bayes-hmm-v1,true
cam0,1004,901,0.999759,0.999759,6.6e-05,True,accepted_posterior,bayes-hmm-v1,true
cam0,1005,902,0.99962,0.99962,9.7e-05,True,accepted_posterior,bayes-hmm-v1,true
cam0,1006,903,0.999558,0.999558,8.6e-05,True,accepted_posterior,bayes-hmm-v1,true
cam0,1007,905,0.999642,0.999642,9.9e-05,True,accepted_posterior,bayes-hmm-v1,true
cam0,1008,906,0.999659,0.999659,9.8e-05,True,accepted_posterior,bayes-hmm-v1,true
cam0,1009,907,0.999783,0.999783,7.3e-05,True,accepted_posterior,bayes-hmm-v1,true
cam0,1010,908,0.999862,0.999862,6.6e-05,True,accepted_posterior,bayes-hmm-v1,true
cam0,1011,909,0.999891,0.999891,5.1e-05,True,accepted_posterior,bayes-hmm-v1,true
cam0,1012,910,0.999811,0.999811,5.1e-05,True,accepted_posterior,bayes-hmm-v1,true
cam0,1013,911,0.99966,0.99966,7.3e-05,True,accepted_posterior,bayes-hmm-v1,true
cam0,1014,912,0.999561,0.999561,6.9e-05,True,accepted_posterior,bayes-hmm-v1,true
cam0,1015,913,0.999732,0.999732,6.4e-05,True,accepted_posterior,bayes-hmm-v1,true
cam0,1016,914,0.999598,0.999598,6.2e-05,True,accepted_posterior,bayes-hmm-v1,true
cam0,1017,915,0.999229,0.999229,5.1e-05,True,accepted_posterior,bayes-hmm-v1,true
cam0,1018,917,0.999269,0.999269,6.5e-05,True,accepted_posterior,bayes-hmm-v1,true
cam0,1019,918,0.999096,0.999096,6.7e-05,True,accepted_posterior,bayes-hmm-v1,true
cam0,1020,919,0.999582,0.999582,8.1e-05,True,accepted_posterior,bayes-hmm-v1,true
cam0,1021,920,0.999741,0.999741,8.1e-05,True,accepted_posterior,bayes-hmm-v1,true
cam0,1022,921,0.999715,0.999715,5.9e-05,True,accepted_posterior,bayes-hmm-v1,true
cam0,1023,922,0.998757,0.998757,0.000125,True,accepted_posterior,bayes-hmm-v1,true
cam0,1024,923,0.996331,0.996331,0.0002,True,accepted_posterior,bayes-hmm-v1,true
cam0,1025,924,0.994842,0.994842,0.000362,True,accepted_posterior,bayes-hmm-v1,true
cam0,1026,926,0.99542,0.99542,0.000235,True,accepted_posterior,bayes-hmm-v1,true
cam0,1027,927,0.999042,0.999042,0.000144,True,accepted_posterior,bayes-hmm-v1,true
cam0,1028,928,0.99969,0.99969,8.9e-05,True,accepted_posterior,bayes-hmm-v1,true
cam0,1029,929,0.999746,0.999746,0.000107,True,accepted_posterior,bayes-hmm-v1,true
cam0,1030,930,0.999853,0.999853,7.1e-05,True,accepted_posterior,bayes-hmm-v1,true
cam0,1031,931,0.999958,0.999958,2.7e-05,True,accepted_posterior,bayes-hmm-v1,true
cam0,1032,932,0.999975,0.999975,2.3e-05,True,accepted_posterior,bayes-hmm-v1,true
cam0,1033,933,0.999981,0.999981,1.6e-05,True,accepted_posterior,bayes-hmm-v1,true
cam0,1034,934,0.999926,0.999926,4e-05,True,accepted_posterior,bayes-hmm-v1,true
cam0,1035,935,0.999909,0.999909,3.7e-05,True,accepted_posterior,bayes-hmm-v1,true
cam0,1036,936,0.999908,0.999908,4.9e-05,True,accepted_posterior,bayes-hmm-v1,true
cam0,1037,937,0.999889,0.999889,2.6e-05,True,accepted_posterior,bayes-hmm-v1,true
cam0,1038,938,0.999866,0.999866,3e-05,True,accepted_posterior,bayes-hmm-v1,true
cam0,1039,939,0.999736,0.999736,6.8e-05,True,accepted_posterior,bayes-hmm-v1,true
cam0,1040,940,0.99942,0.99942,5.9e-05,True,accepted_posterior,bayes-hmm-v1,true
cam0,1041,941,0.999291,0.999291,6e-05,True,accepted_posterior,bayes-hmm-v1,true
cam0,1042,942,0.999222,0.999222,8.2e-05,True,accepted_posterior,bayes-hmm-v1,true
cam0,1043,943,0.998995,0.998995,8.7e-05,True,accepted_posterior,bayes-hmm-v1,true
cam0,1044,944,0.999227,0.999227,9.9e-05,True,accepted_posterior,bayes-hmm-v1,true
cam0,1045,945,0.999582,0.999582,9.9e-05,True,accepted_posterior,bayes-hmm-v1,true
cam0,1046,946,0.999568,0.999568,8.7e-05,True,accepted_posterior,bayes-hmm-v1,true
cam0,1047,947,0.999037,0.999037,0.00011,True,accepted_posterior,bayes-hmm-v1,true
cam0,1048,948,0.999352,0.999352,0.000108,True,accepted_posterior,bayes-hmm-v1,true
cam0,1049,949,0.998147,0.998147,0.000141,True,accepted_posterior,bayes-hmm-v1,true
cam0,1050,950,0.996789,0.996789,0.000183,True,accepted_posterior,bayes-hmm-v1,true
cam0,1051,952,0.994767,0.994767,0.00024,True,accepted_posterior,bayes-hmm-v1,true
cam0,1052,953,0.989455,0.989455,0.00026,True,accepted_posterior,bayes-hmm-v1,true
cam0,1053,954,0.995196,0.995196,0.000223,True,accepted_posterior,bayes-hmm-v1,true
cam0,1054,955,0.995425,0.995425,0.000209,True,accepted_posterior,bayes-hmm-v1,true
cam0,1055,956,0.998041,0.998041,0.000145,True,accepted_posterior,bayes-hmm-v1,true
cam0,1056,957,0.997315,0.997315,0.000169,True,accepted_posterior,bayes-hmm-v1,true
cam0,1057,958,0.998886,0.998886,0.000161,True,accepted_posterior,bayes-hmm-v1,true
cam0,1058,959,0.998249,0.998249,0.000162,True,accepted_posterior,bayes-hmm-v1,true
cam0,1059,960,0.999291,0.999291,0.000108,True,accepted_posterior,bayes-hmm-v1,true
cam0,1060,961,0.99945,0.99945,9.9e-05,True,accepted_posterior,bayes-hmm-v1,true
cam0,1061,962,0.999562,0.999562,0.000147,True,accepted_posterior,bayes-hmm-v1,true
cam0,1062,963,0.999499,0.999499,0.000132,True,accepted_posterior,bayes-hmm-v1,true
cam0,1063,964,0.999607,0.999607,0.000152,True,accepted_posterior,bayes-hmm-v1,true
cam0,1064,965,0.999291,0.999291,0.000145,True,accepted_posterior,bayes-hmm-v1,true
cam0,1065,966,0.999349,0.999349,0.00023,True,accepted_posterior,bayes-hmm-v1,true
cam0,1066,967,0.999358,0.999358,0.000225,True,accepted_posterior,bayes-hmm-v1,true
cam0,1067,968,0.999376,0.999376,0.000199,True,accepted_posterior,bayes-hmm-v1,true
cam0,1068,969,0.999221,0.999221,0.000177,True,accepted_posterior,bayes-hmm-v1,true
cam0,1069,970,0.999407,0.999407,0.000277,True,accepted_posterior,bayes-hmm-v1,true
cam0,1070,971,0.999088,0.999088,0.00039,True,accepted_posterior,bayes-hmm-v1,true
cam0,1071,972,0.999235,0.999235,0.000416,True,accepted_posterior,bayes-hmm-v1,true
cam0,1072,973,0.999454,0.999454,0.00033,True,accepted_posterior,bayes-hmm-v1,true
cam0,1073,973,0.999516,0.999516,0.000288,True,accepted_posterior,bayes-hmm-v1,true
cam0,1074,974,0.999569,0.999569,0.000285,True,accepted_posterior,bayes-hmm-v1,true
cam0,1075,975,0.999228,0.999228,0.000658,True,accepted_posterior,bayes-hmm-v1,true
cam0,1076,976,0.99946,0.99946,0.000514,True,accepted_posterior,bayes-hmm-v1,true
cam0,1077,977,0.999535,0.999535,0.000349,True,accepted_posterior,bayes-hmm-v1,true
cam0,1078,978,0.998871,0.998871,0.000378,True,accepted_posterior,bayes-hmm-v1,true
cam0,1079,979,0.995828,0.995828,0.000694,True,accepted_posterior,bayes-hmm-v1,true
cam0,1080,980,0.994862,0.994862,0.001016,True,accepted_posterior,bayes-hmm-v1,true
cam0,1081,981,0.996913,0.996913,0.000709,True,accepted_posterior,bayes-hmm-v1,true
cam0,1082,982,0.998628,0.998628,0.000583,True,accepted_posterior,bayes-hmm-v1,true
cam0,1083,983,0.999277,0.999277,0.000374,True,accepted_posterior,bayes-hmm-v1,true
cam0,1084,984,0.999694,0.999694,0.000292,True,accepted_posterior,bayes-hmm-v1,true
cam0,1085,985,0.999719,0.999719,0.000268,True,accepted_posterior,bayes-hmm-v1,true
cam0,1086,986,0.999635,0.999635,0.000355,True,accepted_posterior,bayes-hmm-v1,true
cam0,1087,987,0.999707,0.999707,0.000283,True,accepted_posterior,bayes-hmm-v1,true
cam0,1088,988,0.999705,0.999705,0.000282,True,accepted_posterior,bayes-hmm-v1,true
cam0,1089,989,0.999748,0.999748,0.000215,True,accepted_posterior,bayes-hmm-v1,true
cam0,1090,990,0.99969,0.99969,0.000182,True,accepted_posterior,bayes-hmm-v1,true
cam0,1091,991,0.99937,0.99937,0.000374,True,accepted_posterior,bayes-hmm-v1,true
cam0,1092,992,0.99941,0.99941,0.000322,True,accepted_posterior,bayes-hmm-v1,true
cam0,1093,993,0.999643,0.999643,0.000189,True,accepted_posterior,bayes-hmm-v1,true
cam0,1094,994,0.999799,0.999799,0.000156,True,accepted_posterior,bayes-hmm-v1,true
cam0,1095,995,0.999803,0.999803,0.000153,True,accepted_posterior,bayes-hmm-v1,true
cam0,1096,996,0.999851,0.999851,0.000134,True,accepted_posterior,bayes-hmm-v1,true
cam0,1097,997,0.999852,0.999852,0.000116,True,accepted_posterior,bayes-hmm-v1,true
cam0,1098,998,0.999879,0.999879,9.8e-05,True,accepted_posterior,bayes-hmm-v1,true
cam0,1099,999,0.999894,0.999894,8.3e-05,True,accepted_posterior,bayes-hmm-v1,true
cam0,1100,1000,0.999827,0.999827,0.000139,True,accepted_posterior,bayes-hmm-v1,true
cam0,1101,1001,0.999672,0.999672,0.000157,True,accepted_posterior,bayes-hmm-v1,true
cam0,1102,1002,0.999479,0.999479,0.00017,True,accepted_posterior,bayes-hmm-v1,true
cam0,1103,1003,0.999563,0.999563,0.000164,True,accepted_posterior,bayes-hmm-v1,true
cam0,1104,1004,0.999625,0.999625,6.9e-05,True,accepted_posterior,bayes-hmm-v1,true
cam0,1105,1005,0.998472,0.998472,0.000106,True,accepted_posterior,bayes-hmm-v1,true
cam0,1106,1006,0.999424,0.999424,5.1e-05,True,accepted_posterior,bayes-hmm-v1,true
cam0,1107,1007,0.999448,0.999448,8.4e-05,True,accepted_posterior,bayes-hmm-v1,true
cam0,1108,1008,0.999756,0.999756,6e-05,True,accepted_posterior,bayes-hmm-v1,true
cam0,1109,1009,0.999469,0.999469,7.9e-05,True,accepted_posterior,bayes-hmm-v1,true
cam0,1110,1010,0.999373,0.999373,8.7e-05,True,accepted_posterior,bayes-hmm-v1,true
cam0,1111,1011,0.998623,0.998623,9.8e-05,True,accepted_posterior,bayes-hmm-v1,true
cam0,1112,1012,0.998105,0.998105,9e-05,True,accepted_posterior,bayes-hmm-v1,true
cam0,1113,1013,0.998396,0.998396,0.000151,True,accepted_posterior,bayes-hmm-v1,true
cam0,1114,1014,0.998466,0.998466,7.9e-05,True,accepted_posterior,bayes-hmm-v1,true
cam0,1115,1015,0.998504,0.998504,9.8e-05,True,accepted_posterior,bayes-hmm-v1,true
cam0,1116,1016,0.998253,0.998253,0.000132,True,accepted_posterior,bayes-hmm-v1,true
cam0,1117,1017,0.999,0.999,0.00012,True,accepted_posterior,bayes-hmm-v1,true
cam0,1118,1018,0.999428,0.999428,9.9e-05,True,accepted_posterior,bayes-hmm-v1,true
cam0,1119,1019,0.999572,0.999572,0.000115,True,accepted_posterior,bayes-hmm-v1,true
cam0,1120,1020,0.999685,0.999685,0.000103,True,accepted_posterior,bayes-hmm-v1,true
cam0,1121,1021,0.999583,0.999583,9.3e-05,True,accepted_posterior,bayes-hmm-v1,true
cam0,1122,1022,0.999703,0.999703,9.2e-05,True,accepted_posterior,bayes-hmm-v1,true
cam0,1123,1023,0.999559,0.999559,0.000156,True,accepted_posterior,bayes-hmm-v1,true
cam0,1124,1024,0.999755,0.999755,0.0001,True,accepted_posterior,bayes-hmm-v1,true
cam0,1125,1025,0.999787,0.999787,8.1e-05,True,accepted_posterior,bayes-hmm-v1,true
cam0,1126,1026,0.999806,0.999806,8.6e-05,True,accepted_posterior,bayes-hmm-v1,true
cam0,1127,1027,0.999847,0.999847,0.000103,True,accepted_posterior,bayes-hmm-v1,true
cam0,1128,1028,0.999802,0.999802,9e-05,True,accepted_posterior,bayes-hmm-v1,true
cam0,1129,1029,0.999553,0.999553,0.000127,True,accepted_posterior,bayes-hmm-v1,true
cam0,1130,1030,0.999688,0.999688,0.00013,True,accepted_posterior,bayes-hmm-v1,true
cam0,1131,1031,0.999549,0.999549,0.000175,True,accepted_posterior,bayes-hmm-v1,true
cam0,1132,1032,0.999447,0.999447,0.000159,True,accepted_posterior,bayes-hmm-v1,true
cam0,1133,1033,0.999602,0.999602,0.000182,True,accepted_posterior,bayes-hmm-v1,true
cam0,1134,1034,0.999577,0.999577,0.000219,True,accepted_posterior,bayes-hmm-v1,true
cam0,1135,1035,0.999347,0.999347,0.000194,True,accepted_posterior,bayes-hmm-v1,true
cam0,1136,1036,0.999395,0.999395,0.000232,True,accepted_posterior,bayes-hmm-v1,true
cam0,1137,1037,0.998757,0.998757,0.000344,True,accepted_posterior,bayes-hmm-v1,true
cam0,1138,1038,0.998625,0.998625,0.000254,True,accepted_posterior,bayes-hmm-v1,true
cam0,1139,1039,0.998828,0.998828,0.000291,True,accepted_posterior,bayes-hmm-v1,true
cam0,1140,1040,0.998959,0.998959,0.000279,True,accepted_posterior,bayes-hmm-v1,true
cam0,1141,1041,0.999319,0.999319,0.000188,True,accepted_posterior,bayes-hmm-v1,true
cam0,1142,1042,0.999869,0.999869,5.8e-05,True,accepted_posterior,bayes-hmm-v1,true
cam0,1143,1043,0.999892,0.999892,8.9e-05,True,accepted_posterior,bayes-hmm-v1,true
cam0,1144,1044,0.999836,0.999836,0.000132,True,accepted_posterior,bayes-hmm-v1,true
cam0,1145,1045,0.999788,0.999788,0.000127,True,accepted_posterior,bayes-hmm-v1,true
cam0,1146,1046,0.998978,0.998978,0.000128,True,accepted_posterior,bayes-hmm-v1,true
cam0,1147,1047,0.99446,0.99446,0.000185,True,accepted_posterior,bayes-hmm-v1,true
cam0,1148,1048,0.99511,0.99511,0.000357,True,accepted_posterior,bayes-hmm-v1,true
cam0,1149,1049,0.997703,0.997703,0.000339,True,accepted_posterior,bayes-hmm-v1,true
cam0,1150,1050,0.997421,0.997421,0.000286,True,accepted_posterior,bayes-hmm-v1,true
cam0,1151,1051,0.997991,0.997991,0.000239,True,accepted_posterior,bayes-hmm-v1,true
cam0,1152,1052,0.998827,0.998827,0.000208,True,accepted_posterior,bayes-hmm-v1,true
cam0,1153,1053,0.998992,0.998992,0.000209,True,accepted_posterior,bayes-hmm-v1,true
cam0,1154,1054,0.998622,0.998622,0.000201,True,accepted_posterior,bayes-hmm-v1,true
cam0,1155,1055,0.996718,0.996718,0.000202,True,accepted_posterior,bayes-hmm-v1,true
cam0,1156,1055,0.973767,0.973767,0.000413,True,accepted_posterior,bayes-hmm-v1,true
cam0,1157,1057,0.997347,0.997347,0.000247,True,accepted_posterior,bayes-hmm-v1,true
cam0,1158,1058,0.998271,0.998271,0.000171,True,accepted_posterior,bayes-hmm-v1,true
cam0,1159,1059,0.999253,0.999253,0.000151,True,accepted_posterior,bayes-hmm-v1,true
cam0,1160,1060,0.998784,0.998784,0.000121,True,accepted_posterior,bayes-hmm-v1,true
cam0,1161,1061,0.998685,0.998685,0.000104,True,accepted_posterior,bayes-hmm-v1,true
cam0,1162,1062,0.997613,0.997613,0.000143,True,accepted_posterior,bayes-hmm-v1,true
cam0,1163,1063,0.996718,0.996718,0.000151,True,accepted_posterior,bayes-hmm-v1,true
cam0,1164,1063,0.998546,0.998546,0.000124,True,accepted_posterior,bayes-hmm-v1,true
cam0,1165,1064,0.996447,0.996447,0.000108,True,accepted_posterior,bayes-hmm-v1,true
cam0,1166,1065,0.996413,0.996413,0.000174,True,accepted_posterior,bayes-hmm-v1,true
cam0,1167,1066,0.998603,0.998603,0.000171,True,accepted_posterior,bayes-hmm-v1,true
cam0,1168,1067,0.998402,0.998402,0.00012,True,accepted_posterior,bayes-hmm-v1,true
cam0,1169,1068,0.998243,0.998243,0.000146,True,accepted_posterior,bayes-hmm-v1,true
cam0,1170,1069,0.998775,0.998775,0.000161,True,accepted_posterior,bayes-hmm-v1,true
cam0,1171,1070,0.998963,0.998963,0.000189,True,accepted_posterior,bayes-hmm-v1,true
cam0,1172,1071,0.999323,0.999323,0.000153,True,accepted_posterior,bayes-hmm-v1,true
cam0,1173,1072,0.999358,0.999358,0.00012,True,accepted_posterior,bayes-hmm-v1,true
cam0,1174,1073,0.999609,0.999609,0.00012,True,accepted_posterior,bayes-hmm-v1,true
cam0,1175,1074,0.999656,0.999656,0.000104,True,accepted_posterior,bayes-hmm-v1,true
cam0,1176,1075,0.999638,0.999638,8.5e-05,True,accepted_posterior,bayes-hmm-v1,true
cam0,1177,1076,0.999091,0.999091,0.000129,True,accepted_posterior,bayes-hmm-v1,true
cam0,1178,1077,0.996751,0.996751,0.000124,True,accepted_posterior,bayes-hmm-v1,true
cam0,1179,1078,0.99186,0.99186,0.000232,True,accepted_posterior,bayes-hmm-v1,true
cam0,1180,1079,0.98845,0.98845,0.000252,True,accepted_posterior,bayes-hmm-v1,true
cam0,1181,1080,0.986307,0.986307,0.000248,True,accepted_posterior,bayes-hmm-v1,true
cam0,1182,1081,0.977824,0.977824,0.000263,True,accepted_posterior,bayes-hmm-v1,true
cam0,1183,1082,0.975973,0.975973,0.000255,True,accepted_posterior,bayes-hmm-v1,true
cam0,1184,1084,0.996685,0.996685,0.000151,True,accepted_posterior,bayes-hmm-v1,true
cam0,1185,1085,0.996344,0.996344,9.1e-05,True,accepted_posterior,bayes-hmm-v1,true
cam0,1186,1086,0.996744,0.996744,7.4e-05,True,accepted_posterior,bayes-hmm-v1,true
cam0,1187,1086,0.998349,0.998349,9.5e-05,True,accepted_posterior,bayes-hmm-v1,true
cam0,1188,1087,0.998142,0.998142,0.000105,True,accepted_posterior,bayes-hmm-v1,true
cam0,1189,1088,0.998798,0.998798,9.9e-05,True,accepted_posterior,bayes-hmm-v1,true
cam0,1190,1089,0.998968,0.998968,0.00011,True,accepted_posterior,bayes-hmm-v1,true
cam0,1191,1090,0.999341,0.999341,8.1e-05,True,accepted_posterior,bayes-hmm-v1,true
cam0,1192,1091,0.999037,0.999037,0.000101,True,accepted_posterior,bayes-hmm-v1,true
cam0,1193,1092,0.998807,0.998807,0.000119,True,accepted_posterior,bayes-hmm-v1,true
cam0,1194,1093,0.998845,0.998845,0.000152,True,accepted_posterior,bayes-hmm-v1,true
cam0,1195,1094,0.999194,0.999194,0.000119,True,accepted_posterior,bayes-hmm-v1,true
cam0,1196,1095,0.99899,0.99899,0.000128,True,accepted_posterior,bayes-hmm-v1,true
cam0,1197,1096,0.998804,0.998804,0.00015,True,accepted_posterior,bayes-hmm-v1,true
cam0,1198,1097,0.9994,0.9994,0.000154,True,accepted_posterior,bayes-hmm-v1,true
cam0,1199,1098,0.999628,0.999628,9.9e-05,True,accepted_posterior,bayes-hmm-v1,true
cam0,1200,1099,0.999359,0.999359,9.6e-05,True,accepted_posterior,bayes-hmm-v1,true
cam0,1201,1100,0.999227,0.999227,0.000106,True,accepted_posterior,bayes-hmm-v1,true
cam0,1202,1102,0.999749,0.999749,0.000134,True,accepted_posterior,bayes-hmm-v1,true
cam0,1203,1103,0.999482,0.999482,0.00014,True,accepted_posterior,bayes-hmm-v1,true
cam0,1204,1104,0.999777,0.999777,8.7e-05,True,accepted_posterior,bayes-hmm-v1,true
cam0,1205,1105,0.999819,0.999819,8.2e-05,True,accepted_posterior,bayes-hmm-v1,true
cam0,1206,1106,0.999846,0.999846,7.2e-05,True,accepted_posterior,bayes-hmm-v1,true
cam0,1207,1107,0.999453,0.999453,0.0001,True,accepted_posterior,bayes-hmm-v1,true
cam0,1208,1108,0.999563,0.999563,0.000134,True,accepted_posterior,bayes-hmm-v1,true
cam0,1209,1109,0.999399,0.999399,0.000169,True,accepted_posterior,bayes-hmm-v1,true
cam0,1210,1110,0.999247,0.999247,0.000151,True,accepted_posterior,bayes-hmm-v1,true
cam0,1211,1111,0.999306,0.999306,0.000133,True,accepted_posterior,bayes-hmm-v1,true
cam0,1212,1112,0.999556,0.999556,0.000118,True,accepted_posterior,bayes-hmm-v1,true
cam0,1213,1113,0.999709,0.999709,0.000104,True,accepted_posterior,bayes-hmm-v1,true
cam0,1214,1114,0.999794,0.999794,0.000109,True,accepted_posterior,bayes-hmm-v1,true
cam0,1215,1115,0.999686,0.999686,0.000137,True,accepted_posterior,bayes-hmm-v1,true
cam0,1216,1116,0.999539,0.999539,0.000185,True,accepted_posterior,bayes-hmm-v1,true
cam0,1217,1117,0.998987,0.998987,0.000273,True,accepted_posterior,bayes-hmm-v1,true
cam0,1218,1119,0.999526,0.999526,0.00025,True,accepted_posterior,bayes-hmm-v1,true
cam0,1219,1120,0.999794,0.999794,0.000114,True,accepted_posterior,bayes-hmm-v1,true
cam0,1220,1121,0.999713,0.999713,0.000152,True,accepted_posterior,bayes-hmm-v1,true
cam0,1221,1122,0.999716,0.999716,0.000129,True,accepted_posterior,bayes-hmm-v1,true
cam0,1222,1123,0.999067,0.999067,0.000167,True,accepted_posterior,bayes-hmm-v1,true
cam0,1223,1124,0.998771,0.998771,0.000192,True,accepted_posterior,bayes-hmm-v1,true
cam0,1224,1125,0.998651,0.998651,0.000167,True,accepted_posterior,bayes-hmm-v1,true
cam0,1225,1126,0.999047,0.999047,0.000177,True,accepted_posterior,bayes-hmm-v1,true
cam0,1226,1127,0.998129,0.998129,0.000172,True,accepted_posterior,bayes-hmm-v1,true
cam0,1227,1128,0.997464,0.997464,0.000166,True,accepted_posterior,bayes-hmm-v1,true
cam0,1228,1129,0.997588,0.997588,0.000147,True,accepted_posterior,bayes-hmm-v1,true
cam0,1229,1130,0.99728,0.99728,0.000143,True,accepted_posterior,bayes-hmm-v1,true
cam0,1230,1131,0.996139,0.996139,0.000166,True,accepted_posterior,bayes-hmm-v1,true
cam0,1231,1132,0.995909,0.995909,0.00016,True,accepted_posterior,bayes-hmm-v1,true
cam0,1232,1133,0.996456,0.996456,0.000135,True,accepted_posterior,bayes-hmm-v1,true
cam0,1233,1134,0.997745,0.997745,0.000142,True,accepted_posterior,bayes-hmm-v1,true
cam0,1234,1135,0.998251,0.998251,0.00014,True,accepted_posterior,bayes-hmm-v1,true
cam0,1235,1136,0.998644,0.998644,0.000122,True,accepted_posterior,bayes-hmm-v1,true
cam0,1236,1137,0.998984,0.998984,9.1e-05,True,accepted_posterior,bayes-hmm-v1,true
cam0,1237,1138,0.999299,0.999299,7.1e-05,True,accepted_posterior,bayes-hmm-v1,true
cam0,1238,1139,0.999368,0.999368,0.000101,True,accepted_posterior,bayes-hmm-v1,true
cam0,1239,1140,0.99941,0.99941,9.6e-05,True,accepted_posterior,bayes-hmm-v1,true
cam0,1240,1141,0.999354,0.999354,0.000121,True,accepted_posterior,bayes-hmm-v1,true
cam0,1241,1142,0.998682,0.998682,0.000149,True,accepted_posterior,bayes-hmm-v1,true
cam0,1242,1143,0.997258,0.997258,0.000185,True,accepted_posterior,bayes-hmm-v1,true
cam0,1243,1144,0.996575,0.996575,0.000169,True,accepted_posterior,bayes-hmm-v1,true
cam0,1244,1145,0.996354,0.996354,0.00015,True,accepted_posterior,bayes-hmm-v1,true
cam0,1245,1146,0.997622,0.997622,0.00014,True,accepted_posterior,bayes-hmm-v1,true
cam0,1246,1147,0.998316,0.998316,0.000204,True,accepted_posterior,bayes-hmm-v1,true
cam0,1247,1148,0.998883,0.998883,0.000166,True,accepted_posterior,bayes-hmm-v1,true
cam0,1248,1149,0.998565,0.998565,0.000116,True,accepted_posterior,bayes-hmm-v1,true
cam0,1249,1150,0.995578,0.995578,0.000176,True,accepted_posterior,bayes-hmm-v1,true
cam0,1250,1151,0.993839,0.993839,0.000145,True,accepted_posterior,bayes-hmm-v1,true
cam0,1251,1152,0.995534,0.995534,0.000135,True,accepted_posterior,bayes-hmm-v1,true
cam0,1252,1153,0.997165,0.997165,0.000103,True,accepted_posterior,bayes-hmm-v1,true
cam0,1253,1154,0.998034,0.998034,9.7e-05,True,accepted_posterior,bayes-hmm-v1,true
cam0,1254,1155,0.998632,0.998632,0.000145,True,accepted_posterior,bayes-hmm-v1,true
cam0,1255,1156,0.998799,0.998799,0.00014,True,accepted_posterior,bayes-hmm-v1,true
cam0,1256,1157,0.998865,0.998865,0.000108,True,accepted_posterior,bayes-hmm-v1,true
cam0,1257,1158,0.998844,0.998844,0.000142,True,accepted_posterior,bayes-hmm-v1,true
cam0,1258,1159,0.998676,0.998676,0.000138,True,accepted_posterior,bayes-hmm-v1,true
cam0,1259,1160,0.997759,0.997759,0.000141,True,accepted_posterior,bayes-hmm-v1,true
cam0,1260,1161,0.997895,0.997895,0.000146,True,accepted_posterior,bayes-hmm-v1,true
cam0,1261,1162,0.998398,0.998398,0.000143,True,accepted_posterior,bayes-hmm-v1,true
cam0,1262,1163,0.998811,0.998811,0.000109,True,accepted_posterior,bayes-hmm-v1,true
cam0,1263,1164,0.999344,0.999344,9.1e-05,True,accepted_posterior,bayes-hmm-v1,true
cam0,1264,1165,0.999685,0.999685,8.5e-05,True,accepted_posterior,bayes-hmm-v1,true
cam0,1265,1166,0.999718,0.999718,0.000101,True,accepted_posterior,bayes-hmm-v1,true
cam0,1266,1167,0.999785,0.999785,8.9e-05,True,accepted_posterior,bayes-hmm-v1,true
cam0,1267,1168,0.999722,0.999722,9.5e-05,True,accepted_posterior,bayes-hmm-v1,true
cam0,1268,1169,0.999541,0.999541,0.000109,True,accepted_posterior,bayes-hmm-v1,true
cam0,1269,1170,0.999315,0.999315,0.000126,True,accepted_posterior,bayes-hmm-v1,true
cam0,1270,1171,0.998802,0.998802,0.000159,True,accepted_posterior,bayes-hmm-v1,true
cam0,1271,1172,0.998957,0.998957,0.000173,True,accepted_posterior,bayes-hmm-v1,true
cam0,1272,1173,0.998933,0.998933,0.000196,True,accepted_posterior,bayes-hmm-v1,true
cam0,1273,1174,0.999203,0.999203,0.000186,True,accepted_posterior,bayes-hmm-v1,true
cam0,1274,1175,0.99886,0.99886,0.00021,True,accepted_posterior,bayes-hmm-v1,true
cam0,1275,1175,0.992204,0.992204,0.000146,True,accepted_posterior,bayes-hmm-v1,true
cam0,1276,1176,0.99333,0.99333,0.000196,True,accepted_posterior,bayes-hmm-v1,true
cam0,1277,1177,0.994175,0.994175,0.000222,True,accepted_posterior,bayes-hmm-v1,true
cam0,1278,1178,0.994696,0.994696,0.000213,True,accepted_posterior,bayes-hmm-v1,true
cam0,1279,1179,0.995683,0.995683,0.000204,True,accepted_posterior,bayes-hmm-v1,true
cam0,1280,1180,0.997371,0.997371,0.000175,True,accepted_posterior,bayes-hmm-v1,true
cam0,1281,1181,0.99886,0.99886,0.000143,True,accepted_posterior,bayes-hmm-v1,true
cam0,1282,1182,0.999553,0.999553,0.000116,True,accepted_posterior,bayes-hmm-v1,true
cam0,1283,1183,0.999658,0.999658,0.000114,True,accepted_posterior,bayes-hmm-v1,true
cam0,1284,1184,0.999639,0.999639,0.000108,True,accepted_posterior,bayes-hmm-v1,true
cam0,1285,1185,0.999303,0.999303,0.000122,True,accepted_posterior,bayes-hmm-v1,true
cam0,1286,1186,0.999058,0.999058,0.00015,True,accepted_posterior,bayes-hmm-v1,true
cam0,1287,1187,0.998876,0.998876,0.000219,True,accepted_posterior,bayes-hmm-v1,true
cam0,1288,1188,0.998943,0.998943,0.000196,True,accepted_posterior,bayes-hmm-v1,true
cam0,1289,1189,0.99922,0.99922,0.000167,True,accepted_posterior,bayes-hmm-v1,true
cam0,1290,1190,0.999496,0.999496,0.00014,True,accepted_posterior,bayes-hmm-v1,true
cam0,1291,1191,0.999616,0.999616,0.000124,True,accepted_posterior,bayes-hmm-v1,true
cam0,1292,1192,0.999572,0.999572,0.0001,True,accepted_posterior,bayes-hmm-v1,true
cam0,1293,1193,0.999272,0.999272,0.000129,True,accepted_posterior,bayes-hmm-v1,true
cam0,1294,1194,0.999074,0.999074,0.000113,True,accepted_posterior,bayes-hmm-v1,true
cam0,1295,1195,0.998863,0.998863,0.000117,True,accepted_posterior,bayes-hmm-v1,true
cam0,1296,1196,0.999386,0.999386,0.000127,True,accepted_posterior,bayes-hmm-v1,true
cam0,1297,1197,0.999405,0.999405,0.000166,True,accepted_posterior,bayes-hmm-v1,true
cam0,1298,1198,0.999404,0.999404,0.000126,True,accepted_posterior,bayes-hmm-v1,true
cam0,1299,1199,0.999398,0.999398,0.000133,True,accepted_posterior,bayes-hmm-v1,true
cam0,1300,1200,0.999198,0.999198,0.000168,True,accepted_posterior,bayes-hmm-v1,true
cam0,1301,1201,0.998765,0.998765,0.000202,True,accepted_posterior,bayes-hmm-v1,true
cam0,1302,1202,0.998671,0.998671,0.000195,True,accepted_posterior,bayes-hmm-v1,true
cam0,1303,1203,0.998817,0.998817,0.00018,True,accepted_posterior,bayes-hmm-v1,true
cam0,1304,1204,0.998378,0.998378,0.000159,True,accepted_posterior,bayes-hmm-v1,true
cam0,1305,1205,0.998202,0.998202,0.000154,True,accepted_posterior,bayes-hmm-v1,true
cam0,1306,1206,0.998402,0.998402,0.000151,True,accepted_posterior,bayes-hmm-v1,true
cam0,1307,1207,0.998217,0.998217,0.000177,True,accepted_posterior,bayes-hmm-v1,true
cam0,1308,1208,0.998808,0.998808,0.000133,True,accepted_posterior,bayes-hmm-v1,true
cam0,1309,1209,0.999182,0.999182,0.000163,True,accepted_posterior,bayes-hmm-v1,true
cam0,1310,1210,0.998911,0.998911,0.000236,True,accepted_posterior,bayes-hmm-v1,true
cam0,1311,1211,0.998968,0.998968,0.000261,True,accepted_posterior,bayes-hmm-v1,true
cam0,1312,1212,0.998897,0.998897,0.000189,True,accepted_posterior,bayes-hmm-v1,true
cam0,1313,1213,0.999136,0.999136,0.000183,True,accepted_posterior,bayes-hmm-v1,true
cam0,1314,1214,0.99855,0.99855,0.000195,True,accepted_posterior,bayes-hmm-v1,true
cam0,1315,1215,0.997574,0.997574,0.000184,True,accepted_posterior,bayes-hmm-v1,true
cam0,1316,1216,0.99775,0.99775,0.000155,True,accepted_posterior,bayes-hmm-v1,true
cam0,1317,1217,0.998806,0.998806,9.3e-05,True,accepted_posterior,bayes-hmm-v1,true
cam0,1318,1217,0.999842,0.999842,0.000105,True,accepted_posterior,bayes-hmm-v1,true
cam0,1319,1219,0.999143,0.999143,0.000105,True,accepted_posterior,bayes-hmm-v1,true
cam0,1320,1219,0.999833,0.999833,8e-05,True,accepted_posterior,bayes-hmm-v1,true
cam0,1321,1220,0.999578,0.999578,0.000186,True,accepted_posterior,bayes-hmm-v1,true
cam0,1322,1221,0.999271,0.999271,0.000219,True,accepted_posterior,bayes-hmm-v1,true
cam0,1323,1222,0.999717,0.999717,0.000131,True,accepted_posterior,bayes-hmm-v1,true
cam0,1324,1223,0.999769,0.999769,0.000101,True,accepted_posterior,bayes-hmm-v1,true
cam0,1325,1224,0.999627,0.999627,0.000112,True,accepted_posterior,bayes-hmm-v1,true
cam0,1326,1225,0.99913,0.99913,0.000112,True,accepted_posterior,bayes-hmm-v1,true
cam0,1327,1226,0.998024,0.998024,0.000224,True,accepted_posterior,bayes-hmm-v1,true
cam0,1328,1227,0.998147,0.998147,0.000202,True,accepted_posterior,bayes-hmm-v1,true
cam0,1329,1228,0.99907,0.99907,0.000191,True,accepted_posterior,bayes-hmm-v1,true
cam0,1330,1229,0.999732,0.999732,9.5e-05,True,accepted_posterior,bayes-hmm-v1,true
cam0,1331,1230,0.999781,0.999781,9.2e-05,True,accepted_posterior,bayes-hmm-v1,true
cam0,1332,1231,0.999583,0.999583,0.000137,True,accepted_posterior,bayes-hmm-v1,true
cam0,1333,1232,0.999205,0.999205,0.00021,True,accepted_posterior,bayes-hmm-v1,true
cam0,1334,1233,0.999257,0.999257,0.000227,True,accepted_posterior,bayes-hmm-v1,true
cam0,1335,1234,0.999508,0.999508,0.000162,True,accepted_posterior,bayes-hmm-v1,true
cam0,1336,1235,0.999614,0.999614,0.000116,True,accepted_posterior,bayes-hmm-v1,true
cam0,1337,1236,0.999691,0.999691,0.000103,True,accepted_posterior,bayes-hmm-v1,true
cam0,1338,1237,0.999684,0.999684,0.000101,True,accepted_posterior,bayes-hmm-v1,true
cam0,1339,1238,0.999621,0.999621,0.000128,True,accepted_posterior,bayes-hmm-v1,true
cam0,1340,1239,0.99957,0.99957,0.000128,True,accepted_posterior,bayes-hmm-v1,true
cam0,1341,1240,0.999543,0.999543,0.000139,True,accepted_posterior,bayes-hmm-v1,true
cam0,1342,1241,0.998931,0.998931,0.000213,True,accepted_posterior,bayes-hmm-v1,true
cam0,1343,1242,0.995997,0.995997,0.000231,True,accepted_posterior,bayes-hmm-v1,true
cam0,1344,1243,0.995017,0.995017,0.00022,True,accepted_posterior,bayes-hmm-v1,true
cam0,1345,1244,0.993914,0.993914,0.000219,True,accepted_posterior,bayes-hmm-v1,true
cam0,1346,1245,0.994459,0.994459,0.000292,True,accepted_posterior,bayes-hmm-v1,true
cam0,1347,1246,0.996843,0.996843,0.000112,True,accepted_posterior,bayes-hmm-v1,true
cam0,1348,1247,0.999459,0.999459,6.1e-05,True,accepted_posterior,bayes-hmm-v1,true
cam0,1349,1248,0.999828,0.999828,7.8e-05,True,accepted_posterior,bayes-hmm-v1,true
cam0,1350,1249,0.999618,0.999618,0.000102,True,accepted_posterior,bayes-hmm-v1,true
cam0,1351,1250,0.999571,0.999571,9.2e-05,True,accepted_posterior,bayes-hmm-v1,true
cam0,1352,1250,0.999489,0.999489,0.000102,True,accepted_posterior,bayes-hmm-v1,true
cam0,1353,1251,0.999568,0.999568,0.000112,True,accepted_posterior,bayes-hmm-v1,true
cam0,1354,1252,0.999174,0.999174,0.000112,True,accepted_posterior,bayes-hmm-v1,true
cam0,1355,1253,0.997544,0.997544,0.000119,True,accepted_posterior,bayes-hmm-v1,true
cam0,1356,1254,0.99421,0.99421,0.000184,True,accepted_posterior,bayes-hmm-v1,true
cam0,1357,1255,0.991284,0.991284,0.000163,True,accepted_posterior,bayes-hmm-v1,true
cam0,1358,1256,0.990421,0.990421,0.000159,True,accepted_posterior,bayes-hmm-v1,true
cam0,1359,1257,0.989647,0.989647,9.7e-05,True,accepted_posterior,bayes-hmm-v1,true
cam0,1360,1258,0.987652,0.987652,8.7e-05,True,accepted_posterior,bayes-hmm-v1,true
cam0,1361,1259,0.974761,0.974761,0.000111,True,accepted_posterior,bayes-hmm-v1,true
cam0,1362,1261,0.996739,0.996739,0.000139,True,accepted_posterior,bayes-hmm-v1,true
cam0,1363,1262,0.992767,0.992767,0.000121,True,accepted_posterior,bayes-hmm-v1,true
cam0,1364,1262,0.956918,0.956918,0.000189,True,accepted_posterior,bayes-hmm-v1,true
cam0,1365,1264,0.975362,0.975362,0.000191,True,accepted_posterior,bayes-hmm-v1,true
cam0,1366,1264,0.864682,0.864682,0.00019,True,accepted_posterior,bayes-hmm-v1,true
cam0,1367,1265,0.802351,0.802351,0.000162,True,accepted_posterior,bayes-hmm-v1,true
cam0,1368,1266,0.755763,0.755763,0.000168,True,accepted_posterior,bayes-hmm-v1,true
cam0,1369,1267,0.656448,0.656448,0.000227,True,accepted_posterior,bayes-hmm-v1,true
cam0,1370,1268,0.617984,0.617984,0.000294,True,accepted_posterior,bayes-hmm-v1,true
cam0,1371,1269,0.577533,0.577533,0.000327,True,accepted_posterior,bayes-hmm-v1,true
cam0,1372,1270,0.54367,0.54367,0.000381,True,accepted_posterior,bayes-hmm-v1,true
cam0,1373,1275,0.553499,0.553499,0.000292,True,accepted_posterior,bayes-hmm-v1,true
cam0,1374,1275,0.728824,0.728824,0.000255,True,accepted_posterior,bayes-hmm-v1,true
cam0,1375,1276,0.769353,0.769353,0.000176,True,accepted_posterior,bayes-hmm-v1,true
cam0,1376,1276,0.947416,0.947416,0.000167,True,accepted_posterior,bayes-hmm-v1,true
cam0,1377,1276,0.994972,0.994972,0.000143,True,accepted_posterior,bayes-hmm-v1,true
cam0,1378,1276,0.987524,0.987524,8e-05,True,accepted_posterior,bayes-hmm-v1,true
cam0,1379,1277,0.987265,0.987265,0.000126,True,accepted_posterior,bayes-hmm-v1,true
cam0,1380,1278,0.990406,0.990406,0.000116,True,accepted_posterior,bayes-hmm-v1,true
cam0,1381,1278,0.960524,0.960524,0.000197,True,accepted_posterior,bayes-hmm-v1,true
cam0,1382,1279,0.973937,0.973937,0.000274,True,accepted_posterior,bayes-hmm-v1,true
cam0,1383,1280,0.989271,0.989271,0.000402,True,accepted_posterior,bayes-hmm-v1,true
cam0,1384,1281,0.99157,0.99157,0.000101,True,accepted_posterior,bayes-hmm-v1,true
cam0,1385,1282,0.990315,0.990315,5.9e-05,True,accepted_posterior,bayes-hmm-v1,true
cam0,1386,1283,0.979934,0.979934,0.00013,True,accepted_posterior,bayes-hmm-v1,true
cam0,1387,1284,0.959783,0.959783,0.000237,True,accepted_posterior,bayes-hmm-v1,true
cam0,1388,1285,0.94129,0.94129,0.000206,True,accepted_posterior,bayes-hmm-v1,true
cam0,1389,1287,0.989719,0.989719,0.000152,True,accepted_posterior,bayes-hmm-v1,true
cam0,1390,1288,0.995257,0.995257,0.000114,True,accepted_posterior,bayes-hmm-v1,true
cam0,1391,1289,0.996453,0.996453,9.7e-05,True,accepted_posterior,bayes-hmm-v1,true
cam0,1392,1290,0.997874,0.997874,8.4e-05,True,accepted_posterior,bayes-hmm-v1,true
cam0,1393,1291,0.9978,0.9978,0.0001,True,accepted_posterior,bayes-hmm-v1,true
cam0,1394,1292,0.998854,0.998854,0.000105,True,accepted_posterior,bayes-hmm-v1,true
cam0,1395,1293,0.997482,0.997482,8.9e-05,True,accepted_posterior,bayes-hmm-v1,true
cam0,1396,1294,0.996665,0.996665,7.5e-05,True,accepted_posterior,bayes-hmm-v1,true
cam0,1397,1295,0.996693,0.996693,9e-05,True,accepted_posterior,bayes-hmm-v1,true
cam0,1398,1296,0.996107,0.996107,0.000105,True,accepted_posterior,bayes-hmm-v1,true
cam0,1399,1297,0.996363,0.996363,0.000102,True,accepted_posterior,bayes-hmm-v1,true
cam0,1400,1298,0.995846,0.995846,0.000113,True,accepted_posterior,bayes-hmm-v1,true
cam0,1401,1299,0.995016,0.995016,0.000128,True,accepted_posterior,bayes-hmm-v1,true
cam0,1402,1301,0.994793,0.994793,0.000145,True,accepted_posterior,bayes-hmm-v1,true
cam0,1403,1302,0.994834,0.994834,0.000131,True,accepted_posterior,bayes-hmm-v1,true
cam0,1404,1303,0.994614,0.994614,0.000136,True,accepted_posterior,bayes-hmm-v1,true
cam0,1405,1304,0.994606,0.994606,0.000158,True,accepted_posterior,bayes-hmm-v1,true
cam0,1406,1305,0.996315,0.996315,0.00015,True,accepted_posterior,bayes-hmm-v1,true
cam0,1407,1306,0.996589,0.996589,0.000145,True,accepted_posterior,bayes-hmm-v1,true
cam0,1408,1307,0.996288,0.996288,0.000151,True,accepted_posterior,bayes-hmm-v1,true
cam0,1409,1308,0.995801,0.995801,0.000154,True,accepted_posterior,bayes-hmm-v1,true
cam0,1410,1309,0.994647,0.994647,0.000171,True,accepted_posterior,bayes-hmm-v1,true
cam0,1411,1310,0.990906,0.990906,0.000239,True,accepted_posterior,bayes-hmm-v1,true
cam0,1412,1311,0.981482,0.981482,0.000237,True,accepted_posterior,bayes-hmm-v1,true
cam0,1413,1312,0.983292,0.983292,0.000274,True,accepted_posterior,bayes-hmm-v1,true
cam0,1414,1314,0.978019,0.978019,0.00026,True,accepted_posterior,bayes-hmm-v1,true
cam0,1415,1314,0.975874,0.975874,0.000277,True,accepted_posterior,bayes-hmm-v1,true
cam0,1416,1316,0.983524,0.983524,0.000282,True,accepted_posterior,bayes-hmm-v1,true
cam0,1417,1317,0.977337,0.977337,0.000429,True,accepted_posterior,bayes-hmm-v1,true
cam0,1418,1318,0.982838,0.982838,0.000416,True,accepted_posterior,bayes-hmm-v1,true
cam0,1419,1319,0.985546,0.985546,0.000378,True,accepted_posterior,bayes-hmm-v1,true
cam0,1420,1320,0.989566,0.989566,0.000411,True,accepted_posterior,bayes-hmm-v1,true
cam0,1421,1321,0.989037,0.989037,0.00036,True,accepted_posterior,bayes-hmm-v1,true
cam0,1422,1322,0.988848,0.988848,0.000312,True,accepted_posterior,bayes-hmm-v1,true
cam0,1423,1323,0.988933,0.988933,0.000329,True,accepted_posterior,bayes-hmm-v1,true
cam0,1424,1324,0.988926,0.988926,0.000337,True,accepted_posterior,bayes-hmm-v1,true
cam0,1425,1325,0.988794,0.988794,0.000298,True,accepted_posterior,bayes-hmm-v1,true
cam0,1426,1326,0.990569,0.990569,0.000311,True,accepted_posterior,bayes-hmm-v1,true
cam0,1427,1327,0.990424,0.990424,0.00031,True,accepted_posterior,bayes-hmm-v1,true
cam0,1428,1328,0.988943,0.988943,0.000296,True,accepted_posterior,bayes-hmm-v1,true
cam0,1429,1329,0.986059,0.986059,0.000296,True,accepted_posterior,bayes-hmm-v1,true
cam0,1430,1330,0.985667,0.985667,0.000315,True,accepted_posterior,bayes-hmm-v1,true
cam0,1431,1331,0.983847,0.983847,0.000322,True,accepted_posterior,bayes-hmm-v1,true
cam0,1432,1332,0.984392,0.984392,0.000294,True,accepted_posterior,bayes-hmm-v1,true
cam0,1433,1333,0.986577,0.986577,0.000295,True,accepted_posterior,bayes-hmm-v1,true
cam0,1434,1334,0.98736,0.98736,0.000329,True,accepted_posterior,bayes-hmm-v1,true
cam0,1435,1335,0.985844,0.985844,0.000352,True,accepted_posterior,bayes-hmm-v1,true
cam0,1436,1336,0.98706,0.98706,0.000351,True,accepted_posterior,bayes-hmm-v1,true
cam0,1437,1337,0.986915,0.986915,0.000337,True,accepted_posterior,bayes-hmm-v1,true
cam0,1438,1338,0.991056,0.991056,0.000313,True,accepted_posterior,bayes-hmm-v1,true
cam0,1439,1339,0.991865,0.991865,0.000232,True,accepted_posterior,bayes-hmm-v1,true
cam0,1440,1340,0.994928,0.994928,0.000208,True,accepted_posterior,bayes-hmm-v1,true
cam0,1441,1341,0.994854,0.994854,0.00022,True,accepted_posterior,bayes-hmm-v1,true
cam0,1442,1342,0.995425,0.995425,0.000187,True,accepted_posterior,bayes-hmm-v1,true
cam0,1443,1343,0.995755,0.995755,0.000148,True,accepted_posterior,bayes-hmm-v1,true
cam0,1444,1344,0.996713,0.996713,0.000142,True,accepted_posterior,bayes-hmm-v1,true
cam0,1445,1345,0.995145,0.995145,0.000124,True,accepted_posterior,bayes-hmm-v1,true
cam0,1446,1346,0.996529,0.996529,0.000109,True,accepted_posterior,bayes-hmm-v1,true
cam0,1447,1347,0.997197,0.997197,7.1e-05,True,accepted_posterior,bayes-hmm-v1,true
cam0,1448,1348,0.997492,0.997492,9.6e-05,True,accepted_posterior,bayes-hmm-v1,true
cam0,1449,1349,0.997004,0.997004,0.000108,True,accepted_posterior,bayes-hmm-v1,true
cam0,1450,1350,0.996304,0.996304,0.000138,True,accepted_posterior,bayes-hmm-v1,true
cam0,1451,1351,0.997817,0.997817,0.000191,True,accepted_posterior,bayes-hmm-v1,true
cam0,1452,1352,0.997029,0.997029,0.000181,True,accepted_posterior,bayes-hmm-v1,true
cam0,1453,1353,0.995926,0.995926,0.000189,True,accepted_posterior,bayes-hmm-v1,true
cam0,1454,1354,0.994169,0.994169,0.000287,True,accepted_posterior,bayes-hmm-v1,true
cam0,1455,1355,0.993994,0.993994,0.000268,True,accepted_posterior,bayes-hmm-v1,true
cam0,1456,1356,0.996371,0.996371,0.000177,True,accepted_posterior,bayes-hmm-v1,true
cam0,1457,1357,0.997568,0.997568,0.000141,True,accepted_posterior,bayes-hmm-v1,true
cam0,1458,1358,0.998349,0.998349,0.000159,True,accepted_posterior,bayes-hmm-v1,true
cam0,1459,1359,0.998136,0.998136,0.000139,True,accepted_posterior,bayes-hmm-v1,true
cam0,1460,1360,0.997399,0.997399,0.000124,True,accepted_posterior,bayes-hmm-v1,true
cam0,1461,1361,0.995594,0.995594,0.000138,True,accepted_posterior,bayes-hmm-v1,true
cam0,1462,1362,0.991607,0.991607,0.00019,True,accepted_posterior,bayes-hmm-v1,true
cam0,1463,1363,0.985503,0.985503,0.000217,True,accepted_posterior,bayes-hmm-v1,true
cam0,1464,1364,0.982792,0.982792,0.000252,True,accepted_posterior,bayes-hmm-v1,true
cam0,1465,1365,0.977487,0.977487,0.00029,True,accepted_posterior,bayes-hmm-v1,true
cam0,1466,1366,0.97115,0.97115,0.000326,True,accepted_posterior,bayes-hmm-v1,true
cam0,1467,1367,0.973409,0.973409,0.000302,True,accepted_posterior,bayes-hmm-v1,true
cam0,1468,1369,0.980821,0.980821,0.000296,True,accepted_posterior,bayes-hmm-v1,true
cam0,1469,1370,0.985988,0.985988,0.000313,True,accepted_posterior,bayes-hmm-v1,true
cam0,1470,1371,0.992992,0.992992,0.000179,True,accepted_posterior,bayes-hmm-v1,true
cam0,1471,1372,0.997077,0.997077,0.000146,True,accepted_posterior,bayes-hmm-v1,true
cam0,1472,1373,0.998227,0.998227,0.000115,True,accepted_posterior,bayes-hmm-v1,true
cam0,1473,1374,0.998957,0.998957,0.000122,True,accepted_posterior,bayes-hmm-v1,true
cam0,1474,1375,0.999077,0.999077,9.8e-05,True,accepted_posterior,bayes-hmm-v1,true
cam0,1475,1376,0.998879,0.998879,0.00013,True,accepted_posterior,bayes-hmm-v1,true
cam0,1476,1377,0.998907,0.998907,0.000118,True,accepted_posterior,bayes-hmm-v1,true
cam0,1477,1378,0.999301,0.999301,0.000102,True,accepted_posterior,bayes-hmm-v1,true
cam0,1478,1379,0.999628,0.999628,8.6e-05,True,accepted_posterior,bayes-hmm-v1,true
cam0,1479,1380,0.999755,0.999755,6.1e-05,True,accepted_posterior,bayes-hmm-v1,true
cam0,1480,1381,0.999608,0.999608,8.3e-05,True,accepted_posterior,bayes-hmm-v1,true
cam0,1481,1382,0.99928,0.99928,0.000119,True,accepted_posterior,bayes-hmm-v1,true
cam0,1482,1383,0.998754,0.998754,0.000167,True,accepted_posterior,bayes-hmm-v1,true
cam0,1483,1384,0.998813,0.998813,0.000252,True,accepted_posterior,bayes-hmm-v1,true
cam0,1484,1385,0.998711,0.998711,0.000204,True,accepted_posterior,bayes-hmm-v1,true
cam0,1485,1386,0.99883,0.99883,0.000166,True,accepted_posterior,bayes-hmm-v1,true
cam0,1486,1387,0.999206,0.999206,0.000131,True,accepted_posterior,bayes-hmm-v1,true
cam0,1487,1388,0.999554,0.999554,0.000126,True,accepted_posterior,bayes-hmm-v1,true
cam0,1488,1389,0.999672,0.999672,0.000122,True,accepted_posterior,bayes-hmm-v1,true
cam0,1489,1390,0.999725,0.999725,8.8e-05,True,accepted_posterior,bayes-hmm-v1,true
cam0,1490,1391,0.998799,0.998799,0.0001,True,accepted_posterior,bayes-hmm-v1,true
cam0,1491,1392,0.994679,0.994679,0.0001,True,accepted_posterior,bayes-hmm-v1,true
cam0,1492,1393,0.987418,0.987418,0.000145,True,accepted_posterior,bayes-hmm-v1,true
cam0,1493,1394,0.986564,0.986564,0.000233,True,accepted_posterior,bayes-hmm-v1,true
cam0,1494,1396,0.997056,0.997056,0.000183,True,accepted_posterior,bayes-hmm-v1,true
cam0,1495,1397,0.998151,0.998151,0.000151,True,accepted_posterior,bayes-hmm-v1,true
cam0,1496,1398,0.99851,0.99851,0.000119,True,accepted_posterior,bayes-hmm-v1,true
cam0,1497,1399,0.996719,0.996719,0.000164,True,accepted_posterior,bayes-hmm-v1,true
cam0,1498,1400,0.993301,0.993301,0.000184,True,accepted_posterior,bayes-hmm-v1,true
cam0,1499,1402,0.997072,0.997072,0.000214,True,accepted_posterior,bayes-hmm-v1,true
cam0,1500,1403,0.996384,0.996384,0.000166,True,accepted_posterior,bayes-hmm-v1,true
cam0,1501,1404,0.998358,0.998358,0.000213,True,accepted_posterior,bayes-hmm-v1,true
cam0,1502,1405,0.999095,0.999095,0.000194,True,accepted_posterior,bayes-hmm-v1,true
cam0,1503,1406,0.999667,0.999667,0.000111,True,accepted_posterior,bayes-hmm-v1,true
cam0,1504,1407,0.999842,0.999842,5e-05,True,accepted_posterior,bayes-hmm-v1,true
cam0,1505,1408,0.999666,0.999666,7.1e-05,True,accepted_posterior,bayes-hmm-v1,true
cam0,1506,1409,0.997343,0.997343,0.000115,True,accepted_posterior,bayes-hmm-v1,true
cam0,1507,1410,0.99651,0.99651,0.000147,True,accepted_posterior,bayes-hmm-v1,true
cam0,1508,1412,0.999549,0.999549,0.000134,True,accepted_posterior,bayes-hmm-v1,true
cam0,1509,1413,0.999073,0.999073,0.00016,True,accepted_posterior,bayes-hmm-v1,true
cam0,1510,1414,0.999129,0.999129,0.000182,True,accepted_posterior,bayes-hmm-v1,true
cam0,1511,1415,0.998412,0.998412,6.9e-05,True,accepted_posterior,bayes-hmm-v1,true
cam0,1512,1416,0.999164,0.999164,6e-05,True,accepted_posterior,bayes-hmm-v1,true
cam0,1513,1417,0.998997,0.998997,6.8e-05,True,accepted_posterior,bayes-hmm-v1,true
cam0,1514,1418,0.997733,0.997733,6.3e-05,True,accepted_posterior,bayes-hmm-v1,true
cam0,1515,1419,0.982064,0.982064,7.8e-05,True,accepted_posterior,bayes-hmm-v1,true
cam0,1516,1421,0.986369,0.986369,0.000104,True,accepted_posterior,bayes-hmm-v1,true
cam0,1517,1422,0.975071,0.975071,0.000106,True,accepted_posterior,bayes-hmm-v1,true
cam0,1518,1424,0.997811,0.997811,7.7e-05,True,accepted_posterior,bayes-hmm-v1,true
cam0,1519,1425,0.999639,0.999639,0.000114,True,accepted_posterior,bayes-hmm-v1,true
cam0,1520,1426,0.999533,0.999533,5.4e-05,True,accepted_posterior,bayes-hmm-v1,true
cam0,1521,1427,0.999151,0.999151,6.9e-05,True,accepted_posterior,bayes-hmm-v1,true
cam0,1522,1428,0.998696,0.998696,0.000152,True,accepted_posterior,bayes-hmm-v1,true
cam0,1523,1429,0.998372,0.998372,0.000151,True,accepted_posterior,bayes-hmm-v1,true
cam0,1524,1430,0.996366,0.996366,0.000154,True,accepted_posterior,bayes-hmm-v1,true
cam0,1525,1431,0.993727,0.993727,0.00016,True,accepted_posterior,bayes-hmm-v1,true
cam0,1526,1433,0.995483,0.995483,0.000157,True,accepted_posterior,bayes-hmm-v1,true
cam0,1527,1434,0.995075,0.995075,0.000195,True,accepted_posterior,bayes-hmm-v1,true
cam0,1528,1435,0.997392,0.997392,0.000166,True,accepted_posterior,bayes-hmm-v1,true
cam0,1529,1436,0.998091,0.998091,0.000137,True,accepted_posterior,bayes-hmm-v1,true
cam0,1530,1438,0.996917,0.996917,0.000144,True,accepted_posterior,bayes-hmm-v1,true
cam0,1531,1439,0.998437,0.998437,0.000119,True,accepted_posterior,bayes-hmm-v1,true
cam0,1532,1440,0.998931,0.998931,9.4e-05,True,accepted_posterior,bayes-hmm-v1,true
cam0,1533,1441,0.998293,0.998293,0.00012,True,accepted_posterior,bayes-hmm-v1,true
cam0,1534,1442,0.998374,0.998374,0.000148,True,accepted_posterior,bayes-hmm-v1,true
cam0,1535,1443,0.998709,0.998709,0.000133,True,accepted_posterior,bayes-hmm-v1,true
cam0,1536,1445,0.992958,0.992958,0.000139,True,accepted_posterior,bayes-hmm-v1,true
cam0,1537,1446,0.998103,0.998103,0.000128,True,accepted_posterior,bayes-hmm-v1,true
cam0,1538,1447,0.999278,0.999278,8.6e-05,True,accepted_posterior,bayes-hmm-v1,true
cam0,1539,1448,0.999458,0.999458,9.8e-05,True,accepted_posterior,bayes-hmm-v1,true
cam0,1540,1449,0.999277,0.999277,0.0001,True,accepted_posterior,bayes-hmm-v1,true
cam0,1541,1450,0.999152,0.999152,0.0001,True,accepted_posterior,bayes-hmm-v1,true
cam0,1542,1452,0.998788,0.998788,0.000135,True,accepted_posterior,bayes-hmm-v1,true
cam0,1543,1453,0.998163,0.998163,0.0001,True,accepted_posterior,bayes-hmm-v1,true
cam0,1544,1454,0.999225,0.999225,0.000126,True,accepted_posterior,bayes-hmm-v1,true
cam0,1545,1455,0.999103,0.999103,0.000136,True,accepted_posterior,bayes-hmm-v1,true
cam0,1546,1457,0.996024,0.996024,0.000123,True,accepted_posterior,bayes-hmm-v1,true
cam0,1547,1458,0.999107,0.999107,4.5e-05,True,accepted_posterior,bayes-hmm-v1,true
cam0,1548,1459,0.999545,0.999545,4.8e-05,True,accepted_posterior,bayes-hmm-v1,true
cam0,1549,1460,0.999767,0.999767,6.3e-05,True,accepted_posterior,bayes-hmm-v1,true
cam0,1550,1461,0.999442,0.999442,0.00024,True,accepted_posterior,bayes-hmm-v1,true
cam0,1551,1462,0.997879,0.997879,0.000253,True,accepted_posterior,bayes-hmm-v1,true
cam0,1552,1463,0.9985,0.9985,0.000143,True,accepted_posterior,bayes-hmm-v1,true
cam0,1553,1465,0.999628,0.999628,0.000124,True,accepted_posterior,bayes-hmm-v1,true
cam0,1554,1466,0.999012,0.999012,0.000249,True,accepted_posterior,bayes-hmm-v1,true
cam0,1555,1467,0.99829,0.99829,0.000216,True,accepted_posterior,bayes-hmm-v1,true
cam0,1556,1469,0.984982,0.984982,0.000206,True,accepted_posterior,bayes-hmm-v1,true
cam0,1557,1470,0.994114,0.994114,0.000166,True,accepted_posterior,bayes-hmm-v1,true
cam0,1558,1471,0.997203,0.997203,0.000142,True,accepted_posterior,bayes-hmm-v1,true
cam0,1559,1472,0.998729,0.998729,0.00015,True,accepted_posterior,bayes-hmm-v1,true
cam0,1560,1474,0.998818,0.998818,0.000182,True,accepted_posterior,bayes-hmm-v1,true
cam0,1561,1475,0.99858,0.99858,0.000215,True,accepted_posterior,bayes-hmm-v1,true
cam0,1562,1476,0.999132,0.999132,0.000202,True,accepted_posterior,bayes-hmm-v1,true
cam0,1563,1477,0.999349,0.999349,0.000132,True,accepted_posterior,bayes-hmm-v1,true
cam0,1564,1478,0.999148,0.999148,0.000148,True,accepted_posterior,bayes-hmm-v1,true
cam0,1565,1479,0.998697,0.998697,0.000117,True,accepted_posterior,bayes-hmm-v1,true
cam0,1566,1480,0.99542,0.99542,0.000171,True,accepted_posterior,bayes-hmm-v1,true
cam0,1567,1481,0.978455,0.978455,0.000426,True,accepted_posterior,bayes-hmm-v1,true
cam0,1568,1482,0.970905,0.970905,0.000308,True,accepted_posterior,bayes-hmm-v1,true
cam0,1569,1483,0.978761,0.978761,0.000251,True,accepted_posterior,bayes-hmm-v1,true
cam0,1570,1486,0.963977,0.963977,0.000289,True,accepted_posterior,bayes-hmm-v1,true
cam0,1571,1487,0.964012,0.964012,0.000207,True,accepted_posterior,bayes-hmm-v1,true
cam0,1572,1487,0.989454,0.989454,0.000168,True,accepted_posterior,bayes-hmm-v1,true
cam0,1573,1488,0.985379,0.985379,0.000168,True,accepted_posterior,bayes-hmm-v1,true
cam0,1574,1489,0.972363,0.972363,0.000152,True,accepted_posterior,bayes-hmm-v1,true
cam0,1575,1491,0.999187,0.999187,0.000173,True,accepted_posterior,bayes-hmm-v1,true
cam0,1576,1492,0.99919,0.99919,0.000141,True,accepted_posterior,bayes-hmm-v1,true
cam0,1577,1493,0.998921,0.998921,0.000145,True,accepted_posterior,bayes-hmm-v1,true
cam0,1578,1494,0.999082,0.999082,0.000152,True,accepted_posterior,bayes-hmm-v1,true
cam0,1579,1495,0.998181,0.998181,0.000157,True,accepted_posterior,bayes-hmm-v1,true
cam0,1580,1496,0.996497,0.996497,0.000223,True,accepted_posterior,bayes-hmm-v1,true
cam0,1581,1498,0.978554,0.978554,0.000322,True,accepted_posterior,bayes-hmm-v1,true
cam0,1582,1499,0.983017,0.983017,0.000383,True,accepted_posterior,bayes-hmm-v1,true
cam0,1583,1500,0.947302,0.947302,0.000559,True,accepted_posterior,bayes-hmm-v1,true
cam0,1584,1501,0.866003,0.866003,0.000793,True,accepted_posterior,bayes-hmm-v1,true
cam0,1585,1502,0.752131,0.752131,0.000957,True,accepted_posterior,bayes-hmm-v1,true
cam0,1586,1504,0.806334,0.806334,0.000691,True,accepted_posterior,bayes-hmm-v1,true
cam0,1587,1505,0.709327,0.709327,0.000932,True,accepted_posterior,bayes-hmm-v1,true
cam0,1588,1506,0.634883,0.634883,0.00145,True,accepted_posterior,bayes-hmm-v1,true
cam0,1589,1507,0.584979,0.584979,0.001748,True,accepted_posterior,bayes-hmm-v1,true
cam0,1590,1508,0.583399,0.583399,0.001424,True,accepted_posterior,bayes-hmm-v1,true
cam0,1591,1510,0.637331,0.637331,0.001198,True,accepted_posterior,bayes-hmm-v1,true
cam0,1592,1510,0.484697,0.484697,0.001287,True,accepted_posterior,bayes-hmm-v1,true
cam0,1593,1514,0.71517,0.71517,0.001056,True,accepted_posterior,bayes-hmm-v1,true
cam0,1594,1515,0.794035,0.794035,0.000908,True,accepted_posterior,bayes-hmm-v1,true
cam0,1595,1516,0.860299,0.860299,0.000655,True,accepted_posterior,bayes-hmm-v1,true
cam0,1596,1516,0.908883,0.908883,0.00051,True,accepted_posterior,bayes-hmm-v1,true
cam0,1597,1517,0.931171,0.931171,0.000679,True,accepted_posterior,bayes-hmm-v1,true
cam0,1598,1518,0.942788,0.942788,0.000541,True,accepted_posterior,bayes-hmm-v1,true
cam0,1599,1518,0.966056,0.966056,0.000393,True,accepted_posterior,bayes-hmm-v1,true
cam0,1600,1519,0.961674,0.961674,0.000289,True,accepted_posterior,bayes-hmm-v1,true
cam0,1601,1520,0.961336,0.961336,0.00053,True,accepted_posterior,bayes-hmm-v1,true
cam0,1602,1520,0.914973,0.914973,0.000668,True,accepted_posterior,bayes-hmm-v1,true
cam0,1603,1522,0.96575,0.96575,0.000547,True,accepted_posterior,bayes-hmm-v1,true
cam0,1604,1523,0.962078,0.962078,0.000312,True,accepted_posterior,bayes-hmm-v1,true
cam0,1605,1523,0.953217,0.953217,0.000238,True,accepted_posterior,bayes-hmm-v1,true
cam0,1606,1525,0.944235,0.944235,0.000238,True,accepted_posterior,bayes-hmm-v1,true
cam0,1607,1525,0.986674,0.986674,0.000161,True,accepted_posterior,bayes-hmm-v1,true
cam0,1608,1527,0.921593,0.921593,0.000124,True,accepted_posterior,bayes-hmm-v1,true
cam0,1609,1528,0.910824,0.910824,0.000153,True,accepted_posterior,bayes-hmm-v1,true
cam0,1610,1528,0.981593,0.981593,0.000142,True,accepted_posterior,bayes-hmm-v1,true
cam0,1611,1529,0.982578,0.982578,0.000156,True,accepted_posterior,bayes-hmm-v1,true
cam0,1612,1530,0.97009,0.97009,0.000369,True,accepted_posterior,bayes-hmm-v1,true
cam0,1613,1531,0.865273,0.865273,0.001108,True,accepted_posterior,bayes-hmm-v1,true
cam0,1614,1532,0.716239,0.716239,0.002244,True,accepted_posterior,bayes-hmm-v1,true
cam0,1615,1536,0.570805,0.570805,0.002971,True,accepted_posterior,bayes-hmm-v1,true
cam0,1616,1538,0.675707,0.675707,0.002118,True,accepted_posterior,bayes-hmm-v1,true
cam0,1617,1540,0.816842,0.816842,0.000952,True,accepted_posterior,bayes-hmm-v1,true
cam0,1618,1541,0.877239,0.877239,0.000394,True,accepted_posterior,bayes-hmm-v1,true
cam0,1619,1542,0.9048,0.9048,0.000264,True,accepted_posterior,bayes-hmm-v1,true
cam0,1620,1543,0.901644,0.901644,0.000232,True,accepted_posterior,bayes-hmm-v1,true
cam0,1621,1545,0.947621,0.947621,0.000191,True,accepted_posterior,bayes-hmm-v1,true
cam0,1622,1546,0.9606,0.9606,0.000173,True,accepted_posterior,bayes-hmm-v1,true
cam0,1623,1547,0.973189,0.973189,0.000131,True,accepted_posterior,bayes-hmm-v1,true
cam0,1624,1548,0.976321,0.976321,0.000118,True,accepted_posterior,bayes-hmm-v1,true
cam0,1625,1549,0.974247,0.974247,0.000115,True,accepted_posterior,bayes-hmm-v1,true
cam0,1626,1550,0.969369,0.969369,0.000149,True,accepted_posterior,bayes-hmm-v1,true
cam0,1627,1550,0.952002,0.952002,0.000259,True,accepted_posterior,bayes-hmm-v1,true
cam0,1628,1551,0.958651,0.958651,0.000227,True,accepted_posterior,bayes-hmm-v1,true
cam0,1629,1552,0.962215,0.962215,0.000209,True,accepted_posterior,bayes-hmm-v1,true
cam0,1630,1552,0.94618,0.94618,0.000151,True,accepted_posterior,bayes-hmm-v1,true
cam0,1631,1553,0.954331,0.954331,0.000136,True,accepted_posterior,bayes-hmm-v1,true
cam0,1632,1553,0.907376,0.907376,0.00015,True,accepted_posterior,bayes-hmm-v1,true
cam0,1633,1554,0.902161,0.902161,0.000174,True,accepted_posterior,bayes-hmm-v1,true
cam0,1634,1555,0.916228,0.916228,0.000251,True,accepted_posterior,bayes-hmm-v1,true
cam0,1635,1555,0.827588,0.827588,0.000214,True,accepted_posterior,bayes-hmm-v1,true
cam0,1636,1557,0.86088,0.86088,0.00032,True,accepted_posterior,bayes-hmm-v1,true
cam0,1637,1557,0.676351,0.676351,0.000295,True,accepted_posterior,bayes-hmm-v1,true
cam0,1638,1561,0.746573,0.746573,0.000352,True,accepted_posterior,bayes-hmm-v1,true
cam0,1639,1562,0.871459,0.871459,0.000301,True,accepted_posterior,bayes-hmm-v1,true
cam0,1640,1563,0.963195,0.963195,0.000169,True,accepted_posterior,bayes-hmm-v1,true
cam0,1641,1564,0.981485,0.981485,9.8e-05,True,accepted_posterior,bayes-hmm-v1,true
cam0,1642,1565,0.990906,0.990906,7.5e-05,True,accepted_posterior,bayes-hmm-v1,true
cam0,1643,1566,0.995015,0.995015,0.000101,True,accepted_posterior,bayes-hmm-v1,true
cam0,1644,1567,0.991459,0.991459,0.000126,True,accepted_posterior,bayes-hmm-v1,true
cam0,1645,1568,0.984365,0.984365,0.000179,True,accepted_posterior,bayes-hmm-v1,true
cam0,1646,1569,0.984064,0.984064,0.000107,True,accepted_posterior,bayes-hmm-v1,true
cam0,1647,1571,0.949059,0.949059,0.000126,True,accepted_posterior,bayes-hmm-v1,true
cam0,1648,1572,0.933743,0.933743,0.000125,True,accepted_posterior,bayes-hmm-v1,true
cam0,1649,1573,0.946479,0.946479,0.000128,True,accepted_posterior,bayes-hmm-v1,true
cam0,1650,1573,0.980258,0.980258,0.000117,True,accepted_posterior,bayes-hmm-v1,true
cam0,1651,1574,0.94774,0.94774,0.000168,True,accepted_posterior,bayes-hmm-v1,true
cam0,1652,1575,0.861351,0.861351,0.000249,True,accepted_posterior,bayes-hmm-v1,true
cam0,1653,1578,0.781175,0.781175,0.000244,True,accepted_posterior,bayes-hmm-v1,true
cam0,1654,1578,0.934349,0.934349,0.000147,True,accepted_posterior,bayes-hmm-v1,true
cam0,1655,1579,0.958039,0.958039,0.000122,True,accepted_posterior,bayes-hmm-v1,true
cam0,1656,1580,0.982475,0.982475,9.8e-05,True,accepted_posterior,bayes-hmm-v1,true
cam0,1657,1580,0.99055,0.99055,0.000124,True,accepted_posterior,bayes-hmm-v1,true
cam0,1658,1582,0.982182,0.982182,0.000157,True,accepted_posterior,bayes-hmm-v1,true
cam0,1659,1583,0.959272,0.959272,0.000319,True,accepted_posterior,bayes-hmm-v1,true
cam0,1660,1584,0.970409,0.970409,0.000386,True,accepted_posterior,bayes-hmm-v1,true
cam0,1661,1586,0.92461,0.92461,0.000401,True,accepted_posterior,bayes-hmm-v1,true
cam0,1662,1587,0.929731,0.929731,0.00043,True,accepted_posterior,bayes-hmm-v1,true
cam0,1663,1588,0.946779,0.946779,0.000402,True,accepted_posterior,bayes-hmm-v1,true
cam0,1664,1590,0.979923,0.979923,0.000415,True,accepted_posterior,bayes-hmm-v1,true
cam0,1665,1592,0.95137,0.95137,0.000205,True,accepted_posterior,bayes-hmm-v1,true
cam0,1666,1592,0.950597,0.950597,0.000205,True,accepted_posterior,bayes-hmm-v1,true
cam0,1667,1593,0.78457,0.78457,0.000338,True,accepted_posterior,bayes-hmm-v1,true
cam0,1668,1596,0.915553,0.915553,0.000261,True,accepted_posterior,bayes-hmm-v1,true
cam0,1669,1597,0.961172,0.961172,0.000137,True,accepted_posterior,bayes-hmm-v1,true
cam0,1670,1598,0.983453,0.983453,0.000135,True,accepted_posterior,bayes-hmm-v1,true
cam0,1671,1599,0.976564,0.976564,0.000137,True,accepted_posterior,bayes-hmm-v1,true
cam0,1672,1600,0.978557,0.978557,0.000145,True,accepted_posterior,bayes-hmm-v1,true
cam0,1673,1601,0.971331,0.971331,0.000163,True,accepted_posterior,bayes-hmm-v1,true
cam0,1674,1602,0.936252,0.936252,0.0002,True,accepted_posterior,bayes-hmm-v1,true
cam0,1675,1603,0.909095,0.909095,0.000232,True,accepted_posterior,bayes-hmm-v1,true
cam0,1676,1604,0.856718,0.856718,0.000259,True,accepted_posterior,bayes-hmm-v1,true
cam0,1677,1605,0.74776,0.74776,0.000289,True,accepted_posterior,bayes-hmm-v1,true
cam0,1678,1608,0.809171,0.809171,0.000262,True,accepted_posterior,bayes-hmm-v1,true
cam0,1679,1609,0.85418,0.85418,0.000192,True,accepted_posterior,bayes-hmm-v1,true
cam0,1680,1611,0.850075,0.850075,0.00019,True,accepted_posterior,bayes-hmm-v1,true
cam0,1681,1611,0.841927,0.841927,0.000235,True,accepted_posterior,bayes-hmm-v1,true
cam0,1682,1614,0.821486,0.821486,0.000256,True,accepted_posterior,bayes-hmm-v1,true
cam0,1683,1614,0.935343,0.935343,0.000284,True,accepted_posterior,bayes-hmm-v1,true
cam0,1684,1616,0.94665,0.94665,0.000175,True,accepted_posterior,bayes-hmm-v1,true
cam0,1685,1617,0.967415,0.967415,0.000135,True,accepted_posterior,bayes-hmm-v1,true
cam0,1686,1618,0.978522,0.978522,0.000122,True,accepted_posterior,bayes-hmm-v1,true
cam0,1687,1618,0.973098,0.973098,0.000144,True,accepted_posterior,bayes-hmm-v1,true
cam0,1688,1619,0.980387,0.980387,0.00019,True,accepted_posterior,bayes-hmm-v1,true
cam0,1689,1621,0.959931,0.959931,0.00021,True,accepted_posterior,bayes-hmm-v1,true
cam0,1690,1621,0.97704,0.97704,0.000223,True,accepted_posterior,bayes-hmm-v1,true
cam0,1691,1622,0.967956,0.967956,0.000254,True,accepted_posterior,bayes-hmm-v1,true
cam0,1692,1623,0.946771,0.946771,0.000387,True,accepted_posterior,bayes-hmm-v1,true
cam0,1693,1625,0.935619,0.935619,0.000386,True,accepted_posterior,bayes-hmm-v1,true
cam0,1694,1626,0.950574,0.950574,0.000367,True,accepted_posterior,bayes-hmm-v1,true
cam0,1695,1627,0.967011,0.967011,0.000437,True,accepted_posterior,bayes-hmm-v1,true
cam0,1696,1628,0.97458,0.97458,0.000427,True,accepted_posterior,bayes-hmm-v1,true
cam0,1697,1630,0.97546,0.97546,0.000403,True,accepted_posterior,bayes-hmm-v1,true
cam0,1698,1631,0.981119,0.981119,0.000265,True,accepted_posterior,bayes-hmm-v1,true
cam0,1699,1632,0.983336,0.983336,0.000293,True,accepted_posterior,bayes-hmm-v1,true
cam0,1700,1633,0.989385,0.989385,0.000197,True,accepted_posterior,bayes-hmm-v1,true
cam0,1701,1634,0.995948,0.995948,0.000118,True,accepted_posterior,bayes-hmm-v1,true
cam0,1702,1635,0.998447,0.998447,0.0001,True,accepted_posterior,bayes-hmm-v1,true
cam0,1703,1636,0.999269,0.999269,9.9e-05,True,accepted_posterior,bayes-hmm-v1,true
cam0,1704,1637,0.998935,0.998935,8.9e-05,True,accepted_posterior,bayes-hmm-v1,true
cam0,1705,1638,0.998827,0.998827,8.5e-05,True,accepted_posterior,bayes-hmm-v1,true
cam0,1706,1639,0.998373,0.998373,8.8e-05,True,accepted_posterior,bayes-hmm-v1,true
cam0,1707,1640,0.997622,0.997622,6.9e-05,True,accepted_posterior,bayes-hmm-v1,true
cam0,1708,1641,0.998466,0.998466,7.3e-05,True,accepted_posterior,bayes-hmm-v1,true
cam0,1709,1642,0.997974,0.997974,8.7e-05,True,accepted_posterior,bayes-hmm-v1,true
cam0,1710,1643,0.99698,0.99698,7.9e-05,True,accepted_posterior,bayes-hmm-v1,true
cam0,1711,1644,0.997091,0.997091,0.000105,True,accepted_posterior,bayes-hmm-v1,true
cam0,1712,1646,0.983349,0.983349,0.000105,True,accepted_posterior,bayes-hmm-v1,true
cam0,1713,1646,0.996717,0.996717,0.000107,True,accepted_posterior,bayes-hmm-v1,true
cam0,1714,1648,0.989358,0.989358,9.6e-05,True,accepted_posterior,bayes-hmm-v1,true
cam0,1715,1649,0.98708,0.98708,0.000111,True,accepted_posterior,bayes-hmm-v1,true
cam0,1716,1650,0.992876,0.992876,0.000145,True,accepted_posterior,bayes-hmm-v1,true
cam0,1717,1651,0.995433,0.995433,0.000104,True,accepted_posterior,bayes-hmm-v1,true
cam0,1718,1652,0.99846,0.99846,0.000102,True,accepted_posterior,bayes-hmm-v1,true
cam0,1719,1653,0.996824,0.996824,0.000128,True,accepted_posterior,bayes-hmm-v1,true
cam0,1720,1655,0.99287,0.99287,0.000163,True,accepted_posterior,bayes-hmm-v1,true
cam0,1721,1656,0.995758,0.995758,0.00017,True,accepted_posterior,bayes-hmm-v1,true
cam0,1722,1657,0.998401,0.998401,0.000131,True,accepted_posterior,bayes-hmm-v1,true
cam0,1723,1658,0.998594,0.998594,9.8e-05,True,accepted_posterior,bayes-hmm-v1,true
cam0,1724,1659,0.998727,0.998727,0.000101,True,accepted_posterior,bayes-hmm-v1,true
cam0,1725,1660,0.999306,0.999306,9.2e-05,True,accepted_posterior,bayes-hmm-v1,true
cam0,1726,1661,0.999541,0.999541,8.4e-05,True,accepted_posterior,bayes-hmm-v1,true
cam0,1727,1663,0.997647,0.997647,8.3e-05,True,accepted_posterior,bayes-hmm-v1,true
cam0,1728,1664,0.998883,0.998883,8.5e-05,True,accepted_posterior,bayes-hmm-v1,true
cam0,1729,1665,0.998603,0.998603,9.5e-05,True,accepted_posterior,bayes-hmm-v1,true
cam0,1730,1666,0.99425,0.99425,9.5e-05,True,accepted_posterior,bayes-hmm-v1,true
cam0,1731,1668,0.997485,0.997485,9.1e-05,True,accepted_posterior,bayes-hmm-v1,true
cam0,1732,1669,0.999286,0.999286,4e-05,True,accepted_posterior,bayes-hmm-v1,true
cam0,1733,1670,0.999784,0.999784,5e-05,True,accepted_posterior,bayes-hmm-v1,true
cam0,1734,1671,0.999791,0.999791,8.9e-05,True,accepted_posterior,bayes-hmm-v1,true
cam0,1735,1672,0.999501,0.999501,0.000113,True,accepted_posterior,bayes-hmm-v1,true
cam0,1736,1674,0.996433,0.996433,0.000165,True,accepted_posterior,bayes-hmm-v1,true
cam0,1737,1675,0.998736,0.998736,0.000112,True,accepted_posterior,bayes-hmm-v1,true
cam0,1738,1676,0.999649,0.999649,0.000124,True,accepted_posterior,bayes-hmm-v1,true
cam0,1739,1677,0.999775,0.999775,0.000121,True,accepted_posterior,bayes-hmm-v1,true
cam0,1740,1678,0.999756,0.999756,9.6e-05,True,accepted_posterior,bayes-hmm-v1,true
cam0,1741,1679,0.999602,0.999602,0.000119,True,accepted_posterior,bayes-hmm-v1,true
cam0,1742,1681,0.998681,0.998681,0.000148,True,accepted_posterior,bayes-hmm-v1,true
cam0,1743,1682,0.998999,0.998999,0.000174,True,accepted_posterior,bayes-hmm-v1,true
cam0,1744,1683,0.999637,0.999637,0.000161,True,accepted_posterior,bayes-hmm-v1,true
cam0,1745,1684,0.999605,0.999605,0.00018,True,accepted_posterior,bayes-hmm-v1,true
cam0,1746,1685,0.999754,0.999754,0.000149,True,accepted_posterior,bayes-hmm-v1,true
cam0,1747,1687,0.999371,0.999371,0.000199,True,accepted_posterior,bayes-hmm-v1,true
cam0,1748,1688,0.999536,0.999536,0.000187,True,accepted_posterior,bayes-hmm-v1,true
cam0,1749,1689,0.999811,0.999811,0.000104,True,accepted_posterior,bayes-hmm-v1,true
cam0,1750,1690,0.999827,0.999827,9.2e-05,True,accepted_posterior,bayes-hmm-v1,true
cam0,1751,1691,0.999822,0.999822,0.000105,True,accepted_posterior,bayes-hmm-v1,true
cam0,1752,1692,0.999579,0.999579,0.000144,True,accepted_posterior,bayes-hmm-v1,true
cam0,1753,1693,0.999334,0.999334,0.000153,True,accepted_posterior,bayes-hmm-v1,true
cam0,1754,1694,0.999354,0.999354,0.000218,True,accepted_posterior,bayes-hmm-v1,true
cam0,1755,1696,0.995961,0.995961,0.000251,True,accepted_posterior,bayes-hmm-v1,true
cam0,1756,1697,0.997492,0.997492,0.000288,True,accepted_posterior,bayes-hmm-v1,true
cam0,1757,1698,0.998025,0.998025,0.00031,True,accepted_posterior,bayes-hmm-v1,true
cam0,1758,1699,0.999027,0.999027,0.000199,True,accepted_posterior,bayes-hmm-v1,true
cam0,1759,1700,0.999234,0.999234,0.000203,True,accepted_posterior,bayes-hmm-v1,true
cam0,1760,1701,0.998889,0.998889,0.000219,True,accepted_posterior,bayes-hmm-v1,true
cam0,1761,1703,0.998847,0.998847,0.0002,True,accepted_posterior,bayes-hmm-v1,true
cam0,1762,1704,0.998937,0.998937,0.000213,True,accepted_posterior,bayes-hmm-v1,true
cam0,1763,1705,0.999476,0.999476,0.000189,True,accepted_posterior,bayes-hmm-v1,true
cam0,1764,1706,0.999539,0.999539,0.000188,True,accepted_posterior,bayes-hmm-v1,true
cam0,1765,1707,0.999677,0.999677,0.000177,True,accepted_posterior,bayes-hmm-v1,true
cam0,1766,1708,0.99938,0.99938,0.000166,True,accepted_posterior,bayes-hmm-v1,true
cam0,1767,1709,0.999003,0.999003,0.000231,True,accepted_posterior,bayes-hmm-v1,true
cam0,1768,1711,0.9994,0.9994,0.00023,True,accepted_posterior,bayes-hmm-v1,true
cam0,1769,1712,0.999337,0.999337,0.000252,True,accepted_posterior,bayes-hmm-v1,true
cam0,1770,1713,0.99916,0.99916,0.000326,True,accepted_posterior,bayes-hmm-v1,true
cam0,1771,1714,0.998143,0.998143,0.000367,True,accepted_posterior,bayes-hmm-v1,true
cam0,1772,1715,0.998667,0.998667,0.000405,True,accepted_posterior,bayes-hmm-v1,true
cam0,1773,1717,0.998958,0.998958,0.000297,True,accepted_posterior,bayes-hmm-v1,true
cam0,1774,1718,0.999554,0.999554,0.000242,True,accepted_posterior,bayes-hmm-v1,true
cam0,1775,1719,0.999783,0.999783,0.000157,True,accepted_posterior,bayes-hmm-v1,true
cam0,1776,1720,0.999718,0.999718,0.000161,True,accepted_posterior,bayes-hmm-v1,true
cam0,1777,1721,0.999615,0.999615,0.000187,True,accepted_posterior,bayes-hmm-v1,true
cam0,1778,1722,0.999116,0.999116,0.000257,True,accepted_posterior,bayes-hmm-v1,true
cam0,1779,1723,0.998133,0.998133,0.000263,True,accepted_posterior,bayes-hmm-v1,true
cam0,1780,1724,0.998019,0.998019,0.00027,True,accepted_posterior,bayes-hmm-v1,true
cam0,1781,1725,0.998208,0.998208,0.000248,True,accepted_posterior,bayes-hmm-v1,true
cam0,1782,1726,0.997487,0.997487,0.000259,True,accepted_posterior,bayes-hmm-v1,true
cam0,1783,1728,0.994536,0.994536,0.000259,True,accepted_posterior,bayes-hmm-v1,true
cam0,1784,1729,0.995418,0.995418,0.000203,True,accepted_posterior,bayes-hmm-v1,true
cam0,1785,1730,0.997914,0.997914,0.000181,True,accepted_posterior,bayes-hmm-v1,true
cam0,1786,1731,0.999412,0.999412,0.000131,True,accepted_posterior,bayes-hmm-v1,true
cam0,1787,1732,0.999753,0.999753,9.6e-05,True,accepted_posterior,bayes-hmm-v1,true
cam0,1788,1733,0.999842,0.999842,0.000102,True,accepted_posterior,bayes-hmm-v1,true
cam0,1789,1734,0.999812,0.999812,0.000103,True,accepted_posterior,bayes-hmm-v1,true
cam0,1790,1735,0.999625,0.999625,0.000131,True,accepted_posterior,bayes-hmm-v1,true
cam0,1791,1736,0.999254,0.999254,0.000162,True,accepted_posterior,bayes-hmm-v1,true
cam0,1792,1737,0.999134,0.999134,0.000199,True,accepted_posterior,bayes-hmm-v1,true
cam0,1793,1738,0.999121,0.999121,0.000178,True,accepted_posterior,bayes-hmm-v1,true
cam0,1794,1739,0.999561,0.999561,0.00016,True,accepted_posterior,bayes-hmm-v1,true
cam0,1795,1741,0.999401,0.999401,0.000153,True,accepted_posterior,bayes-hmm-v1,true
cam0,1796,1742,0.999475,0.999475,0.000142,True,accepted_posterior,bayes-hmm-v1,true
cam0,1797,1743,0.999749,0.999749,0.000129,True,accepted_posterior,bayes-hmm-v1,true
cam0,1798,1744,0.999859,0.999859,9.1e-05,True,accepted_posterior,bayes-hmm-v1,true
cam0,1799,1745,0.999889,0.999889,9.2e-05,True,accepted_posterior,bayes-hmm-v1,true
cam0,1800,1746,0.999906,0.999906,7.8e-05,True,accepted_posterior,bayes-hmm-v1,true
cam0,1801,1747,0.999918,0.999918,7.3e-05,True,accepted_posterior,bayes-hmm-v1,true
cam0,1802,1748,0.999919,0.999919,7e-05,True,accepted_posterior,bayes-hmm-v1,true
cam0,1803,1749,0.999936,0.999936,5.4e-05,True,accepted_posterior,bayes-hmm-v1,true
cam0,1804,1750,0.999914,0.999914,5.4e-05,True,accepted_posterior,bayes-hmm-v1,true
cam0,1805,1751,0.999837,0.999837,7.9e-05,True,accepted_posterior,bayes-hmm-v1,true
cam0,1806,1752,0.999724,0.999724,9.5e-05,True,accepted_posterior,bayes-hmm-v1,true
cam0,1807,1753,0.99975,0.99975,0.000103,True,accepted_posterior,bayes-hmm-v1,true
cam0,1808,1754,0.999769,0.999769,0.0001,True,accepted_posterior,bayes-hmm-v1,true
cam0,1809,1755,0.999678,0.999678,9e-05,True,accepted_posterior,bayes-hmm-v1,true
cam0,1810,1756,0.999672,0.999672,9.2e-05,True,accepted_posterior,bayes-hmm-v1,true
cam0,1811,1757,0.999433,0.999433,0.000114,True,accepted_posterior,bayes-hmm-v1,true
cam0,1812,1759,0.999127,0.999127,0.000105,True,accepted_posterior,bayes-hmm-v1,true
cam0,1813,1760,0.999307,0.999307,0.000185,True,accepted_posterior,bayes-hmm-v1,true
cam0,1814,1761,0.999038,0.999038,0.000153,True,accepted_posterior,bayes-hmm-v1,true
cam0,1815,1762,0.999609,0.999609,7.2e-05,True,accepted_posterior,bayes-hmm-v1,true
cam0,1816,1763,0.999851,0.999851,6.1e-05,True,accepted_posterior,bayes-hmm-v1,true
cam0,1817,1764,0.999862,0.999862,8.6e-05,True,accepted_posterior,bayes-hmm-v1,true
cam0,1818,1765,0.999819,0.999819,8.4e-05,True,accepted_posterior,bayes-hmm-v1,true
cam0,1819,1766,0.999715,0.999715,0.000118,True,accepted_posterior,bayes-hmm-v1,true
cam0,1820,1767,0.999857,0.999857,8.6e-05,True,accepted_posterior,bayes-hmm-v1,true
cam0,1821,1768,0.999914,0.999914,6.5e-05,True,accepted_posterior,bayes-hmm-v1,true
cam0,1822,1769,0.999927,0.999927,5.5e-05,True,accepted_posterior,bayes-hmm-v1,true
cam0,1823,1770,0.999929,0.999929,6.1e-05,True,accepted_posterior,bayes-hmm-v1,true
cam0,1824,1771,0.999938,0.999938,5.9e-05,True,accepted_posterior,bayes-hmm-v1,true
cam0,1825,1772,0.999928,0.999928,6.2e-05,True,accepted_posterior,bayes-hmm-v1,true
cam0,1826,1773,0.999942,0.999942,4.8e-05,True,accepted_posterior,bayes-hmm-v1,true
cam0,1827,1774,0.999923,0.999923,5.8e-05,True,accepted_posterior,bayes-hmm-v1,true
cam0,1828,1775,0.999914,0.999914,5.9e-05,True,accepted_posterior,bayes-hmm-v1,true
cam0,1829,1776,0.999683,0.999683,0.000112,True,accepted_posterior,bayes-hmm-v1,true
cam0,1830,1777,0.999569,0.999569,0.000144,True,accepted_posterior,bayes-hmm-v1,true
cam0,1831,1778,0.998984,0.998984,0.00014,True,accepted_posterior,bayes-hmm-v1,true
cam0,1832,1779,0.999324,0.999324,0.000176,True,accepted_posterior,bayes-hmm-v1,true
cam0,1833,1780,0.999257,0.999257,0.000151,True,accepted_posterior,bayes-hmm-v1,true
cam0,1834,1782,0.998912,0.998912,0.000124,True,accepted_posterior,bayes-hmm-v1,true
cam0,1835,1783,0.99955,0.99955,0.000154,True,accepted_posterior,bayes-hmm-v1,true
cam0,1836,1784,0.99964,0.99964,8.6e-05,True,accepted_posterior,bayes-hmm-v1,true
cam0,1837,1785,0.999674,0.999674,0.000111,True,accepted_posterior,bayes-hmm-v1,true
cam0,1838,1786,0.999779,0.999779,9.2e-05,True,accepted_posterior,bayes-hmm-v1,true
cam0,1839,1787,0.999822,0.999822,8.3e-05,True,accepted_posterior,bayes-hmm-v1,true
cam0,1840,1788,0.999917,0.999917,4.4e-05,True,accepted_posterior,bayes-hmm-v1,true
cam0,1841,1789,0.999938,0.999938,5e-05,True,accepted_posterior,bayes-hmm-v1,true
cam0,1842,1790,0.999945,0.999945,4.6e-05,True,accepted_posterior,bayes-hmm-v1,true
cam0,1843,1791,0.999905,0.999905,5.8e-05,True,accepted_posterior,bayes-hmm-v1,true
cam0,1844,1792,0.999727,0.999727,7.3e-05,True,accepted_posterior,bayes-hmm-v1,true
cam0,1845,1793,0.99952,0.99952,0.000119,True,accepted_posterior,bayes-hmm-v1,true
cam0,1846,1794,0.999766,0.999766,0.000115,True,accepted_posterior,bayes-hmm-v1,true
cam0,1847,1795,0.999821,0.999821,0.000137,True,accepted_posterior,bayes-hmm-v1,true
cam0,1848,1796,0.99986,0.99986,0.000117,True,accepted_posterior,bayes-hmm-v1,true
cam0,1849,1797,0.999879,0.999879,9.6e-05,True,accepted_posterior,bayes-hmm-v1,true
cam0,1850,1798,0.999893,0.999893,8.4e-05,True,accepted_posterior,bayes-hmm-v1,true
cam0,1851,1799,0.999913,0.999913,7.4e-05,True,accepted_posterior,bayes-hmm-v1,true
cam0,1852,1800,0.999924,0.999924,6.7e-05,True,accepted_posterior,bayes-hmm-v1,true
cam0,1853,1801,0.999902,0.999902,8.4e-05,True,accepted_posterior,bayes-hmm-v1,true
cam0,1854,1802,0.999884,0.999884,8.6e-05,True,accepted_posterior,bayes-hmm-v1,true
cam0,1855,1803,0.999855,0.999855,0.000112,True,accepted_posterior,bayes-hmm-v1,true
cam0,1856,1804,0.999833,0.999833,0.000119,True,accepted_posterior,bayes-hmm-v1,true
cam0,1857,1805,0.999841,0.999841,0.000106,True,accepted_posterior,bayes-hmm-v1,true
cam0,1858,1806,0.999858,0.999858,8.2e-05,True,accepted_posterior,bayes-hmm-v1,true
cam0,1859,1807,0.999827,0.999827,6.8e-05,True,accepted_posterior,bayes-hmm-v1,true
cam0,1860,1808,0.99976,0.99976,9.8e-05,True,accepted_posterior,bayes-hmm-v1,true
cam0,1861,1809,0.999648,0.999648,0.000104,True,accepted_posterior,bayes-hmm-v1,true
cam0,1862,1810,0.999485,0.999485,0.000101,True,accepted_posterior,bayes-hmm-v1,true
cam0,1863,1811,0.999526,0.999526,0.000156,True,accepted_posterior,bayes-hmm-v1,true
cam0,1864,1812,0.999668,0.999668,0.000144,True,accepted_posterior,bayes-hmm-v1,true
cam0,1865,1813,0.999617,0.999617,0.000101,True,accepted_posterior,bayes-hmm-v1,true
cam0,1866,1814,0.999662,0.999662,0.00012,True,accepted_posterior,bayes-hmm-v1,true
cam0,1867,1815,0.99959,0.99959,0.00013,True,accepted_posterior,bayes-hmm-v1,true
cam0,1868,1816,0.999607,0.999607,0.000128,True,accepted_posterior,bayes-hmm-v1,true
cam0,1869,1817,0.999662,0.999662,0.000105,True,accepted_posterior,bayes-hmm-v1,true
cam0,1870,1818,0.999849,0.999849,5.4e-05,True,accepted_posterior,bayes-hmm-v1,true
cam0,1871,1819,0.999947,0.999947,3.2e-05,True,accepted_posterior,bayes-hmm-v1,true
cam0,1872,1820,0.999966,0.999966,3.1e-05,True,accepted_posterior,bayes-hmm-v1,true
cam0,1873,1821,0.999967,0.999967,3.2e-05,True,accepted_posterior,bayes-hmm-v1,true
cam0,1874,1822,0.999957,0.999957,4.2e-05,True,accepted_posterior,bayes-hmm-v1,true
cam0,1875,1823,0.999942,0.999942,5.4e-05,True,accepted_posterior,bayes-hmm-v1,true
cam0,1876,1824,0.999942,0.999942,5.3e-05,True,accepted_posterior,bayes-hmm-v1,true
cam0,1877,1825,0.999938,0.999938,5e-05,True,accepted_posterior,bayes-hmm-v1,true
cam0,1878,1826,0.999933,0.999933,4.8e-05,True,accepted_posterior,bayes-hmm-v1,true
cam0,1879,1827,0.999948,0.999948,5e-05,True,accepted_posterior,bayes-hmm-v1,true
cam0,1880,1828,0.999934,0.999934,6.3e-05,True,accepted_posterior,bayes-hmm-v1,true
cam0,1881,1829,0.99993,0.99993,6.3e-05,True,accepted_posterior,bayes-hmm-v1,true
cam0,1882,1830,0.999916,0.999916,7e-05,True,accepted_posterior,bayes-hmm-v1,true
cam0,1883,1831,0.999928,0.999928,5.2e-05,True,accepted_posterior,bayes-hmm-v1,true
cam0,1884,1832,0.999928,0.999928,5.5e-05,True,accepted_posterior,bayes-hmm-v1,true
cam0,1885,1833,0.999893,0.999893,9e-05,True,accepted_posterior,bayes-hmm-v1,true
cam0,1886,1834,0.999886,0.999886,0.000108,True,accepted_posterior,bayes-hmm-v1,true
cam0,1887,1835,0.999886,0.999886,0.000104,True,accepted_posterior,bayes-hmm-v1,true
cam0,1888,1836,0.999945,0.999945,3.8e-05,True,accepted_posterior,bayes-hmm-v1,true
cam0,1889,1837,0.999906,0.999906,7.8e-05,True,accepted_posterior,bayes-hmm-v1,true
cam0,1890,1838,0.999912,0.999912,8e-05,True,accepted_posterior,bayes-hmm-v1,true
cam0,1891,1839,0.999965,0.999965,3.1e-05,True,accepted_posterior,bayes-hmm-v1,true
cam0,1892,1840,0.999952,0.999952,4.2e-05,True,accepted_posterior,bayes-hmm-v1,true
cam0,1893,1841,0.999937,0.999937,5.1e-05,True,accepted_posterior,bayes-hmm-v1,true
cam0,1894,1842,0.999911,0.999911,3.9e-05,True,accepted_posterior,bayes-hmm-v1,true
cam0,1895,1843,0.99989,0.99989,7e-05,True,accepted_posterior,bayes-hmm-v1,true
cam0,1896,1844,0.999886,0.999886,7e-05,True,accepted_posterior,bayes-hmm-v1,true
cam0,1897,1845,0.999917,0.999917,5.8e-05,True,accepted_posterior,bayes-hmm-v1,true
cam0,1898,1846,0.999916,0.999916,4.9e-05,True,accepted_posterior,bayes-hmm-v1,true
cam0,1899,1847,0.999915,0.999915,6e-05,True,accepted_posterior,bayes-hmm-v1,true
cam0,1900,1848,0.999885,0.999885,6.8e-05,True,accepted_posterior,bayes-hmm-v1,true
cam0,1901,1849,0.999905,0.999905,5.9e-05,True,accepted_posterior,bayes-hmm-v1,true
cam0,1902,1850,0.999937,0.999937,4.2e-05,True,accepted_posterior,bayes-hmm-v1,true
cam0,1903,1851,0.999922,0.999922,5.8e-05,True,accepted_posterior,bayes-hmm-v1,true
cam0,1904,1852,0.999907,0.999907,7.8e-05,True,accepted_posterior,bayes-hmm-v1,true
cam0,1905,1853,0.999915,0.999915,6.2e-05,True,accepted_posterior,bayes-hmm-v1,true
cam0,1906,1854,0.999929,0.999929,5e-05,True,accepted_posterior,bayes-hmm-v1,true
cam0,1907,1855,0.999939,0.999939,4.8e-05,True,accepted_posterior,bayes-hmm-v1,true
cam0,1908,1856,0.999921,0.999921,6.4e-05,True,accepted_posterior,bayes-hmm-v1,true
cam0,1909,1857,0.999919,0.999919,6.4e-05,True,accepted_posterior,bayes-hmm-v1,true
cam0,1910,1858,0.999926,0.999926,5.9e-05,True,accepted_posterior,bayes-hmm-v1,true
cam0,1911,1859,0.999934,0.999934,6.1e-05,True,accepted_posterior,bayes-hmm-v1,true
cam0,1912,1860,0.999921,0.999921,5.6e-05,True,accepted_posterior,bayes-hmm-v1,true
cam0,1913,1861,0.999917,0.999917,6.3e-05,True,accepted_posterior,bayes-hmm-v1,true
cam0,1914,1862,0.999934,0.999934,5.4e-05,True,accepted_posterior,bayes-hmm-v1,true
cam0,1915,1863,0.999938,0.999938,5.7e-05,True,accepted_posterior,bayes-hmm-v1,true
cam0,1916,1864,0.999958,0.999958,4e-05,True,accepted_posterior,bayes-hmm-v1,true
cam0,1917,1865,0.999963,0.999963,3.5e-05,True,accepted_posterior,bayes-hmm-v1,true
cam0,1918,1866,0.999962,0.999962,3.4e-05,True,accepted_posterior,bayes-hmm-v1,true
cam0,1919,1867,0.999952,0.999952,4.6e-05,True,accepted_posterior,bayes-hmm-v1,true
cam0,1920,1868,0.99995,0.99995,4.9e-05,True,accepted_posterior,bayes-hmm-v1,true
cam0,1921,1869,0.999948,0.999948,4.9e-05,True,accepted_posterior,bayes-hmm-v1,true
cam0,1922,1870,0.99994,0.99994,5.6e-05,True,accepted_posterior,bayes-hmm-v1,true
cam0,1923,1871,0.999924,0.999924,6e-05,True,accepted_posterior,bayes-hmm-v1,true
cam0,1924,1872,0.999891,0.999891,4.6e-05,True,accepted_posterior,bayes-hmm-v1,true
cam0,1925,1873,0.99988,0.99988,6.2e-05,True,accepted_posterior,bayes-hmm-v1,true
cam0,1926,1874,0.999917,0.999917,4.8e-05,True,accepted_posterior,bayes-hmm-v1,true
cam0,1927,1875,0.999918,0.999918,5.2e-05,True,accepted_posterior,bayes-hmm-v1,true
cam0,1928,1876,0.999909,0.999909,5.5e-05,True,accepted_posterior,bayes-hmm-v1,true
cam0,1929,1877,0.999855,0.999855,6e-05,True,accepted_posterior,bayes-hmm-v1,true
cam0,1930,1878,0.999617,0.999617,5.2e-05,True,accepted_posterior,bayes-hmm-v1,true
cam0,1931,1879,0.999627,0.999627,6.6e-05,True,accepted_posterior,bayes-hmm-v1,true
cam0,1932,1880,0.999738,0.999738,0.000105,True,accepted_posterior,bayes-hmm-v1,true
cam0,1933,1881,0.999623,0.999623,9.1e-05,True,accepted_posterior,bayes-hmm-v1,true
cam0,1934,1882,0.999742,0.999742,9.3e-05,True,accepted_posterior,bayes-hmm-v1,true
cam0,1935,1883,0.999801,0.999801,8.5e-05,True,accepted_posterior,bayes-hmm-v1,true
cam0,1936,1884,0.99983,0.99983,7.3e-05,True,accepted_posterior,bayes-hmm-v1,true
cam0,1937,1885,0.999836,0.999836,5.7e-05,True,accepted_posterior,bayes-hmm-v1,true
cam0,1938,1886,0.999846,0.999846,8e-05,True,accepted_posterior,bayes-hmm-v1,true
cam0,1939,1887,0.999674,0.999674,0.00014,True,accepted_posterior,bayes-hmm-v1,true
cam0,1940,1888,0.999772,0.999772,0.000124,True,accepted_posterior,bayes-hmm-v1,true
cam0,1941,1889,0.999625,0.999625,0.00014,True,accepted_posterior,bayes-hmm-v1,true
cam0,1942,1890,0.999369,0.999369,0.000126,True,accepted_posterior,bayes-hmm-v1,true
cam0,1943,1891,0.998628,0.998628,0.000152,True,accepted_posterior,bayes-hmm-v1,true
cam0,1944,1892,0.998964,0.998964,0.000187,True,accepted_posterior,bayes-hmm-v1,true
cam0,1945,1893,0.99913,0.99913,0.00024,True,accepted_posterior,bayes-hmm-v1,true
cam0,1946,1894,0.999205,0.999205,0.000209,True,accepted_posterior,bayes-hmm-v1,true
cam0,1947,1896,0.999377,0.999377,0.000162,True,accepted_posterior,bayes-hmm-v1,true
cam0,1948,1897,0.999552,0.999552,0.000149,True,accepted_posterior,bayes-hmm-v1,true
cam0,1949,1898,0.998936,0.998936,0.000197,True,accepted_posterior,bayes-hmm-v1,true
cam0,1950,1899,0.998603,0.998603,0.000231,True,accepted_posterior,bayes-hmm-v1,true
cam0,1951,1900,0.999393,0.999393,0.000173,True,accepted_posterior,bayes-hmm-v1,true
cam0,1952,1901,0.999794,0.999794,9.8e-05,True,accepted_posterior,bayes-hmm-v1,true
cam0,1953,1902,0.999757,0.999757,7.6e-05,True,accepted_posterior,bayes-hmm-v1,true
cam0,1954,1903,0.999596,0.999596,8.1e-05,True,accepted_posterior,bayes-hmm-v1,true
cam0,1955,1904,0.999399,0.999399,0.00013,True,accepted_posterior,bayes-hmm-v1,true
cam0,1956,1905,0.998723,0.998723,0.000125,True,accepted_posterior,bayes-hmm-v1,true
cam0,1957,1906,0.998331,0.998331,0.000187,True,accepted_posterior,bayes-hmm-v1,true
cam0,1958,1907,0.999053,0.999053,0.000194,True,accepted_posterior,bayes-hmm-v1,true
cam0,1959,1908,0.998975,0.998975,0.000129,True,accepted_posterior,bayes-hmm-v1,true
cam0,1960,1909,0.998448,0.998448,0.000147,True,accepted_posterior,bayes-hmm-v1,true
cam0,1961,1910,0.99773,0.99773,0.00023,True,accepted_posterior,bayes-hmm-v1,true
cam0,1962,1911,0.997999,0.997999,0.000224,True,accepted_posterior,bayes-hmm-v1,true
cam0,1963,1913,0.998291,0.998291,0.00013,True,accepted_posterior,bayes-hmm-v1,true
cam0,1964,1913,0.998774,0.998774,9e-05,True,accepted_posterior,bayes-hmm-v1,true
cam0,1965,1914,0.99855,0.99855,0.000123,True,accepted_posterior,bayes-hmm-v1,true
cam0,1966,1915,0.998044,0.998044,0.000118,True,accepted_posterior,bayes-hmm-v1,true
cam0,1967,1916,0.998675,0.998675,0.000156,True,accepted_posterior,bayes-hmm-v1,true
cam0,1968,1918,0.996431,0.996431,0.000118,True,accepted_posterior,bayes-hmm-v1,true
cam0,1969,1919,0.997352,0.997352,0.000136,True,accepted_posterior,bayes-hmm-v1,true
cam0,1970,1920,0.998375,0.998375,0.00012,True,accepted_posterior,bayes-hmm-v1,true
cam0,1971,1921,0.998724,0.998724,9.8e-05,True,accepted_posterior,bayes-hmm-v1,true
cam0,1972,1922,0.99961,0.99961,8.9e-05,True,accepted_posterior,bayes-hmm-v1,true
cam0,1973,1923,0.999829,0.999829,6.8e-05,True,accepted_posterior,bayes-hmm-v1,true
cam0,1974,1924,0.999858,0.999858,7.1e-05,True,accepted_posterior,bayes-hmm-v1,true
cam0,1975,1925,0.999805,0.999805,0.000131,True,accepted_posterior,bayes-hmm-v1,true
cam0,1976,1926,0.999696,0.999696,7.6e-05,True,accepted_posterior,bayes-hmm-v1,true
cam0,1977,1927,0.999218,0.999218,9e-05,True,accepted_posterior,bayes-hmm-v1,true
cam0,1978,1928,0.998976,0.998976,0.000161,True,accepted_posterior,bayes-hmm-v1,true
cam0,1979,1929,0.998443,0.998443,0.000153,True,accepted_posterior,bayes-hmm-v1,true
cam0,1980,1930,0.999163,0.999163,0.000143,True,accepted_posterior,bayes-hmm-v1,true
cam0,1981,1931,0.999591,0.999591,0.000129,True,accepted_posterior,bayes-hmm-v1,true
cam0,1982,1932,0.999788,0.999788,9.2e-05,True,accepted_posterior,bayes-hmm-v1,true
cam0,1983,1933,0.999757,0.999757,8.5e-05,True,accepted_posterior,bayes-hmm-v1,true
cam0,1984,1934,0.999561,0.999561,0.000115,True,accepted_posterior,bayes-hmm-v1,true
cam0,1985,1935,0.999264,0.999264,0.000125,True,accepted_posterior,bayes-hmm-v1,true
cam0,1986,1936,0.999639,0.999639,9.7e-05,True,accepted_posterior,bayes-hmm-v1,true
cam0,1987,1938,0.999422,0.999422,7e-05,True,accepted_posterior,bayes-hmm-v1,true
cam0,1988,1939,0.999655,0.999655,5.4e-05,True,accepted_posterior,bayes-hmm-v1,true
cam0,1989,1940,0.999671,0.999671,0.000115,True,accepted_posterior,bayes-hmm-v1,true
cam0,1990,1941,0.999594,0.999594,0.000121,True,accepted_posterior,bayes-hmm-v1,true
cam0,1991,1942,0.999566,0.999566,0.000104,True,accepted_posterior,bayes-hmm-v1,true
cam0,1992,1943,0.999637,0.999637,8.1e-05,True,accepted_posterior,bayes-hmm-v1,true
cam0,1993,1944,0.99985,0.99985,5.7e-05,True,accepted_posterior,bayes-hmm-v1,true
cam0,1994,1945,0.99995,0.99995,3.8e-05,True,accepted_posterior,bayes-hmm-v1,true
cam0,1995,1946,0.999959,0.999959,3.6e-05,True,accepted_posterior,bayes-hmm-v1,true
cam0,1996,1947,0.99996,0.99996,3.7e-05,True,accepted_posterior,bayes-hmm-v1,true
cam0,1997,1948,0.999971,0.999971,2.7e-05,True,accepted_posterior,bayes-hmm-v1,true
cam0,1998,1949,0.999943,0.999943,5.5e-05,True,accepted_posterior,bayes-hmm-v1,true
cam0,1999,1950,0.999916,0.999916,7.9e-05,True,accepted_posterior,bayes-hmm-v1,true
cam0,2000,1951,0.999789,0.999789,0.000164,True,accepted_posterior,bayes-hmm-v1,true
cam0,2001,1952,0.99975,0.99975,0.000154,True,accepted_posterior,bayes-hmm-v1,true
cam0,2002,1953,0.999768,0.999768,9.6e-05,True,accepted_posterior,bayes-hmm-v1,true
cam0,2003,1954,0.999651,0.999651,7.8e-05,True,accepted_posterior,bayes-hmm-v1,true
cam0,2004,1955,0.99826,0.99826,9.7e-05,True,accepted_posterior,bayes-hmm-v1,true
cam0,2005,1956,0.992641,0.992641,0.000301,True,accepted_posterior,bayes-hmm-v1,true
cam0,2006,1958,0.996672,0.996672,0.000203,True,accepted_posterior,bayes-hmm-v1,true
cam0,2007,1959,0.994844,0.994844,0.000249,True,accepted_posterior,bayes-hmm-v1,true
cam0,2008,1960,0.993682,0.993682,0.000337,True,accepted_posterior,bayes-hmm-v1,true
cam0,2009,1961,0.997434,0.997434,0.000251,True,accepted_posterior,bayes-hmm-v1,true
cam0,2010,1962,0.998761,0.998761,0.000151,True,accepted_posterior,bayes-hmm-v1,true
cam0,2011,1963,0.999733,0.999733,0.000112,True,accepted_posterior,bayes-hmm-v1,true
cam0,2012,1964,0.999778,0.999778,9.2e-05,True,accepted_posterior,bayes-hmm-v1,true
cam0,2013,1965,0.999795,0.999795,5.8e-05,True,accepted_posterior,bayes-hmm-v1,true
cam0,2014,1966,0.999821,0.999821,0.00012,True,accepted_posterior,bayes-hmm-v1,true
cam0,2015,1967,0.999889,0.999889,8.5e-05,True,accepted_posterior,bayes-hmm-v1,true
cam0,2016,1968,0.999914,0.999914,4.7e-05,True,accepted_posterior,bayes-hmm-v1,true
cam0,2017,1969,0.999825,0.999825,7.5e-05,True,accepted_posterior,bayes-hmm-v1,true
cam0,2018,1970,0.999646,0.999646,9.5e-05,True,accepted_posterior,bayes-hmm-v1,true
cam0,2019,1971,0.998326,0.998326,0.000174,True,accepted_posterior,bayes-hmm-v1,true
cam0,2020,1972,0.999205,0.999205,0.000172,True,accepted_posterior,bayes-hmm-v1,true
cam0,2021,1974,0.998972,0.998972,0.000142,True,accepted_posterior,bayes-hmm-v1,true
cam0,2022,1975,0.999345,0.999345,0.000131,True,accepted_posterior,bayes-hmm-v1,true
cam0,2023,1976,0.999574,0.999574,0.000137,True,accepted_posterior,bayes-hmm-v1,true
cam0,2024,1977,0.999535,0.999535,0.000129,True,accepted_posterior,bayes-hmm-v1,true
cam0,2025,1978,0.999569,0.999569,0.00011,True,accepted_posterior,bayes-hmm-v1,true
cam0,2026,1979,0.999677,0.999677,0.000103,True,accepted_posterior,bayes-hmm-v1,true
cam0,2027,1980,0.9998,0.9998,8.2e-05,True,accepted_posterior,bayes-hmm-v1,true
cam0,2028,1981,0.999847,0.999847,7.3e-05,True,accepted_posterior,bayes-hmm-v1,true
cam0,2029,1982,0.999862,0.999862,5.8e-05,True,accepted_posterior,bayes-hmm-v1,true
cam0,2030,1983,0.999675,0.999675,6e-05,True,accepted_posterior,bayes-hmm-v1,true
cam0,2031,1984,0.999461,0.999461,0.000103,True,accepted_posterior,bayes-hmm-v1,true
cam0,2032,1985,0.999224,0.999224,0.00012,True,accepted_posterior,bayes-hmm-v1,true
cam0,2033,1986,0.999333,0.999333,0.000109,True,accepted_posterior,bayes-hmm-v1,true
cam0,2034,1988,0.99916,0.99916,7.7e-05,True,accepted_posterior,bayes-hmm-v1,true
cam0,2035,1989,0.999464,0.999464,8.3e-05,True,accepted_posterior,bayes-hmm-v1,true
cam0,2036,1990,0.999697,0.999697,6.1e-05,True,accepted_posterior,bayes-hmm-v1,true
cam0,2037,1991,0.999485,0.999485,9.4e-05,True,accepted_posterior,bayes-hmm-v1,true
cam0,2038,1992,0.999612,0.999612,7.9e-05,True,accepted_posterior,bayes-hmm-v1,true
cam0,2039,1993,0.999421,0.999421,0.000104,True,accepted_posterior,bayes-hmm-v1,true
cam0,2040,1994,0.999566,0.999566,8.9e-05,True,accepted_posterior,bayes-hmm-v1,true
cam0,2041,1995,0.999623,0.999623,0.000144,True,accepted_posterior,bayes-hmm-v1,true
cam0,2042,1996,0.999862,0.999862,7.6e-05,True,accepted_posterior,bayes-hmm-v1,true
cam0,2043,1997,0.999781,0.999781,6e-05,True,accepted_posterior,bayes-hmm-v1,true
cam0,2044,1999,0.999604,0.999604,8.5e-05,True,accepted_posterior,bayes-hmm-v1,true
cam0,2045,2000,0.999223,0.999223,8.1e-05,True,accepted_posterior,bayes-hmm-v1,true
cam0,2046,2001,0.999652,0.999652,5e-05,True,accepted_posterior,bayes-hmm-v1,true
cam0,2047,2002,0.999912,0.999912,3.9e-05,True,accepted_posterior,bayes-hmm-v1,true
cam0,2048,2003,0.999976,0.999976,1.2e-05,True,accepted_posterior,bayes-hmm-v1,true
cam0,2049,2004,0.999952,0.999952,2.3e-05,True,accepted_posterior,bayes-hmm-v1,true
cam0,2050,2005,0.999887,0.999887,3.1e-05,True,accepted_posterior,bayes-hmm-v1,true
cam0,2051,2006,0.999845,0.999845,4.3e-05,True,accepted_posterior,bayes-hmm-v1,true
cam0,2052,2007,0.999761,0.999761,5.7e-05,True,accepted_posterior,bayes-hmm-v1,true
cam0,2053,2009,0.999221,0.999221,7.5e-05,True,accepted_posterior,bayes-hmm-v1,true
cam0,2054,2010,0.998588,0.998588,0.000134,True,accepted_posterior,bayes-hmm-v1,true
cam0,2055,2011,0.999438,0.999438,5.1e-05,True,accepted_posterior,bayes-hmm-v1,true
cam0,2056,2012,0.999937,0.999937,1.8e-05,True,accepted_posterior,bayes-hmm-v1,true
cam0,2057,2013,0.999794,0.999794,5.5e-05,True,accepted_posterior,bayes-hmm-v1,true
cam0,2058,2014,0.999621,0.999621,9e-05,True,accepted_posterior,bayes-hmm-v1,true
cam0,2059,2015,0.998181,0.998181,0.000141,True,accepted_posterior,bayes-hmm-v1,true
cam0,2060,2016,0.995749,0.995749,0.000139,True,accepted_posterior,bayes-hmm-v1,true
cam0,2061,2018,0.998666,0.998666,0.000202,True,accepted_posterior,bayes-hmm-v1,true
cam0,2062,2019,0.998238,0.998238,0.000145,True,accepted_posterior,bayes-hmm-v1,true
cam0,2063,2020,0.999483,0.999483,9e-05,True,accepted_posterior,bayes-hmm-v1,true
cam0,2064,2021,0.999652,0.999652,7.1e-05,True,accepted_posterior,bayes-hmm-v1,true
cam0,2065,2022,0.999429,0.999429,0.000132,True,accepted_posterior,bayes-hmm-v1,true
cam0,2066,2024,0.99605,0.99605,8.6e-05,True,accepted_posterior,bayes-hmm-v1,true
cam0,2067,2025,0.999645,0.999645,4.5e-05,True,accepted_posterior,bayes-hmm-v1,true
cam0,2068,2026,0.999848,0.999848,5.4e-05,True,accepted_posterior,bayes-hmm-v1,true
cam0,2069,2027,0.999822,0.999822,7.3e-05,True,accepted_posterior,bayes-hmm-v1,true
cam0,2070,2028,0.99991,0.99991,3.5e-05,True,accepted_posterior,bayes-hmm-v1,true
cam0,2071,2029,0.999875,0.999875,3e-05,True,accepted_posterior,bayes-hmm-v1,true
cam0,2072,2030,0.999068,0.999068,3.3e-05,True,accepted_posterior,bayes-hmm-v1,true
cam0,2073,2031,0.997137,0.997137,5.3e-05,True,accepted_posterior,bayes-hmm-v1,true
cam0,2074,2032,0.994969,0.994969,6.8e-05,True,accepted_posterior,bayes-hmm-v1,true
cam0,2075,2034,0.997865,0.997865,3.5e-05,True,accepted_posterior,bayes-hmm-v1,true
cam0,2076,2035,0.997821,0.997821,4.2e-05,True,accepted_posterior,bayes-hmm-v1,true
cam0,2077,2036,0.9982,0.9982,3.5e-05,True,accepted_posterior,bayes-hmm-v1,true
cam0,2078,2037,0.997373,0.997373,3.1e-05,True,accepted_posterior,bayes-hmm-v1,true
cam0,2079,2038,0.995665,0.995665,2.8e-05,True,accepted_posterior,bayes-hmm-v1,true
cam0,2080,2039,0.992647,0.992647,3.7e-05,True,accepted_posterior,bayes-hmm-v1,true
cam0,2081,2041,0.992896,0.992896,3.5e-05,True,accepted_posterior,bayes-hmm-v1,true
cam0,2082,2042,0.992989,0.992989,3.8e-05,True,accepted_posterior,bayes-hmm-v1,true
cam0,2083,2043,0.997358,0.997358,3.2e-05,True,accepted_posterior,bayes-hmm-v1,true
cam0,2084,2044,0.998278,0.998278,2.6e-05,True,accepted_posterior,bayes-hmm-v1,true
cam0,2085,2045,0.998338,0.998338,3.7e-05,True,accepted_posterior,bayes-hmm-v1,true
cam0,2086,2046,0.997666,0.997666,3.7e-05,True,accepted_posterior,bayes-hmm-v1,true
cam0,2087,2047,0.996169,0.996169,2.9e-05,True,accepted_posterior,bayes-hmm-v1,true
cam0,2088,2048,0.996285,0.996285,3.6e-05,True,accepted_posterior,bayes-hmm-v1,true
cam0,2089,2049,0.997238,0.997238,2.8e-05,True,accepted_posterior,bayes-hmm-v1,true
cam0,2090,2051,0.997532,0.997532,2.2e-05,True,accepted_posterior,bayes-hmm-v1,true
cam0,2091,2052,0.999048,0.999048,1.9e-05,True,accepted_posterior,bayes-hmm-v1,true
cam0,2092,2053,0.999695,0.999695,3.2e-05,True,accepted_posterior,bayes-hmm-v1,true
cam0,2093,2054,0.999715,0.999715,1.9e-05,True,accepted_posterior,bayes-hmm-v1,true
cam0,2094,2055,0.999614,0.999614,2.5e-05,True,accepted_posterior,bayes-hmm-v1,true
cam0,2095,2056,0.999592,0.999592,2.3e-05,True,accepted_posterior,bayes-hmm-v1,true
cam0,2096,2057,0.999299,0.999299,2e-05,True,accepted_posterior,bayes-hmm-v1,true
cam0,2097,2058,0.999632,0.999632,1.7e-05,True,accepted_posterior,bayes-hmm-v1,true
cam0,2098,2059,0.99982,0.99982,1.5e-05,True,accepted_posterior,bayes-hmm-v1,true
cam0,2099,2060,0.999931,0.999931,6e-06,True,accepted_posterior,bayes-hmm-v1,true
cam0,2100,2062,0.999983,0.999983,6e-06,True,accepted_posterior,bayes-hmm-v1,true
cam0,2101,2063,0.999949,0.999949,7e-06,True,accepted_posterior,bayes-hmm-v1,true
cam0,2102,2064,0.999967,0.999967,3e-06,True,accepted_posterior,bayes-hmm-v1,true
cam0,2103,2065,0.999985,0.999985,2e-06,True,accepted_posterior,bayes-hmm-v1,true
cam0,2104,2066,0.999995,0.999995,2e-06,True,accepted_posterior,bayes-hmm-v1,true
cam0,2105,2067,0.999988,0.999988,5e-06,True,accepted_posterior,bayes-hmm-v1,true
cam0,2106,2068,0.999993,0.999993,3e-06,True,accepted_posterior,bayes-hmm-v1,true
cam0,2107,2069,0.999995,0.999995,4e-06,True,accepted_posterior,bayes-hmm-v1,true
cam0,2108,2070,0.999992,0.999992,4e-06,True,accepted_posterior,bayes-hmm-v1,true
cam0,2109,2071,0.999988,0.999988,4e-06,True,accepted_posterior,bayes-hmm-v1,true
cam0,2110,2072,0.999912,0.999912,8e-06,True,accepted_posterior,bayes-hmm-v1,true
cam0,2111,2073,0.99992,0.99992,2.1e-05,True,accepted_posterior,bayes-hmm-v1,true
cam0,2112,2074,0.999293,0.999293,4.3e-05,True,accepted_posterior,bayes-hmm-v1,true
cam0,2113,2075,0.991901,0.991901,6.2e-05,True,accepted_posterior,bayes-hmm-v1,true
cam0,2114,2076,0.991059,0.991059,7.4e-05,True,accepted_posterior,bayes-hmm-v1,true
cam0,2115,2078,0.999779,0.999779,3.8e-05,True,accepted_posterior,bayes-hmm-v1,true
cam0,2116,2079,0.999968,0.999968,1.6e-05,True,accepted_posterior,bayes-hmm-v1,true
cam0,2117,2080,0.999986,0.999986,1.2e-05,True,accepted_posterior,bayes-hmm-v1,true
cam0,2118,2081,0.999923,0.999923,3.5e-05,True,accepted_posterior,bayes-hmm-v1,true
cam0,2119,2082,0.999419,0.999419,7.5e-05,True,accepted_posterior,bayes-hmm-v1,true
cam0,2120,2083,0.999615,0.999615,8.9e-05,True,accepted_posterior,bayes-hmm-v1,true
cam0,2121,2084,0.999237,0.999237,6.3e-05,True,accepted_posterior,bayes-hmm-v1,true
cam0,2122,2085,0.997965,0.997965,0.000107,True,accepted_posterior,bayes-hmm-v1,true
cam0,2123,2086,0.99709,0.99709,0.00019,True,accepted_posterior,bayes-hmm-v1,true
cam0,2124,2087,0.99692,0.99692,0.000141,True,accepted_posterior,bayes-hmm-v1,true
cam0,2125,2088,0.997204,0.997204,0.000193,True,accepted_posterior,bayes-hmm-v1,true
cam0,2126,2089,0.994553,0.994553,0.000162,True,accepted_posterior,bayes-hmm-v1,true
cam0,2127,2090,0.997097,0.997097,0.000161,True,accepted_posterior,bayes-hmm-v1,true
cam0,2128,2092,0.99726,0.99726,0.00017,True,accepted_posterior,bayes-hmm-v1,true
cam0,2129,2093,0.996414,0.996414,0.000177,True,accepted_posterior,bayes-hmm-v1,true
cam0,2130,2093,0.997726,0.997726,0.000174,True,accepted_posterior,bayes-hmm-v1,true
cam0,2131,2095,0.996316,0.996316,0.000215,True,accepted_posterior,bayes-hmm-v1,true
cam0,2132,2096,0.996377,0.996377,0.00015,True,accepted_posterior,bayes-hmm-v1,true
cam0,2133,2097,0.998439,0.998439,0.000115,True,accepted_posterior,bayes-hmm-v1,true
cam0,2134,2098,0.999274,0.999274,9.7e-05,True,accepted_posterior,bayes-hmm-v1,true
cam0,2135,2099,0.999449,0.999449,0.000163,True,accepted_posterior,bayes-hmm-v1,true
cam0,2136,2100,0.999219,0.999219,0.000272,True,accepted_posterior,bayes-hmm-v1,true
cam0,2137,2101,0.998916,0.998916,0.000268,True,accepted_posterior,bayes-hmm-v1,true
cam0,2138,2102,0.999736,0.999736,0.000132,True,accepted_posterior,bayes-hmm-v1,true
cam0,2139,2103,0.999768,0.999768,0.000109,True,accepted_posterior,bayes-hmm-v1,true
cam0,2140,2104,0.999852,0.999852,0.000124,True,accepted_posterior,bayes-hmm-v1,true
cam0,2141,2105,0.999828,0.999828,0.000151,True,accepted_posterior,bayes-hmm-v1,true
cam0,2142,2106,0.999841,0.999841,0.00012,True,accepted_posterior,bayes-hmm-v1,true
cam0,2143,2107,0.999854,0.999854,0.000132,True,accepted_posterior,bayes-hmm-v1,true
cam0,2144,2108,0.999839,0.999839,0.000137,True,accepted_posterior,bayes-hmm-v1,true
cam0,2145,2109,0.999901,0.999901,6.2e-05,True,accepted_posterior,bayes-hmm-v1,true
cam0,2146,2110,0.999819,0.999819,0.000104,True,accepted_posterior,bayes-hmm-v1,true
cam0,2147,2111,0.999849,0.999849,0.00014,True,accepted_posterior,bayes-hmm-v1,true
cam0,2148,2112,0.999787,0.999787,0.000149,True,accepted_posterior,bayes-hmm-v1,true
cam0,2149,2113,0.999788,0.999788,0.000177,True,accepted_posterior,bayes-hmm-v1,true
cam0,2150,2114,0.999782,0.999782,0.000184,True,accepted_posterior,bayes-hmm-v1,true
cam0,2151,2115,0.999821,0.999821,0.000146,True,accepted_posterior,bayes-hmm-v1,true
cam0,2152,2116,0.999838,0.999838,0.000135,True,accepted_posterior,bayes-hmm-v1,true
cam0,2153,2117,0.999796,0.999796,0.000143,True,accepted_posterior,bayes-hmm-v1,true
cam0,2154,2118,0.999816,0.999816,0.000158,True,accepted_posterior,bayes-hmm-v1,true
cam0,2155,2119,0.999746,0.999746,0.000234,True,accepted_posterior,bayes-hmm-v1,true
cam0,2156,2120,0.999653,0.999653,0.000199,True,accepted_posterior,bayes-hmm-v1,true
cam0,2157,2121,0.999793,0.999793,0.000143,True,accepted_posterior,bayes-hmm-v1,true
cam0,2158,2122,0.999826,0.999826,0.000132,True,accepted_posterior,bayes-hmm-v1,true
cam0,2159,2123,0.999811,0.999811,0.00011,True,accepted_posterior,bayes-hmm-v1,true
cam0,2160,2124,0.999788,0.999788,0.000185,True,accepted_posterior,bayes-hmm-v1,true
cam0,2161,2125,0.999695,0.999695,0.000176,True,accepted_posterior,bayes-hmm-v1,true
cam0,2162,2126,0.999664,0.999664,0.000159,True,accepted_posterior,bayes-hmm-v1,true
cam0,2163,2127,0.999759,0.999759,0.00015,True,accepted_posterior,bayes-hmm-v1,true
cam0,2164,2128,0.999675,0.999675,0.000143,True,accepted_posterior,bayes-hmm-v1,true
cam0,2165,2129,0.999555,0.999555,0.000154,True,accepted_posterior,bayes-hmm-v1,true
cam0,2166,2130,0.999773,0.999773,9.5e-05,True,accepted_posterior,bayes-hmm-v1,true
cam0,2167,2131,0.999831,0.999831,9.8e-05,True,accepted_posterior,bayes-hmm-v1,true
cam0,2168,2132,0.999931,0.999931,6.2e-05,True,accepted_posterior,bayes-hmm-v1,true
cam0,2169,2133,0.999955,0.999955,3.9e-05,True,accepted_posterior,bayes-hmm-v1,true
cam0,2170,2134,0.999865,0.999865,0.000118,True,accepted_posterior,bayes-hmm-v1,true
cam0,2171,2135,0.999914,0.999914,7.9e-05,True,accepted_posterior,bayes-hmm-v1,true
cam0,2172,2136,0.999885,0.999885,0.000109,True,accepted_posterior,bayes-hmm-v1,true
cam0,2173,2137,0.999858,0.999858,0.000117,True,accepted_posterior,bayes-hmm-v1,true
cam0,2174,2138,0.999909,0.999909,8.2e-05,True,accepted_posterior,bayes-hmm-v1,true
cam0,2175,2139,0.999918,0.999918,6.9e-05,True,accepted_posterior,bayes-hmm-v1,true
cam0,2176,2140,0.999934,0.999934,5.2e-05,True,accepted_posterior,bayes-hmm-v1,true
cam0,2177,2141,0.999906,0.999906,7.8e-05,True,accepted_posterior,bayes-hmm-v1,true
cam0,2178,2142,0.999875,0.999875,9e-05,True,accepted_posterior,bayes-hmm-v1,true
cam0,2179,2143,0.999849,0.999849,0.000102,True,accepted_posterior,bayes-hmm-v1,true
cam0,2180,2144,0.999879,0.999879,8.5e-05,True,accepted_posterior,bayes-hmm-v1,true
cam0,2181,2145,0.999819,0.999819,8.8e-05,True,accepted_posterior,bayes-hmm-v1,true
cam0,2182,2146,0.999638,0.999638,9.9e-05,True,accepted_posterior,bayes-hmm-v1,true
cam0,2183,2147,0.999123,0.999123,0.000123,True,accepted_posterior,bayes-hmm-v1,true
cam0,2184,2148,0.999379,0.999379,0.000162,True,accepted_posterior,bayes-hmm-v1,true
cam0,2185,2149,0.999424,0.999424,0.000124,True,accepted_posterior,bayes-hmm-v1,true
cam0,2186,2150,0.999742,0.999742,7.8e-05,True,accepted_posterior,bayes-hmm-v1,true
cam0,2187,2151,0.999638,0.999638,7.4e-05,True,accepted_posterior,bayes-hmm-v1,true
cam0,2188,2152,0.999583,0.999583,0.000104,True,accepted_posterior,bayes-hmm-v1,true
cam0,2189,2153,0.999498,0.999498,0.000111,True,accepted_posterior,bayes-hmm-v1,true
cam0,2190,2154,0.999042,0.999042,0.000132,True,accepted_posterior,bayes-hmm-v1,true
cam0,2191,2155,0.999218,0.999218,0.000127,True,accepted_posterior,bayes-hmm-v1,true
cam0,2192,2156,0.999421,0.999421,0.00015,True,accepted_posterior,bayes-hmm-v1,true
cam0,2193,2157,0.99947,0.99947,0.000156,True,accepted_posterior,bayes-hmm-v1,true
cam0,2194,2158,0.999685,0.999685,0.000121,True,accepted_posterior,bayes-hmm-v1,true
cam0,2195,2159,0.999693,0.999693,0.000111,True,accepted_posterior,bayes-hmm-v1,true
cam0,2196,2160,0.999616,0.999616,0.000126,True,accepted_posterior,bayes-hmm-v1,true
cam0,2197,2161,0.99949,0.99949,0.000124,True,accepted_posterior,bayes-hmm-v1,true
cam0,2198,2162,0.999673,0.999673,0.000127,True,accepted_posterior,bayes-hmm-v1,true
cam0,2199,2163,0.999447,0.999447,0.000109,True,accepted_posterior,bayes-hmm-v1,true
cam0,2200,2164,0.997446,0.997446,0.000107,True,accepted_posterior,bayes-hmm-v1,true
cam0,2201,2165,0.997651,0.997651,0.000144,True,accepted_posterior,bayes-hmm-v1,true
cam0,2202,2167,0.999648,0.999648,0.000167,True,accepted_posterior,bayes-hmm-v1,true
cam0,2203,2168,0.9987,0.9987,0.000105,True,accepted_posterior,bayes-hmm-v1,true
cam0,2204,2168,0.999435,0.999435,0.000135,True,accepted_posterior,bayes-hmm-v1,true
cam0,2205,2170,0.999024,0.999024,0.000146,True,accepted_posterior,bayes-hmm-v1,true
cam0,2206,2171,0.999035,0.999035,0.000127,True,accepted_posterior,bayes-hmm-v1,true
cam0,2207,2172,0.999629,0.999629,8.4e-05,True,accepted_posterior,bayes-hmm-v1,true
cam0,2208,2173,0.999443,0.999443,0.00016,True,accepted_posterior,bayes-hmm-v1,true
cam0,2209,2174,0.999867,0.999867,8.9e-05,True,accepted_posterior,bayes-hmm-v1,true
cam0,2210,2175,0.999894,0.999894,8.5e-05,True,accepted_posterior,bayes-hmm-v1,true
cam0,2211,2176,0.999954,0.999954,4e-05,True,accepted_posterior,bayes-hmm-v1,true
cam0,2212,2177,0.999885,0.999885,0.00011,True,accepted_posterior,bayes-hmm-v1,true
cam0,2213,2178,0.999901,0.999901,9.7e-05,True,accepted_posterior,bayes-hmm-v1,true
cam0,2214,2179,0.999543,0.999543,0.000122,True,accepted_posterior,bayes-hmm-v1,true
cam0,2215,2180,0.999717,0.999717,0.000128,True,accepted_posterior,bayes-hmm-v1,true
cam0,2216,2181,0.999556,0.999556,0.000162,True,accepted_posterior,bayes-hmm-v1,true
cam0,2217,2182,0.999767,0.999767,8e-05,True,accepted_posterior,bayes-hmm-v1,true
cam0,2218,2183,0.999938,0.999938,4.1e-05,True,accepted_posterior,bayes-hmm-v1,true
cam0,2219,2184,0.999957,0.999957,4.1e-05,True,accepted_posterior,bayes-hmm-v1,true
cam0,2220,2185,0.999977,0.999977,2.2e-05,True,accepted_posterior,bayes-hmm-v1,true
cam0,2221,2186,0.999972,0.999972,2.6e-05,True,accepted_posterior,bayes-hmm-v1,true
cam0,2222,2187,0.999938,0.999938,5.3e-05,True,accepted_posterior,bayes-hmm-v1,true
cam0,2223,2188,0.999887,0.999887,7.1e-05,True,accepted_posterior,bayes-hmm-v1,true
cam0,2224,2189,0.999792,0.999792,0.000104,True,accepted_posterior,bayes-hmm-v1,true
cam0,2225,2190,0.999786,0.999786,0.000117,True,accepted_posterior,bayes-hmm-v1,true
cam0,2226,2191,0.999776,0.999776,0.000126,True,accepted_posterior,bayes-hmm-v1,true
cam0,2227,2192,0.999859,0.999859,7.1e-05,True,accepted_posterior,bayes-hmm-v1,true
cam0,2228,2193,0.999882,0.999882,6.1e-05,True,accepted_posterior,bayes-hmm-v1,true
cam0,2229,2194,0.999844,0.999844,6.4e-05,True,accepted_posterior,bayes-hmm-v1,true
cam0,2230,2195,0.999789,0.999789,0.000101,True,accepted_posterior,bayes-hmm-v1,true
cam0,2231,2196,0.999473,0.999473,0.000109,True,accepted_posterior,bayes-hmm-v1,true
cam0,2232,2197,0.999553,0.999553,0.000112,True,accepted_posterior,bayes-hmm-v1,true
cam0,2233,2198,0.999561,0.999561,9.2e-05,True,accepted_posterior,bayes-hmm-v1,true
cam0,2234,2199,0.999829,0.999829,5.8e-05,True,accepted_posterior,bayes-hmm-v1,true
cam0,2235,2200,0.999948,0.999948,2.3e-05,True,accepted_posterior,bayes-hmm-v1,true
cam0,2236,2201,0.999967,0.999967,2.4e-05,True,accepted_posterior,bayes-hmm-v1,true
cam0,2237,2202,0.999896,0.999896,4.5e-05,True,accepted_posterior,bayes-hmm-v1,true
cam0,2238,2203,0.999812,0.999812,5.9e-05,True,accepted_posterior,bayes-hmm-v1,true
cam0,2239,2204,0.999756,0.999756,4.6e-05,True,accepted_posterior,bayes-hmm-v1,true
cam0,2240,2205,0.999412,0.999412,9.7e-05,True,accepted_posterior,bayes-hmm-v1,true
cam0,2241,2206,0.999111,0.999111,9.8e-05,True,accepted_posterior,bayes-hmm-v1,true
cam0,2242,2207,0.998866,0.998866,0.000148,True,accepted_posterior,bayes-hmm-v1,true
cam0,2243,2208,0.998058,0.998058,0.000171,True,accepted_posterior,bayes-hmm-v1,true
cam0,2244,2209,0.997413,0.997413,0.000115,True,accepted_posterior,bayes-hmm-v1,true
cam0,2245,2210,0.998136,0.998136,0.000115,True,accepted_posterior,bayes-hmm-v1,true
cam0,2246,2211,0.998291,0.998291,0.000119,True,accepted_posterior,bayes-hmm-v1,true
cam0,2247,2212,0.998105,0.998105,0.000103,True,accepted_posterior,bayes-hmm-v1,true
cam0,2248,2213,0.998394,0.998394,9.2e-05,True,accepted_posterior,bayes-hmm-v1,true
cam0,2249,2214,0.998362,0.998362,0.000114,True,accepted_posterior,bayes-hmm-v1,true
cam0,2250,2215,0.997901,0.997901,0.00014,True,accepted_posterior,bayes-hmm-v1,true
cam0,2251,2216,0.998245,0.998245,0.000136,True,accepted_posterior,bayes-hmm-v1,true
cam0,2252,2217,0.998953,0.998953,0.000103,True,accepted_posterior,bayes-hmm-v1,true
cam0,2253,2218,0.999557,0.999557,7.5e-05,True,accepted_posterior,bayes-hmm-v1,true
cam0,2254,2219,0.999654,0.999654,7e-05,True,accepted_posterior,bayes-hmm-v1,true
cam0,2255,2221,0.99976,0.99976,5.6e-05,True,accepted_posterior,bayes-hmm-v1,true
cam0,2256,2222,0.99982,0.99982,8.1e-05,True,accepted_posterior,bayes-hmm-v1,true
cam0,2257,2223,0.999838,0.999838,7.1e-05,True,accepted_posterior,bayes-hmm-v1,true
cam0,2258,2224,0.999835,0.999835,6.1e-05,True,accepted_posterior,bayes-hmm-v1,true
cam0,2259,2225,0.999516,0.999516,6.1e-05,True,accepted_posterior,bayes-hmm-v1,true
cam0,2260,2226,0.999656,0.999656,8.6e-05,True,accepted_posterior,bayes-hmm-v1,true
cam0,2261,2227,0.998658,0.998658,8.3e-05,True,accepted_posterior,bayes-hmm-v1,true
cam0,2262,2228,0.998609,0.998609,8.3e-05,True,accepted_posterior,bayes-hmm-v1,true
cam0,2263,2229,0.998832,0.998832,9.3e-05,True,accepted_posterior,bayes-hmm-v1,true
cam0,2264,2230,0.998826,0.998826,7.5e-05,True,accepted_posterior,bayes-hmm-v1,true
cam0,2265,2231,0.999087,0.999087,6e-05,True,accepted_posterior,bayes-hmm-v1,true
cam0,2266,2232,0.999818,0.999818,3.4e-05,True,accepted_posterior,bayes-hmm-v1,true
cam0,2267,2233,0.999893,0.999893,5.2e-05,True,accepted_posterior,bayes-hmm-v1,true
cam0,2268,2234,0.999895,0.999895,4.5e-05,True,accepted_posterior,bayes-hmm-v1,true
cam0,2269,2235,0.999882,0.999882,5.7e-05,True,accepted_posterior,bayes-hmm-v1,true
cam0,2270,2236,0.999885,0.999885,5.3e-05,True,accepted_posterior,bayes-hmm-v1,true
cam0,2271,2237,0.99984,0.99984,7.2e-05,True,accepted_posterior,bayes-hmm-v1,true
cam0,2272,2238,0.999459,0.999459,9.8e-05,True,accepted_posterior,bayes-hmm-v1,true
cam0,2273,2239,0.998105,0.998105,0.000127,True,accepted_posterior,bayes-hmm-v1,true
cam0,2274,2240,0.99677,0.99677,0.000143,True,accepted_posterior,bayes-hmm-v1,true
cam0,2275,2241,0.996818,0.996818,0.000118,True,accepted_posterior,bayes-hmm-v1,true
cam0,2276,2242,0.997182,0.997182,0.000108,True,accepted_posterior,bayes-hmm-v1,true
cam0,2277,2243,0.998146,0.998146,0.0001,True,accepted_posterior,bayes-hmm-v1,true
cam0,2278,2244,0.999419,0.999419,5.2e-05,True,accepted_posterior,bayes-hmm-v1,true
cam0,2279,2245,0.999912,0.999912,3.5e-05,True,accepted_posterior,bayes-hmm-v1,true
cam0,2280,2246,0.99987,0.99987,4.7e-05,True,accepted_posterior,bayes-hmm-v1,true
cam0,2281,2247,0.999588,0.999588,5.6e-05,True,accepted_posterior,bayes-hmm-v1,true
cam0,2282,2248,0.997906,0.997906,7e-05,True,accepted_posterior,bayes-hmm-v1,true
cam0,2283,2249,0.993305,0.993305,0.000146,True,accepted_posterior,bayes-hmm-v1,true
cam0,2284,2250,0.988508,0.988508,0.000133,True,accepted_posterior,bayes-hmm-v1,true
cam0,2285,2251,0.987896,0.987896,5e-05,True,accepted_posterior,bayes-hmm-v1,true
cam0,2286,2253,0.999142,0.999142,3.7e-05,True,accepted_posterior,bayes-hmm-v1,true
cam0,2287,2254,0.998446,0.998446,3.2e-05,True,accepted_posterior,bayes-hmm-v1,true
cam0,2288,2255,0.99842,0.99842,3.2e-05,True,accepted_posterior,bayes-hmm-v1,true
cam0,2289,2256,0.998404,0.998404,3.8e-05,True,accepted_posterior,bayes-hmm-v1,true
cam0,2290,2257,0.998323,0.998323,2.4e-05,True,accepted_posterior,bayes-hmm-v1,true
cam0,2291,2258,0.99607,0.99607,4.5e-05,True,accepted_posterior,bayes-hmm-v1,true
cam0,2292,2259,0.99394,0.99394,5.6e-05,True,accepted_posterior,bayes-hmm-v1,true
cam0,2293,2260,0.984068,0.984068,6.1e-05,True,accepted_posterior,bayes-hmm-v1,true
cam0,2294,2261,0.96705,0.96705,7.9e-05,True,accepted_posterior,bayes-hmm-v1,true
cam0,2295,2263,0.987956,0.987956,0.000103,True,accepted_posterior,bayes-hmm-v1,true
cam0,2296,2265,0.959426,0.959426,0.000149,True,accepted_posterior,bayes-hmm-v1,true
cam0,2297,2266,0.99199,0.99199,0.00011,True,accepted_posterior,bayes-hmm-v1,true
cam0,2298,2268,0.984555,0.984555,9.4e-05,True,accepted_posterior,bayes-hmm-v1,true
cam0,2299,2269,0.997951,0.997951,4.4e-05,True,accepted_posterior,bayes-hmm-v1,true
cam0,2300,2270,0.998655,0.998655,4e-05,True,accepted_posterior,bayes-hmm-v1,true
cam0,2301,2271,0.997876,0.997876,5.8e-05,True,accepted_posterior,bayes-hmm-v1,true
cam0,2302,2273,0.99965,0.99965,4.5e-05,True,accepted_posterior,bayes-hmm-v1,true
cam0,2303,2274,0.999631,0.999631,4.1e-05,True,accepted_posterior,bayes-hmm-v1,true
cam0,2304,2275,0.999585,0.999585,4.9e-05,True,accepted_posterior,bayes-hmm-v1,true
cam0,2305,2276,0.99898,0.99898,6.6e-05,True,accepted_posterior,bayes-hmm-v1,true
cam0,2306,2277,0.99794,0.99794,8.7e-05,True,accepted_posterior,bayes-hmm-v1,true
cam0,2307,2278,0.996382,0.996382,0.0001,True,accepted_posterior,bayes-hmm-v1,true
cam0,2308,2279,0.995526,0.995526,8.1e-05,True,accepted_posterior,bayes-hmm-v1,true
cam0,2309,2280,0.995805,0.995805,9.1e-05,True,accepted_posterior,bayes-hmm-v1,true
cam0,2310,2281,0.996111,0.996111,0.000102,True,accepted_posterior,bayes-hmm-v1,true
cam0,2311,2282,0.997112,0.997112,9e-05,True,accepted_posterior,bayes-hmm-v1,true
cam0,2312,2283,0.997758,0.997758,7.1e-05,True,accepted_posterior,bayes-hmm-v1,true
cam0,2313,2284,0.998812,0.998812,6.7e-05,True,accepted_posterior,bayes-hmm-v1,true
cam0,2314,2285,0.998943,0.998943,7.5e-05,True,accepted_posterior,bayes-hmm-v1,true
cam0,2315,2286,0.998104,0.998104,8.7e-05,True,accepted_posterior,bayes-hmm-v1,true
cam0,2316,2287,0.998162,0.998162,9.7e-05,True,accepted_posterior,bayes-hmm-v1,true
cam0,2317,2289,0.995063,0.995063,0.000118,True,accepted_posterior,bayes-hmm-v1,true
cam0,2318,2290,0.994946,0.994946,0.000107,True,accepted_posterior,bayes-hmm-v1,true
cam0,2319,2291,0.996424,0.996424,0.00014,True,accepted_posterior,bayes-hmm-v1,true
cam0,2320,2292,0.996895,0.996895,0.000147,True,accepted_posterior,bayes-hmm-v1,true
cam0,2321,2293,0.99756,0.99756,0.000132,True,accepted_posterior,bayes-hmm-v1,true
cam0,2322,2294,0.998492,0.998492,8.2e-05,True,accepted_posterior,bayes-hmm-v1,true
cam0,2323,2295,0.998954,0.998954,0.000101,True,accepted_posterior,bayes-hmm-v1,true
cam0,2324,2296,0.999009,0.999009,9.9e-05,True,accepted_posterior,bayes-hmm-v1,true
cam0,2325,2297,0.998978,0.998978,0.000101,True,accepted_posterior,bayes-hmm-v1,true
cam0,2326,2298,0.998493,0.998493,0.000156,True,accepted_posterior,bayes-hmm-v1,true
cam0,2327,2299,0.997997,0.997997,0.000145,True,accepted_posterior,bayes-hmm-v1,true
cam0,2328,2299,0.999267,0.999267,0.000104,True,accepted_posterior,bayes-hmm-v1,true
cam0,2329,2300,0.999456,0.999456,0.000106,True,accepted_posterior,bayes-hmm-v1,true
cam0,2330,2301,0.999277,0.999277,0.000118,True,accepted_posterior,bayes-hmm-v1,true
cam0,2331,2303,0.997553,0.997553,0.000134,True,accepted_posterior,bayes-hmm-v1,true
cam0,2332,2304,0.998242,0.998242,0.00017,True,accepted_posterior,bayes-hmm-v1,true
cam0,2333,2305,0.998854,0.998854,0.000175,True,accepted_posterior,bayes-hmm-v1,true
cam0,2334,2306,0.998866,0.998866,0.000178,True,accepted_posterior,bayes-hmm-v1,true
cam0,2335,2307,0.999261,0.999261,0.000173,True,accepted_posterior,bayes-hmm-v1,true
cam0,2336,2308,0.998788,0.998788,0.000178,True,accepted_posterior,bayes-hmm-v1,true
cam0,2337,2309,0.998789,0.998789,0.00016,True,accepted_posterior,bayes-hmm-v1,true
cam0,2338,2310,0.999644,0.999644,0.000115,True,accepted_posterior,bayes-hmm-v1,true
cam0,2339,2311,0.999932,0.999932,3.2e-05,True,accepted_posterior,bayes-hmm-v1,true
cam0,2340,2312,0.999918,0.999918,6.1e-05,True,accepted_posterior,bayes-hmm-v1,true
cam0,2341,2313,0.999892,0.999892,5.6e-05,True,accepted_posterior,bayes-hmm-v1,true
cam0,2342,2314,0.999778,0.999778,0.000132,True,accepted_posterior,bayes-hmm-v1,true
cam0,2343,2315,0.999601,0.999601,0.00015,True,accepted_posterior,bayes-hmm-v1,true
cam0,2344,2316,0.999068,0.999068,0.00015,True,accepted_posterior,bayes-hmm-v1,true
cam0,2345,2317,0.997974,0.997974,0.000237,True,accepted_posterior,bayes-hmm-v1,true
cam0,2346,2318,0.998138,0.998138,0.000244,True,accepted_posterior,bayes-hmm-v1,true
cam0,2347,2319,0.997947,0.997947,0.000237,True,accepted_posterior,bayes-hmm-v1,true
cam0,2348,2320,0.998211,0.998211,0.000201,True,accepted_posterior,bayes-hmm-v1,true
cam0,2349,2321,0.997201,0.997201,0.000211,True,accepted_posterior,bayes-hmm-v1,true
cam0,2350,2322,0.991283,0.991283,0.000263,True,accepted_posterior,bayes-hmm-v1,true
cam0,2351,2324,0.996633,0.996633,0.000286,True,accepted_posterior,bayes-hmm-v1,true
cam0,2352,2325,0.997336,0.997336,0.000264,True,accepted_posterior,bayes-hmm-v1,true
cam0,2353,2326,0.998679,0.998679,0.000147,True,accepted_posterior,bayes-hmm-v1,true
cam0,2354,2327,0.998821,0.998821,0.000124,True,accepted_posterior,bayes-hmm-v1,true
cam0,2355,2328,0.997374,0.997374,0.000143,True,accepted_posterior,bayes-hmm-v1,true
cam0,2356,2329,0.992977,0.992977,0.000259,True,accepted_posterior,bayes-hmm-v1,true
cam0,2357,2330,0.984714,0.984714,0.000367,True,accepted_posterior,bayes-hmm-v1,true
cam0,2358,2331,0.952253,0.952253,0.000469,True,accepted_posterior,bayes-hmm-v1,true
cam0,2359,2332,0.909876,0.909876,0.000701,True,accepted_posterior,bayes-hmm-v1,true
cam0,2360,2334,0.978857,0.978857,0.000667,True,accepted_posterior,bayes-hmm-v1,true
cam0,2361,2335,0.976965,0.976965,0.000527,True,accepted_posterior,bayes-hmm-v1,true
cam0,2362,2336,0.976425,0.976425,0.000399,True,accepted_posterior,bayes-hmm-v1,true
cam0,2363,2338,0.988162,0.988162,0.000354,True,accepted_posterior,bayes-hmm-v1,true
cam0,2364,2338,0.968374,0.968374,0.000344,True,accepted_posterior,bayes-hmm-v1,true
cam0,2365,2340,0.986463,0.986463,0.000316,True,accepted_posterior,bayes-hmm-v1,true
cam0,2366,2341,0.986064,0.986064,0.000264,True,accepted_posterior,bayes-hmm-v1,true
cam0,2367,2342,0.988644,0.988644,0.000257,True,accepted_posterior,bayes-hmm-v1,true
cam0,2368,2343,0.986558,0.986558,0.000282,True,accepted_posterior,bayes-hmm-v1,true
cam0,2369,2344,0.988342,0.988342,0.00029,True,accepted_posterior,bayes-hmm-v1,true
cam0,2370,2345,0.987639,0.987639,0.00025,True,accepted_posterior,bayes-hmm-v1,true
cam0,2371,2346,0.990071,0.990071,0.000208,True,accepted_posterior,bayes-hmm-v1,true
cam0,2372,2347,0.988691,0.988691,0.000213,True,accepted_posterior,bayes-hmm-v1,true
cam0,2373,2348,0.986663,0.986663,0.000267,True,accepted_posterior,bayes-hmm-v1,true
cam0,2374,2349,0.977677,0.977677,0.000293,True,accepted_posterior,bayes-hmm-v1,true
cam0,2375,2350,0.976206,0.976206,0.000313,True,accepted_posterior,bayes-hmm-v1,true
cam0,2376,2351,0.972917,0.972917,0.000282,True,accepted_posterior,bayes-hmm-v1,true
cam0,2377,2352,0.972376,0.972376,0.000248,True,accepted_posterior,bayes-hmm-v1,true
cam0,2378,2353,0.967198,0.967198,0.00026,True,accepted_posterior,bayes-hmm-v1,true
cam0,2379,2354,0.972407,0.972407,0.000268,True,accepted_posterior,bayes-hmm-v1,true
cam0,2380,2356,0.977063,0.977063,0.000234,True,accepted_posterior,bayes-hmm-v1,true
cam0,2381,2357,0.982775,0.982775,0.000216,True,accepted_posterior,bayes-hmm-v1,true
cam0,2382,2358,0.990394,0.990394,0.000191,True,accepted_posterior,bayes-hmm-v1,true
cam0,2383,2359,0.992389,0.992389,0.000177,True,accepted_posterior,bayes-hmm-v1,true
cam0,2384,2360,0.993797,0.993797,0.000195,True,accepted_posterior,bayes-hmm-v1,true
cam0,2385,2361,0.99385,0.99385,0.000177,True,accepted_posterior,bayes-hmm-v1,true
cam0,2386,2362,0.992451,0.992451,0.000185,True,accepted_posterior,bayes-hmm-v1,true
cam0,2387,2363,0.990974,0.990974,0.000201,True,accepted_posterior,bayes-hmm-v1,true
cam0,2388,2365,0.989103,0.989103,0.000142,True,accepted_posterior,bayes-hmm-v1,true
cam0,2389,2366,0.99481,0.99481,0.000127,True,accepted_posterior,bayes-hmm-v1,true
cam0,2390,2367,0.996688,0.996688,0.000134,True,accepted_posterior,bayes-hmm-v1,true
cam0,2391,2368,0.997081,0.997081,0.000135,True,accepted_posterior,bayes-hmm-v1,true
cam0,2392,2369,0.995303,0.995303,0.000153,True,accepted_posterior,bayes-hmm-v1,true
cam0,2393,2370,0.993562,0.993562,0.000165,True,accepted_posterior,bayes-hmm-v1,true
cam0,2394,2371,0.9903,0.9903,0.000167,True,accepted_posterior,bayes-hmm-v1,true
cam0,2395,2372,0.989168,0.989168,0.000149,True,accepted_posterior,bayes-hmm-v1,true
cam0,2396,2373,0.982537,0.982537,0.000163,True,accepted_posterior,bayes-hmm-v1,true
cam0,2397,2374,0.96838,0.96838,0.000182,True,accepted_posterior,bayes-hmm-v1,true
cam0,2398,2375,0.948723,0.948723,0.000215,True,accepted_posterior,bayes-hmm-v1,true
cam0,2399,2377,0.958764,0.958764,0.000241,True,accepted_posterior,bayes-hmm-v1,true
cam0,2400,2378,0.970653,0.970653,0.000201,True,accepted_posterior,bayes-hmm-v1,true
cam0,2401,2379,0.983011,0.983011,0.000139,True,accepted_posterior,bayes-hmm-v1,true
cam0,2402,2380,0.980933,0.980933,0.000148,True,accepted_posterior,bayes-hmm-v1,true
cam0,2403,2381,0.970509,0.970509,0.0002,True,accepted_posterior,bayes-hmm-v1,true
cam0,2404,2382,0.949661,0.949661,0.000238,True,accepted_posterior,bayes-hmm-v1,true
cam0,2405,2383,0.912925,0.912925,0.000271,True,accepted_posterior,bayes-hmm-v1,true
cam0,2406,2385,0.942276,0.942276,0.000281,True,accepted_posterior,bayes-hmm-v1,true
cam0,2407,2386,0.901723,0.901723,0.000317,True,accepted_posterior,bayes-hmm-v1,true
cam0,2408,2388,0.918372,0.918372,0.000319,True,accepted_posterior,bayes-hmm-v1,true
cam0,2409,2389,0.885544,0.885544,0.000274,True,accepted_posterior,bayes-hmm-v1,true
cam0,2410,2391,0.916116,0.916116,0.000252,True,accepted_posterior,bayes-hmm-v1,true
cam0,2411,2392,0.85073,0.85073,0.000359,True,accepted_posterior,bayes-hmm-v1,true
cam0,2412,2393,0.737707,0.737707,0.000372,True,accepted_posterior,bayes-hmm-v1,true
cam0,2413,2395,0.696609,0.696609,0.00051,True,accepted_posterior,bayes-hmm-v1,true
cam0,2414,2399,0.717226,0.717226,0.00082,True,accepted_posterior,bayes-hmm-v1,true
cam0,2415,2400,0.552325,0.552325,0.001009,True,accepted_posterior,bayes-hmm-v1,true
cam0,2416,2405,0.597073,0.597073,0.001422,True,accepted_posterior,bayes-hmm-v1,true
cam0,2417,2405,0.489423,0.489423,0.001859,True,accepted_posterior,bayes-hmm-v1,true
cam0,2418,2409,0.581875,0.581875,0.001412,True,accepted_posterior,bayes-hmm-v1,true
cam0,2419,2413,0.622247,0.622247,0.001732,True,accepted_posterior,bayes-hmm-v1,true
cam0,2420,2417,0.608537,0.608537,0.00128,True,accepted_posterior,bayes-hmm-v1,true
cam0,2421,2417,0.86586,0.86586,0.000852,True,accepted_posterior,bayes-hmm-v1,true
cam0,2422,2419,0.921579,0.921579,0.000448,True,accepted_posterior,bayes-hmm-v1,true
cam0,2423,2420,0.965273,0.965273,0.000275,True,accepted_posterior,bayes-hmm-v1,true
cam0,2424,2421,0.986539,0.986539,0.000191,True,accepted_posterior,bayes-hmm-v1,true
cam0,2425,2422,0.988026,0.988026,0.00021,True,accepted_posterior,bayes-hmm-v1,true
cam0,2426,2422,0.953888,0.953888,0.000431,True,accepted_posterior,bayes-hmm-v1,true
cam0,2427,2425,0.916451,0.916451,0.00061,True,accepted_posterior,bayes-hmm-v1,true
cam0,2428,2426,0.938967,0.938967,0.000447,True,accepted_posterior,bayes-hmm-v1,true
cam0,2429,2427,0.913882,0.913882,0.000509,True,accepted_posterior,bayes-hmm-v1,true
cam0,2430,2428,0.874101,0.874101,0.00047,True,accepted_posterior,bayes-hmm-v1,true
cam0,2431,2429,0.81021,0.81021,0.000308,True,accepted_posterior,bayes-hmm-v1,true
cam0,2432,2432,0.918566,0.918566,0.000309,True,accepted_posterior,bayes-hmm-v1,true
cam0,2433,2432,0.944264,0.944264,0.000279,True,accepted_posterior,bayes-hmm-v1,true
cam0,2434,2434,0.944958,0.944958,0.000304,True,accepted_posterior,bayes-hmm-v1,true
cam0,2435,2436,0.811975,0.811975,0.000332,True,accepted_posterior,bayes-hmm-v1,true
cam0,2436,2437,0.847944,0.847944,0.00033,True,accepted_posterior,bayes-hmm-v1,true
cam0,2437,2438,0.894727,0.894727,0.000349,True,accepted_posterior,bayes-hmm-v1,true
cam0,2438,2439,0.927223,0.927223,0.00026,True,accepted_posterior,bayes-hmm-v1,true
cam0,2439,2440,0.963011,0.963011,0.000198,True,accepted_posterior,bayes-hmm-v1,true
cam0,2440,2441,0.988762,0.988762,9.6e-05,True,accepted_posterior,bayes-hmm-v1,true
cam0,2441,2442,0.997464,0.997464,0.000151,True,accepted_posterior,bayes-hmm-v1,true
cam0,2442,2443,0.998271,0.998271,0.00015,True,accepted_posterior,bayes-hmm-v1,true
cam0,2443,2444,0.99754,0.99754,0.000202,True,accepted_posterior,bayes-hmm-v1,true
cam0,2444,2445,0.995378,0.995378,0.0003,True,accepted_posterior,bayes-hmm-v1,true
cam0,2445,2446,0.991619,0.991619,0.000295,True,accepted_posterior,bayes-hmm-v1,true
cam0,2446,2447,0.990052,0.990052,0.000282,True,accepted_posterior,bayes-hmm-v1,true
cam0,2447,2449,0.987345,0.987345,0.000324,True,accepted_posterior,bayes-hmm-v1,true
cam0,2448,2450,0.986637,0.986637,0.000339,True,accepted_posterior,bayes-hmm-v1,true
cam0,2449,2451,0.988444,0.988444,0.000339,True,accepted_posterior,bayes-hmm-v1,true
cam0,2450,2452,0.991045,0.991045,0.000237,True,accepted_posterior,bayes-hmm-v1,true
cam0,2451,2453,0.995048,0.995048,0.000149,True,accepted_posterior,bayes-hmm-v1,true
cam0,2452,2454,0.996562,0.996562,0.000109,True,accepted_posterior,bayes-hmm-v1,true
cam0,2453,2455,0.996506,0.996506,0.000106,True,accepted_posterior,bayes-hmm-v1,true
cam0,2454,2456,0.994971,0.994971,0.00015,True,accepted_posterior,bayes-hmm-v1,true
cam0,2455,2458,0.994392,0.994392,0.000166,True,accepted_posterior,bayes-hmm-v1,true
cam0,2456,2459,0.996474,0.996474,0.000172,True,accepted_posterior,bayes-hmm-v1,true
cam0,2457,2460,0.997974,0.997974,0.00014,True,accepted_posterior,bayes-hmm-v1,true
cam0,2458,2461,0.998543,0.998543,0.000126,True,accepted_posterior,bayes-hmm-v1,true
cam0,2459,2462,0.999098,0.999098,0.000155,True,accepted_posterior,bayes-hmm-v1,true
cam0,2460,2463,0.998982,0.998982,0.000165,True,accepted_posterior,bayes-hmm-v1,true
cam0,2461,2464,0.996484,0.996484,0.000185,True,accepted_posterior,bayes-hmm-v1,true
cam0,2462,2466,0.99808,0.99808,0.000236,True,accepted_posterior,bayes-hmm-v1,true
cam0,2463,2467,0.998575,0.998575,0.000203,True,accepted_posterior,bayes-hmm-v1,true
cam0,2464,2468,0.998658,0.998658,0.000109,True,accepted_posterior,bayes-hmm-v1,true
cam0,2465,2469,0.997428,0.997428,7.7e-05,True,accepted_posterior,bayes-hmm-v1,true
cam0,2466,2470,0.994308,0.994308,9e-05,True,accepted_posterior,bayes-hmm-v1,true
cam0,2467,2472,0.998908,0.998908,0.000125,True,accepted_posterior,bayes-hmm-v1,true
cam0,2468,2473,0.998031,0.998031,0.000165,True,accepted_posterior,bayes-hmm-v1,true
cam0,2469,2474,0.99846,0.99846,0.000197,True,accepted_posterior,bayes-hmm-v1,true
cam0,2470,2475,0.998938,0.998938,0.000154,True,accepted_posterior,bayes-hmm-v1,true
cam0,2471,2476,0.99938,0.99938,0.000121,True,accepted_posterior,bayes-hmm-v1,true
cam0,2472,2477,0.999482,0.999482,0.000104,True,accepted_posterior,bayes-hmm-v1,true
cam0,2473,2478,0.999398,0.999398,0.000102,True,accepted_posterior,bayes-hmm-v1,true
cam0,2474,2479,0.999371,0.999371,0.000119,True,accepted_posterior,bayes-hmm-v1,true
cam0,2475,2480,0.998832,0.998832,0.000128,True,accepted_posterior,bayes-hmm-v1,true
cam0,2476,2481,0.998217,0.998217,0.000114,True,accepted_posterior,bayes-hmm-v1,true
cam0,2477,2482,0.997528,0.997528,0.000141,True,accepted_posterior,bayes-hmm-v1,true
cam0,2478,2483,0.997328,0.997328,0.000136,True,accepted_posterior,bayes-hmm-v1,true
cam0,2479,2484,0.996575,0.996575,0.000125,True,accepted_posterior,bayes-hmm-v1,true
cam0,2480,2485,0.995432,0.995432,0.00013,True,accepted_posterior,bayes-hmm-v1,true
cam0,2481,2486,0.994671,0.994671,0.00014,True,accepted_posterior,bayes-hmm-v1,true
cam0,2482,2488,0.997868,0.997868,0.000133,True,accepted_posterior,bayes-hmm-v1,true
cam0,2483,2489,0.997597,0.997597,0.000133,True,accepted_posterior,bayes-hmm-v1,true
cam0,2484,2490,0.997593,0.997593,0.000141,True,accepted_posterior,bayes-hmm-v1,true
cam0,2485,2491,0.997668,0.997668,0.00016,True,accepted_posterior,bayes-hmm-v1,true
cam0,2486,2492,0.998184,0.998184,0.00015,True,accepted_posterior,bayes-hmm-v1,true
cam0,2487,2493,0.998763,0.998763,0.000127,True,accepted_posterior,bayes-hmm-v1,true
cam0,2488,2494,0.999316,0.999316,0.000104,True,accepted_posterior,bayes-hmm-v1,true
cam0,2489,2495,0.999407,0.999407,0.000105,True,accepted_posterior,bayes-hmm-v1,true
cam0,2490,2496,0.999326,0.999326,0.000116,True,accepted_posterior,bayes-hmm-v1,true
cam0,2491,2497,0.999066,0.999066,0.000131,True,accepted_posterior,bayes-hmm-v1,true
cam0,2492,2498,0.998042,0.998042,0.000119,True,accepted_posterior,bayes-hmm-v1,true
cam0,2493,2500,0.999139,0.999139,0.000115,True,accepted_posterior,bayes-hmm-v1,true
cam0,2494,2501,0.999151,0.999151,0.000128,True,accepted_posterior,bayes-hmm-v1,true
cam0,2495,2502,0.998919,0.998919,0.00012,True,accepted_posterior,bayes-hmm-v1,true
cam0,2496,2503,0.997907,0.997907,0.000142,True,accepted_posterior,bayes-hmm-v1,true
cam0,2497,2504,0.997736,0.997736,0.000157,True,accepted_posterior,bayes-hmm-v1,true
cam0,2498,2505,0.997299,0.997299,0.000151,True,accepted_posterior,bayes-hmm-v1,true
cam0,2499,2506,0.998014,0.998014,0.000122,True,accepted_posterior,bayes-hmm-v1,true
cam0,2500,2507,0.998056,0.998056,0.000106,True,accepted_posterior,bayes-hmm-v1,true
cam0,2501,2508,0.998235,0.998235,0.000109,True,accepted_posterior,bayes-hmm-v1,true
cam0,2502,2509,0.998056,0.998056,0.000112,True,accepted_posterior,bayes-hmm-v1,true
cam0,2503,2510,0.997015,0.997015,0.000114,True,accepted_posterior,bayes-hmm-v1,true
cam0,2504,2511,0.995896,0.995896,0.000147,True,accepted_posterior,bayes-hmm-v1,true
cam0,2505,2513,0.997478,0.997478,0.00016,True,accepted_posterior,bayes-hmm-v1,true
cam0,2506,2514,0.99794,0.99794,0.000155,True,accepted_posterior,bayes-hmm-v1,true
cam0,2507,2515,0.998292,0.998292,0.000149,True,accepted_posterior,bayes-hmm-v1,true
cam0,2508,2516,0.998058,0.998058,0.000143,True,accepted_posterior,bayes-hmm-v1,true
cam0,2509,2517,0.997825,0.997825,0.000189,True,accepted_posterior,bayes-hmm-v1,true
cam0,2510,2518,0.998266,0.998266,0.000214,True,accepted_posterior,bayes-hmm-v1,true
cam0,2511,2519,0.998988,0.998988,0.000176,True,accepted_posterior,bayes-hmm-v1,true
cam0,2512,2520,0.999061,0.999061,0.000136,True,accepted_posterior,bayes-hmm-v1,true
cam0,2513,2521,0.999294,0.999294,0.000132,True,accepted_posterior,bayes-hmm-v1,true
cam0,2514,2522,0.999244,0.999244,0.000125,True,accepted_posterior,bayes-hmm-v1,true
cam0,2515,2523,0.999318,0.999318,0.000111,True,accepted_posterior,bayes-hmm-v1,true
cam0,2516,2524,0.999415,0.999415,0.000122,True,accepted_posterior,bayes-hmm-v1,true
cam0,2517,2525,0.999599,0.999599,0.000112,True,accepted_posterior,bayes-hmm-v1,true
cam0,2518,2526,0.99957,0.99957,8.7e-05,True,accepted_posterior,bayes-hmm-v1,true
cam0,2519,2527,0.998841,0.998841,0.000106,True,accepted_posterior,bayes-hmm-v1,true
cam0,2520,2528,0.997754,0.997754,0.000176,True,accepted_posterior,bayes-hmm-v1,true
cam0,2521,2529,0.997101,0.997101,0.000192,True,accepted_posterior,bayes-hmm-v1,true
cam0,2522,2530,0.995624,0.995624,0.00018,True,accepted_posterior,bayes-hmm-v1,true
cam0,2523,2531,0.994091,0.994091,0.000171,True,accepted_posterior,bayes-hmm-v1,true
cam0,2524,2532,0.995103,0.995103,0.000187,True,accepted_posterior,bayes-hmm-v1,true
cam0,2525,2534,0.993212,0.993212,0.000219,True,accepted_posterior,bayes-hmm-v1,true
cam0,2526,2535,0.994542,0.994542,0.000288,True,accepted_posterior,bayes-hmm-v1,true
cam0,2527,2536,0.994501,0.994501,0.000271,True,accepted_posterior,bayes-hmm-v1,true
cam0,2528,2537,0.982296,0.982296,0.000308,True,accepted_posterior,bayes-hmm-v1,true
cam0,2529,2538,0.943184,0.943184,0.000432,True,accepted_posterior,bayes-hmm-v1,true
cam0,2530,2540,0.977202,0.977202,0.000449,True,accepted_posterior,bayes-hmm-v1,true
cam0,2531,2541,0.971194,0.971194,0.000466,True,accepted_posterior,bayes-hmm-v1,true
cam0,2532,2542,0.966663,0.966663,0.000338,True,accepted_posterior,bayes-hmm-v1,true
cam0,2533,2544,0.979258,0.979258,0.000344,True,accepted_posterior,bayes-hmm-v1,true
cam0,2534,2545,0.980933,0.980933,0.000292,True,accepted_posterior,bayes-hmm-v1,true
cam0,2535,2546,0.978737,0.978737,0.000249,True,accepted_posterior,bayes-hmm-v1,true
cam0,2536,2547,0.974325,0.974325,0.000285,True,accepted_posterior,bayes-hmm-v1,true
cam0,2537,2549,0.857246,0.857246,0.000291,True,accepted_posterior,bayes-hmm-v1,true
cam0,2538,2549,0.926229,0.926229,0.000205,True,accepted_posterior,bayes-hmm-v1,true
cam0,2539,2551,0.847246,0.847246,0.000268,True,accepted_posterior,bayes-hmm-v1,true
cam0,2540,2551,0.893928,0.893928,0.00028,True,accepted_posterior,bayes-hmm-v1,true
cam0,2541,2552,0.83944,0.83944,0.000308,True,accepted_posterior,bayes-hmm-v1,true
cam0,2542,2553,0.840775,0.840775,0.000296,True,accepted_posterior,bayes-hmm-v1,true
cam0,2543,2553,0.870214,0.870214,0.000402,True,accepted_posterior,bayes-hmm-v1,true
cam0,2544,2553,0.763485,0.763485,0.000441,True,accepted_posterior,bayes-hmm-v1,true
cam0,2545,2553,0.612198,0.612198,0.000498,True,accepted_posterior,bayes-hmm-v1,true
cam0,2546,2557,0.590254,0.590254,0.000466,True,accepted_posterior,bayes-hmm-v1,true
cam0,2547,2559,0.465694,0.465694,0.000532,True,accepted_posterior,bayes-hmm-v1,true
cam0,2548,2559,0.553275,0.553275,0.000447,True,accepted_posterior,bayes-hmm-v1,true
cam0,2549,2560,0.530037,0.530037,0.000595,True,accepted_posterior,bayes-hmm-v1,true
cam0,2550,2561,0.498419,0.498419,0.000983,True,accepted_posterior,bayes-hmm-v1,true
cam0,2551,2563,0.397777,0.397777,0.001369,True,accepted_posterior,bayes-hmm-v1,true
cam0,2552,2564,0.39032,0.39032,0.001682,True,accepted_posterior,bayes-hmm-v1,true
cam0,2553,2565,0.378557,0.378557,0.001877,True,accepted_posterior,bayes-hmm-v1,true
cam0,2554,2560,0.402177,0.402177,0.001658,True,accepted_posterior,bayes-hmm-v1,true
cam0,2555,2570,0.412514,0.412514,0.001126,True,accepted_posterior,bayes-hmm-v1,true
cam0,2556,2571,0.495622,0.495622,0.000809,True,accepted_posterior,bayes-hmm-v1,true
cam0,2557,2573,0.48423,0.48423,0.000772,True,accepted_posterior,bayes-hmm-v1,true
cam0,2558,2574,0.539238,0.539238,0.000618,True,accepted_posterior,bayes-hmm-v1,true
cam0,2559,2575,0.590931,0.590931,0.000485,True,accepted_posterior,bayes-hmm-v1,true
cam0,2560,2575,0.680635,0.680635,0.000371,True,accepted_posterior,bayes-hmm-v1,true
cam0,2561,2576,0.741747,0.741747,0.0002,True,accepted_posterior,bayes-hmm-v1,true
cam0,2562,2576,0.849253,0.849253,0.000151,True,accepted_posterior,bayes-hmm-v1,true
cam0,2563,2577,0.922337,0.922337,0.000114,True,accepted_posterior,bayes-hmm-v1,true
cam0,2564,2578,0.9685,0.9685,7.9e-05,True,accepted_posterior,bayes-hmm-v1,true
cam0,2565,2578,0.994357,0.994357,8.1e-05,True,accepted_posterior,bayes-hmm-v1,true
cam0,2566,2579,0.997132,0.997132,9.1e-05,True,accepted_posterior,bayes-hmm-v1,true
cam0,2567,2580,0.997834,0.997834,8.5e-05,True,accepted_posterior,bayes-hmm-v1,true
cam0,2568,2581,0.997574,0.997574,4.5e-05,True,accepted_posterior,bayes-hmm-v1,true
cam0,2569,2582,0.998565,0.998565,9.4e-05,True,accepted_posterior,bayes-hmm-v1,true
cam0,2570,2583,0.999089,0.999089,7.7e-05,True,accepted_posterior,bayes-hmm-v1,true
cam0,2571,2584,0.999124,0.999124,7.8e-05,True,accepted_posterior,bayes-hmm-v1,true
cam0,2572,2585,0.99747,0.99747,7.7e-05,True,accepted_posterior,bayes-hmm-v1,true
cam0,2573,2585,0.9846,0.9846,9.6e-05,True,accepted_posterior,bayes-hmm-v1,true
cam0,2574,2586,0.97556,0.97556,0.000106,True,accepted_posterior,bayes-hmm-v1,true
cam0,2575,2588,0.972189,0.972189,0.000111,True,accepted_posterior,bayes-hmm-v1,true
cam0,2576,2589,0.964396,0.964396,0.000107,True,accepted_posterior,bayes-hmm-v1,true
cam0,2577,2590,0.946212,0.946212,0.000143,True,accepted_posterior,bayes-hmm-v1,true
cam0,2578,2592,0.910844,0.910844,0.000152,True,accepted_posterior,bayes-hmm-v1,true
cam0,2579,2593,0.914186,0.914186,0.000134,True,accepted_posterior,bayes-hmm-v1,true
cam0,2580,2595,0.900767,0.900767,0.000111,True,accepted_posterior,bayes-hmm-v1,true
cam0,2581,2597,0.826514,0.826514,0.000131,True,accepted_posterior,bayes-hmm-v1,true
cam0,2582,2598,0.892115,0.892115,0.000124,True,accepted_posterior,bayes-hmm-v1,true
cam0,2583,2599,0.935492,0.935492,0.000132,True,accepted_posterior,bayes-hmm-v1,true
cam0,2584,2601,0.887343,0.887343,0.000118,True,accepted_posterior,bayes-hmm-v1,true
cam0,2585,2602,0.932633,0.932633,0.000111,True,accepted_posterior,bayes-hmm-v1,true
cam0,2586,2603,0.959188,0.959188,9.1e-05,True,accepted_posterior,bayes-hmm-v1,true
cam0,2587,2604,0.977686,0.977686,8.5e-05,True,accepted_posterior,bayes-hmm-v1,true
cam0,2588,2605,0.989357,0.989357,4.2e-05,True,accepted_posterior,bayes-hmm-v1,true
cam0,2589,2605,0.999392,0.999392,4.7e-05,True,accepted_posterior,bayes-hmm-v1,true
cam0,2590,2606,0.999617,0.999617,6.9e-05,True,accepted_posterior,bayes-hmm-v1,true
cam0,2591,2607,0.999498,0.999498,6.2e-05,True,accepted_posterior,bayes-hmm-v1,true
cam0,2592,2608,0.999418,0.999418,5.3e-05,True,accepted_posterior,bayes-hmm-v1,true
cam0,2593,2609,0.999136,0.999136,6e-05,True,accepted_posterior,bayes-hmm-v1,true
cam0,2594,2610,0.997485,0.997485,7e-05,True,accepted_posterior,bayes-hmm-v1,true
cam0,2595,2610,0.999685,0.999685,0.000105,True,accepted_posterior,bayes-hmm-v1,true
cam0,2596,2611,0.9995,0.9995,9.4e-05,True,accepted_posterior,bayes-hmm-v1,true
cam0,2597,2612,0.998515,0.998515,0.000113,True,accepted_posterior,bayes-hmm-v1,true
cam0,2598,2613,0.993041,0.993041,0.000154,True,accepted_posterior,bayes-hmm-v1,true
cam0,2599,2613,0.998576,0.998576,0.000152,True,accepted_posterior,bayes-hmm-v1,true
cam0,2600,2614,0.997685,0.997685,0.000124,True,accepted_posterior,bayes-hmm-v1,true
cam0,2601,2615,0.9969,0.9969,0.000125,True,accepted_posterior,bayes-hmm-v1,true
cam0,2602,2615,0.999377,0.999377,9.5e-05,True,accepted_posterior,bayes-hmm-v1,true
cam0,2603,2616,0.997557,0.997557,8.9e-05,True,accepted_posterior,bayes-hmm-v1,true
cam0,2604,2616,0.999317,0.999317,0.000103,True,accepted_posterior,bayes-hmm-v1,true
cam0,2605,2616,0.991593,0.991593,0.000109,True,accepted_posterior,bayes-hmm-v1,true
cam0,2606,2617,0.997434,0.997434,0.000127,True,accepted_posterior,bayes-hmm-v1,true
cam0,2607,2618,0.988844,0.988844,0.000146,True,accepted_posterior,bayes-hmm-v1,true
cam0,2608,2618,0.986572,0.986572,0.000159,True,accepted_posterior,bayes-hmm-v1,true
cam0,2609,2618,0.962669,0.962669,0.000174,True,accepted_posterior,bayes-hmm-v1,true
cam0,2610,2618,0.907372,0.907372,0.000189,True,accepted_posterior,bayes-hmm-v1,true
cam0,2611,2619,0.995472,0.995472,0.000201,True,accepted_posterior,bayes-hmm-v1,true
cam0,2612,2621,1.54265,1.54265,0.000204,True,accepted_posterior,bayes-hmm-v1,true
cam0,2613,2621,1.981187,1.981187,0.000214,True,accepted_posterior,bayes-hmm-v1,true
cam0,2614,2621,2.410161,2.410161,0.000313,True,accepted_posterior,bayes-hmm-v1,true
cam0,2615,2621,2.8466,2.8466,0.00155,True,accepted_posterior,bayes-hmm-v1,true
cam0,2616,,abstain,,,True,idle_segment,bayes-hmm-v1,true
cam0,2617,,abstain,,,True,idle_segment,bayes-hmm-v1,true
cam0,2618,,abstain,,,True,idle_segment,bayes-hmm-v1,true
cam0,2619,,abstain,,,True,idle_segment,bayes-hmm-v1,true
cam0,2620,,abstain,,,True,idle_segment,bayes-hmm-v1,true
cam0,2621,,abstain,,,True,idle_segment,bayes-hmm-v1,true
cam0,2622,,abstain,,,True,idle_segment,bayes-hmm-v1,true
cam0,2623,,abstain,,,True,idle_segment,bayes-hmm-v1,true
cam0,2624,,abstain,,,True,idle_segment,bayes-hmm-v1,true
cam0,2625,,abstain,,,True,idle_segment,bayes-hmm-v1,true
cam0,2626,,abstain,,,True,idle_segment,bayes-hmm-v1,true
cam0,2627,,abstain,,,True,idle_segment,bayes-hmm-v1,true
cam0,2628,,abstain,,,True,idle_segment,bayes-hmm-v1,true
cam0,2629,,abstain,,,True,idle_segment,bayes-hmm-v1,true
cam0,2630,,abstain,,,True,idle_segment,bayes-hmm-v1,true
cam0,2631,,abstain,,,True,idle_segment,bayes-hmm-v1,true
cam0,2632,,abstain,,,True,idle_segment,bayes-hmm-v1,true
cam0,2633,,abstain,,,True,idle_segment,bayes-hmm-v1,true
cam0,2634,,abstain,,,True,idle_segment,bayes-hmm-v1,true
cam0,2635,,abstain,,,True,idle_segment,bayes-hmm-v1,true
cam0,2636,,abstain,,,True,idle_segment,bayes-hmm-v1,true
cam0,2637,,abstain,,,True,idle_segment,bayes-hmm-v1,true
cam0,2638,,abstain,,,True,idle_segment,bayes-hmm-v1,true
cam0,2639,,abstain,,,True,idle_segment,bayes-hmm-v1,true
cam0,2640,,abstain,,,True,idle_segment,bayes-hmm-v1,true
cam0,2641,,abstain,,,True,idle_segment,bayes-hmm-v1,true
cam0,2642,,abstain,,,True,idle_segment,bayes-hmm-v1,true
cam0,2643,,abstain,,,True,idle_segment,bayes-hmm-v1,true
cam0,2644,,abstain,,,True,idle_segment,bayes-hmm-v1,true
cam0,2645,,abstain,,,True,idle_segment,bayes-hmm-v1,true
cam0,2646,,abstain,,,True,idle_segment,bayes-hmm-v1,true
cam0,2647,,abstain,,,True,idle_segment,bayes-hmm-v1,true
cam0,2648,,abstain,,,True,idle_segment,bayes-hmm-v1,true
cam0,2649,,abstain,,,True,idle_segment,bayes-hmm-v1,true
cam0,2650,,abstain,,,True,idle_segment,bayes-hmm-v1,true
cam0,2651,,abstain,,,True,idle_segment,bayes-hmm-v1,true
cam0,2652,,abstain,,,True,idle_segment,bayes-hmm-v1,true
cam0,2653,,abstain,,,True,idle_segment,bayes-hmm-v1,true
cam0,2654,,abstain,,,True,idle_segment,bayes-hmm-v1,true
cam0,2655,,abstain,,,True,idle_segment,bayes-hmm-v1,true
cam0,2656,,abstain,,,True,idle_segment,bayes-hmm-v1,true
cam0,2657,,abstain,,,True,idle_segment,bayes-hmm-v1,true
cam0,2658,,abstain,,,True,idle_segment,bayes-hmm-v1,true
cam0,2659,,abstain,,,True,idle_segment,bayes-hmm-v1,true
cam0,2660,,abstain,,,True,idle_segment,bayes-hmm-v1,true
cam0,2661,,abstain,,,True,idle_segment,bayes-hmm-v1,true
cam0,2662,,abstain,,,True,idle_segment,bayes-hmm-v1,true
cam0,2663,,abstain,,,True,idle_segment,bayes-hmm-v1,true
cam0,2664,,abstain,,,True,idle_segment,bayes-hmm-v1,true
cam0,2665,,abstain,,,True,idle_segment,bayes-hmm-v1,true
cam0,2666,,abstain,,,True,idle_segment,bayes-hmm-v1,true
cam0,2667,,abstain,,,True,idle_segment,bayes-hmm-v1,true
cam0,2668,,abstain,,,True,idle_segment,bayes-hmm-v1,true
cam0,2669,,abstain,,,True,idle_segment,bayes-hmm-v1,true
cam0,2670,,abstain,,,True,idle_segment,bayes-hmm-v1,true
cam0,2671,,abstain,,,True,idle_segment,bayes-hmm-v1,true
cam0,2672,,abstain,,,True,idle_segment,bayes-hmm-v1,true
cam0,2673,,abstain,,,True,idle_segment,bayes-hmm-v1,true
